0	['O', 'O', 'O', 'O', 'O', 'B-A1', 'O', 'O', 'O', 'O', 'O', 'O', 'O', 'O', 'O', 'O', 'O', 'O', 'O', 'O', 'O', 'O', 'O', 'O', 'O', 'I-A1', 'I-A1', 'I-A1', 'I-A1', 'I-A1', 'O', 'O', 'O', 'O', 'O', 'O', 'O', 'O', 'O', 'O', 'O', 'O', 'O', 'O', 'O', 'O', 'O', 'O']	['in', 'contrast', ',', 'only', 'low', 'levels', 'of', 'the', 'truncated', 'rap1', 'peptides', 'will', 'be', 'detected', '(consistent', 'with', 'that', 'expression', 'levels', 'will', 'have', 'been', 'lowered', 'and', 'levels', 'of', 'clara', 'cell', 'secretory', 'protein', 'will', 'have', 'been', 'decreased)', ',', 'and', 'neither', 'rap2', 'nor', 'rap3', 'will', 'be', 'co-immunoprecipitated', 'in', 'the', 'rap1', 'mutants', '.']
1	['O', 'O', 'O', 'O', 'O', 'O', 'O', 'O', 'B-V', 'B-A1', 'I-A1', 'I-A1', 'I-A1', 'I-A1', 'I-A1', 'O', 'O', 'O', 'O', 'O', 'O', 'O', 'O', 'O', 'O', 'O', 'O', 'O', 'O', 'O', 'O', 'O', 'O', 'O', 'O', 'O', 'O', 'O', 'O', 'O', 'O', 'O', 'O', 'O', 'O', 'O', 'O', 'O', 'O', 'O']	['it', 'was', 'found', 'that', 'nlf', 'from', 'smokers', 'contained', '#decreased', 'levels', 'of', 'clara', 'cell', 'secretory', 'protein', ',', 'and', 'increased', 'proportions', 'of', 'a', 'truncated', 'variant', 'of', 'lipocortin-1', ',', 'threee', 'acidic', 'forms', 'of', 'alpha', '(1)-antitrypsin', ',', 'and', 'one', 'phosphorylated', 'form', 'of', 'cystatin', 's', '.syntrophin', 'binds', 'to', 'an', 'alternatively', 'spliced', 'exon', 'of', 'dystrophin', '.']
2	['O', 'O', 'O', 'O', 'O', 'O', 'O', 'O', 'O', 'O', 'O', 'O', 'O', 'O', 'O', 'O', 'B-A0', 'I-A0', 'I-A0', 'O', 'O', 'O', 'O', 'O', 'B-V', 'B-A1', 'I-A1', 'I-A0', 'O', 'O', 'I-A1', 'O']	['deletion', 'of', 'the', 'arca', 'gene', 'caused', 'about', 'a', '2-fold', 'increase', 'in', 'the', 'ptsg', 'expression', ',', 'and', 'disruption', 'of', 'narl', 'is', 'observed', 'to', 'have', 'significantly', '#decreased', 'nitrite', 'induction', 'of', 'the', 'nirb', 'promoter', '.']
3	['O', 'O', 'O', 'O', 'O', 'O', 'O', 'O', 'O', 'O', 'O', 'O', 'O', 'O', 'O', 'O', 'B-A1', 'I-A1', 'I-A1', 'I-A1', 'I-A1', 'I-A1', 'O', 'O', 'O', 'O', 'B-V', 'O', 'B-A0', 'I-A0', 'I-A0', 'O', 'O', 'O']	['deletion', 'of', 'the', 'arca', 'gene', 'causes', 'about', 'a', '2-fold', 'increase', 'in', 'the', 'ptsg', 'expression', ',', 'and', 'nitrite', 'induction', 'of', 'the', 'nirb', 'promoter', 'will', 'have', 'been', 'significantly', '#decreased', 'by', 'disruption', 'of', 'narl', 'will', 'significantly', '.']
4	['O', 'O', 'O', 'O', 'O', 'O', 'O', 'O', 'O', 'O', 'O', 'O', 'O', 'O', 'O', 'O', 'O', 'O', 'O', 'O', 'O', 'O', 'O', 'O', 'B-A1', 'I-A1', 'O', 'O', 'O', 'O', 'O', 'O', 'O', 'O', 'O', 'O', 'O', 'O', 'O', 'O', 'O', 'O', 'O', 'O']	['in', 'contrast', ',', 'only', 'low', 'levels', 'of', 'the', 'truncated', 'rap1', 'peptides', 'will', 'be', 'detected', '(consistent', 'with', 'that', 'expression', 'levels', 'will', 'have', 'been', 'lowered', 'and', 'methionine', 'content', 'will', 'have', 'been', 'decreased)', ',', 'and', 'neither', 'rap2', 'nor', 'rap3', 'will', 'be', 'co-immunoprecipitated', 'in', 'the', 'rap1', 'mutants', '.']
5	['O', 'B-A1', 'I-A1', 'I-A1', 'I-A1', 'I-A1', 'I-A1', 'O', 'O', 'O', 'B-V', 'O', 'O', 'O', 'O', 'O', 'O', 'O', 'O', 'O', 'O', 'O', 'O', 'O', 'O', 'O', 'O', 'O', 'O', 'O', 'O', 'O', 'O', 'O', 'O', 'O', 'O', 'O', 'O', 'O', 'O', 'O', 'O', 'O', 'O', 'O', 'O', 'O', 'O', 'O', 'O', 'O', 'O', 'O', 'O', 'O', 'O', 'O', 'O', 'O']	['the', 'levels', 'of', 'clara', 'cell', 'secretory', 'protein', 'can', 'have', 'been', '#decreased', 'in', 'nlf', 'from', 'smokers', ',', 'and', 'it', 'has', 'also', 'been', 'found', 'that', 'nlf', 'from', 'smokers', 'contained', 'increased', 'proportions', 'of', 'a', 'truncated', 'variant', 'of', 'lipocortin-1', ',', 'threee', 'acidic', 'forms', 'of', 'alpha', '(1)-antitrypsin', ',', 'and', 'one', 'phosphorylated', 'form', 'of', 'cystatin', 's', '.syntrophin', 'binds', 'to', 'an', 'alternatively', 'spliced', 'exon', 'of', 'dystrophin', '.']
6	['O', 'B-A1', 'I-A1', 'I-A1', 'I-A1', 'I-A1', 'I-A1', 'O', 'O', 'B-V', 'O', 'O', 'O', 'O', 'O', 'O', 'O', 'O', 'O', 'O', 'O', 'O', 'O', 'O', 'O', 'O', 'O', 'O', 'O', 'O', 'O', 'O', 'O', 'O', 'O', 'O', 'O', 'O', 'O', 'O', 'O', 'O', 'O', 'O', 'O', 'O', 'O', 'O', 'O', 'O', 'O', 'O', 'O', 'O', 'O', 'O', 'O', 'O']	['the', 'levels', 'of', 'clara', 'cell', 'secretory', 'protein', 'could', 'be', '#decreased', 'in', 'nlf', 'from', 'smokers', ',', 'and', 'it', 'was', 'also', 'found', 'that', 'nlf', 'from', 'smokers', 'contained', 'increased', 'proportions', 'of', 'a', 'truncated', 'variant', 'of', 'lipocortin-1', ',', 'threee', 'acidic', 'forms', 'of', 'alpha', '(1)-antitrypsin', ',', 'and', 'one', 'phosphorylated', 'form', 'of', 'cystatin', 's', '.syntrophin', 'binds', 'to', 'an', 'alternatively', 'spliced', 'exon', 'of', 'dystrophin', '.']
7	['B-A0', 'I-A0', 'I-A0', 'B-V', 'B-A1', 'I-A1', 'I-A0', 'O', 'O', 'I-A1', 'O', 'O', 'O', 'O', 'O', 'O', 'O', 'O', 'O', 'O', 'O', 'O', 'O', 'O', 'O', 'O', 'O']	['disruption', 'of', 'narl', '#decreases', 'nitrite', 'induction', 'of', 'the', 'nirb', 'promoter', 'whilst', 'not', 'suppressing', 'induction', 'by', 'nitrate', ',', 'suggesting', 'that', 'there', 'may', 'be', 'a', 'second', 'nitrate-responsive', 'factor', '.']
8	['O', 'O', 'O', 'O', 'O', 'O', 'O', 'O', 'O', 'O', 'O', 'O', 'O', 'O', 'O', 'O', 'B-A0', 'I-A0', 'I-A0', 'O', 'O', 'O', 'O', 'B-V', 'B-A1', 'I-A1', 'I-A0', 'O', 'O', 'I-A1', 'O']	['deletion', 'of', 'the', 'arca', 'gene', 'causes', 'about', 'a', '2-fold', 'increase', 'in', 'the', 'ptsg', 'expression', ',', 'and', 'disruption', 'of', 'narl', 'is', 'shown', 'to', 'significantly', '#decrease', 'nitrite', 'induction', 'of', 'the', 'nirb', 'promoter', '.']
9	['O', 'O', 'O', 'O', 'O', 'O', 'O', 'O', 'O', 'O', 'O', 'O', 'O', 'O', 'O', 'O', 'O', 'O', 'O', 'O', 'O', 'O', 'O', 'O', 'O', 'O', 'O', 'O', 'O', 'O', 'O', 'O', 'O', 'O', 'O', 'O', 'O', 'B-A1', 'I-A1', 'O', 'B-V', 'O', 'O', 'O', 'O', 'O', 'B-A1', 'O', 'O', 'O', 'O', 'O', 'O', 'O']	['if', 'this', 'distance', 'of', '30', 'amino', 'acids', 'is', 'not', 'maintained', ',', 'as', 'in', 'human', 'asprs', 'chimera#1', ',', 'or', 'in', 'yeast', 'lysts', 'chimera#1', 'and', 'yeast', 'asnrs', 'chimera#2', '(figure', '5b)', ',', 'the', 'binding', 'to', 'trna', 'is', 'strongly', 'affected', 'and', 'the', 'protection', 'was', '#decreased', ',', 'or', 'even', 'abolished', 'in', 'the', 'case', 'of', 'human', 'asprs', 'chimera#1', '(table)', '.']
10	['O', 'O', 'O', 'O', 'O', 'B-A1', 'O', 'O', 'O', 'O', 'O', 'O', 'O', 'O', 'O', 'O', 'O', 'O', 'O', 'O', 'O', 'O', 'I-A1', 'I-A1', 'I-A1', 'I-A1', 'I-A1', 'O', 'O', 'O', 'O', 'O', 'O', 'O', 'O', 'O', 'O', 'O', 'O', 'O', 'O', 'O']	['in', 'contrast', ',', 'only', 'low', 'levels', 'of', 'the', 'truncated', 'rap1', 'peptides', 'are', 'detected', '(consistent', 'with', 'that', 'expression', 'levels', 'is', 'lowered', 'and', 'levels', 'of', 'clara', 'cell', 'secretory', 'protein', 'is', 'decreased)', ',', 'and', 'neither', 'rap2', 'nor', 'rap3', 'is', 'co-immunoprecipitated', 'in', 'the', 'rap1', 'mutants', '.']
11	['O', 'O', 'O', 'O', 'O', 'O', 'O', 'O', 'O', 'O', 'O', 'O', 'O', 'O', 'O', 'O', 'O', 'O', 'O', 'O', 'O', 'O', 'O', 'B-A1', 'I-A1', 'I-A1', 'I-A1', 'O', 'O', 'O', 'O', 'O', 'O', 'O', 'O', 'O', 'O', 'O', 'O', 'O', 'O', 'O', 'O', 'O']	['in', 'contrast', ',', 'only', 'low', 'levels', 'of', 'the', 'truncated', 'rap1', 'peptides', 'are', 'detected', '(consistent', 'with', 'that', 'expression', 'levels', 'may', 'have', 'been', 'lowered', 'and', 'the', 'reln', 'mrna', 'content', 'may', 'have', 'been', 'decreased)', ',', 'and', 'neither', 'rap2', 'nor', 'rap3', 'is', 'co-immunoprecipitated', 'in', 'the', 'rap1', 'mutants', '.']
12	['O', 'O', 'O', 'O', 'O', 'O', 'O', 'O', 'O', 'O', 'O', 'O', 'O', 'O', 'O', 'O', 'B-A1', 'I-A1', 'I-A1', 'I-A1', 'I-A1', 'I-A1', 'O', 'O', 'O', 'B-V', 'O', 'B-A0', 'I-A0', 'I-A0', 'O', 'O', 'O']	['deletion', 'of', 'the', 'arca', 'gene', 'causes', 'about', 'a', '2-fold', 'increase', 'in', 'the', 'ptsg', 'expression', ',', 'and', 'nitrite', 'induction', 'of', 'the', 'nirb', 'promoter', 'would', 'be', 'significantly', '#decreased', 'by', 'disruption', 'of', 'narl', 'will', 'significantly', '.']
13	['O', 'O', 'O', 'O', 'O', 'O', 'O', 'O', 'O', 'O', 'O', 'O', 'O', 'O', 'O', 'O', 'B-A0', 'I-A0', 'I-A0', 'O', 'O', 'O', 'O', 'B-V', 'B-A1', 'I-A1', 'I-A0', 'O', 'O', 'I-A1', 'O']	['deletion', 'of', 'the', 'arca', 'gene', 'causes', 'about', 'a', '2-fold', 'increase', 'in', 'the', 'ptsg', 'expression', ',', 'and', 'disruption', 'of', 'narl', 'is', 'able', 'to', 'significantly', '#decrease', 'nitrite', 'induction', 'of', 'the', 'nirb', 'promoter', '.']
14	['O', 'B-A1', 'I-A1', 'I-A1', 'I-A1', 'I-A1', 'I-A1', 'O', 'O', 'O', 'O', 'B-V', 'O', 'O', 'O', 'O', 'O', 'O', 'O', 'O', 'O', 'O', 'O', 'O', 'O', 'O', 'O', 'O', 'O', 'O', 'O', 'O', 'O', 'O', 'O', 'O', 'O', 'O', 'O', 'O', 'O', 'O', 'O', 'O', 'O', 'O', 'O', 'O', 'O', 'O', 'O', 'O', 'O', 'O', 'O', 'O', 'O', 'O', 'O', 'O']	['the', 'levels', 'of', 'clara', 'cell', 'secretory', 'protein', 'is', 'believed', 'to', 'be', '#decreased', 'in', 'nlf', 'from', 'smokers', ',', 'and', 'it', 'is', 'also', 'found', 'that', 'nlf', 'from', 'smokers', 'contained', 'increased', 'proportions', 'of', 'a', 'truncated', 'variant', 'of', 'lipocortin-1', ',', 'threee', 'acidic', 'forms', 'of', 'alpha', '(1)-antitrypsin', ',', 'and', 'one', 'phosphorylated', 'form', 'of', 'cystatin', 's', '.syntrophin', 'binds', 'to', 'an', 'alternatively', 'spliced', 'exon', 'of', 'dystrophin', '.']
15	['B-A0', 'I-A0', 'I-A0', 'O', 'B-V', 'B-A1', 'I-A1', 'I-A0', 'O', 'O', 'I-A1', 'O', 'O', 'O', 'O', 'O', 'O', 'O', 'O', 'O', 'O', 'O', 'O', 'O', 'O', 'O', 'O', 'O']	['disruption', 'of', 'narl', 'can', '#decrease', 'nitrite', 'induction', 'of', 'the', 'nirb', 'promoter', 'whilst', 'not', 'suppressing', 'induction', 'by', 'nitrate', ',', 'suggesting', 'that', 'there', 'may', 'be', 'a', 'second', 'nitrate-responsive', 'factor', '.']
16	['O', 'O', 'O', 'O', 'O', 'O', 'O', 'O', 'O', 'O', 'O', 'O', 'O', 'O', 'O', 'O', 'B-A0', 'I-A0', 'I-A0', 'O', 'O', 'O', 'O', 'O', 'B-V', 'B-A1', 'I-A1', 'I-A0', 'O', 'O', 'I-A1', 'O']	['deletion', 'of', 'the', 'arca', 'gene', 'caused', 'about', 'a', '2-fold', 'increase', 'in', 'the', 'ptsg', 'expression', ',', 'and', 'disruption', 'of', 'narl', 'was', 'observed', 'to', 'have', 'significantly', '#decreased', 'nitrite', 'induction', 'of', 'the', 'nirb', 'promoter', '.']
17	['B-A0', 'I-A0', 'I-A0', 'O', 'O', 'O', 'B-V', 'B-A1', 'I-A1', 'I-A0', 'O', 'O', 'I-A1', 'O', 'O', 'O', 'O', 'O', 'I-A0', 'O', 'O', 'O', 'O', 'O', 'O', 'O', 'O']	['disruption', 'of', 'narl', 'was', 'able', 'to', '#decrease', 'nitrite', 'induction', 'of', 'the', 'nirb', 'promoter', ',', 'and', 'permitted', 'a', 'recovery', 'of', 'both', 'reduced', 'glutathione', 'and', 'scavenger', 'enzyme', 'activity', '.']
18	['B-A0', 'I-A0', 'I-A0', 'O', 'B-V', 'B-A1', 'I-A1', 'I-A0', 'O', 'O', 'I-A1', 'O', 'O', 'O', 'O', 'O', 'I-A0', 'O', 'O', 'O', 'O', 'O', 'O', 'O', 'O']	['disruption', 'of', 'narl', 'will', '#decrease', 'nitrite', 'induction', 'of', 'the', 'nirb', 'promoter', ',', 'and', 'permits', 'a', 'recovery', 'of', 'both', 'reduced', 'glutathione', 'and', 'scavenger', 'enzyme', 'activity', '.']
19	['B-A1', 'I-A1', 'I-A1', 'I-A1', 'I-A1', 'O', 'O', 'O', 'B-V', 'O', 'O', 'O', 'O', 'B-A2', 'I-A2', 'I-A2', 'I-A2', 'I-A2', 'I-A2', 'I-A2', 'O']	['the', 'production', 'of', 'c51', 'microcin', 'was', 'believed', 'to', '#decrease', 'or', 'be', 'absent', 'in', 'rpos', ',', 'crp', 'and', 'cya', 'mutant', 'cells', '.']
20	['B-A0', 'I-A0', 'I-A0', 'O', 'B-V', 'B-A1', 'I-A1', 'I-A0', 'O', 'O', 'I-A1', 'O', 'O', 'O', 'O', 'O', 'I-A0', 'O', 'O', 'O', 'O', 'O', 'O', 'O', 'O']	['disruption', 'of', 'narl', 'may', '#decrease', 'nitrite', 'induction', 'of', 'the', 'nirb', 'promoter', ',', 'and', 'permits', 'a', 'recovery', 'of', 'both', 'reduced', 'glutathione', 'and', 'scavenger', 'enzyme', 'activity', '.']
21	['B-A0', 'I-A0', 'I-A0', 'O', 'O', 'O', 'B-V', 'B-A1', 'I-A1', 'I-A0', 'O', 'O', 'I-A1', 'O', 'O', 'O', 'O', 'O', 'O', 'O', 'O', 'O', 'O', 'O', 'O', 'O', 'O', 'O', 'O', 'O']	['disruption', 'of', 'narl', 'is', 'shown', 'to', '#decrease', 'nitrite', 'induction', 'of', 'the', 'nirb', 'promoter', 'whilst', 'not', 'suppressing', 'induction', 'by', 'nitrate', ',', 'suggesting', 'that', 'there', 'may', 'be', 'a', 'second', 'nitrate-responsive', 'factor', '.']
22	['O', 'O', 'O', 'O', 'O', 'O', 'O', 'O', 'O', 'O', 'O', 'O', 'O', 'O', 'O', 'O', 'B-A0', 'I-A0', 'I-A0', 'O', 'O', 'O', 'B-V', 'B-A1', 'I-A1', 'I-A0', 'O', 'O', 'I-A1', 'O']	['deletion', 'of', 'the', 'arca', 'gene', 'causes', 'about', 'a', '2-fold', 'increase', 'in', 'the', 'ptsg', 'expression', ',', 'and', 'disruption', 'of', 'narl', 'can', 'have', 'significantly', '#decreased', 'nitrite', 'induction', 'of', 'the', 'nirb', 'promoter', '.']
23	['O', 'B-A1', 'I-A1', 'I-A1', 'I-A1', 'I-A1', 'I-A1', 'O', 'O', 'O', 'O', 'B-V', 'O', 'O', 'O', 'O', 'O', 'O', 'O', 'O', 'O', 'O', 'O', 'O', 'O', 'O', 'O', 'O', 'O', 'O', 'O', 'O', 'O', 'O', 'O', 'O', 'O', 'O', 'O', 'O', 'O', 'O', 'O', 'O', 'O', 'O', 'O', 'O', 'O', 'O', 'O', 'O', 'O', 'O', 'O', 'O', 'O', 'O', 'O', 'O', 'O']	['the', 'levels', 'of', 'clara', 'cell', 'secretory', 'protein', 'was', 'shown', 'to', 'be', '#decreased', 'in', 'nlf', 'from', 'smokers', ',', 'and', 'it', 'has', 'also', 'been', 'found', 'that', 'nlf', 'from', 'smokers', 'contained', 'increased', 'proportions', 'of', 'a', 'truncated', 'variant', 'of', 'lipocortin-1', ',', 'threee', 'acidic', 'forms', 'of', 'alpha', '(1)-antitrypsin', ',', 'and', 'one', 'phosphorylated', 'form', 'of', 'cystatin', 's', '.syntrophin', 'binds', 'to', 'an', 'alternatively', 'spliced', 'exon', 'of', 'dystrophin', '.']
24	['O', 'O', 'O', 'O', 'O', 'O', 'O', 'O', 'O', 'O', 'O', 'O', 'O', 'O', 'O', 'O', 'B-A1', 'I-A1', 'I-A1', 'I-A1', 'I-A1', 'I-A1', 'O', 'O', 'O', 'B-V', 'O', 'B-A0', 'I-A0', 'I-A0', 'O', 'O', 'O']	['deletion', 'of', 'the', 'arca', 'gene', 'caused', 'about', 'a', '2-fold', 'increase', 'in', 'the', 'ptsg', 'expression', ',', 'and', 'nitrite', 'induction', 'of', 'the', 'nirb', 'promoter', 'have', 'been', 'significantly', '#decreased', 'by', 'disruption', 'of', 'narl', 'will', 'significantly', '.']
25	['O', 'O', 'O', 'O', 'O', 'B-A1', 'O', 'O', 'O', 'O', 'O', 'O', 'O', 'O', 'O', 'O', 'O', 'O', 'O', 'O', 'O', 'O', 'O', 'O', 'I-A1', 'I-A1', 'I-A1', 'I-A1', 'I-A1', 'O', 'O', 'O', 'O', 'O', 'O', 'O', 'O', 'O', 'O', 'O', 'O', 'O', 'O', 'O', 'O', 'O']	['in', 'contrast', ',', 'only', 'low', 'levels', 'of', 'the', 'truncated', 'rap1', 'peptides', 'are', 'detected', '(consistent', 'with', 'that', 'expression', 'levels', 'may', 'have', 'been', 'lowered', 'and', 'levels', 'of', 'clara', 'cell', 'secretory', 'protein', 'may', 'have', 'been', 'decreased)', ',', 'and', 'neither', 'rap2', 'nor', 'rap3', 'is', 'co-immunoprecipitated', 'in', 'the', 'rap1', 'mutants', '.']
26	['O', 'O', 'O', 'O', 'O', 'O', 'O', 'O', 'O', 'O', 'O', 'O', 'O', 'O', 'O', 'O', 'O', 'O', 'O', 'O', 'O', 'O', 'B-A1', 'I-A1', 'I-A1', 'I-A1', 'O', 'O', 'O', 'O', 'O', 'O', 'O', 'O', 'O', 'O', 'O', 'O', 'O', 'O', 'O', 'O']	['in', 'contrast', ',', 'only', 'low', 'levels', 'of', 'the', 'truncated', 'rap1', 'peptides', 'were', 'detected', '(consistent', 'with', 'that', 'expression', 'levels', 'could', 'be', 'lowered', 'and', 'the', 'reln', 'mrna', 'content', 'could', 'be', 'decreased)', ',', 'and', 'neither', 'rap2', 'nor', 'rap3', 'was', 'co-immunoprecipitated', 'in', 'the', 'rap1', 'mutants', '.']
27	['O', 'B-A1', 'I-A1', 'I-A1', 'I-A1', 'I-A1', 'I-A1', 'O', 'O', 'O', 'O', 'B-V', 'O', 'O', 'O', 'O', 'O', 'O', 'O', 'O', 'O', 'O', 'O', 'O', 'O', 'O', 'O', 'O', 'O', 'O', 'O', 'O', 'O', 'O', 'O', 'O', 'O', 'O', 'O', 'O', 'O', 'O', 'O', 'O', 'O', 'O', 'O', 'O', 'O', 'O', 'O', 'O', 'O', 'O', 'O', 'O', 'O', 'O', 'O', 'O', 'O']	['the', 'levels', 'of', 'clara', 'cell', 'secretory', 'protein', 'was', 'believed', 'to', 'be', '#decreased', 'in', 'nlf', 'from', 'smokers', ',', 'and', 'it', 'has', 'also', 'been', 'found', 'that', 'nlf', 'from', 'smokers', 'contained', 'increased', 'proportions', 'of', 'a', 'truncated', 'variant', 'of', 'lipocortin-1', ',', 'threee', 'acidic', 'forms', 'of', 'alpha', '(1)-antitrypsin', ',', 'and', 'one', 'phosphorylated', 'form', 'of', 'cystatin', 's', '.syntrophin', 'binds', 'to', 'an', 'alternatively', 'spliced', 'exon', 'of', 'dystrophin', '.']
28	['B-A1', 'I-A1', 'I-A1', 'I-A1', 'I-A1', 'I-A1', 'O', 'O', 'O', 'O', 'B-V', 'O', 'B-A0', 'I-A0', 'I-A0', 'O', 'O', 'O', 'O', 'O', 'O', 'O', 'O', 'O', 'O', 'O', 'O', 'O', 'O', 'O', 'O', 'O', 'O']	['nitrite', 'induction', 'of', 'the', 'nirb', 'promoter', 'is', 'able', 'to', 'be', '#decreased', 'by', 'disruption', 'of', 'narl', 'which', 'is', 'not', 'suppressing', 'induction', 'by', 'nitrate', ',', 'suggesting', 'that', 'there', 'may', 'be', 'a', 'second', 'nitrate-responsive', 'factor', '.']
29	['O', 'B-A1', 'I-A1', 'I-A1', 'I-A1', 'I-A1', 'I-A1', 'O', 'O', 'O', 'O', 'B-V', 'O', 'O', 'O', 'O', 'O', 'O', 'O', 'O', 'O', 'O', 'O', 'O', 'O', 'O', 'O', 'O', 'O', 'O', 'O', 'O', 'O', 'O', 'O', 'O', 'O', 'O', 'O', 'O', 'O', 'O', 'O', 'O', 'O', 'O', 'O', 'O', 'O', 'O', 'O', 'O', 'O', 'O', 'O', 'O', 'O', 'O', 'O', 'O', 'O']	['the', 'levels', 'of', 'clara', 'cell', 'secretory', 'protein', 'was', 'able', 'to', 'be', '#decreased', 'in', 'nlf', 'from', 'smokers', ',', 'and', 'it', 'has', 'also', 'been', 'found', 'that', 'nlf', 'from', 'smokers', 'contained', 'increased', 'proportions', 'of', 'a', 'truncated', 'variant', 'of', 'lipocortin-1', ',', 'threee', 'acidic', 'forms', 'of', 'alpha', '(1)-antitrypsin', ',', 'and', 'one', 'phosphorylated', 'form', 'of', 'cystatin', 's', '.syntrophin', 'binds', 'to', 'an', 'alternatively', 'spliced', 'exon', 'of', 'dystrophin', '.']
30	['O', 'O', 'O', 'O', 'O', 'O', 'O', 'O', 'O', 'O', 'O', 'O', 'O', 'O', 'O', 'O', 'O', 'O', 'O', 'O', 'O', 'O', 'B-A1', 'I-A1', 'I-A1', 'I-A1', 'O', 'O', 'O', 'O', 'O', 'O', 'O', 'O', 'O', 'O', 'O', 'O', 'O', 'O', 'O', 'O']	['in', 'contrast', ',', 'only', 'low', 'levels', 'of', 'the', 'truncated', 'rap1', 'peptides', 'are', 'detected', '(consistent', 'with', 'that', 'expression', 'levels', 'can', 'be', 'lowered', 'and', 'the', 'reln', 'mrna', 'content', 'can', 'be', 'decreased)', ',', 'and', 'neither', 'rap2', 'nor', 'rap3', 'is', 'co-immunoprecipitated', 'in', 'the', 'rap1', 'mutants', '.']
31	['O', 'O', 'O', 'O', 'O', 'O', 'O', 'O', 'O', 'O', 'O', 'O', 'O', 'O', 'O', 'O', 'B-A1', 'I-A1', 'I-A1', 'I-A1', 'I-A1', 'I-A1', 'O', 'O', 'B-V', 'O', 'B-A0', 'I-A0', 'I-A0', 'O', 'O', 'O']	['deletion', 'of', 'the', 'arca', 'gene', 'causes', 'about', 'a', '2-fold', 'increase', 'in', 'the', 'ptsg', 'expression', ',', 'and', 'nitrite', 'induction', 'of', 'the', 'nirb', 'promoter', 'are', 'significantly', '#decreased', 'by', 'disruption', 'of', 'narl', 'will', 'significantly', '.']
32	['O', 'B-A1', 'I-A1', 'I-A1', 'I-A1', 'I-A1', 'I-A1', 'O', 'O', 'B-V', 'O', 'O', 'O', 'O', 'O', 'O', 'O', 'O', 'O', 'O', 'O', 'O', 'O', 'O', 'O', 'O', 'O', 'O', 'O', 'O', 'O', 'O', 'O', 'O', 'O', 'O', 'O', 'O', 'O', 'O', 'O', 'O', 'O', 'O', 'O', 'O', 'O', 'O', 'O', 'O', 'O', 'O', 'O', 'O', 'O', 'O', 'O', 'O']	['the', 'levels', 'of', 'clara', 'cell', 'secretory', 'protein', 'would', 'be', '#decreased', 'in', 'nlf', 'from', 'smokers', ',', 'and', 'it', 'was', 'also', 'found', 'that', 'nlf', 'from', 'smokers', 'contained', 'increased', 'proportions', 'of', 'a', 'truncated', 'variant', 'of', 'lipocortin-1', ',', 'threee', 'acidic', 'forms', 'of', 'alpha', '(1)-antitrypsin', ',', 'and', 'one', 'phosphorylated', 'form', 'of', 'cystatin', 's', '.syntrophin', 'binds', 'to', 'an', 'alternatively', 'spliced', 'exon', 'of', 'dystrophin', '.']
33	['O', 'O', 'O', 'O', 'O', 'O', 'O', 'O', 'O', 'O', 'O', 'O', 'O', 'O', 'O', 'O', 'B-A0', 'I-A0', 'I-A0', 'O', 'O', 'B-V', 'B-A1', 'I-A1', 'I-A0', 'O', 'O', 'I-A1', 'O']	['deletion', 'of', 'the', 'arca', 'gene', 'causes', 'about', 'a', '2-fold', 'increase', 'in', 'the', 'ptsg', 'expression', ',', 'and', 'disruption', 'of', 'narl', 'might', 'significantly', '#decrease', 'nitrite', 'induction', 'of', 'the', 'nirb', 'promoter', '.']
34	['B-A1', 'I-A1', 'I-A1', 'I-A1', 'I-A1', 'I-A1', 'O', 'O', 'O', 'O', 'B-V', 'O', 'B-A0', 'I-A0', 'I-A0', 'O', 'O', 'O', 'O', 'O', 'O', 'O', 'O', 'O', 'O', 'O', 'O', 'O', 'O', 'O', 'O', 'O', 'O']	['nitrite', 'induction', 'of', 'the', 'nirb', 'promoter', 'was', 'able', 'to', 'be', '#decreased', 'by', 'disruption', 'of', 'narl', 'which', 'was', 'not', 'suppressing', 'induction', 'by', 'nitrate', ',', 'suggesting', 'that', 'there', 'may', 'be', 'a', 'second', 'nitrate-responsive', 'factor', '.']
35	['B-A1', 'I-A1', 'I-A1', 'I-A1', 'I-A1', 'O', 'B-V', 'O', 'O', 'O', 'O', 'B-A2', 'I-A2', 'I-A2', 'I-A2', 'I-A2', 'I-A2', 'I-A2', 'O']	['the', 'production', 'of', 'c51', 'microcin', 'may', '#decrease', 'or', 'be', 'absent', 'in', 'rpos', ',', 'crp', 'and', 'cya', 'mutant', 'cells', '.']
36	['O', 'O', 'O', 'O', 'O', 'O', 'O', 'O', 'O', 'O', 'O', 'O', 'O', 'O', 'O', 'O', 'O', 'O', 'O', 'O', 'O', 'B-A1', 'I-A1', 'O', 'O', 'O', 'O', 'O', 'O', 'O', 'O', 'O', 'O', 'O', 'B-A1', 'O', 'O', 'O']	['in', 'contrast', ',', 'only', 'low', 'levels', 'of', 'the', 'truncated', 'rap1', 'peptides', 'are', 'detected', '(consistent', 'with', 'that', 'expression', 'levels', 'is', 'lowered', 'and', 'the', 'protection', 'is', 'decreased)', ',', 'and', 'neither', 'rap2', 'nor', 'rap3', 'is', 'co-immunoprecipitated', 'in', 'the', 'rap1', 'mutants', '.']
37	['O', 'O', 'O', 'O', 'O', 'O', 'O', 'O', 'O', 'O', 'O', 'O', 'O', 'O', 'O', 'O', 'O', 'O', 'O', 'O', 'O', 'O', 'O', 'B-A1', 'I-A1', 'O', 'O', 'O', 'O', 'O', 'O', 'O', 'O', 'O', 'O', 'O', 'O', 'O', 'O', 'O', 'O', 'O']	['in', 'contrast', ',', 'only', 'low', 'levels', 'of', 'the', 'truncated', 'rap1', 'peptides', 'have', 'been', 'detected', '(consistent', 'with', 'that', 'expression', 'levels', 'has', 'been', 'lowered', 'and', 'methionine', 'content', 'has', 'been', 'decreased)', ',', 'and', 'neither', 'rap2', 'nor', 'rap3', 'has', 'been', 'co-immunoprecipitated', 'in', 'the', 'rap1', 'mutants', '.']
38	['O', 'O', 'O', 'O', 'O', 'B-A1', 'O', 'O', 'O', 'O', 'O', 'O', 'O', 'O', 'O', 'O', 'O', 'O', 'O', 'O', 'O', 'O', 'O', 'O', 'I-A1', 'I-A1', 'I-A1', 'I-A1', 'I-A1', 'O', 'O', 'O', 'O', 'O', 'O', 'O', 'O', 'O', 'O', 'O', 'O', 'O', 'O', 'O', 'O', 'O']	['in', 'contrast', ',', 'only', 'low', 'levels', 'of', 'the', 'truncated', 'rap1', 'peptides', 'have', 'been', 'detected', '(consistent', 'with', 'that', 'expression', 'levels', 'has', 'been', 'lowered', 'and', 'levels', 'of', 'clara', 'cell', 'secretory', 'protein', 'has', 'been', 'decreased)', ',', 'and', 'neither', 'rap2', 'nor', 'rap3', 'has', 'been', 'co-immunoprecipitated', 'in', 'the', 'rap1', 'mutants', '.']
39	['B-A1', 'I-A1', 'I-A1', 'I-A1', 'I-A1', 'I-A1', 'O', 'O', 'B-V', 'O', 'B-A0', 'I-A0', 'I-A0', 'O', 'O', 'O', 'O', 'O', 'O', 'O', 'O', 'O', 'O', 'O', 'O', 'O', 'O', 'O', 'O', 'O', 'O', 'O']	['nitrite', 'induction', 'of', 'the', 'nirb', 'promoter', 'has', 'been', '#decreased', 'by', 'disruption', 'of', 'narl', 'which', 'has', 'not', 'been', 'suppressing', 'induction', 'by', 'nitrate', ',', 'suggesting', 'that', 'there', 'may', 'be', 'a', 'second', 'nitrate-responsive', 'factor', '.']
40	['O', 'O', 'O', 'O', 'O', 'O', 'O', 'O', 'O', 'O', 'O', 'O', 'O', 'O', 'O', 'O', 'O', 'O', 'O', 'O', 'O', 'O', 'O', 'B-A1', 'I-A1', 'O', 'O', 'O', 'O', 'O', 'O', 'O', 'O', 'O', 'O', 'O', 'O', 'O', 'O', 'O', 'O', 'O']	['in', 'contrast', ',', 'only', 'low', 'levels', 'of', 'the', 'truncated', 'rap1', 'peptides', 'are', 'detected', '(consistent', 'with', 'that', 'expression', 'levels', 'can', 'have', 'been', 'lowered', 'and', 'methionine', 'content', 'can', 'have', 'been', 'decreased)', ',', 'and', 'neither', 'rap2', 'nor', 'rap3', 'is', 'co-immunoprecipitated', 'in', 'the', 'rap1', 'mutants', '.']
41	['O', 'O', 'O', 'O', 'O', 'O', 'O', 'O', 'O', 'O', 'O', 'O', 'O', 'O', 'O', 'O', 'B-A0', 'I-A0', 'I-A0', 'O', 'O', 'O', 'O', 'B-V', 'B-A1', 'I-A1', 'I-A0', 'O', 'O', 'I-A1', 'O']	['deletion', 'of', 'the', 'arca', 'gene', 'causes', 'about', 'a', '2-fold', 'increase', 'in', 'the', 'ptsg', 'expression', ',', 'and', 'disruption', 'of', 'narl', 'is', 'observed', 'to', 'significantly', '#decrease', 'nitrite', 'induction', 'of', 'the', 'nirb', 'promoter', '.']
42	['O', 'O', 'O', 'O', 'O', 'O', 'O', 'O', 'O', 'O', 'O', 'O', 'O', 'O', 'O', 'O', 'O', 'O', 'O', 'O', 'O', 'O', 'O', 'B-A1', 'I-A1', 'I-A1', 'I-A1', 'O', 'O', 'O', 'O', 'O', 'O', 'O', 'O', 'O', 'O', 'O', 'O', 'O', 'O', 'O', 'O', 'O']	['in', 'contrast', ',', 'only', 'low', 'levels', 'of', 'the', 'truncated', 'rap1', 'peptides', 'have', 'been', 'detected', '(consistent', 'with', 'that', 'expression', 'levels', 'has', 'been', 'lowered', 'and', 'the', 'reln', 'mrna', 'content', 'has', 'been', 'decreased)', ',', 'and', 'neither', 'rap2', 'nor', 'rap3', 'has', 'been', 'co-immunoprecipitated', 'in', 'the', 'rap1', 'mutants', '.']
43	['O', 'B-A1', 'I-A1', 'I-A1', 'I-A1', 'I-A1', 'I-A1', 'O', 'B-V', 'O', 'O', 'O', 'O', 'O', 'O', 'O', 'O', 'O', 'O', 'O', 'O', 'O', 'O', 'O', 'O', 'O', 'O', 'O', 'O', 'O', 'O', 'O', 'O', 'O', 'O', 'O', 'O', 'O', 'O', 'O', 'O', 'O', 'O', 'O', 'O', 'O', 'O', 'O', 'O', 'O', 'O', 'O', 'O', 'O', 'O', 'O', 'O']	['the', 'levels', 'of', 'clara', 'cell', 'secretory', 'protein', 'is', '#decreased', 'in', 'nlf', 'from', 'smokers', ',', 'and', 'it', 'is', 'also', 'found', 'that', 'nlf', 'from', 'smokers', 'contained', 'increased', 'proportions', 'of', 'a', 'truncated', 'variant', 'of', 'lipocortin-1', ',', 'threee', 'acidic', 'forms', 'of', 'alpha', '(1)-antitrypsin', ',', 'and', 'one', 'phosphorylated', 'form', 'of', 'cystatin', 's', '.syntrophin', 'binds', 'to', 'an', 'alternatively', 'spliced', 'exon', 'of', 'dystrophin', '.']
44	['O', 'O', 'O', 'O', 'O', 'B-A1', 'O', 'O', 'O', 'O', 'O', 'O', 'O', 'O', 'O', 'O', 'O', 'O', 'O', 'O', 'O', 'O', 'O', 'I-A1', 'I-A1', 'I-A1', 'I-A1', 'I-A1', 'O', 'O', 'O', 'O', 'O', 'O', 'O', 'O', 'O', 'O', 'O', 'O', 'O', 'O', 'O', 'O']	['in', 'contrast', ',', 'only', 'low', 'levels', 'of', 'the', 'truncated', 'rap1', 'peptides', 'are', 'detected', '(consistent', 'with', 'that', 'expression', 'levels', 'may', 'be', 'lowered', 'and', 'levels', 'of', 'clara', 'cell', 'secretory', 'protein', 'may', 'be', 'decreased)', ',', 'and', 'neither', 'rap2', 'nor', 'rap3', 'is', 'co-immunoprecipitated', 'in', 'the', 'rap1', 'mutants', '.']
45	['B-A0', 'I-A0', 'I-A0', 'O', 'O', 'O', 'B-V', 'B-A1', 'I-A1', 'I-A0', 'O', 'O', 'I-A1', 'O', 'O', 'O', 'O', 'O', 'I-A0', 'O', 'O', 'O', 'O', 'O', 'O', 'O', 'O']	['disruption', 'of', 'narl', 'is', 'able', 'to', '#decrease', 'nitrite', 'induction', 'of', 'the', 'nirb', 'promoter', ',', 'and', 'permits', 'a', 'recovery', 'of', 'both', 'reduced', 'glutathione', 'and', 'scavenger', 'enzyme', 'activity', '.']
46	['O', 'O', 'O', 'O', 'O', 'O', 'O', 'O', 'O', 'O', 'O', 'O', 'O', 'O', 'O', 'O', 'B-A0', 'I-A0', 'I-A0', 'O', 'O', 'O', 'O', 'B-V', 'B-A1', 'I-A1', 'I-A0', 'O', 'O', 'I-A1', 'O']	['deletion', 'of', 'the', 'arca', 'gene', 'causes', 'about', 'a', '2-fold', 'increase', 'in', 'the', 'ptsg', 'expression', ',', 'and', 'disruption', 'of', 'narl', 'was', 'able', 'to', 'significantly', '#decrease', 'nitrite', 'induction', 'of', 'the', 'nirb', 'promoter', '.']
47	['B-A1', 'I-A1', 'I-A1', 'I-A1', 'I-A1', 'O', 'B-V', 'O', 'O', 'O', 'O', 'B-A2', 'I-A2', 'I-A2', 'I-A2', 'I-A2', 'I-A2', 'I-A2', 'O']	['the', 'production', 'of', 'c51', 'microcin', 'will', '#decrease', 'or', 'be', 'absent', 'in', 'rpos', ',', 'crp', 'and', 'cya', 'mutant', 'cells', '.']
48	['O', 'B-A1', 'I-A1', 'I-A1', 'I-A1', 'I-A1', 'I-A1', 'O', 'O', 'O', 'B-V', 'O', 'O', 'O', 'O', 'O', 'O', 'O', 'O', 'O', 'O', 'O', 'O', 'O', 'O', 'O', 'O', 'O', 'O', 'O', 'O', 'O', 'O', 'O', 'O', 'O', 'O', 'O', 'O', 'O', 'O', 'O', 'O', 'O', 'O', 'O', 'O', 'O', 'O', 'O', 'O', 'O', 'O', 'O', 'O', 'O', 'O', 'O', 'O', 'O']	['the', 'levels', 'of', 'clara', 'cell', 'secretory', 'protein', 'may', 'have', 'been', '#decreased', 'in', 'nlf', 'from', 'smokers', ',', 'and', 'it', 'has', 'also', 'been', 'found', 'that', 'nlf', 'from', 'smokers', 'contained', 'increased', 'proportions', 'of', 'a', 'truncated', 'variant', 'of', 'lipocortin-1', ',', 'threee', 'acidic', 'forms', 'of', 'alpha', '(1)-antitrypsin', ',', 'and', 'one', 'phosphorylated', 'form', 'of', 'cystatin', 's', '.syntrophin', 'binds', 'to', 'an', 'alternatively', 'spliced', 'exon', 'of', 'dystrophin', '.']
49	['B-A1', 'I-A1', 'I-A1', 'I-A1', 'I-A1', 'I-A1', 'O', 'O', 'O', 'O', 'B-V', 'O', 'B-A0', 'I-A0', 'I-A0', 'O', 'O', 'O', 'O', 'O', 'O', 'O', 'O', 'O', 'O', 'O', 'O', 'O', 'O', 'O', 'O', 'O', 'O']	['nitrite', 'induction', 'of', 'the', 'nirb', 'promoter', 'was', 'shown', 'to', 'be', '#decreased', 'by', 'disruption', 'of', 'narl', 'which', 'was', 'not', 'suppressing', 'induction', 'by', 'nitrate', ',', 'suggesting', 'that', 'there', 'may', 'be', 'a', 'second', 'nitrate-responsive', 'factor', '.']
50	['O', 'O', 'O', 'O', 'O', 'O', 'O', 'O', 'O', 'O', 'O', 'O', 'O', 'O', 'O', 'O', 'O', 'O', 'O', 'O', 'O', 'O', 'O', 'O', 'O', 'O', 'O', 'O', 'O', 'O', 'O', 'O', 'O', 'O', 'O', 'O', 'O', 'B-A1', 'I-A1', 'O', 'O', 'O', 'O', 'B-V', 'O', 'O', 'O', 'O', 'O', 'B-A1', 'O', 'O', 'O', 'O', 'O', 'O', 'O']	['if', 'this', 'distance', 'of', '30', 'amino', 'acids', 'is', 'not', 'maintained', ',', 'as', 'in', 'human', 'asprs', 'chimera#1', ',', 'or', 'in', 'yeast', 'lysts', 'chimera#1', 'and', 'yeast', 'asnrs', 'chimera#2', '(figure', '5b)', ',', 'the', 'binding', 'to', 'trna', 'is', 'strongly', 'affected', 'and', 'the', 'protection', 'was', 'able', 'to', 'be', '#decreased', ',', 'or', 'even', 'abolished', 'in', 'the', 'case', 'of', 'human', 'asprs', 'chimera#1', '(table)', '.']
51	['O', 'B-A1', 'I-A1', 'I-A1', 'I-A1', 'I-A1', 'I-A1', 'O', 'O', 'B-V', 'O', 'O', 'O', 'O', 'O', 'O', 'O', 'O', 'O', 'O', 'O', 'O', 'O', 'O', 'O', 'O', 'O', 'O', 'O', 'O', 'O', 'O', 'O', 'O', 'O', 'O', 'O', 'O', 'O', 'O', 'O', 'O', 'O', 'O', 'O', 'O', 'O', 'O', 'O', 'O', 'O', 'O', 'O', 'O', 'O', 'O', 'O', 'O']	['the', 'levels', 'of', 'clara', 'cell', 'secretory', 'protein', 'might', 'be', '#decreased', 'in', 'nlf', 'from', 'smokers', ',', 'and', 'it', 'was', 'also', 'found', 'that', 'nlf', 'from', 'smokers', 'contained', 'increased', 'proportions', 'of', 'a', 'truncated', 'variant', 'of', 'lipocortin-1', ',', 'threee', 'acidic', 'forms', 'of', 'alpha', '(1)-antitrypsin', ',', 'and', 'one', 'phosphorylated', 'form', 'of', 'cystatin', 's', '.syntrophin', 'binds', 'to', 'an', 'alternatively', 'spliced', 'exon', 'of', 'dystrophin', '.']
52	['B-A0', 'I-A0', 'I-A0', 'O', 'B-V', 'B-A1', 'I-A1', 'I-A0', 'O', 'O', 'I-A1', 'O', 'O', 'O', 'O', 'O', 'O', 'O', 'O', 'O', 'O', 'O', 'O', 'O', 'O', 'O', 'O', 'O']	['disruption', 'of', 'narl', 'would', '#decrease', 'nitrite', 'induction', 'of', 'the', 'nirb', 'promoter', 'whilst', 'not', 'suppressing', 'induction', 'by', 'nitrate', ',', 'suggesting', 'that', 'there', 'might', 'be', 'a', 'second', 'nitrate-responsive', 'factor', '.']
53	['O', 'O', 'O', 'O', 'O', 'O', 'O', 'O', 'O', 'O', 'O', 'O', 'O', 'O', 'O', 'O', 'B-A0', 'I-A0', 'I-A0', 'O', 'O', 'B-V', 'B-A1', 'I-A1', 'I-A0', 'O', 'O', 'I-A1', 'O']	['deletion', 'of', 'the', 'arca', 'gene', 'caused', 'about', 'a', '2-fold', 'increase', 'in', 'the', 'ptsg', 'expression', ',', 'and', 'disruption', 'of', 'narl', 'has', 'significantly', '#decreased', 'nitrite', 'induction', 'of', 'the', 'nirb', 'promoter', '.']
54	['O', 'O', 'O', 'O', 'O', 'O', 'O', 'O', 'O', 'O', 'O', 'O', 'O', 'O', 'O', 'O', 'B-A1', 'I-A1', 'I-A1', 'I-A1', 'I-A1', 'I-A1', 'O', 'O', 'O', 'B-V', 'O', 'B-A0', 'I-A0', 'I-A0', 'O', 'O', 'O']	['deletion', 'of', 'the', 'arca', 'gene', 'causes', 'about', 'a', '2-fold', 'increase', 'in', 'the', 'ptsg', 'expression', ',', 'and', 'nitrite', 'induction', 'of', 'the', 'nirb', 'promoter', 'might', 'be', 'significantly', '#decreased', 'by', 'disruption', 'of', 'narl', 'will', 'significantly', '.']
55	['O', 'B-A1', 'I-A1', 'I-A1', 'I-A1', 'I-A1', 'I-A1', 'O', 'O', 'B-V', 'O', 'O', 'O', 'O', 'O', 'O', 'O', 'O', 'O', 'O', 'O', 'O', 'O', 'O', 'O', 'O', 'O', 'O', 'O', 'O', 'O', 'O', 'O', 'O', 'O', 'O', 'O', 'O', 'O', 'O', 'O', 'O', 'O', 'O', 'O', 'O', 'O', 'O', 'O', 'O', 'O', 'O', 'O', 'O', 'O', 'O', 'O', 'O', 'O']	['the', 'levels', 'of', 'clara', 'cell', 'secretory', 'protein', 'would', 'be', '#decreased', 'in', 'nlf', 'from', 'smokers', ',', 'and', 'it', 'has', 'also', 'been', 'found', 'that', 'nlf', 'from', 'smokers', 'contained', 'increased', 'proportions', 'of', 'a', 'truncated', 'variant', 'of', 'lipocortin-1', ',', 'threee', 'acidic', 'forms', 'of', 'alpha', '(1)-antitrypsin', ',', 'and', 'one', 'phosphorylated', 'form', 'of', 'cystatin', 's', '.syntrophin', 'binds', 'to', 'an', 'alternatively', 'spliced', 'exon', 'of', 'dystrophin', '.']
56	['O', 'B-A1', 'I-A1', 'I-A1', 'I-A1', 'I-A1', 'I-A1', 'O', 'O', 'O', 'O', 'B-V', 'O', 'O', 'O', 'O', 'O', 'O', 'O', 'O', 'O', 'O', 'O', 'O', 'O', 'O', 'O', 'O', 'O', 'O', 'O', 'O', 'O', 'O', 'O', 'O', 'O', 'O', 'O', 'O', 'O', 'O', 'O', 'O', 'O', 'O', 'O', 'O', 'O', 'O', 'O', 'O', 'O', 'O', 'O', 'O', 'O', 'O', 'O', 'O', 'O']	['the', 'levels', 'of', 'clara', 'cell', 'secretory', 'protein', 'is', 'believed', 'to', 'be', '#decreased', 'in', 'nlf', 'from', 'smokers', ',', 'and', 'it', 'has', 'also', 'been', 'found', 'that', 'nlf', 'from', 'smokers', 'contained', 'increased', 'proportions', 'of', 'a', 'truncated', 'variant', 'of', 'lipocortin-1', ',', 'threee', 'acidic', 'forms', 'of', 'alpha', '(1)-antitrypsin', ',', 'and', 'one', 'phosphorylated', 'form', 'of', 'cystatin', 's', '.syntrophin', 'binds', 'to', 'an', 'alternatively', 'spliced', 'exon', 'of', 'dystrophin', '.']
57	['O', 'O', 'O', 'O', 'O', 'B-A1', 'O', 'O', 'O', 'O', 'O', 'O', 'O', 'O', 'O', 'O', 'O', 'O', 'O', 'O', 'O', 'O', 'O', 'O', 'I-A1', 'I-A1', 'I-A1', 'I-A1', 'I-A1', 'O', 'O', 'O', 'O', 'O', 'O', 'O', 'O', 'O', 'O', 'O', 'O', 'O', 'O', 'O', 'O', 'O']	['in', 'contrast', ',', 'only', 'low', 'levels', 'of', 'the', 'truncated', 'rap1', 'peptides', 'will', 'be', 'detected', '(consistent', 'with', 'that', 'expression', 'levels', 'will', 'be', 'lowered', 'and', 'levels', 'of', 'clara', 'cell', 'secretory', 'protein', 'will', 'be', 'decreased)', ',', 'and', 'neither', 'rap2', 'nor', 'rap3', 'will', 'be', 'co-immunoprecipitated', 'in', 'the', 'rap1', 'mutants', '.']
58	['O', 'O', 'O', 'O', 'O', 'O', 'O', 'O', 'O', 'O', 'O', 'O', 'O', 'O', 'O', 'O', 'B-A0', 'I-A0', 'I-A0', 'O', 'O', 'O', 'O', 'O', 'B-V', 'B-A1', 'I-A1', 'I-A0', 'O', 'O', 'I-A1', 'O']	['deletion', 'of', 'the', 'arca', 'gene', 'causes', 'about', 'a', '2-fold', 'increase', 'in', 'the', 'ptsg', 'expression', ',', 'and', 'disruption', 'of', 'narl', 'is', 'believed', 'to', 'have', 'significantly', '#decreased', 'nitrite', 'induction', 'of', 'the', 'nirb', 'promoter', '.']
59	['O', 'O', 'O', 'O', 'O', 'B-A1', 'O', 'O', 'O', 'O', 'O', 'O', 'O', 'O', 'O', 'O', 'O', 'O', 'O', 'O', 'O', 'O', 'O', 'O', 'I-A1', 'I-A1', 'I-A1', 'I-A1', 'I-A1', 'O', 'O', 'O', 'O', 'O', 'O', 'O', 'O', 'O', 'O', 'O', 'O', 'O', 'O', 'O', 'O', 'O']	['in', 'contrast', ',', 'only', 'low', 'levels', 'of', 'the', 'truncated', 'rap1', 'peptides', 'would', 'be', 'detected', '(consistent', 'with', 'that', 'expression', 'levels', 'would', 'be', 'lowered', 'and', 'levels', 'of', 'clara', 'cell', 'secretory', 'protein', 'would', 'be', 'decreased)', ',', 'and', 'neither', 'rap2', 'nor', 'rap3', 'would', 'be', 'co-immunoprecipitated', 'in', 'the', 'rap1', 'mutants', '.']
60	['O', 'O', 'O', 'O', 'O', 'O', 'O', 'O', 'O', 'O', 'O', 'O', 'O', 'O', 'O', 'O', 'B-A1', 'I-A1', 'I-A1', 'I-A1', 'I-A1', 'I-A1', 'O', 'O', 'O', 'O', 'B-V', 'O', 'B-A0', 'I-A0', 'I-A0', 'O', 'O', 'O']	['deletion', 'of', 'the', 'arca', 'gene', 'causes', 'about', 'a', '2-fold', 'increase', 'in', 'the', 'ptsg', 'expression', ',', 'and', 'nitrite', 'induction', 'of', 'the', 'nirb', 'promoter', 'can', 'have', 'been', 'significantly', '#decreased', 'by', 'disruption', 'of', 'narl', 'will', 'significantly', '.']
61	['O', 'O', 'O', 'O', 'O', 'O', 'O', 'O', 'O', 'O', 'O', 'O', 'O', 'O', 'O', 'O', 'O', 'O', 'O', 'O', 'O', 'O', 'O', 'O', 'B-A1', 'I-A1', 'I-A1', 'I-A1', 'O', 'O', 'O', 'O', 'O', 'O', 'O', 'O', 'O', 'O', 'O', 'O', 'O', 'O', 'O', 'O', 'O', 'O', 'O']	['in', 'contrast', ',', 'only', 'low', 'levels', 'of', 'the', 'truncated', 'rap1', 'peptides', 'were', 'detected', '(consistent', 'with', 'that', 'expression', 'levels', 'was', 'able', 'to', 'be', 'lowered', 'and', 'the', 'reln', 'mrna', 'content', 'was', 'able', 'to', 'be', 'decreased)', ',', 'and', 'neither', 'rap2', 'nor', 'rap3', 'was', 'be', 'co-immunoprecipitated', 'in', 'the', 'rap1', 'mutants', '.']
62	['B-A0', 'I-A0', 'I-A0', 'O', 'O', 'O', 'B-V', 'B-A1', 'I-A1', 'I-A0', 'O', 'O', 'I-A1', 'O', 'O', 'O', 'O', 'O', 'I-A0', 'O', 'O', 'O', 'O', 'O', 'O', 'O', 'O']	['disruption', 'of', 'narl', 'was', 'believed', 'to', '#decrease', 'nitrite', 'induction', 'of', 'the', 'nirb', 'promoter', ',', 'and', 'permitted', 'a', 'recovery', 'of', 'both', 'reduced', 'glutathione', 'and', 'scavenger', 'enzyme', 'activity', '.']
63	['O', 'O', 'O', 'O', 'O', 'O', 'O', 'O', 'O', 'O', 'O', 'O', 'O', 'O', 'O', 'O', 'O', 'O', 'O', 'O', 'O', 'O', 'O', 'B-A1', 'I-A1', 'I-A1', 'I-A1', 'O', 'O', 'O', 'O', 'O', 'O', 'O', 'O', 'O', 'O', 'O', 'O', 'O', 'O', 'O', 'O', 'O']	['in', 'contrast', ',', 'only', 'low', 'levels', 'of', 'the', 'truncated', 'rap1', 'peptides', 'would', 'be', 'detected', '(consistent', 'with', 'that', 'expression', 'levels', 'would', 'be', 'lowered', 'and', 'the', 'reln', 'mrna', 'content', 'would', 'be', 'decreased)', ',', 'and', 'neither', 'rap2', 'nor', 'rap3', 'would', 'be', 'co-immunoprecipitated', 'in', 'the', 'rap1', 'mutants', '.']
64	['O', 'O', 'O', 'O', 'O', 'O', 'O', 'O', 'O', 'O', 'O', 'O', 'O', 'O', 'O', 'O', 'O', 'O', 'O', 'O', 'O', 'O', 'O', 'O', 'O', 'O', 'O', 'O', 'O', 'O', 'O', 'O', 'O', 'O', 'O', 'O', 'O', 'B-A1', 'I-A1', 'O', 'O', 'O', 'O', 'B-V', 'O', 'O', 'O', 'O', 'O', 'B-A1', 'O', 'O', 'O', 'O', 'O', 'O', 'O']	['if', 'this', 'distance', 'of', '30', 'amino', 'acids', 'is', 'not', 'maintained', ',', 'as', 'in', 'human', 'asprs', 'chimera#1', ',', 'or', 'in', 'yeast', 'lysts', 'chimera#1', 'and', 'yeast', 'asnrs', 'chimera#2', '(figure', '5b)', ',', 'the', 'binding', 'to', 'trna', 'is', 'strongly', 'affected', 'and', 'the', 'protection', 'is', 'shown', 'to', 'be', '#decreased', ',', 'or', 'even', 'abolished', 'in', 'the', 'case', 'of', 'human', 'asprs', 'chimera#1', '(table)', '.']
65	['B-A1', 'I-A1', 'I-A1', 'I-A1', 'I-A1', 'B-V', 'O', 'O', 'O', 'O', 'B-A2', 'I-A2', 'I-A2', 'I-A2', 'I-A2', 'I-A2', 'I-A2', 'O']	['the', 'production', 'of', 'c51', 'microcin', '#decreased', 'or', 'was', 'absent', 'in', 'rpos', ',', 'crp', 'and', 'cya', 'mutant', 'cells', '.']
66	['O', 'O', 'O', 'O', 'O', 'O', 'O', 'O', 'O', 'O', 'O', 'O', 'O', 'O', 'O', 'O', 'B-A0', 'I-A0', 'I-A0', 'O', 'O', 'O', 'O', 'O', 'B-V', 'B-A1', 'I-A1', 'I-A0', 'O', 'O', 'I-A1', 'O']	['deletion', 'of', 'the', 'arca', 'gene', 'causes', 'about', 'a', '2-fold', 'increase', 'in', 'the', 'ptsg', 'expression', ',', 'and', 'disruption', 'of', 'narl', 'is', 'shown', 'to', 'have', 'significantly', '#decreased', 'nitrite', 'induction', 'of', 'the', 'nirb', 'promoter', '.']
67	['O', 'B-A1', 'I-A1', 'I-A1', 'I-A1', 'I-A1', 'I-A1', 'O', 'O', 'B-V', 'O', 'O', 'O', 'O', 'O', 'O', 'O', 'O', 'O', 'O', 'O', 'O', 'O', 'O', 'O', 'O', 'O', 'O', 'O', 'O', 'O', 'O', 'O', 'O', 'O', 'O', 'O', 'O', 'O', 'O', 'O', 'O', 'O', 'O', 'O', 'O', 'O', 'O', 'O', 'O', 'O', 'O', 'O', 'O', 'O', 'O', 'O', 'O', 'O']	['the', 'levels', 'of', 'clara', 'cell', 'secretory', 'protein', 'may', 'be', '#decreased', 'in', 'nlf', 'from', 'smokers', ',', 'and', 'it', 'has', 'also', 'been', 'found', 'that', 'nlf', 'from', 'smokers', 'contained', 'increased', 'proportions', 'of', 'a', 'truncated', 'variant', 'of', 'lipocortin-1', ',', 'threee', 'acidic', 'forms', 'of', 'alpha', '(1)-antitrypsin', ',', 'and', 'one', 'phosphorylated', 'form', 'of', 'cystatin', 's', '.syntrophin', 'binds', 'to', 'an', 'alternatively', 'spliced', 'exon', 'of', 'dystrophin', '.']
68	['O', 'O', 'O', 'O', 'O', 'O', 'O', 'O', 'O', 'O', 'O', 'O', 'O', 'O', 'O', 'O', 'O', 'O', 'O', 'O', 'O', 'O', 'O', 'O', 'B-A1', 'I-A1', 'O', 'O', 'O', 'O', 'O', 'O', 'O', 'O', 'O', 'O', 'O', 'O', 'O', 'O', 'O', 'O', 'O', 'O', 'O']	['in', 'contrast', ',', 'only', 'low', 'levels', 'of', 'the', 'truncated', 'rap1', 'peptides', 'are', 'detected', '(consistent', 'with', 'that', 'expression', 'levels', 'is', 'able', 'to', 'be', 'lowered', 'and', 'methionine', 'content', 'is', 'able', 'to', 'be', 'decreased)', ',', 'and', 'neither', 'rap2', 'nor', 'rap3', 'is', 'be', 'co-immunoprecipitated', 'in', 'the', 'rap1', 'mutants', '.']
69	['O', 'O', 'O', 'O', 'O', 'O', 'O', 'O', 'O', 'O', 'O', 'O', 'O', 'O', 'O', 'O', 'O', 'O', 'O', 'O', 'O', 'B-A1', 'I-A1', 'I-A1', 'I-A1', 'O', 'O', 'O', 'O', 'O', 'O', 'O', 'O', 'O', 'O', 'O', 'O', 'O', 'O', 'O']	['in', 'contrast', ',', 'only', 'low', 'levels', 'of', 'the', 'truncated', 'rap1', 'peptides', 'are', 'detected', '(consistent', 'with', 'that', 'expression', 'levels', 'is', 'lowered', 'and', 'the', 'reln', 'mrna', 'content', 'is', 'decreased)', ',', 'and', 'neither', 'rap2', 'nor', 'rap3', 'is', 'co-immunoprecipitated', 'in', 'the', 'rap1', 'mutants', '.']
70	['O', 'B-A1', 'I-A1', 'I-A1', 'I-A1', 'I-A1', 'I-A1', 'O', 'B-V', 'O', 'O', 'O', 'O', 'O', 'O', 'O', 'O', 'O', 'O', 'O', 'O', 'O', 'O', 'O', 'O', 'O', 'O', 'O', 'O', 'O', 'O', 'O', 'O', 'O', 'O', 'O', 'O', 'O', 'O', 'O', 'O', 'O', 'O', 'O', 'O', 'O', 'O', 'O', 'O', 'O', 'O', 'O', 'O', 'O', 'O', 'O', 'O']	['the', 'levels', 'of', 'clara', 'cell', 'secretory', 'protein', 'was', '#decreased', 'in', 'nlf', 'from', 'smokers', ',', 'and', 'it', 'was', 'also', 'found', 'that', 'nlf', 'from', 'smokers', 'contained', 'increased', 'proportions', 'of', 'a', 'truncated', 'variant', 'of', 'lipocortin-1', ',', 'threee', 'acidic', 'forms', 'of', 'alpha', '(1)-antitrypsin', ',', 'and', 'one', 'phosphorylated', 'form', 'of', 'cystatin', 's', '.syntrophin', 'binds', 'to', 'an', 'alternatively', 'spliced', 'exon', 'of', 'dystrophin', '.']
71	['O', 'O', 'O', 'O', 'O', 'O', 'O', 'O', 'O', 'O', 'O', 'O', 'O', 'O', 'O', 'O', 'B-A0', 'I-A0', 'I-A0', 'O', 'B-V', 'B-A1', 'I-A1', 'I-A0', 'O', 'O', 'I-A1', 'O']	['deletion', 'of', 'the', 'arca', 'gene', 'causes', 'about', 'a', '2-fold', 'increase', 'in', 'the', 'ptsg', 'expression', ',', 'and', 'disruption', 'of', 'narl', 'significantly', '#decreases', 'nitrite', 'induction', 'of', 'the', 'nirb', 'promoter', '.']
72	['B-A0', 'I-A0', 'I-A0', 'O', 'B-V', 'B-A1', 'I-A1', 'I-A0', 'O', 'O', 'I-A1', 'O', 'O', 'O', 'O', 'O', 'I-A0', 'O', 'O', 'O', 'O', 'O', 'O', 'O', 'O']	['disruption', 'of', 'narl', 'has', '#decreased', 'nitrite', 'induction', 'of', 'the', 'nirb', 'promoter', ',', 'and', 'permitted', 'a', 'recovery', 'of', 'both', 'reduced', 'glutathione', 'and', 'scavenger', 'enzyme', 'activity', '.']
73	['O', 'O', 'O', 'O', 'O', 'O', 'O', 'O', 'O', 'O', 'O', 'O', 'O', 'O', 'O', 'O', 'O', 'O', 'O', 'O', 'O', 'O', 'O', 'B-A1', 'I-A1', 'O', 'O', 'O', 'O', 'O', 'O', 'O', 'O', 'O', 'O', 'O', 'O', 'O', 'B-A1', 'O', 'O', 'O']	['in', 'contrast', ',', 'only', 'low', 'levels', 'of', 'the', 'truncated', 'rap1', 'peptides', 'would', 'be', 'detected', '(consistent', 'with', 'that', 'expression', 'levels', 'would', 'be', 'lowered', 'and', 'the', 'protection', 'would', 'be', 'decreased)', ',', 'and', 'neither', 'rap2', 'nor', 'rap3', 'would', 'be', 'co-immunoprecipitated', 'in', 'the', 'rap1', 'mutants', '.']
74	['B-A0', 'I-A0', 'I-A0', 'O', 'O', 'O', 'B-V', 'B-A1', 'I-A1', 'I-A0', 'O', 'O', 'I-A1', 'O', 'O', 'O', 'O', 'O', 'O', 'O', 'O', 'O', 'O', 'O', 'O', 'O', 'O', 'O', 'O', 'O']	['disruption', 'of', 'narl', 'was', 'shown', 'to', '#decrease', 'nitrite', 'induction', 'of', 'the', 'nirb', 'promoter', 'whilst', 'not', 'suppressing', 'induction', 'by', 'nitrate', ',', 'suggesting', 'that', 'there', 'might', 'be', 'a', 'second', 'nitrate-responsive', 'factor', '.']
75	['O', 'B-A1', 'I-A1', 'I-A1', 'I-A1', 'I-A1', 'I-A1', 'O', 'O', 'O', 'O', 'B-V', 'O', 'O', 'O', 'O', 'O', 'O', 'O', 'O', 'O', 'O', 'O', 'O', 'O', 'O', 'O', 'O', 'O', 'O', 'O', 'O', 'O', 'O', 'O', 'O', 'O', 'O', 'O', 'O', 'O', 'O', 'O', 'O', 'O', 'O', 'O', 'O', 'O', 'O', 'O', 'O', 'O', 'O', 'O', 'O', 'O', 'O', 'O', 'O', 'O']	['the', 'levels', 'of', 'clara', 'cell', 'secretory', 'protein', 'is', 'shown', 'to', 'be', '#decreased', 'in', 'nlf', 'from', 'smokers', ',', 'and', 'it', 'has', 'also', 'been', 'found', 'that', 'nlf', 'from', 'smokers', 'contained', 'increased', 'proportions', 'of', 'a', 'truncated', 'variant', 'of', 'lipocortin-1', ',', 'threee', 'acidic', 'forms', 'of', 'alpha', '(1)-antitrypsin', ',', 'and', 'one', 'phosphorylated', 'form', 'of', 'cystatin', 's', '.syntrophin', 'binds', 'to', 'an', 'alternatively', 'spliced', 'exon', 'of', 'dystrophin', '.']
76	['O', 'O', 'O', 'O', 'O', 'O', 'O', 'O', 'O', 'O', 'O', 'O', 'O', 'O', 'O', 'O', 'O', 'O', 'O', 'O', 'O', 'O', 'O', 'O', 'O', 'O', 'O', 'O', 'O', 'O', 'O', 'O', 'O', 'O', 'O', 'O', 'O', 'B-A1', 'I-A1', 'O', 'B-V', 'O', 'O', 'O', 'O', 'O', 'B-A1', 'O', 'O', 'O', 'O', 'O', 'O', 'O']	['if', 'this', 'distance', 'of', '30', 'amino', 'acids', 'is', 'not', 'maintained', ',', 'as', 'in', 'human', 'asprs', 'chimera#1', ',', 'or', 'in', 'yeast', 'lysts', 'chimera#1', 'and', 'yeast', 'asnrs', 'chimera#2', '(figure', '5b)', ',', 'the', 'binding', 'to', 'trna', 'is', 'strongly', 'affected', 'and', 'the', 'protection', 'is', '#decreased', ',', 'or', 'even', 'abolished', 'in', 'the', 'case', 'of', 'human', 'asprs', 'chimera#1', '(table)', '.']
77	['B-A1', 'I-A1', 'I-A1', 'I-A1', 'I-A1', 'O', 'B-V', 'O', 'O', 'O', 'O', 'B-A2', 'I-A2', 'I-A2', 'I-A2', 'I-A2', 'I-A2', 'I-A2', 'O']	['the', 'production', 'of', 'c51', 'microcin', 'can', '#decrease', 'or', 'be', 'absent', 'in', 'rpos', ',', 'crp', 'and', 'cya', 'mutant', 'cells', '.']
78	['O', 'O', 'O', 'O', 'O', 'O', 'O', 'O', 'O', 'O', 'O', 'O', 'O', 'O', 'O', 'O', 'B-A0', 'I-A0', 'I-A0', 'O', 'O', 'B-V', 'B-A1', 'I-A1', 'I-A0', 'O', 'O', 'I-A1', 'O']	['deletion', 'of', 'the', 'arca', 'gene', 'causes', 'about', 'a', '2-fold', 'increase', 'in', 'the', 'ptsg', 'expression', ',', 'and', 'disruption', 'of', 'narl', 'may', 'significantly', '#decrease', 'nitrite', 'induction', 'of', 'the', 'nirb', 'promoter', '.']
79	['B-A1', 'I-A1', 'I-A1', 'I-A1', 'I-A1', 'O', 'B-V', 'O', 'O', 'O', 'O', 'B-A2', 'I-A2', 'I-A2', 'I-A2', 'I-A2', 'I-A2', 'I-A2', 'O']	['the', 'production', 'of', 'c51', 'microcin', 'could', '#decrease', 'or', 'be', 'absent', 'in', 'rpos', ',', 'crp', 'and', 'cya', 'mutant', 'cells', '.']
80	['O', 'O', 'O', 'O', 'O', 'O', 'O', 'O', 'O', 'O', 'O', 'O', 'O', 'O', 'O', 'O', 'O', 'O', 'O', 'O', 'O', 'O', 'O', 'B-A1', 'I-A1', 'O', 'O', 'O', 'O', 'O', 'O', 'O', 'O', 'O', 'O', 'O', 'O', 'O', 'O', 'O', 'O', 'O']	['in', 'contrast', ',', 'only', 'low', 'levels', 'of', 'the', 'truncated', 'rap1', 'peptides', 'would', 'be', 'detected', '(consistent', 'with', 'that', 'expression', 'levels', 'would', 'be', 'lowered', 'and', 'methionine', 'content', 'would', 'be', 'decreased)', ',', 'and', 'neither', 'rap2', 'nor', 'rap3', 'would', 'be', 'co-immunoprecipitated', 'in', 'the', 'rap1', 'mutants', '.']
81	['B-A1', 'I-A1', 'I-A1', 'I-A1', 'I-A1', 'I-A1', 'O', 'O', 'O', 'O', 'B-V', 'O', 'B-A0', 'I-A0', 'I-A0', 'O', 'O', 'O', 'O', 'O', 'O', 'O', 'O', 'O', 'O', 'O', 'O', 'O', 'O', 'O', 'O', 'O', 'O']	['nitrite', 'induction', 'of', 'the', 'nirb', 'promoter', 'is', 'believed', 'to', 'be', '#decreased', 'by', 'disruption', 'of', 'narl', 'which', 'is', 'not', 'suppressing', 'induction', 'by', 'nitrate', ',', 'suggesting', 'that', 'there', 'may', 'be', 'a', 'second', 'nitrate-responsive', 'factor', '.']
82	['O', 'O', 'O', 'O', 'O', 'O', 'O', 'O', 'O', 'O', 'O', 'O', 'O', 'O', 'O', 'O', 'O', 'O', 'O', 'O', 'O', 'O', 'B-A1', 'I-A1', 'O', 'O', 'O', 'O', 'O', 'O', 'O', 'O', 'O', 'O', 'O', 'O', 'B-A1', 'O', 'O', 'O']	['in', 'contrast', ',', 'only', 'low', 'levels', 'of', 'the', 'truncated', 'rap1', 'peptides', 'were', 'detected', '(consistent', 'with', 'that', 'expression', 'levels', 'might', 'be', 'lowered', 'and', 'the', 'protection', 'might', 'be', 'decreased)', ',', 'and', 'neither', 'rap2', 'nor', 'rap3', 'was', 'co-immunoprecipitated', 'in', 'the', 'rap1', 'mutants', '.']
83	['B-A0', 'I-A0', 'I-A0', 'O', 'O', 'B-V', 'B-A1', 'I-A1', 'I-A0', 'O', 'O', 'I-A1', 'O', 'O', 'O', 'O', 'O', 'O', 'O', 'O', 'O', 'O', 'O', 'O', 'O', 'O', 'O', 'O', 'O']	['disruption', 'of', 'narl', 'may', 'have', '#decreased', 'nitrite', 'induction', 'of', 'the', 'nirb', 'promoter', 'whilst', 'not', 'suppressing', 'induction', 'by', 'nitrate', ',', 'suggesting', 'that', 'there', 'may', 'be', 'a', 'second', 'nitrate-responsive', 'factor', '.']
84	['O', 'O', 'O', 'O', 'O', 'O', 'O', 'O', 'O', 'O', 'O', 'O', 'O', 'O', 'O', 'O', 'O', 'O', 'O', 'O', 'O', 'B-A1', 'I-A1', 'O', 'O', 'O', 'O', 'O', 'O', 'O', 'O', 'O', 'O', 'O', 'O', 'O', 'O', 'O']	['in', 'contrast', ',', 'only', 'low', 'levels', 'of', 'the', 'truncated', 'rap1', 'peptides', 'are', 'detected', '(consistent', 'with', 'that', 'expression', 'levels', 'is', 'lowered', 'and', 'methionine', 'content', 'is', 'decreased)', ',', 'and', 'neither', 'rap2', 'nor', 'rap3', 'is', 'co-immunoprecipitated', 'in', 'the', 'rap1', 'mutants', '.']
85	['O', 'O', 'O', 'O', 'O', 'O', 'O', 'O', 'O', 'O', 'O', 'O', 'O', 'O', 'O', 'O', 'B-A0', 'I-A0', 'I-A0', 'O', 'O', 'B-V', 'B-A1', 'I-A1', 'I-A0', 'O', 'O', 'I-A1', 'O']	['deletion', 'of', 'the', 'arca', 'gene', 'causes', 'about', 'a', '2-fold', 'increase', 'in', 'the', 'ptsg', 'expression', ',', 'and', 'disruption', 'of', 'narl', 'could', 'significantly', '#decrease', 'nitrite', 'induction', 'of', 'the', 'nirb', 'promoter', '.']
86	['B-A1', 'I-A1', 'I-A1', 'I-A1', 'I-A1', 'I-A1', 'O', 'O', 'B-V', 'O', 'B-A0', 'I-A0', 'I-A0', 'O', 'O', 'O', 'O', 'O', 'O', 'O', 'O', 'O', 'O', 'O', 'O', 'O', 'O', 'O', 'O', 'O', 'O']	['nitrite', 'induction', 'of', 'the', 'nirb', 'promoter', 'will', 'be', '#decreased', 'by', 'disruption', 'of', 'narl', 'which', 'is', 'not', 'suppressing', 'induction', 'by', 'nitrate', ',', 'suggesting', 'that', 'there', 'may', 'be', 'a', 'second', 'nitrate-responsive', 'factor', '.']
87	['O', 'O', 'O', 'O', 'O', 'O', 'O', 'O', 'O', 'O', 'O', 'O', 'O', 'O', 'O', 'O', 'O', 'O', 'O', 'O', 'O', 'O', 'O', 'O', 'O', 'O', 'O', 'O', 'O', 'O', 'O', 'O', 'O', 'O', 'O', 'O', 'O', 'B-A1', 'I-A1', 'O', 'O', 'B-V', 'O', 'O', 'O', 'O', 'O', 'B-A1', 'O', 'O', 'O', 'O', 'O', 'O', 'O']	['if', 'this', 'distance', 'of', '30', 'amino', 'acids', 'is', 'not', 'maintained', ',', 'as', 'in', 'human', 'asprs', 'chimera#1', ',', 'or', 'in', 'yeast', 'lysts', 'chimera#1', 'and', 'yeast', 'asnrs', 'chimera#2', '(figure', '5b)', ',', 'the', 'binding', 'to', 'trna', 'is', 'strongly', 'affected', 'and', 'the', 'protection', 'would', 'be', '#decreased', ',', 'or', 'even', 'abolished', 'in', 'the', 'case', 'of', 'human', 'asprs', 'chimera#1', '(table)', '.']
88	['O', 'O', 'O', 'O', 'O', 'O', 'O', 'O', 'O', 'O', 'O', 'O', 'O', 'O', 'O', 'O', 'B-A1', 'I-A1', 'I-A1', 'I-A1', 'I-A1', 'I-A1', 'O', 'O', 'B-V', 'O', 'B-A0', 'I-A0', 'I-A0', 'O', 'O', 'O']	['deletion', 'of', 'the', 'arca', 'gene', 'caused', 'about', 'a', '2-fold', 'increase', 'in', 'the', 'ptsg', 'expression', ',', 'and', 'nitrite', 'induction', 'of', 'the', 'nirb', 'promoter', 'were', 'significantly', '#decreased', 'by', 'disruption', 'of', 'narl', 'will', 'significantly', '.']
89	['B-A1', 'I-A1', 'I-A1', 'I-A1', 'I-A1', 'I-A1', 'O', 'O', 'O', 'B-V', 'O', 'B-A0', 'I-A0', 'I-A0', 'O', 'O', 'O', 'O', 'O', 'O', 'O', 'O', 'O', 'O', 'O', 'O', 'O', 'O', 'O', 'O', 'O', 'O']	['nitrite', 'induction', 'of', 'the', 'nirb', 'promoter', 'will', 'have', 'been', '#decreased', 'by', 'disruption', 'of', 'narl', 'which', 'is', 'not', 'suppressing', 'induction', 'by', 'nitrate', ',', 'suggesting', 'that', 'there', 'may', 'be', 'a', 'second', 'nitrate-responsive', 'factor', '.']
90	['O', 'O', 'O', 'O', 'O', 'O', 'O', 'O', 'O', 'O', 'O', 'O', 'O', 'O', 'B-A1', 'I-A1', 'O', 'O', 'B-V', 'O', 'O', 'O', 'O', 'O']	['in', 'brain', 'areas', 'of', 'schizophrenia', 'patients', 'homologous', 'to', 'those', 'of', 'the', 'nonpsychiatric', 'subjects', ',', 'methionine', 'content', 'was', 'significantly', '#decreased', '(4050%;', 'see', 'table', '2)', '.']
91	['O', 'O', 'O', 'O', 'O', 'O', 'O', 'O', 'O', 'O', 'O', 'O', 'O', 'O', 'O', 'O', 'B-A0', 'I-A0', 'I-A0', 'O', 'O', 'O', 'O', 'B-V', 'B-A1', 'I-A1', 'I-A0', 'O', 'O', 'I-A1', 'O']	['deletion', 'of', 'the', 'arca', 'gene', 'causes', 'about', 'a', '2-fold', 'increase', 'in', 'the', 'ptsg', 'expression', ',', 'and', 'disruption', 'of', 'narl', 'was', 'shown', 'to', 'significantly', '#decrease', 'nitrite', 'induction', 'of', 'the', 'nirb', 'promoter', '.']
92	['O', 'O', 'O', 'O', 'O', 'O', 'O', 'O', 'O', 'O', 'O', 'O', 'O', 'O', 'O', 'O', 'O', 'O', 'O', 'O', 'O', 'O', 'O', 'O', 'O', 'O', 'O', 'O', 'O', 'O', 'O', 'O', 'O', 'O', 'O', 'O', 'O', 'B-A1', 'I-A1', 'O', 'O', 'B-V', 'O', 'O', 'O', 'O', 'O', 'B-A1', 'O', 'O', 'O', 'O', 'O', 'O', 'O']	['if', 'this', 'distance', 'of', '30', 'amino', 'acids', 'is', 'not', 'maintained', ',', 'as', 'in', 'human', 'asprs', 'chimera#1', ',', 'or', 'in', 'yeast', 'lysts', 'chimera#1', 'and', 'yeast', 'asnrs', 'chimera#2', '(figure', '5b)', ',', 'the', 'binding', 'to', 'trna', 'is', 'strongly', 'affected', 'and', 'the', 'protection', 'may', 'be', '#decreased', ',', 'or', 'even', 'abolished', 'in', 'the', 'case', 'of', 'human', 'asprs', 'chimera#1', '(table)', '.']
93	['O', 'O', 'O', 'O', 'O', 'B-A1', 'O', 'O', 'O', 'O', 'O', 'O', 'O', 'O', 'O', 'O', 'O', 'O', 'O', 'O', 'O', 'O', 'I-A1', 'I-A1', 'I-A1', 'I-A1', 'I-A1', 'O', 'O', 'O', 'O', 'O', 'O', 'O', 'O', 'O', 'O', 'O', 'O', 'O', 'O', 'O']	['in', 'contrast', ',', 'only', 'low', 'levels', 'of', 'the', 'truncated', 'rap1', 'peptides', 'were', 'detected', '(consistent', 'with', 'that', 'expression', 'levels', 'was', 'lowered', 'and', 'levels', 'of', 'clara', 'cell', 'secretory', 'protein', 'was', 'decreased)', ',', 'and', 'neither', 'rap2', 'nor', 'rap3', 'was', 'co-immunoprecipitated', 'in', 'the', 'rap1', 'mutants', '.']
94	['O', 'O', 'O', 'O', 'O', 'O', 'O', 'O', 'O', 'O', 'O', 'O', 'O', 'O', 'O', 'O', 'O', 'O', 'O', 'O', 'O', 'O', 'O', 'O', 'O', 'O', 'O', 'O', 'O', 'O', 'O', 'O', 'O', 'O', 'O', 'O', 'O', 'B-A1', 'I-A1', 'O', 'O', 'B-V', 'O', 'O', 'O', 'O', 'O', 'B-A1', 'O', 'O', 'O', 'O', 'O', 'O', 'O']	['if', 'this', 'distance', 'of', '30', 'amino', 'acids', 'is', 'not', 'maintained', ',', 'as', 'in', 'human', 'asprs', 'chimera#1', ',', 'or', 'in', 'yeast', 'lysts', 'chimera#1', 'and', 'yeast', 'asnrs', 'chimera#2', '(figure', '5b)', ',', 'the', 'binding', 'to', 'trna', 'is', 'strongly', 'affected', 'and', 'the', 'protection', 'can', 'be', '#decreased', ',', 'or', 'even', 'abolished', 'in', 'the', 'case', 'of', 'human', 'asprs', 'chimera#1', '(table)', '.']
95	['B-A1', 'I-A1', 'I-A1', 'I-A1', 'I-A1', 'O', 'B-V', 'O', 'O', 'O', 'O', 'B-A2', 'I-A2', 'I-A2', 'I-A2', 'I-A2', 'I-A2', 'I-A2', 'O']	['the', 'production', 'of', 'c51', 'microcin', 'might', '#decrease', 'or', 'be', 'absent', 'in', 'rpos', ',', 'crp', 'and', 'cya', 'mutant', 'cells', '.']
96	['O', 'B-A1', 'I-A1', 'I-A1', 'I-A1', 'I-A1', 'I-A1', 'O', 'O', 'O', 'O', 'B-V', 'O', 'O', 'O', 'O', 'O', 'O', 'O', 'O', 'O', 'O', 'O', 'O', 'O', 'O', 'O', 'O', 'O', 'O', 'O', 'O', 'O', 'O', 'O', 'O', 'O', 'O', 'O', 'O', 'O', 'O', 'O', 'O', 'O', 'O', 'O', 'O', 'O', 'O', 'O', 'O', 'O', 'O', 'O', 'O', 'O', 'O', 'O', 'O']	['the', 'levels', 'of', 'clara', 'cell', 'secretory', 'protein', 'is', 'shown', 'to', 'be', '#decreased', 'in', 'nlf', 'from', 'smokers', ',', 'and', 'it', 'is', 'also', 'found', 'that', 'nlf', 'from', 'smokers', 'contained', 'increased', 'proportions', 'of', 'a', 'truncated', 'variant', 'of', 'lipocortin-1', ',', 'threee', 'acidic', 'forms', 'of', 'alpha', '(1)-antitrypsin', ',', 'and', 'one', 'phosphorylated', 'form', 'of', 'cystatin', 's', '.syntrophin', 'binds', 'to', 'an', 'alternatively', 'spliced', 'exon', 'of', 'dystrophin', '.']
97	['O', 'O', 'O', 'O', 'O', 'O', 'O', 'O', 'O', 'O', 'O', 'O', 'O', 'O', 'O', 'O', 'O', 'O', 'O', 'O', 'O', 'O', 'O', 'B-A1', 'I-A1', 'O', 'O', 'O', 'O', 'O', 'O', 'O', 'O', 'O', 'O', 'O', 'O', 'O', 'B-A1', 'O', 'O', 'O']	['in', 'contrast', ',', 'only', 'low', 'levels', 'of', 'the', 'truncated', 'rap1', 'peptides', 'are', 'detected', '(consistent', 'with', 'that', 'expression', 'levels', 'may', 'have', 'been', 'lowered', 'and', 'the', 'protection', 'may', 'have', 'been', 'decreased)', ',', 'and', 'neither', 'rap2', 'nor', 'rap3', 'is', 'co-immunoprecipitated', 'in', 'the', 'rap1', 'mutants', '.']
98	['O', 'O', 'O', 'O', 'O', 'O', 'O', 'O', 'O', 'O', 'O', 'O', 'O', 'O', 'O', 'O', 'O', 'O', 'O', 'O', 'O', 'O', 'B-A1', 'I-A1', 'O', 'O', 'O', 'O', 'O', 'O', 'O', 'O', 'O', 'O', 'O', 'O', 'O', 'O', 'O', 'O']	['in', 'contrast', ',', 'only', 'low', 'levels', 'of', 'the', 'truncated', 'rap1', 'peptides', 'were', 'detected', '(consistent', 'with', 'that', 'expression', 'levels', 'could', 'be', 'lowered', 'and', 'methionine', 'content', 'could', 'be', 'decreased)', ',', 'and', 'neither', 'rap2', 'nor', 'rap3', 'was', 'co-immunoprecipitated', 'in', 'the', 'rap1', 'mutants', '.']
99	['O', 'O', 'O', 'O', 'O', 'O', 'O', 'O', 'O', 'O', 'O', 'O', 'O', 'O', 'O', 'O', 'O', 'O', 'O', 'O', 'O', 'O', 'O', 'O', 'O', 'O', 'O', 'O', 'O', 'O', 'O', 'O', 'O', 'O', 'O', 'O', 'O', 'B-A1', 'I-A1', 'O', 'O', 'O', 'O', 'B-V', 'O', 'O', 'O', 'O', 'O', 'B-A1', 'O', 'O', 'O', 'O', 'O', 'O', 'O']	['if', 'this', 'distance', 'of', '30', 'amino', 'acids', 'is', 'not', 'maintained', ',', 'as', 'in', 'human', 'asprs', 'chimera#1', ',', 'or', 'in', 'yeast', 'lysts', 'chimera#1', 'and', 'yeast', 'asnrs', 'chimera#2', '(figure', '5b)', ',', 'the', 'binding', 'to', 'trna', 'is', 'strongly', 'affected', 'and', 'the', 'protection', 'was', 'believed', 'to', 'be', '#decreased', ',', 'or', 'even', 'abolished', 'in', 'the', 'case', 'of', 'human', 'asprs', 'chimera#1', '(table)', '.']
100	['O', 'O', 'O', 'O', 'O', 'O', 'O', 'O', 'O', 'O', 'O', 'O', 'O', 'O', 'O', 'O', 'O', 'O', 'O', 'O', 'O', 'O', 'O', 'B-A1', 'I-A1', 'O', 'O', 'O', 'O', 'O', 'O', 'O', 'O', 'O', 'O', 'O', 'O', 'O', 'B-A1', 'O', 'O', 'O']	['in', 'contrast', ',', 'only', 'low', 'levels', 'of', 'the', 'truncated', 'rap1', 'peptides', 'will', 'be', 'detected', '(consistent', 'with', 'that', 'expression', 'levels', 'will', 'be', 'lowered', 'and', 'the', 'protection', 'will', 'be', 'decreased)', ',', 'and', 'neither', 'rap2', 'nor', 'rap3', 'will', 'be', 'co-immunoprecipitated', 'in', 'the', 'rap1', 'mutants', '.']
101	['O', 'O', 'O', 'O', 'O', 'O', 'O', 'O', 'O', 'O', 'O', 'O', 'O', 'O', 'O', 'O', 'O', 'O', 'O', 'O', 'O', 'O', 'O', 'O', 'B-A1', 'I-A1', 'I-A1', 'I-A1', 'O', 'O', 'O', 'O', 'O', 'O', 'O', 'O', 'O', 'O', 'O', 'O', 'O', 'O', 'O', 'O', 'O', 'O']	['in', 'contrast', ',', 'only', 'low', 'levels', 'of', 'the', 'truncated', 'rap1', 'peptides', 'will', 'be', 'detected', '(consistent', 'with', 'that', 'expression', 'levels', 'will', 'have', 'been', 'lowered', 'and', 'the', 'reln', 'mrna', 'content', 'will', 'have', 'been', 'decreased)', ',', 'and', 'neither', 'rap2', 'nor', 'rap3', 'will', 'be', 'co-immunoprecipitated', 'in', 'the', 'rap1', 'mutants', '.']
102	['O', 'O', 'O', 'O', 'O', 'O', 'O', 'O', 'O', 'O', 'O', 'O', 'O', 'O', 'B-A1', 'I-A1', 'O', 'O', 'B-V', 'O', 'O', 'O', 'O', 'O']	['in', 'brain', 'areas', 'of', 'schizophrenia', 'patients', 'homologous', 'to', 'those', 'of', 'the', 'nonpsychiatric', 'subjects', ',', 'the', 'protection', 'was', 'significantly', '#decreased', '(4050%;', 'see', 'table', '2)', '.']
103	['O', 'O', 'O', 'O', 'O', 'O', 'O', 'O', 'O', 'O', 'O', 'O', 'O', 'O', 'O', 'O', 'O', 'O', 'O', 'O', 'O', 'O', 'O', 'O', 'O', 'O', 'O', 'O', 'O', 'O', 'O', 'O', 'O', 'O', 'O', 'O', 'O', 'B-A1', 'I-A1', 'O', 'O', 'B-V', 'O', 'O', 'O', 'O', 'O', 'B-A1', 'O', 'O', 'O', 'O', 'O', 'O', 'O']	['if', 'this', 'distance', 'of', '30', 'amino', 'acids', 'is', 'not', 'maintained', ',', 'as', 'in', 'human', 'asprs', 'chimera#1', ',', 'or', 'in', 'yeast', 'lysts', 'chimera#1', 'and', 'yeast', 'asnrs', 'chimera#2', '(figure', '5b)', ',', 'the', 'binding', 'to', 'trna', 'is', 'strongly', 'affected', 'and', 'the', 'protection', 'had', 'been', '#decreased', ',', 'or', 'even', 'abolished', 'in', 'the', 'case', 'of', 'human', 'asprs', 'chimera#1', '(table)', '.']
104	['O', 'B-A1', 'I-A1', 'I-A1', 'I-A1', 'I-A1', 'I-A1', 'O', 'O', 'B-V', 'O', 'O', 'O', 'O', 'O', 'O', 'O', 'O', 'O', 'O', 'O', 'O', 'O', 'O', 'O', 'O', 'O', 'O', 'O', 'O', 'O', 'O', 'O', 'O', 'O', 'O', 'O', 'O', 'O', 'O', 'O', 'O', 'O', 'O', 'O', 'O', 'O', 'O', 'O', 'O', 'O', 'O', 'O', 'O', 'O', 'O', 'O', 'O']	['the', 'levels', 'of', 'clara', 'cell', 'secretory', 'protein', 'can', 'be', '#decreased', 'in', 'nlf', 'from', 'smokers', ',', 'and', 'it', 'is', 'also', 'found', 'that', 'nlf', 'from', 'smokers', 'contained', 'increased', 'proportions', 'of', 'a', 'truncated', 'variant', 'of', 'lipocortin-1', ',', 'threee', 'acidic', 'forms', 'of', 'alpha', '(1)-antitrypsin', ',', 'and', 'one', 'phosphorylated', 'form', 'of', 'cystatin', 's', '.syntrophin', 'binds', 'to', 'an', 'alternatively', 'spliced', 'exon', 'of', 'dystrophin', '.']
105	['O', 'O', 'O', 'O', 'O', 'O', 'O', 'O', 'O', 'O', 'O', 'O', 'O', 'O', 'O', 'O', 'O', 'O', 'O', 'O', 'O', 'B-A1', 'I-A1', 'I-A1', 'I-A1', 'O', 'O', 'O', 'O', 'O', 'O', 'O', 'O', 'O', 'O', 'O', 'O', 'O', 'O', 'O']	['in', 'contrast', ',', 'only', 'low', 'levels', 'of', 'the', 'truncated', 'rap1', 'peptides', 'were', 'detected', '(consistent', 'with', 'that', 'expression', 'levels', 'was', 'lowered', 'and', 'the', 'reln', 'mrna', 'content', 'was', 'decreased)', ',', 'and', 'neither', 'rap2', 'nor', 'rap3', 'was', 'co-immunoprecipitated', 'in', 'the', 'rap1', 'mutants', '.']
106	['O', 'O', 'O', 'O', 'O', 'B-A1', 'O', 'O', 'O', 'O', 'O', 'O', 'O', 'O', 'O', 'O', 'O', 'O', 'O', 'O', 'O', 'O', 'O', 'I-A1', 'I-A1', 'I-A1', 'I-A1', 'I-A1', 'O', 'O', 'O', 'O', 'O', 'O', 'O', 'O', 'O', 'O', 'O', 'O', 'O', 'O', 'O', 'O']	['in', 'contrast', ',', 'only', 'low', 'levels', 'of', 'the', 'truncated', 'rap1', 'peptides', 'were', 'detected', '(consistent', 'with', 'that', 'expression', 'levels', 'might', 'be', 'lowered', 'and', 'levels', 'of', 'clara', 'cell', 'secretory', 'protein', 'might', 'be', 'decreased)', ',', 'and', 'neither', 'rap2', 'nor', 'rap3', 'was', 'co-immunoprecipitated', 'in', 'the', 'rap1', 'mutants', '.']
107	['O', 'O', 'O', 'O', 'O', 'O', 'O', 'O', 'O', 'O', 'O', 'O', 'O', 'O', 'O', 'O', 'B-A1', 'I-A1', 'I-A1', 'I-A1', 'I-A1', 'I-A1', 'O', 'O', 'O', 'O', 'O', 'B-V', 'O', 'B-A0', 'I-A0', 'I-A0', 'O', 'O', 'O']	['deletion', 'of', 'the', 'arca', 'gene', 'causes', 'about', 'a', '2-fold', 'increase', 'in', 'the', 'ptsg', 'expression', ',', 'and', 'nitrite', 'induction', 'of', 'the', 'nirb', 'promoter', 'was', 'able', 'to', 'be', 'significantly', '#decreased', 'by', 'disruption', 'of', 'narl', 'will', 'significantly', '.']
108	['O', 'O', 'O', 'O', 'O', 'O', 'O', 'O', 'O', 'O', 'O', 'O', 'O', 'O', 'O', 'O', 'B-A0', 'I-A0', 'I-A0', 'O', 'O', 'O', 'O', 'O', 'B-V', 'B-A1', 'I-A1', 'I-A1', 'O']	['deletion', 'of', 'the', 'arca', 'gene', 'causes', 'about', 'a', '2-fold', 'increase', 'in', 'the', 'ptsg', 'expression', ',', 'and', 'treatment', 'with', 'melatonin', 'is', 'believed', 'to', 'have', 'significantly', '#decreased', 'lipid', 'peroxide', 'synthesis', '.']
109	['O', 'O', 'O', 'O', 'O', 'O', 'O', 'O', 'O', 'O', 'O', 'O', 'O', 'O', 'O', 'O', 'B-A1', 'I-A1', 'I-A1', 'O', 'O', 'O', 'O', 'O', 'B-V', 'O', 'B-A0', 'I-A0', 'I-A0', 'O', 'O', 'O']	['deletion', 'of', 'the', 'arca', 'gene', 'causes', 'about', 'a', '2-fold', 'increase', 'in', 'the', 'ptsg', 'expression', ',', 'and', 'lipid', 'peroxide', 'synthesis', 'is', 'believed', 'to', 'be', 'significantly', '#decreased', 'by', 'treatment', 'with', 'melatonin', 'will', 'significantly', '.']
110	['O', 'O', 'O', 'O', 'O', 'O', 'O', 'O', 'O', 'O', 'O', 'O', 'O', 'O', 'B-A0', 'I-A0', 'I-A0', 'I-A0', 'O', 'O', 'O', 'O', 'O', 'B-V', 'O', 'O', 'O', 'O', 'O']	['in', 'brain', 'areas', 'of', 'schizophrenia', 'patients', 'homologous', 'to', 'those', 'of', 'the', 'nonpsychiatric', 'subjects', ',', 'the', 'reln', 'mrna', 'content', 'was', 'believed', 'to', 'be', 'significantly', '#decreased', '(4050%;', 'see', 'table', '2)', '.']
111	['B-A0', 'I-A0', 'I-A0', 'B-V', 'B-A1', 'I-A1', 'I-A1', 'O', 'O', 'O', 'O', 'O', 'O', 'O', 'O', 'O', 'O', 'O', 'O', 'O', 'O']	['treatment', 'with', 'melatonin', '#decreases', 'lipid', 'peroxide', 'synthesis', ',', 'and', 'permitted', 'a', 'recovery', 'of', 'both', 'reduced', 'glutathione', 'and', 'scavenger', 'enzyme', 'activity', '.']
112	['B-A1', 'I-A1', 'O', 'B-A2', 'O', 'O', 'O', 'O', 'B-V', 'O', 'B-A0', 'I-A0', 'O']	['promoter', 'activity', 'in', 'cardiomyocytes', 'was', 'able', 'to', 'be', '#decreased', 'by', 'their', 'mutation', '.']
113	['O', 'O', 'O', 'O', 'O', 'O', 'O', 'O', 'O', 'O', 'O', 'O', 'O', 'O', 'B-A0', 'I-A0', 'I-A0', 'I-A0', 'O', 'O', 'O', 'O', 'B-V', 'O', 'O', 'O', 'O', 'O']	['in', 'brain', 'areas', 'of', 'schizophrenia', 'patients', 'homologous', 'to', 'those', 'of', 'the', 'nonpsychiatric', 'subjects', ',', 'the', 'reln', 'mrna', 'content', 'will', 'have', 'been', 'significantly', '#decreased', '(4050%;', 'see', 'table', '2)', '.']
114	['O', 'O', 'O', 'O', 'O', 'O', 'O', 'O', 'O', 'O', 'O', 'O', 'O', 'O', 'O', 'O', 'B-A0', 'I-A0', 'I-A0', 'O', 'O', 'O', 'O', 'O', 'B-V', 'B-A1', 'I-A1', 'I-A1', 'O']	['deletion', 'of', 'the', 'arca', 'gene', 'caused', 'about', 'a', '2-fold', 'increase', 'in', 'the', 'ptsg', 'expression', ',', 'and', 'treatment', 'with', 'melatonin', 'was', 'observed', 'to', 'have', 'significantly', '#decreased', 'lipid', 'peroxide', 'synthesis', '.']
115	['B-A0', 'I-A0', 'I-A0', 'B-V', 'B-A1', 'I-A1', 'I-A1', 'O', 'O', 'O', 'O', 'O', 'O', 'O', 'O', 'O', 'O', 'O', 'O', 'O', 'O']	['treatment', 'with', 'melatonin', '#decreased', 'lipid', 'peroxide', 'synthesis', ',', 'and', 'permitted', 'a', 'recovery', 'of', 'both', 'reduced', 'glutathione', 'and', 'scavenger', 'enzyme', 'activity', '.']
116	['O', 'O', 'O', 'O', 'O', 'O', 'O', 'O', 'O', 'O', 'B-A0', 'I-A0', 'O', 'O', 'O', 'B-V', 'B-A1', 'I-A1', 'O', 'B-A2', 'O']	['mef2-binding', 'sites', 'have', 'been', 'reported', 'in', 'several', 'cardiac', 'promoters', 'and', 'their', 'mutation', 'was', 'believed', 'to', '#decrease', 'promoter', 'activity', 'in', 'cardiomyocytes', '.']
117	['B-A0', 'I-A0', 'O', 'O', 'B-V', 'B-A1', 'I-A1', 'O', 'B-A2', 'O']	['their', 'mutation', 'will', 'have', '#decreased', 'promoter', 'activity', 'in', 'cardiomyocytes', '.']
118	['O', 'O', 'O', 'O', 'O', 'O', 'O', 'O', 'O', 'O', 'O', 'O', 'O', 'O', 'O', 'O', 'B-A0', 'I-A0', 'I-A0', 'O', 'O', 'O', 'O', 'B-V', 'B-A1', 'I-A1', 'I-A1', 'O']	['deletion', 'of', 'the', 'arca', 'gene', 'causes', 'about', 'a', '2-fold', 'increase', 'in', 'the', 'ptsg', 'expression', ',', 'and', 'treatment', 'with', 'melatonin', 'is', 'observed', 'to', 'significantly', '#decrease', 'lipid', 'peroxide', 'synthesis', '.']
119	['B-A0', 'I-A0', 'O', 'O', 'O', 'B-V', 'B-A1', 'I-A1', 'O', 'B-A2', 'O']	['their', 'mutation', 'was', 'believed', 'to', '#decrease', 'promoter', 'activity', 'in', 'cardiomyocytes', '.']
120	['O', 'O', 'O', 'O', 'O', 'O', 'O', 'O', 'O', 'O', 'O', 'O', 'O', 'O', 'O', 'O', 'B-A0', 'I-A0', 'I-A0', 'O', 'O', 'O', 'O', 'B-V', 'B-A1', 'I-A1', 'I-A1', 'O']	['deletion', 'of', 'the', 'arca', 'gene', 'causes', 'about', 'a', '2-fold', 'increase', 'in', 'the', 'ptsg', 'expression', ',', 'and', 'treatment', 'with', 'melatonin', 'is', 'shown', 'to', 'significantly', '#decrease', 'lipid', 'peroxide', 'synthesis', '.']
121	['B-A1', 'I-A1', 'O', 'B-A2', 'O', 'O', 'O', 'O', 'B-V', 'O', 'B-A0', 'I-A0', 'O']	['promoter', 'activity', 'in', 'cardiomyocytes', 'is', 'able', 'to', 'be', '#decreased', 'by', 'their', 'mutation', '.']
122	['B-A0', 'I-A0', 'O', 'B-V', 'B-A1', 'I-A1', 'O', 'B-A2', 'O']	['their', 'mutation', 'may', '#decrease', 'promoter', 'activity', 'in', 'cardiomyocytes', '.']
123	['B-A0', 'I-A0', 'I-A0', 'O', 'O', 'B-V', 'B-A1', 'I-A1', 'I-A1', 'O', 'O', 'O', 'O', 'O', 'O', 'O', 'O', 'O', 'O', 'O', 'O', 'O', 'O', 'O', 'O', 'O']	['treatment', 'with', 'melatonin', 'can', 'have', '#decreased', 'lipid', 'peroxide', 'synthesis', 'whilst', 'not', 'suppressing', 'induction', 'by', 'nitrate', ',', 'suggesting', 'that', 'there', 'may', 'be', 'a', 'second', 'nitrate-responsive', 'factor', '.']
124	['O', 'O', 'O', 'O', 'O', 'O', 'O', 'O', 'O', 'O', 'O', 'O', 'O', 'O', 'B-A0', 'I-A0', 'I-A0', 'I-A0', 'O', 'O', 'O', 'B-V', 'O', 'O', 'O', 'O', 'O']	['in', 'brain', 'areas', 'of', 'schizophrenia', 'patients', 'homologous', 'to', 'those', 'of', 'the', 'nonpsychiatric', 'subjects', ',', 'the', 'reln', 'mrna', 'content', 'was', 'being', 'significantly', '#decreasing', '(4050%;', 'see', 'table', '2)', '.']
125	['B-A0', 'I-A0', 'I-A0', 'O', 'O', 'O', 'B-V', 'B-A1', 'I-A1', 'I-A1', 'O', 'O', 'O', 'O', 'O', 'O', 'O', 'O', 'O', 'O', 'O', 'O', 'O', 'O']	['treatment', 'with', 'melatonin', 'was', 'believed', 'to', '#decrease', 'lipid', 'peroxide', 'synthesis', ',', 'and', 'permitted', 'a', 'recovery', 'of', 'both', 'reduced', 'glutathione', 'and', 'scavenger', 'enzyme', 'activity', '.']
126	['O', 'O', 'O', 'O', 'O', 'O', 'O', 'O', 'O', 'O', 'O', 'O', 'O', 'O', 'B-A0', 'I-A0', 'I-A0', 'I-A0', 'O', 'O', 'O', 'O', 'O', 'B-V', 'O', 'O', 'O', 'O', 'O']	['in', 'brain', 'areas', 'of', 'schizophrenia', 'patients', 'homologous', 'to', 'those', 'of', 'the', 'nonpsychiatric', 'subjects', ',', 'the', 'reln', 'mrna', 'content', 'was', 'shown', 'to', 'be', 'significantly', '#decreased', '(4050%;', 'see', 'table', '2)', '.']
127	['O', 'O', 'O', 'O', 'O', 'O', 'O', 'O', 'O', 'O', 'O', 'O', 'O', 'O', 'O', 'O', 'B-A1', 'I-A1', 'I-A1', 'O', 'O', 'O', 'B-V', 'O', 'B-A0', 'I-A0', 'I-A0', 'O', 'O', 'O']	['deletion', 'of', 'the', 'arca', 'gene', 'causes', 'about', 'a', '2-fold', 'increase', 'in', 'the', 'ptsg', 'expression', ',', 'and', 'lipid', 'peroxide', 'synthesis', 'would', 'be', 'significantly', '#decreased', 'by', 'treatment', 'with', 'melatonin', 'will', 'significantly', '.']
128	['O', 'O', 'O', 'O', 'O', 'O', 'O', 'O', 'O', 'O', 'O', 'O', 'O', 'O', 'B-A0', 'I-A0', 'I-A0', 'I-A0', 'O', 'O', 'O', 'O', 'O', 'B-V', 'O', 'O', 'O', 'O', 'O']	['in', 'brain', 'areas', 'of', 'schizophrenia', 'patients', 'homologous', 'to', 'those', 'of', 'the', 'nonpsychiatric', 'subjects', ',', 'the', 'reln', 'mrna', 'content', 'is', 'shown', 'to', 'be', 'significantly', '#decreased', '(4050%;', 'see', 'table', '2)', '.']
129	['B-A0', 'I-A0', 'I-A0', 'O', 'B-V', 'B-A1', 'I-A1', 'I-A1', 'O', 'O', 'O', 'O', 'O', 'O', 'O', 'O', 'O', 'O', 'O', 'O', 'O', 'O']	['treatment', 'with', 'melatonin', 'will', '#decrease', 'lipid', 'peroxide', 'synthesis', ',', 'and', 'permits', 'a', 'recovery', 'of', 'both', 'reduced', 'glutathione', 'and', 'scavenger', 'enzyme', 'activity', '.']
130	['B-A0', 'I-A0', 'O', 'O', 'B-V', 'B-A1', 'I-A1', 'O', 'B-A2', 'O']	['their', 'mutation', 'can', 'have', '#decreased', 'promoter', 'activity', 'in', 'cardiomyocytes', '.']
131	['O', 'O', 'O', 'O', 'O', 'O', 'O', 'O', 'O', 'O', 'B-A1', 'I-A1', 'O', 'O', 'O', 'O', 'B-V', 'O', 'B-A0', 'I-A0', 'O', 'B-A2', 'O']	['mef2-binding', 'sites', 'have', 'been', 'reported', 'in', 'several', 'cardiac', 'promoters', 'and', 'promoter', 'activity', 'is', 'able', 'to', 'be', '#decreased', 'by', 'their', 'mutation', 'in', 'cardiomyocytes', '.']
132	['O', 'O', 'O', 'O', 'O', 'O', 'O', 'O', 'O', 'O', 'O', 'O', 'O', 'O', 'B-A0', 'I-A0', 'I-A0', 'I-A0', 'O', 'O', 'O', 'B-V', 'O', 'O', 'O', 'O', 'O']	['in', 'brain', 'areas', 'of', 'schizophrenia', 'patients', 'homologous', 'to', 'those', 'of', 'the', 'nonpsychiatric', 'subjects', ',', 'the', 'reln', 'mrna', 'content', 'will', 'be', 'significantly', '#decreased', '(4050%;', 'see', 'table', '2)', '.']
133	['O', 'O', 'O', 'O', 'O', 'O', 'O', 'O', 'O', 'O', 'O', 'O', 'O', 'O', 'B-A0', 'I-A0', 'I-A0', 'I-A0', 'O', 'O', 'O', 'O', 'O', 'B-V', 'O', 'O', 'O', 'O', 'O']	['in', 'brain', 'areas', 'of', 'schizophrenia', 'patients', 'homologous', 'to', 'those', 'of', 'the', 'nonpsychiatric', 'subjects', ',', 'the', 'reln', 'mrna', 'content', 'was', 'able', 'to', 'be', 'significantly', '#decreased', '(4050%;', 'see', 'table', '2)', '.']
134	['B-A0', 'I-A0', 'I-A0', 'O', 'O', 'O', 'B-V', 'B-A1', 'I-A1', 'I-A1', 'O', 'O', 'O', 'O', 'O', 'O', 'O', 'O', 'O', 'O', 'O', 'O', 'O', 'O', 'O', 'O', 'O']	['treatment', 'with', 'melatonin', 'is', 'shown', 'to', '#decrease', 'lipid', 'peroxide', 'synthesis', 'whilst', 'not', 'suppressing', 'induction', 'by', 'nitrate', ',', 'suggesting', 'that', 'there', 'may', 'be', 'a', 'second', 'nitrate-responsive', 'factor', '.']
135	['B-A1', 'I-A1', 'I-A1', 'O', 'O', 'O', 'O', 'B-V', 'O', 'B-A0', 'I-A0', 'I-A0', 'O', 'O', 'O', 'O', 'O', 'O', 'O', 'O', 'O', 'O', 'O', 'O', 'O', 'O']	['lipid', 'peroxide', 'synthesis', 'was', 'able', 'to', 'be', '#decreased', 'by', 'treatment', 'with', 'melatonin', ',', 'and', 'permitted', 'a', 'recovery', 'of', 'both', 'reduced', 'glutathione', 'and', 'scavenger', 'enzyme', 'activity', '.']
136	['B-A1', 'I-A1', 'O', 'B-A2', 'O', 'O', 'B-V', 'O', 'B-A0', 'I-A0', 'O']	['promoter', 'activity', 'in', 'cardiomyocytes', 'will', 'be', '#decreased', 'by', 'their', 'mutation', '.']
137	['B-A0', 'I-A0', 'I-A0', 'B-V', 'B-A1', 'I-A1', 'I-A1', 'O', 'O', 'O', 'O', 'O', 'O', 'O', 'O', 'O', 'O', 'O', 'O', 'O', 'O', 'O', 'O', 'O']	['treatment', 'with', 'melatonin', '#decreased', 'lipid', 'peroxide', 'synthesis', 'whilst', 'not', 'suppressing', 'induction', 'by', 'nitrate', ',', 'suggesting', 'that', 'there', 'may', 'be', 'a', 'second', 'nitrate-responsive', 'factor', '.']
138	['B-A1', 'I-A1', 'I-A1', 'O', 'O', 'O', 'O', 'B-V', 'O', 'B-A0', 'I-A0', 'I-A0', 'O', 'O', 'O', 'O', 'O', 'O', 'O', 'O', 'O', 'O', 'O', 'O', 'O', 'O']	['lipid', 'peroxide', 'synthesis', 'is', 'shown', 'to', 'be', '#decreased', 'by', 'treatment', 'with', 'melatonin', ',', 'and', 'permits', 'a', 'recovery', 'of', 'both', 'reduced', 'glutathione', 'and', 'scavenger', 'enzyme', 'activity', '.']
139	['B-A0', 'I-A0', 'I-A0', 'O', 'O', 'O', 'B-V', 'B-A1', 'I-A1', 'I-A1', 'O', 'O', 'O', 'O', 'O', 'O', 'O', 'O', 'O', 'O', 'O', 'O', 'O', 'O', 'O', 'O', 'O']	['treatment', 'with', 'melatonin', 'was', 'able', 'to', '#decrease', 'lipid', 'peroxide', 'synthesis', 'whilst', 'not', 'suppressing', 'induction', 'by', 'nitrate', ',', 'suggesting', 'that', 'there', 'may', 'be', 'a', 'second', 'nitrate-responsive', 'factor', '.']
140	['B-A1', 'I-A1', 'O', 'B-A2', 'O', 'O', 'O', 'B-V', 'O', 'B-A0', 'I-A0', 'O']	['promoter', 'activity', 'in', 'cardiomyocytes', 'can', 'have', 'been', '#decreased', 'by', 'their', 'mutation', '.']
141	['O', 'O', 'O', 'O', 'O', 'O', 'O', 'O', 'O', 'O', 'O', 'O', 'O', 'O', 'O', 'O', 'B-A1', 'I-A1', 'I-A1', 'O', 'O', 'O', 'B-V', 'O', 'B-A0', 'I-A0', 'I-A0', 'O', 'O', 'O']	['deletion', 'of', 'the', 'arca', 'gene', 'causes', 'about', 'a', '2-fold', 'increase', 'in', 'the', 'ptsg', 'expression', ',', 'and', 'lipid', 'peroxide', 'synthesis', 'may', 'be', 'significantly', '#decreased', 'by', 'treatment', 'with', 'melatonin', 'will', 'significantly', '.']
142	['B-A0', 'I-A0', 'O', 'O', 'O', 'B-V', 'B-A1', 'I-A1', 'O', 'B-A2', 'O']	['their', 'mutation', 'is', 'shown', 'to', '#decrease', 'promoter', 'activity', 'in', 'cardiomyocytes', '.']
143	['O', 'O', 'O', 'O', 'O', 'O', 'O', 'O', 'O', 'O', 'B-A1', 'I-A1', 'O', 'O', 'B-V', 'O', 'B-A0', 'I-A0', 'O', 'B-A2', 'O']	['mef2-binding', 'sites', 'have', 'been', 'reported', 'in', 'several', 'cardiac', 'promoters', 'and', 'promoter', 'activity', 'could', 'be', '#decreased', 'by', 'their', 'mutation', 'in', 'cardiomyocytes', '.']
144	['O', 'O', 'O', 'O', 'O', 'O', 'O', 'O', 'O', 'O', 'B-A0', 'I-A0', 'B-V', 'B-A1', 'I-A1', 'O', 'B-A2', 'O']	['mef2-binding', 'sites', 'have', 'been', 'reported', 'in', 'several', 'cardiac', 'promoters', 'and', 'their', 'mutation', '#decreases', 'promoter', 'activity', 'in', 'cardiomyocytes', '.']
145	['B-A0', 'I-A0', 'I-A0', 'O', 'B-V', 'B-A1', 'I-A1', 'I-A1', 'O', 'O', 'O', 'O', 'O', 'O', 'O', 'O', 'O', 'O', 'O', 'O', 'O', 'O', 'O', 'O', 'O']	['treatment', 'with', 'melatonin', 'will', '#decrease', 'lipid', 'peroxide', 'synthesis', 'whilst', 'not', 'suppressing', 'induction', 'by', 'nitrate', ',', 'suggesting', 'that', 'there', 'may', 'be', 'a', 'second', 'nitrate-responsive', 'factor', '.']
146	['O', 'O', 'O', 'O', 'O', 'O', 'O', 'O', 'O', 'O', 'B-A1', 'I-A1', 'O', 'O', 'B-V', 'O', 'B-A0', 'I-A0', 'O', 'B-A2', 'O']	['mef2-binding', 'sites', 'have', 'been', 'reported', 'in', 'several', 'cardiac', 'promoters', 'and', 'promoter', 'activity', 'will', 'be', '#decreased', 'by', 'their', 'mutation', 'in', 'cardiomyocytes', '.']
147	['O', 'O', 'O', 'O', 'O', 'O', 'O', 'O', 'O', 'O', 'O', 'O', 'O', 'O', 'B-A0', 'I-A0', 'I-A0', 'I-A0', 'O', 'O', 'O', 'B-V', 'O', 'O', 'O', 'O', 'O']	['in', 'brain', 'areas', 'of', 'schizophrenia', 'patients', 'homologous', 'to', 'those', 'of', 'the', 'nonpsychiatric', 'subjects', ',', 'the', 'reln', 'mrna', 'content', 'has', 'been', 'significantly', '#decreased', '(4050%;', 'see', 'table', '2)', '.']
148	['B-A0', 'I-A0', 'I-A0', 'O', 'O', 'O', 'B-V', 'B-A1', 'I-A1', 'I-A1', 'O', 'O', 'O', 'O', 'O', 'O', 'O', 'O', 'O', 'O', 'O', 'O', 'O', 'O', 'O', 'O', 'O']	['treatment', 'with', 'melatonin', 'is', 'believed', 'to', '#decrease', 'lipid', 'peroxide', 'synthesis', 'whilst', 'not', 'suppressing', 'induction', 'by', 'nitrate', ',', 'suggesting', 'that', 'there', 'may', 'be', 'a', 'second', 'nitrate-responsive', 'factor', '.']
149	['O', 'O', 'O', 'O', 'O', 'O', 'O', 'O', 'O', 'O', 'B-A1', 'I-A1', 'O', 'O', 'O', 'O', 'B-V', 'O', 'B-A0', 'I-A0', 'O', 'B-A2', 'O']	['mef2-binding', 'sites', 'have', 'been', 'reported', 'in', 'several', 'cardiac', 'promoters', 'and', 'promoter', 'activity', 'is', 'believed', 'to', 'be', '#decreased', 'by', 'their', 'mutation', 'in', 'cardiomyocytes', '.']
150	['O', 'O', 'O', 'O', 'O', 'O', 'O', 'O', 'O', 'O', 'O', 'O', 'B-A0', 'I-A0', 'O', 'O', 'O', 'B-V', 'B-A1', 'I-A1', 'O', 'B-A2', 'O']	['levels', 'of', 'clara', 'cell', 'have', 'been', 'reported', 'in', 'several', 'cardiac', 'promoters', 'and', 'their', 'mutation', 'was', 'shown', 'to', '#decrease', 'promoter', 'activity', 'in', 'cardiomyocytes', '.']
151	['B-A0', 'I-A0', 'O', 'O', 'B-V', 'B-A1', 'I-A1', 'O', 'B-A2', 'O']	['their', 'mutation', 'may', 'have', '#decreased', 'promoter', 'activity', 'in', 'cardiomyocytes', '.']
152	['B-A0', 'I-A0', 'O', 'O', 'O', 'B-V', 'B-A1', 'I-A1', 'O', 'B-A2', 'O']	['their', 'mutation', 'is', 'believed', 'to', '#decrease', 'promoter', 'activity', 'in', 'cardiomyocytes', '.']
153	['O', 'O', 'O', 'O', 'O', 'O', 'O', 'O', 'O', 'O', 'O', 'O', 'O', 'O', 'O', 'O', 'B-A1', 'I-A1', 'I-A1', 'O', 'O', 'O', 'B-V', 'O', 'B-A0', 'I-A0', 'I-A0', 'O', 'O', 'O']	['deletion', 'of', 'the', 'arca', 'gene', 'causes', 'about', 'a', '2-fold', 'increase', 'in', 'the', 'ptsg', 'expression', ',', 'and', 'lipid', 'peroxide', 'synthesis', 'could', 'be', 'significantly', '#decreased', 'by', 'treatment', 'with', 'melatonin', 'will', 'significantly', '.']
154	['O', 'O', 'O', 'O', 'O', 'O', 'O', 'O', 'O', 'O', 'O', 'O', 'O', 'O', 'B-A0', 'I-A0', 'I-A0', 'I-A0', 'O', 'O', 'B-V', 'O', 'O', 'O', 'O', 'O']	['in', 'brain', 'areas', 'of', 'schizophrenia', 'patients', 'homologous', 'to', 'those', 'of', 'the', 'nonpsychiatric', 'subjects', ',', 'the', 'reln', 'mrna', 'content', 'is', 'significantly', '#decreased', '(4050%;', 'see', 'table', '2)', '.']
155	['O', 'O', 'O', 'O', 'O', 'O', 'O', 'O', 'O', 'O', 'O', 'O', 'O', 'O', 'O', 'O', 'O', 'B-A0', 'I-A0', 'I-A0', 'O', 'O', 'O', 'B-V', 'B-A1', 'I-A1', 'I-A1', 'O']	['deletion', 'of', 'the', 'arca', 'gene', 'has', 'caused', 'about', 'a', '2-fold', 'increase', 'in', 'the', 'ptsg', 'expression', ',', 'and', 'treatment', 'with', 'melatonin', 'will', 'have', 'significantly', '#decreased', 'lipid', 'peroxide', 'synthesis', '.']
156	['O', 'O', 'O', 'O', 'O', 'O', 'O', 'O', 'O', 'O', 'O', 'O', 'O', 'O', 'O', 'O', 'B-A0', 'I-A0', 'I-A0', 'O', 'O', 'O', 'O', 'B-V', 'B-A1', 'I-A1', 'I-A1', 'O']	['deletion', 'of', 'the', 'arca', 'gene', 'causes', 'about', 'a', '2-fold', 'increase', 'in', 'the', 'ptsg', 'expression', ',', 'and', 'treatment', 'with', 'melatonin', 'was', 'believed', 'to', 'significantly', '#decrease', 'lipid', 'peroxide', 'synthesis', '.']
157	['O', 'O', 'O', 'O', 'O', 'O', 'O', 'O', 'O', 'O', 'O', 'O', 'O', 'O', 'O', 'O', 'B-A0', 'I-A0', 'I-A0', 'O', 'O', 'O', 'O', 'O', 'B-V', 'B-A1', 'I-A1', 'I-A1', 'O']	['deletion', 'of', 'the', 'arca', 'gene', 'causes', 'about', 'a', '2-fold', 'increase', 'in', 'the', 'ptsg', 'expression', ',', 'and', 'treatment', 'with', 'melatonin', 'is', 'shown', 'to', 'have', 'significantly', '#decreased', 'lipid', 'peroxide', 'synthesis', '.']
158	['O', 'O', 'O', 'O', 'O', 'O', 'O', 'O', 'O', 'O', 'O', 'O', 'O', 'O', 'O', 'O', 'B-A0', 'I-A0', 'I-A0', 'O', 'B-V', 'B-A1', 'I-A1', 'I-A1', 'O']	['deletion', 'of', 'the', 'arca', 'gene', 'caused', 'about', 'a', '2-fold', 'increase', 'in', 'the', 'ptsg', 'expression', ',', 'and', 'treatment', 'with', 'melatonin', 'significantly', '#decreased', 'lipid', 'peroxide', 'synthesis', '.']
159	['B-A0', 'I-A0', 'I-A0', 'O', 'B-V', 'B-A1', 'I-A1', 'I-A1', 'O', 'O', 'O', 'O', 'O', 'O', 'O', 'O', 'O', 'O', 'O', 'O', 'O', 'O']	['treatment', 'with', 'melatonin', 'can', '#decrease', 'lipid', 'peroxide', 'synthesis', ',', 'and', 'permits', 'a', 'recovery', 'of', 'both', 'reduced', 'glutathione', 'and', 'scavenger', 'enzyme', 'activity', '.']
160	['O', 'O', 'O', 'O', 'O', 'O', 'O', 'O', 'O', 'O', 'B-A1', 'I-A1', 'O', 'O', 'B-V', 'O', 'B-A0', 'I-A0', 'O', 'B-A2', 'O']	['mef2-binding', 'sites', 'have', 'been', 'reported', 'in', 'several', 'cardiac', 'promoters', 'and', 'promoter', 'activity', 'has', 'been', '#decreased', 'by', 'their', 'mutation', 'in', 'cardiomyocytes', '.']
161	['B-A0', 'I-A0', 'O', 'B-V', 'B-A1', 'I-A1', 'O', 'B-A2', 'O']	['their', 'mutation', 'might', '#decrease', 'promoter', 'activity', 'in', 'cardiomyocytes', '.']
162	['O', 'O', 'O', 'O', 'O', 'O', 'O', 'O', 'O', 'O', 'O', 'O', 'O', 'O', 'O', 'O', 'B-A0', 'I-A0', 'I-A0', 'O', 'O', 'O', 'O', 'O', 'B-V', 'B-A1', 'I-A1', 'I-A1', 'O']	['deletion', 'of', 'the', 'arca', 'gene', 'caused', 'about', 'a', '2-fold', 'increase', 'in', 'the', 'ptsg', 'expression', ',', 'and', 'treatment', 'with', 'melatonin', 'is', 'observed', 'to', 'have', 'significantly', '#decreased', 'lipid', 'peroxide', 'synthesis', '.']
163	['B-A0', 'I-A0', 'I-A0', 'O', 'B-V', 'B-A1', 'I-A1', 'I-A1', 'O', 'O', 'O', 'O', 'O', 'O', 'O', 'O', 'O', 'O', 'O', 'O', 'O', 'O', 'O', 'O', 'O']	['treatment', 'with', 'melatonin', 'can', '#decrease', 'lipid', 'peroxide', 'synthesis', 'whilst', 'not', 'suppressing', 'induction', 'by', 'nitrate', ',', 'suggesting', 'that', 'there', 'may', 'be', 'a', 'second', 'nitrate-responsive', 'factor', '.']
164	['B-A0', 'I-A0', 'I-A0', 'B-V', 'B-A1', 'I-A1', 'I-A1', 'O', 'O', 'O', 'O', 'O', 'O', 'O', 'O', 'O', 'O', 'O', 'O', 'O', 'O', 'O', 'O', 'O']	['treatment', 'with', 'melatonin', '#decreases', 'lipid', 'peroxide', 'synthesis', 'whilst', 'not', 'suppressing', 'induction', 'by', 'nitrate', ',', 'suggesting', 'that', 'there', 'may', 'be', 'a', 'second', 'nitrate-responsive', 'factor', '.']
165	['O', 'O', 'O', 'O', 'O', 'O', 'O', 'O', 'O', 'O', 'O', 'O', 'O', 'O', 'O', 'O', 'B-A1', 'I-A1', 'I-A1', 'O', 'O', 'O', 'O', 'B-V', 'O', 'B-A0', 'I-A0', 'I-A0', 'O', 'O', 'O']	['deletion', 'of', 'the', 'arca', 'gene', 'causes', 'about', 'a', '2-fold', 'increase', 'in', 'the', 'ptsg', 'expression', ',', 'and', 'lipid', 'peroxide', 'synthesis', 'will', 'have', 'been', 'significantly', '#decreased', 'by', 'treatment', 'with', 'melatonin', 'will', 'significantly', '.']
166	['B-A0', 'I-A0', 'O', 'O', 'O', 'O', 'B-V', 'B-A1', 'I-A1', 'O', 'B-A2', 'O']	['their', 'mutation', 'has', 'the', 'ability', 'to', '#decrease', 'promoter', 'activity', 'in', 'cardiomyocytes', '.']
167	['B-A1', 'I-A1', 'I-A1', 'O', 'O', 'O', 'O', 'B-V', 'O', 'B-A0', 'I-A0', 'I-A0', 'O', 'O', 'O', 'O', 'O', 'O', 'O', 'O', 'O', 'O', 'O', 'O', 'O', 'O']	['lipid', 'peroxide', 'synthesis', 'is', 'believed', 'to', 'be', '#decreased', 'by', 'treatment', 'with', 'melatonin', ',', 'and', 'permits', 'a', 'recovery', 'of', 'both', 'reduced', 'glutathione', 'and', 'scavenger', 'enzyme', 'activity', '.']
168	['B-A0', 'I-A0', 'I-A0', 'O', 'B-V', 'B-A1', 'I-A1', 'I-A1', 'O', 'O', 'O', 'O', 'O', 'O', 'O', 'O', 'O', 'O', 'O', 'O', 'O', 'O']	['treatment', 'with', 'melatonin', 'might', '#decrease', 'lipid', 'peroxide', 'synthesis', ',', 'and', 'permitted', 'a', 'recovery', 'of', 'both', 'reduced', 'glutathione', 'and', 'scavenger', 'enzyme', 'activity', '.']
169	['B-A0', 'I-A0', 'I-A0', 'O', 'B-V', 'B-A1', 'I-A1', 'I-A1', 'O', 'O', 'O', 'O', 'O', 'O', 'O', 'O', 'O', 'O', 'O', 'O', 'O', 'O']	['treatment', 'with', 'melatonin', 'could', '#decrease', 'lipid', 'peroxide', 'synthesis', ',', 'and', 'permitted', 'a', 'recovery', 'of', 'both', 'reduced', 'glutathione', 'and', 'scavenger', 'enzyme', 'activity', '.']
170	['O', 'O', 'O', 'O', 'O', 'O', 'O', 'O', 'O', 'O', 'O', 'O', 'O', 'O', 'B-A0', 'I-A0', 'I-A0', 'I-A0', 'O', 'O', 'O', 'B-V', 'O', 'O', 'O', 'O', 'O']	['in', 'brain', 'areas', 'of', 'schizophrenia', 'patients', 'homologous', 'to', 'those', 'of', 'the', 'nonpsychiatric', 'subjects', ',', 'the', 'reln', 'mrna', 'content', 'would', 'be', 'significantly', '#decreased', '(4050%;', 'see', 'table', '2)', '.']
171	['O', 'O', 'O', 'O', 'O', 'O', 'O', 'O', 'O', 'O', 'O', 'O', 'O', 'O', 'O', 'O', 'B-A1', 'I-A1', 'I-A1', 'O', 'O', 'O', 'B-V', 'O', 'B-A0', 'I-A0', 'I-A0', 'O', 'O', 'O']	['deletion', 'of', 'the', 'arca', 'gene', 'causes', 'about', 'a', '2-fold', 'increase', 'in', 'the', 'ptsg', 'expression', ',', 'and', 'lipid', 'peroxide', 'synthesis', 'might', 'be', 'significantly', '#decreased', 'by', 'treatment', 'with', 'melatonin', 'will', 'significantly', '.']
172	['O', 'O', 'O', 'O', 'O', 'O', 'O', 'O', 'O', 'O', 'O', 'O', 'O', 'O', 'O', 'O', 'B-A0', 'I-A0', 'I-A0', 'O', 'O', 'O', 'O', 'B-V', 'B-A1', 'I-A1', 'I-A1', 'O']	['deletion', 'of', 'the', 'arca', 'gene', 'causes', 'about', 'a', '2-fold', 'increase', 'in', 'the', 'ptsg', 'expression', ',', 'and', 'treatment', 'with', 'melatonin', 'was', 'shown', 'to', 'significantly', '#decrease', 'lipid', 'peroxide', 'synthesis', '.']
173	['B-A1', 'I-A1', 'O', 'B-A2', 'O', 'O', 'B-V', 'O', 'B-A0', 'I-A0', 'O']	['promoter', 'activity', 'in', 'cardiomyocytes', 'can', 'be', '#decreased', 'by', 'their', 'mutation', '.']
174	['O', 'O', 'O', 'O', 'O', 'O', 'O', 'O', 'O', 'O', 'O', 'O', 'O', 'O', 'B-A0', 'I-A0', 'I-A0', 'I-A0', 'O', 'O', 'O', 'O', 'B-V', 'O', 'O', 'O', 'O', 'O']	['in', 'brain', 'areas', 'of', 'schizophrenia', 'patients', 'homologous', 'to', 'those', 'of', 'the', 'nonpsychiatric', 'subjects', ',', 'the', 'reln', 'mrna', 'content', 'may', 'have', 'been', 'significantly', '#decreased', '(4050%;', 'see', 'table', '2)', '.']
175	['B-A1', 'I-A1', 'O', 'B-A2', 'O', 'O', 'O', 'B-V', 'O', 'B-A0', 'I-A0', 'O']	['promoter', 'activity', 'in', 'cardiomyocytes', 'will', 'have', 'been', '#decreased', 'by', 'their', 'mutation', '.']
176	['B-A0', 'I-A0', 'O', 'B-V', 'B-A1', 'I-A1', 'O', 'B-A2', 'O']	['their', 'mutation', 'could', '#decrease', 'promoter', 'activity', 'in', 'cardiomyocytes', '.']
177	['B-A0', 'I-A0', 'I-A0', 'O', 'B-V', 'B-A1', 'I-A1', 'I-A1', 'O', 'O', 'O', 'O', 'O', 'O', 'O', 'O', 'O', 'O', 'O', 'O', 'O', 'O', 'O', 'O', 'O']	['treatment', 'with', 'melatonin', 'may', '#decrease', 'lipid', 'peroxide', 'synthesis', 'whilst', 'not', 'suppressing', 'induction', 'by', 'nitrate', ',', 'suggesting', 'that', 'there', 'may', 'be', 'a', 'second', 'nitrate-responsive', 'factor', '.']
178	['B-A1', 'I-A1', 'I-A1', 'O', 'O', 'B-V', 'O', 'B-A0', 'I-A0', 'I-A0', 'O', 'O', 'O', 'O', 'O', 'O', 'O', 'O', 'O', 'O', 'O', 'O', 'O', 'O']	['lipid', 'peroxide', 'synthesis', 'may', 'be', '#decreased', 'by', 'treatment', 'with', 'melatonin', ',', 'and', 'permits', 'a', 'recovery', 'of', 'both', 'reduced', 'glutathione', 'and', 'scavenger', 'enzyme', 'activity', '.']
179	['B-A0', 'I-A0', 'I-A0', 'O', 'O', 'O', 'B-V', 'B-A1', 'I-A1', 'I-A1', 'O', 'O', 'O', 'O', 'O', 'O', 'O', 'O', 'O', 'O', 'O', 'O', 'O', 'O']	['treatment', 'with', 'melatonin', 'is', 'shown', 'to', '#decrease', 'lipid', 'peroxide', 'synthesis', ',', 'and', 'permits', 'a', 'recovery', 'of', 'both', 'reduced', 'glutathione', 'and', 'scavenger', 'enzyme', 'activity', '.']
180	['O', 'O', 'O', 'O', 'O', 'O', 'O', 'O', 'O', 'O', 'O', 'O', 'O', 'O', 'B-A0', 'I-A0', 'I-A0', 'I-A0', 'O', 'O', 'O', 'B-V', 'O', 'O', 'O', 'O', 'O']	['in', 'brain', 'areas', 'of', 'schizophrenia', 'patients', 'homologous', 'to', 'those', 'of', 'the', 'nonpsychiatric', 'subjects', ',', 'the', 'reln', 'mrna', 'content', 'can', 'be', 'significantly', '#decreased', '(4050%;', 'see', 'table', '2)', '.']
181	['B-A0', 'I-A0', 'I-A0', 'O', 'O', 'B-V', 'B-A1', 'I-A1', 'I-A1', 'O', 'O', 'O', 'O', 'O', 'O', 'O', 'O', 'O', 'O', 'O', 'O', 'O', 'O', 'O', 'O', 'O']	['treatment', 'with', 'melatonin', 'will', 'have', '#decreased', 'lipid', 'peroxide', 'synthesis', 'whilst', 'not', 'suppressing', 'induction', 'by', 'nitrate', ',', 'suggesting', 'that', 'there', 'may', 'be', 'a', 'second', 'nitrate-responsive', 'factor', '.']
182	['O', 'O', 'O', 'O', 'O', 'O', 'O', 'O', 'O', 'O', 'O', 'O', 'O', 'O', 'O', 'O', 'B-A1', 'I-A1', 'I-A1', 'O', 'O', 'O', 'O', 'O', 'B-V', 'O', 'B-A0', 'I-A0', 'I-A0', 'O', 'O', 'O']	['deletion', 'of', 'the', 'arca', 'gene', 'causes', 'about', 'a', '2-fold', 'increase', 'in', 'the', 'ptsg', 'expression', ',', 'and', 'lipid', 'peroxide', 'synthesis', 'was', 'able', 'to', 'be', 'significantly', '#decreased', 'by', 'treatment', 'with', 'melatonin', 'will', 'significantly', '.']
183	['O', 'O', 'O', 'O', 'O', 'O', 'O', 'O', 'O', 'O', 'O', 'O', 'O', 'O', 'O', 'O', 'B-A0', 'I-A0', 'I-A0', 'O', 'O', 'O', 'B-V', 'B-A1', 'I-A1', 'I-A1', 'O']	['deletion', 'of', 'the', 'arca', 'gene', 'causes', 'about', 'a', '2-fold', 'increase', 'in', 'the', 'ptsg', 'expression', ',', 'and', 'treatment', 'with', 'melatonin', 'may', 'have', 'significantly', '#decreased', 'lipid', 'peroxide', 'synthesis', '.']
184	['O', 'O', 'O', 'O', 'O', 'O', 'O', 'O', 'O', 'O', 'O', 'O', 'O', 'O', 'O', 'O', 'B-A0', 'I-A0', 'I-A0', 'O', 'O', 'O', 'O', 'B-V', 'B-A1', 'I-A1', 'I-A1', 'O']	['deletion', 'of', 'the', 'arca', 'gene', 'causes', 'about', 'a', '2-fold', 'increase', 'in', 'the', 'ptsg', 'expression', ',', 'and', 'treatment', 'with', 'melatonin', 'was', 'able', 'to', 'significantly', '#decrease', 'lipid', 'peroxide', 'synthesis', '.']
185	['O', 'O', 'O', 'O', 'O', 'O', 'O', 'O', 'O', 'O', 'B-A0', 'I-A0', 'O', 'B-V', 'B-A1', 'I-A1', 'O', 'B-A2', 'O']	['mef2-binding', 'sites', 'have', 'been', 'reported', 'in', 'several', 'cardiac', 'promoters', 'and', 'their', 'mutation', 'will', '#decrease', 'promoter', 'activity', 'in', 'cardiomyocytes', '.']
186	['B-A0', 'I-A0', 'O', 'B-V', 'B-A1', 'I-A1', 'O', 'B-A2', 'O']	['their', 'mutation', 'has', '#decreased', 'promoter', 'activity', 'in', 'cardiomyocytes', '.']
187	['O', 'O', 'O', 'O', 'O', 'O', 'O', 'O', 'O', 'O', 'O', 'O', 'O', 'O', 'O', 'O', 'B-A0', 'I-A0', 'I-A0', 'O', 'O', 'B-V', 'B-A1', 'I-A1', 'I-A1', 'O']	['deletion', 'of', 'the', 'arca', 'gene', 'causes', 'about', 'a', '2-fold', 'increase', 'in', 'the', 'ptsg', 'expression', ',', 'and', 'treatment', 'with', 'melatonin', 'will', 'significantly', '#decrease', 'lipid', 'peroxide', 'synthesis', '.']
188	['O', 'O', 'O', 'O', 'O', 'O', 'O', 'O', 'O', 'O', 'O', 'O', 'O', 'O', 'O', 'O', 'B-A0', 'I-A0', 'I-A0', 'O', 'O', 'B-V', 'B-A1', 'I-A1', 'I-A1', 'O']	['deletion', 'of', 'the', 'arca', 'gene', 'causes', 'about', 'a', '2-fold', 'increase', 'in', 'the', 'ptsg', 'expression', ',', 'and', 'treatment', 'with', 'melatonin', 'would', 'significantly', '#decrease', 'lipid', 'peroxide', 'synthesis', '.']
189	['B-A1', 'I-A1', 'I-A1', 'O', 'B-V', 'O', 'B-A0', 'I-A0', 'I-A0', 'O', 'O', 'O', 'O', 'O', 'O', 'O', 'O', 'O', 'O', 'O', 'O', 'O', 'O']	['lipid', 'peroxide', 'synthesis', 'is', '#decreased', 'by', 'treatment', 'with', 'melatonin', ',', 'and', 'permits', 'a', 'recovery', 'of', 'both', 'reduced', 'glutathione', 'and', 'scavenger', 'enzyme', 'activity', '.']
190	['B-A0', 'I-A0', 'I-A0', 'O', 'O', 'O', 'B-V', 'B-A1', 'I-A1', 'I-A1', 'O', 'O', 'O', 'O', 'O', 'O', 'O', 'O', 'O', 'O', 'O', 'O', 'O', 'O', 'O', 'O', 'O']	['treatment', 'with', 'melatonin', 'was', 'shown', 'to', '#decrease', 'lipid', 'peroxide', 'synthesis', 'whilst', 'not', 'suppressing', 'induction', 'by', 'nitrate', ',', 'suggesting', 'that', 'there', 'might', 'be', 'a', 'second', 'nitrate-responsive', 'factor', '.']
191	['B-A1', 'I-A1', 'O', 'B-A2', 'O', 'B-V', 'O', 'B-A0', 'I-A0', 'O']	['promoter', 'activity', 'in', 'cardiomyocytes', 'was', '#decreased', 'by', 'their', 'mutation', '.']
192	['B-A1', 'I-A1', 'I-A1', 'O', 'O', 'B-V', 'O', 'B-A0', 'I-A0', 'I-A0', 'O', 'O', 'O', 'O', 'O', 'O', 'O', 'O', 'O', 'O', 'O', 'O', 'O', 'O']	['lipid', 'peroxide', 'synthesis', 'could', 'be', '#decreased', 'by', 'treatment', 'with', 'melatonin', ',', 'and', 'permitted', 'a', 'recovery', 'of', 'both', 'reduced', 'glutathione', 'and', 'scavenger', 'enzyme', 'activity', '.']
193	['O', 'O', 'O', 'O', 'O', 'O', 'O', 'O', 'O', 'O', 'O', 'O', 'O', 'O', 'B-A0', 'I-A0', 'I-A0', 'I-A0', 'O', 'O', 'O', 'B-V', 'O', 'O', 'O', 'O', 'O']	['in', 'brain', 'areas', 'of', 'schizophrenia', 'patients', 'homologous', 'to', 'those', 'of', 'the', 'nonpsychiatric', 'subjects', ',', 'the', 'reln', 'mrna', 'content', 'may', 'be', 'significantly', '#decreased', '(4050%;', 'see', 'table', '2)', '.']
194	['O', 'O', 'O', 'O', 'O', 'O', 'O', 'O', 'O', 'O', 'O', 'O', 'O', 'O', 'O', 'O', 'B-A0', 'I-A0', 'I-A0', 'O', 'O', 'B-V', 'B-A1', 'I-A1', 'I-A1', 'O']	['deletion', 'of', 'the', 'arca', 'gene', 'causes', 'about', 'a', '2-fold', 'increase', 'in', 'the', 'ptsg', 'expression', ',', 'and', 'treatment', 'with', 'melatonin', 'can', 'significantly', '#decrease', 'lipid', 'peroxide', 'synthesis', '.']
195	['B-A1', 'I-A1', 'O', 'B-A2', 'O', 'O', 'B-V', 'O', 'B-A0', 'I-A0', 'O']	['promoter', 'activity', 'in', 'cardiomyocytes', 'has', 'been', '#decreased', 'by', 'their', 'mutation', '.']
196	['O', 'O', 'O', 'O', 'O', 'O', 'O', 'O', 'O', 'O', 'B-A0', 'I-A0', 'O', 'O', 'O', 'B-V', 'B-A1', 'I-A1', 'O', 'B-A2', 'O']	['mef2-binding', 'sites', 'have', 'been', 'reported', 'in', 'several', 'cardiac', 'promoters', 'and', 'their', 'mutation', 'is', 'able', 'to', '#decrease', 'promoter', 'activity', 'in', 'cardiomyocytes', '.']
