0	['O', 'O', 'O', 'O', 'O', 'O', 'O', 'O', 'O', 'O', 'O', 'O', 'O', 'O', 'O', 'O', 'O', 'B-A1', 'O', 'O', 'O', 'O', 'O', 'O', 'O', 'O', 'O', 'B-V', 'O', 'O', 'O', 'O']	['an', 'immunopurification', 'approach', 'has', 'been', 'used', 'to', 'demonstrate', 'that', 'human', 'rna', 'pol', 'iii', 'is', 'composed', 'of', '16', 'subunits', ',', 'some', 'of', 'which', 'have', 'the', 'ability', 'to', 'be', '#modified', 'in', 'hela', 'cells', '.']
1	['O', 'O', 'O', 'O', 'O', 'O', 'O', 'O', 'O', 'O', 'O', 'O', 'O', 'O', 'O', 'O', 'O', 'B-A1', 'O', 'O', 'O', 'O', 'O', 'O', 'B-V', 'O', 'O', 'O', 'O']	['an', 'immunopurification', 'approach', 'has', 'been', 'used', 'to', 'demonstrate', 'that', 'human', 'rna', 'pol', 'iii', 'is', 'composed', 'of', '16', 'subunits', ',', 'some', 'of', 'which', 'can', 'be', '#modified', 'in', 'hela', 'cells', '.']
2	['B-A1', 'I-A1', 'O', 'O', 'B-V', 'O', 'B-A2', 'I-A2', 'O', 'O', 'O', 'O', 'O', 'O', 'O', 'O', 'O', 'O', 'O', 'B-A3', 'I-A3', 'I-A3', 'I-A3', 'I-A3', 'O']	['p', '.falciparum', 'would', 'be', '#modified', 'genetically', 'by', 'transfection', '(crabb', 'and', 'cowman', ',', '1996;', 'crabb', 'et', 'al', '.', ',', '1997a)', 'to', 'disrupt', 'the', 'rap1', 'gene', '.']
3	['O', 'O', 'O', 'O', 'O', 'O', 'O', 'O', 'O', 'O', 'O', 'O', 'O', 'B-A1', 'I-A1', 'O', 'O', 'O', 'O', 'O', 'O', 'O', 'O', 'O', 'B-V', 'O', 'O', 'O', 'O']	['an', 'immunopurification', 'approach', 'has', 'been', 'used', 'to', 'demonstrate', 'that', 'some', 'of', 'the', '16', 'p', '.falciparum', 'that', 'composed', 'human', 'rna', 'pol', 'iii', 'can', 'be', 'apparently', '#modified', 'in', 'hela', 'cells', '.']
4	['O', 'O', 'O', 'O', 'O', 'O', 'O', 'O', 'O', 'O', 'O', 'O', 'O', 'B-A1', 'I-A1', 'O', 'O', 'O', 'O', 'O', 'O', 'O', 'O', 'O', 'O', 'O', 'O', 'B-V', 'O', 'O', 'O', 'O']	['an', 'immunopurification', 'approach', 'has', 'been', 'used', 'to', 'demonstrate', 'that', 'some', 'of', 'the', '16', 'p', '.falciparum', 'that', 'composed', 'human', 'rna', 'pol', 'iii', 'have', 'the', 'ability', 'to', 'be', 'apparently', '#modified', 'in', 'hela', 'cells', '.']
5	['O', 'O', 'O', 'O', 'O', 'O', 'O', 'O', 'O', 'O', 'O', 'O', 'O', 'O', 'O', 'O', 'O', 'B-A1', 'O', 'B-A1', 'O', 'O', 'B-V', 'O', 'O', 'O', 'O']	['an', 'immunopurification', 'approach', 'has', 'been', 'used', 'to', 'demonstrate', 'that', 'human', 'rna', 'pol', 'iii', 'is', 'composed', 'of', '16', 'subunits', ',', 'subunits', 'are', 'apparently', '#modified', 'in', 'hela', 'cells', '.']
6	['O', 'O', 'O', 'O', 'O', 'O', 'O', 'O', 'O', 'O', 'O', 'O', 'O', 'O', 'O', 'O', 'O', 'B-A1', 'I-A1', 'I-A1', 'O', 'O', 'I-A1', 'O', 'O', 'O', 'B-V', 'O', 'O', 'O', 'O']	['an', 'immunopurification', 'approach', 'has', 'been', 'used', 'to', 'demonstrate', 'that', 'human', 'rna', 'pol', 'iii', 'is', 'composed', 'of', '16', 'some', 'of', 'which', ',', 'some', 'of', 'which', 'will', 'be', '#modified', 'in', 'hela', 'cells', '.']
7	['O', 'O', 'O', 'O', 'O', 'O', 'O', 'O', 'O', 'O', 'O', 'O', 'O', 'B-A1', 'I-A1', 'O', 'O', 'O', 'O', 'O', 'O', 'O', 'O', 'O', 'B-V', 'O', 'O', 'O', 'O']	['an', 'immunopurification', 'approach', 'has', 'been', 'used', 'to', 'demonstrate', 'that', 'some', 'of', 'the', '16', 'hvdac', 'genes', 'that', 'composed', 'human', 'rna', 'pol', 'iii', 'might', 'have', 'been', '#modified', 'in', 'hela', 'cells', '.']
8	['O', 'O', 'O', 'O', 'O', 'O', 'O', 'O', 'O', 'B-A1', 'O', 'O', 'O', 'O', 'I-A1', 'I-A1', 'O', 'O', 'O', 'O', 'O', 'O', 'O', 'O', 'O', 'O', 'B-V', 'O', 'O', 'O', 'O']	['an', 'immunopurification', 'approach', 'has', 'been', 'used', 'to', 'demonstrate', 'that', 'some', 'of', 'the', '16', 'some', 'of', 'which', 'that', 'composed', 'human', 'rna', 'pol', 'iii', 'are', 'able', 'to', 'be', '#modified', 'in', 'hela', 'cells', '.']
9	['O', 'O', 'O', 'O', 'O', 'O', 'O', 'O', 'O', 'B-A1', 'I-A1', 'O', 'B-V', 'O', 'O', 'O', 'O', 'O', 'O', 'O', 'O', 'O', 'O', 'O', 'O', 'O', 'O', 'O', 'O']	['to', 'define', 'the', 'subcellular', 'location', 'of', 'hvdac', 'isoforms', ',', 'hvdac', 'genes', 'are', '#modified', 'so', 'that', 'the', 'encoded', 'proteins', 'contain', 'cooh-terminal', 'epitopes', 'recognized', 'by', 'either', 'of', 'two', 'monoclonal', 'antibodies', '.']
10	['O', 'O', 'O', 'O', 'O', 'O', 'O', 'O', 'O', 'O', 'O', 'O', 'O', 'B-A1', 'I-A1', 'O', 'O', 'O', 'O', 'O', 'O', 'O', 'O', 'B-V', 'O', 'O', 'O', 'O']	['an', 'immunopurification', 'approach', 'has', 'been', 'used', 'to', 'demonstrate', 'that', 'some', 'of', 'the', '16', 'hvdac', 'genes', 'that', 'composed', 'human', 'rna', 'pol', 'iii', 'are', 'apparently', '#modified', 'in', 'hela', 'cells', '.']
11	['B-A1', 'I-A1', 'O', 'O', 'O', 'B-V', 'O', 'B-A2', 'I-A2', 'O', 'O', 'O', 'O', 'O', 'O', 'O', 'O', 'O', 'O', 'O', 'B-A3', 'I-A3', 'I-A3', 'I-A3', 'I-A3', 'O']	['p', '.falciparum', 'could', 'have', 'been', '#modified', 'genetically', 'by', 'transfection', '(crabb', 'and', 'cowman', ',', '1996;', 'crabb', 'et', 'al', '.', ',', '1997a)', 'to', 'disrupt', 'the', 'rap1', 'gene', '.']
12	['O', 'O', 'O', 'O', 'O', 'O', 'O', 'O', 'O', 'B-A1', 'I-A1', 'O', 'O', 'O', 'B-V', 'O', 'O', 'O', 'O', 'O', 'O', 'O', 'O', 'O', 'O', 'O', 'O', 'O', 'O', 'O', 'O']	['to', 'define', 'the', 'subcellular', 'location', 'of', 'hvdac', 'isoforms', ',', 'hvdac', 'genes', 'may', 'be', 'remarkably', '#modified', 'so', 'that', 'the', 'encoded', 'proteins', 'contain', 'cooh-terminal', 'epitopes', 'recognized', 'by', 'either', 'of', 'two', 'monoclonal', 'antibodies', '.']
13	['O', 'O', 'O', 'O', 'O', 'O', 'O', 'O', 'O', 'B-A1', 'I-A1', 'O', 'O', 'O', 'O', 'O', 'B-V', 'O', 'O', 'O', 'O', 'O', 'O', 'O', 'O', 'O', 'O', 'O', 'O', 'O', 'O', 'O', 'O']	['to', 'define', 'the', 'subcellular', 'location', 'of', 'hvdac', 'isoforms', ',', 'hvdac', 'genes', 'have', 'the', 'ability', 'to', 'be', '#modified', 'so', 'that', 'the', 'encoded', 'proteins', 'contain', 'cooh-terminal', 'epitopes', 'recognized', 'by', 'either', 'of', 'two', 'monoclonal', 'antibodies', '.']
14	['O', 'O', 'O', 'O', 'O', 'O', 'O', 'O', 'O', 'O', 'O', 'O', 'O', 'B-A1', 'I-A1', 'O', 'O', 'O', 'O', 'O', 'O', 'O', 'O', 'O', 'O', 'B-V', 'O', 'O', 'O', 'O']	['an', 'immunopurification', 'approach', 'has', 'been', 'used', 'to', 'demonstrate', 'that', 'some', 'of', 'the', '16', 'hvdac', 'genes', 'that', 'composed', 'human', 'rna', 'pol', 'iii', 'are', 'observed', 'to', 'be', '#modified', 'in', 'hela', 'cells', '.']
15	['O', 'O', 'O', 'O', 'O', 'O', 'O', 'O', 'O', 'O', 'O', 'O', 'O', 'B-A1', 'I-A1', 'O', 'O', 'O', 'O', 'O', 'O', 'O', 'B-V', 'O', 'O', 'O', 'O']	['an', 'immunopurification', 'approach', 'has', 'been', 'used', 'to', 'demonstrate', 'that', 'some', 'of', 'the', '16', 'p', '.falciparum', 'that', 'composed', 'human', 'rna', 'pol', 'iii', 'are', '#modified', 'in', 'hela', 'cells', '.']
16	['B-A1', 'I-A1', 'O', 'O', 'B-V', 'O', 'B-A2', 'I-A2', 'O', 'O', 'O', 'O', 'O', 'O', 'O', 'O', 'O', 'O', 'O', 'B-A3', 'I-A3', 'I-A3', 'I-A3', 'I-A3', 'O']	['p', '.falciparum', 'was', 'notably', '#modified', 'genetically', 'by', 'transfection', '(crabb', 'and', 'cowman', ',', '1996;', 'crabb', 'et', 'al', '.', ',', '1997a)', 'to', 'disrupt', 'the', 'rap1', 'gene', '.']
17	['O', 'O', 'O', 'O', 'O', 'O', 'O', 'O', 'O', 'O', 'O', 'O', 'O', 'B-A1', 'I-A1', 'O', 'O', 'O', 'O', 'O', 'O', 'O', 'O', 'O', 'B-V', 'O', 'O', 'O', 'O']	['an', 'immunopurification', 'approach', 'has', 'been', 'used', 'to', 'demonstrate', 'that', 'some', 'of', 'the', '16', 'p', '.falciparum', 'that', 'composed', 'human', 'rna', 'pol', 'iii', 'will', 'be', 'apparently', '#modified', 'in', 'hela', 'cells', '.']
18	['O', 'O', 'O', 'O', 'O', 'O', 'O', 'O', 'O', 'O', 'O', 'O', 'O', 'O', 'O', 'O', 'O', 'B-A1', 'I-A1', 'I-A1', 'O', 'O', 'B-V', 'O', 'O', 'O', 'O']	['an', 'immunopurification', 'approach', 'has', 'been', 'used', 'to', 'demonstrate', 'that', 'human', 'rna', 'pol', 'iii', 'is', 'composed', 'of', '16', 'some', 'of', 'which', 'being', 'apparently', '#modified', 'in', 'hela', 'cells', '.']
19	['O', 'O', 'O', 'O', 'O', 'O', 'O', 'O', 'O', 'O', 'O', 'O', 'O', 'O', 'O', 'O', 'O', 'B-A1', 'O', 'O', 'O', 'O', 'O', 'O', 'O', 'O', 'O', 'B-V', 'O', 'O', 'O', 'O']	['an', 'immunopurification', 'approach', 'has', 'been', 'used', 'to', 'demonstrate', 'that', 'human', 'rna', 'pol', 'iii', 'is', 'composed', 'of', '16', 'subunits', ',', 'some', 'of', 'which', 'are', 'observed', 'to', 'be', 'apparently', '#modified', 'in', 'hela', 'cells', '.']
20	['O', 'O', 'O', 'O', 'O', 'O', 'O', 'O', 'O', 'B-A1', 'O', 'O', 'O', 'O', 'I-A1', 'I-A1', 'O', 'O', 'O', 'O', 'O', 'O', 'O', 'O', 'B-V', 'O', 'O', 'O', 'O']	['an', 'immunopurification', 'approach', 'has', 'been', 'used', 'to', 'demonstrate', 'that', 'some', 'of', 'the', '16', 'some', 'of', 'which', 'that', 'composed', 'human', 'rna', 'pol', 'iii', 'were', 'apparently', '#modified', 'in', 'hela', 'cells', '.']
21	['O', 'O', 'O', 'O', 'O', 'O', 'O', 'O', 'O', 'O', 'O', 'O', 'O', 'O', 'O', 'O', 'O', 'B-A1', 'I-A1', 'O', 'O', 'O', 'O', 'O', 'O', 'O', 'B-V', 'O', 'O', 'O', 'O']	['an', 'immunopurification', 'approach', 'has', 'been', 'used', 'to', 'demonstrate', 'that', 'human', 'rna', 'pol', 'iii', 'is', 'composed', 'of', '16', 'p', '.falciparum', ',', 'some', 'of', 'which', 'have', 'been', 'apparently', '#modified', 'in', 'hela', 'cells', '.']
22	['O', 'O', 'O', 'O', 'O', 'O', 'O', 'O', 'O', 'O', 'O', 'O', 'O', 'O', 'O', 'O', 'O', 'B-A1', 'I-A1', 'I-A1', 'O', 'O', 'I-A1', 'O', 'O', 'O', 'O', 'O', 'O', 'B-V', 'O', 'O', 'O', 'O']	['an', 'immunopurification', 'approach', 'has', 'been', 'used', 'to', 'demonstrate', 'that', 'human', 'rna', 'pol', 'iii', 'is', 'composed', 'of', '16', 'some', 'of', 'which', ',', 'some', 'of', 'which', 'are', 'observed', 'to', 'be', 'apparently', '#modified', 'in', 'hela', 'cells', '.']
23	['O', 'O', 'O', 'O', 'O', 'O', 'O', 'O', 'O', 'O', 'O', 'O', 'O', 'O', 'O', 'O', 'O', 'B-A1', 'I-A1', 'B-V', 'O', 'O', 'O', 'O']	['an', 'immunopurification', 'approach', 'has', 'been', 'used', 'to', 'demonstrate', 'that', 'human', 'rna', 'pol', 'iii', 'is', 'composed', 'of', '16', 'p', '.falciparum', '#modified', 'in', 'hela', 'cells', '.']
24	['B-A1', 'I-A1', 'O', 'O', 'O', 'O', 'O', 'B-V', 'O', 'B-A2', 'I-A2', 'O', 'O', 'O', 'O', 'O', 'O', 'O', 'O', 'O', 'O', 'O', 'B-A3', 'I-A3', 'I-A3', 'I-A3', 'I-A3', 'O']	['p', '.falciparum', 'has', 'the', 'ability', 'to', 'be', '#modified', 'genetically', 'by', 'transfection', '(crabb', 'and', 'cowman', ',', '1996;', 'crabb', 'et', 'al', '.', ',', '1997a)', 'to', 'disrupt', 'the', 'rap1', 'gene', '.']
25	['B-A1', 'I-A1', 'O', 'O', 'B-V', 'O', 'B-A2', 'I-A2', 'O', 'O', 'O', 'O', 'O', 'O', 'O', 'O', 'O', 'O', 'O', 'B-A3', 'I-A3', 'I-A3', 'I-A3', 'I-A3', 'O']	['p', '.falciparum', 'may', 'be', '#modified', 'genetically', 'by', 'transfection', '(crabb', 'and', 'cowman', ',', '1996;', 'crabb', 'et', 'al', '.', ',', '1997a)', 'to', 'disrupt', 'the', 'rap1', 'gene', '.']
26	['O', 'O', 'O', 'O', 'O', 'O', 'O', 'O', 'O', 'O', 'O', 'O', 'O', 'B-A1', 'O', 'O', 'O', 'O', 'O', 'O', 'O', 'O', 'B-V', 'O', 'O', 'O', 'O']	['an', 'immunopurification', 'approach', 'has', 'been', 'used', 'to', 'demonstrate', 'that', 'some', 'of', 'the', '16', 'subunits', 'that', 'composed', 'human', 'rna', 'pol', 'iii', 'are', 'apparently', '#modified', 'in', 'hela', 'cells', '.']
27	['O', 'O', 'O', 'O', 'O', 'O', 'O', 'O', 'O', 'B-A1', 'O', 'O', 'O', 'O', 'I-A1', 'I-A1', 'O', 'O', 'O', 'O', 'O', 'O', 'O', 'B-V', 'O', 'O', 'O', 'O']	['an', 'immunopurification', 'approach', 'has', 'been', 'used', 'to', 'demonstrate', 'that', 'some', 'of', 'the', '16', 'some', 'of', 'which', 'that', 'composed', 'human', 'rna', 'pol', 'iii', 'were', '#modified', 'in', 'hela', 'cells', '.']
28	['O', 'O', 'O', 'O', 'O', 'O', 'O', 'O', 'O', 'O', 'O', 'O', 'O', 'O', 'O', 'O', 'O', 'B-A1', 'O', 'O', 'O', 'O', 'O', 'O', 'O', 'B-V', 'O', 'O', 'O', 'O']	['an', 'immunopurification', 'approach', 'has', 'been', 'used', 'to', 'demonstrate', 'that', 'human', 'rna', 'pol', 'iii', 'is', 'composed', 'of', '16', 'subunits', ',', 'some', 'of', 'which', 'can', 'be', 'apparently', '#modified', 'in', 'hela', 'cells', '.']
29	['B-A1', 'I-A1', 'O', 'O', 'O', 'B-V', 'O', 'B-A2', 'I-A2', 'O', 'O', 'O', 'O', 'O', 'O', 'O', 'O', 'O', 'O', 'O', 'B-A3', 'I-A3', 'I-A3', 'I-A3', 'I-A3', 'O']	['p', '.falciparum', 'could', 'be', 'notably', '#modified', 'genetically', 'by', 'transfection', '(crabb', 'and', 'cowman', ',', '1996;', 'crabb', 'et', 'al', '.', ',', '1997a)', 'to', 'disrupt', 'the', 'rap1', 'gene', '.']
30	['O', 'O', 'O', 'O', 'O', 'O', 'O', 'O', 'O', 'O', 'O', 'O', 'O', 'O', 'O', 'O', 'O', 'B-A1', 'I-A1', 'O', 'O', 'B-V', 'O', 'O', 'O', 'O']	['an', 'immunopurification', 'approach', 'has', 'been', 'used', 'to', 'demonstrate', 'that', 'human', 'rna', 'pol', 'iii', 'is', 'composed', 'of', '16', 'p', '.falciparum', 'being', 'apparently', '#modified', 'in', 'hela', 'cells', '.']
31	['O', 'O', 'O', 'O', 'O', 'O', 'O', 'O', 'O', 'O', 'O', 'O', 'O', 'O', 'O', 'O', 'O', 'B-A1', 'I-A1', 'O', 'O', 'O', 'O', 'O', 'B-V', 'O', 'O', 'O', 'O']	['an', 'immunopurification', 'approach', 'has', 'been', 'used', 'to', 'demonstrate', 'that', 'human', 'rna', 'pol', 'iii', 'is', 'composed', 'of', '16', 'p', '.falciparum', ',', 'some', 'of', 'which', 'were', '#modified', 'in', 'hela', 'cells', '.']
32	['O', 'O', 'O', 'O', 'O', 'O', 'O', 'O', 'O', 'O', 'O', 'O', 'O', 'B-A1', 'I-A1', 'O', 'O', 'O', 'O', 'O', 'O', 'O', 'O', 'B-V', 'O', 'O', 'O', 'O']	['an', 'immunopurification', 'approach', 'has', 'been', 'used', 'to', 'demonstrate', 'that', 'some', 'of', 'the', '16', 'p', '.falciparum', 'that', 'composed', 'human', 'rna', 'pol', 'iii', 'will', 'be', '#modified', 'in', 'hela', 'cells', '.']
33	['O', 'O', 'O', 'O', 'O', 'O', 'O', 'O', 'O', 'B-A1', 'O', 'O', 'O', 'O', 'I-A1', 'I-A1', 'O', 'O', 'O', 'O', 'O', 'O', 'O', 'O', 'O', 'B-V', 'O', 'O', 'O', 'O']	['an', 'immunopurification', 'approach', 'has', 'been', 'used', 'to', 'demonstrate', 'that', 'some', 'of', 'the', '16', 'some', 'of', 'which', 'that', 'composed', 'human', 'rna', 'pol', 'iii', 'can', 'be', 'apparently', '#modified', 'in', 'hela', 'cells', '.']
34	['O', 'O', 'O', 'O', 'O', 'O', 'O', 'O', 'O', 'O', 'O', 'O', 'O', 'B-A1', 'I-A1', 'O', 'O', 'O', 'O', 'O', 'O', 'O', 'B-V', 'O', 'O', 'O', 'O']	['an', 'immunopurification', 'approach', 'has', 'been', 'used', 'to', 'demonstrate', 'that', 'some', 'of', 'the', '16', 'hvdac', 'genes', 'that', 'composed', 'human', 'rna', 'pol', 'iii', 'were', '#modified', 'in', 'hela', 'cells', '.']
35	['O', 'O', 'O', 'O', 'O', 'O', 'O', 'O', 'O', 'O', 'O', 'O', 'O', 'O', 'O', 'O', 'O', 'B-A1', 'I-A1', 'O', 'O', 'O', 'O', 'O', 'O', 'B-V', 'O', 'O', 'O', 'O']	['an', 'immunopurification', 'approach', 'has', 'been', 'used', 'to', 'demonstrate', 'that', 'human', 'rna', 'pol', 'iii', 'is', 'composed', 'of', '16', 'hvdac', 'genes', ',', 'some', 'of', 'which', 'have', 'been', '#modified', 'in', 'hela', 'cells', '.']
36	['O', 'O', 'O', 'O', 'O', 'O', 'O', 'O', 'O', 'O', 'O', 'O', 'O', 'O', 'O', 'O', 'O', 'B-A1', 'I-A1', 'O', 'O', 'O', 'O', 'O', 'O', 'O', 'O', 'B-V', 'O', 'O', 'O', 'O']	['an', 'immunopurification', 'approach', 'has', 'been', 'used', 'to', 'demonstrate', 'that', 'human', 'rna', 'pol', 'iii', 'is', 'composed', 'of', '16', 'p', '.falciparum', ',', 'some', 'of', 'which', 'are', 'observed', 'to', 'be', '#modified', 'in', 'hela', 'cells', '.']
37	['O', 'O', 'O', 'O', 'O', 'O', 'O', 'O', 'O', 'B-A1', 'I-A1', 'O', 'O', 'O', 'O', 'B-V', 'O', 'O', 'O', 'O', 'O', 'O', 'O', 'O', 'O', 'O', 'O', 'O', 'O', 'O', 'O', 'O']	['to', 'define', 'the', 'subcellular', 'location', 'of', 'hvdac', 'isoforms', ',', 'hvdac', 'genes', 'might', 'have', 'been', 'remarkably', '#modified', 'so', 'that', 'the', 'encoded', 'proteins', 'contain', 'cooh-terminal', 'epitopes', 'recognized', 'by', 'either', 'of', 'two', 'monoclonal', 'antibodies', '.']
38	['O', 'O', 'O', 'O', 'O', 'O', 'O', 'O', 'O', 'O', 'O', 'O', 'O', 'O', 'O', 'O', 'O', 'B-A1', 'I-A1', 'I-A1', 'O', 'O', 'I-A1', 'O', 'O', 'B-V', 'O', 'O', 'O', 'O']	['an', 'immunopurification', 'approach', 'has', 'been', 'used', 'to', 'demonstrate', 'that', 'human', 'rna', 'pol', 'iii', 'is', 'composed', 'of', '16', 'some', 'of', 'which', ',', 'some', 'of', 'which', 'were', '#modified', 'in', 'hela', 'cells', '.']
39	['O', 'O', 'O', 'O', 'O', 'O', 'O', 'O', 'O', 'O', 'O', 'O', 'O', 'O', 'O', 'O', 'O', 'B-A1', 'O', 'O', 'O', 'O', 'O', 'O', 'O', 'B-V', 'O', 'O', 'O', 'O']	['an', 'immunopurification', 'approach', 'has', 'been', 'used', 'to', 'demonstrate', 'that', 'human', 'rna', 'pol', 'iii', 'is', 'composed', 'of', '16', 'subunits', ',', 'some', 'of', 'which', 'have', 'been', 'apparently', '#modified', 'in', 'hela', 'cells', '.']
40	['B-A1', 'I-A1', 'O', 'O', 'O', 'O', 'O', 'B-V', 'O', 'B-A2', 'I-A2', 'O', 'O', 'O', 'O', 'O', 'O', 'O', 'O', 'O', 'O', 'O', 'B-A3', 'I-A3', 'I-A3', 'I-A3', 'I-A3', 'O']	['p', '.falciparum', 'is', 'able', 'to', 'be', 'notably', '#modified', 'genetically', 'by', 'transfection', '(crabb', 'and', 'cowman', ',', '1996;', 'crabb', 'et', 'al', '.', ',', '1997a)', 'to', 'disrupt', 'the', 'rap1', 'gene', '.']
41	['O', 'O', 'O', 'O', 'O', 'O', 'O', 'O', 'O', 'B-A1', 'O', 'O', 'O', 'O', 'I-A1', 'I-A1', 'O', 'O', 'O', 'O', 'O', 'O', 'O', 'O', 'O', 'O', 'O', 'O', 'B-V', 'O', 'O', 'O', 'O']	['an', 'immunopurification', 'approach', 'has', 'been', 'used', 'to', 'demonstrate', 'that', 'some', 'of', 'the', '16', 'some', 'of', 'which', 'that', 'composed', 'human', 'rna', 'pol', 'iii', 'have', 'the', 'ability', 'to', 'be', 'apparently', '#modified', 'in', 'hela', 'cells', '.']
42	['O', 'O', 'O', 'O', 'O', 'O', 'O', 'O', 'O', 'O', 'O', 'O', 'O', 'O', 'O', 'O', 'O', 'B-A1', 'O', 'O', 'O', 'O', 'O', 'O', 'O', 'B-V', 'O', 'O', 'O', 'O']	['an', 'immunopurification', 'approach', 'has', 'been', 'used', 'to', 'demonstrate', 'that', 'human', 'rna', 'pol', 'iii', 'is', 'composed', 'of', '16', 'subunits', ',', 'some', 'of', 'which', 'might', 'have', 'been', '#modified', 'in', 'hela', 'cells', '.']
43	['B-A1', 'I-A1', 'O', 'O', 'O', 'O', 'O', 'O', 'B-V', 'O', 'B-A2', 'I-A2', 'O', 'O', 'O', 'O', 'O', 'O', 'O', 'O', 'O', 'O', 'O', 'B-A3', 'I-A3', 'I-A3', 'I-A3', 'I-A3', 'O']	['p', '.falciparum', 'has', 'the', 'probability', 'of', 'being', 'notably', '#modified', 'genetically', 'by', 'transfection', '(crabb', 'and', 'cowman', ',', '1996;', 'crabb', 'et', 'al', '.', ',', '1997a)', 'to', 'disrupt', 'the', 'rap1', 'gene', '.']
44	['O', 'O', 'O', 'O', 'O', 'O', 'O', 'O', 'O', 'B-A1', 'I-A1', 'O', 'O', 'O', 'B-V', 'O', 'O', 'O', 'O', 'O', 'O', 'O', 'O', 'O', 'O', 'O', 'O', 'O', 'O', 'O', 'O']	['to', 'define', 'the', 'subcellular', 'location', 'of', 'hvdac', 'isoforms', ',', 'hvdac', 'genes', 'could', 'have', 'been', '#modified', 'so', 'that', 'the', 'encoded', 'proteins', 'contain', 'cooh-terminal', 'epitopes', 'recognized', 'by', 'either', 'of', 'two', 'monoclonal', 'antibodies', '.']
45	['B-A1', 'I-A1', 'O', 'O', 'O', 'O', 'O', 'B-V', 'O', 'B-A2', 'I-A2', 'O', 'O', 'O', 'O', 'O', 'O', 'O', 'O', 'O', 'O', 'O', 'B-A3', 'I-A3', 'I-A3', 'I-A3', 'I-A3', 'O']	['p', '.falciparum', 'is', 'observed', 'to', 'be', 'notably', '#modified', 'genetically', 'by', 'transfection', '(crabb', 'and', 'cowman', ',', '1996;', 'crabb', 'et', 'al', '.', ',', '1997a)', 'to', 'disrupt', 'the', 'rap1', 'gene', '.']
46	['O', 'O', 'O', 'O', 'O', 'O', 'O', 'O', 'O', 'O', 'O', 'O', 'O', 'B-A1', 'I-A1', 'O', 'O', 'O', 'O', 'O', 'O', 'O', 'O', 'O', 'O', 'B-V', 'O', 'O', 'O', 'O']	['an', 'immunopurification', 'approach', 'has', 'been', 'used', 'to', 'demonstrate', 'that', 'some', 'of', 'the', '16', 'p', '.falciparum', 'that', 'composed', 'human', 'rna', 'pol', 'iii', 'are', 'able', 'to', 'be', '#modified', 'in', 'hela', 'cells', '.']
47	['O', 'O', 'O', 'O', 'O', 'O', 'O', 'O', 'O', 'O', 'O', 'O', 'O', 'O', 'O', 'O', 'O', 'B-A1', 'I-A1', 'I-A1', 'O', 'B-V', 'O', 'O', 'O', 'O']	['an', 'immunopurification', 'approach', 'has', 'been', 'used', 'to', 'demonstrate', 'that', 'human', 'rna', 'pol', 'iii', 'is', 'composed', 'of', '16', 'some', 'of', 'which', 'apparently', '#modified', 'in', 'hela', 'cells', '.']
48	['O', 'O', 'O', 'O', 'O', 'O', 'O', 'O', 'O', 'O', 'O', 'O', 'O', 'B-A1', 'I-A1', 'O', 'O', 'O', 'O', 'O', 'O', 'O', 'O', 'O', 'B-V', 'O', 'O', 'O', 'O']	['an', 'immunopurification', 'approach', 'has', 'been', 'used', 'to', 'demonstrate', 'that', 'some', 'of', 'the', '16', 'p', '.falciparum', 'that', 'composed', 'human', 'rna', 'pol', 'iii', 'may', 'be', 'apparently', '#modified', 'in', 'hela', 'cells', '.']
49	['B-A1', 'I-A1', 'O', 'O', 'O', 'B-V', 'O', 'B-A2', 'I-A2', 'O', 'O', 'O', 'O', 'O', 'O', 'O', 'O', 'O', 'O', 'O', 'B-A3', 'I-A3', 'I-A3', 'I-A3', 'I-A3', 'O']	['p', '.falciparum', 'has', 'been', 'notably', '#modified', 'genetically', 'by', 'transfection', '(crabb', 'and', 'cowman', ',', '1996;', 'crabb', 'et', 'al', '.', ',', '1997a)', 'to', 'disrupt', 'the', 'rap1', 'gene', '.']
50	['B-A1', 'I-A1', 'O', 'O', 'O', 'O', 'B-V', 'O', 'B-A2', 'I-A2', 'O', 'O', 'O', 'O', 'O', 'O', 'O', 'O', 'O', 'O', 'O', 'B-A3', 'I-A3', 'I-A3', 'I-A3', 'I-A3', 'O']	['p', '.falciparum', 'is', 'able', 'to', 'be', '#modified', 'genetically', 'by', 'transfection', '(crabb', 'and', 'cowman', ',', '1996;', 'crabb', 'et', 'al', '.', ',', '1997a)', 'to', 'disrupt', 'the', 'rap1', 'gene', '.']
51	['O', 'O', 'O', 'O', 'O', 'O', 'O', 'O', 'O', 'O', 'O', 'O', 'O', 'O', 'O', 'O', 'O', 'B-A1', 'I-A1', 'O', 'O', 'O', 'O', 'O', 'O', 'B-V', 'O', 'O', 'O', 'O']	['an', 'immunopurification', 'approach', 'has', 'been', 'used', 'to', 'demonstrate', 'that', 'human', 'rna', 'pol', 'iii', 'is', 'composed', 'of', '16', 'p', '.falciparum', ',', 'some', 'of', 'which', 'have', 'been', '#modified', 'in', 'hela', 'cells', '.']
52	['O', 'O', 'O', 'O', 'O', 'O', 'O', 'O', 'O', 'O', 'O', 'O', 'O', 'B-A1', 'I-A1', 'O', 'O', 'O', 'O', 'O', 'O', 'O', 'O', 'B-V', 'O', 'O', 'O', 'O']	['an', 'immunopurification', 'approach', 'has', 'been', 'used', 'to', 'demonstrate', 'that', 'some', 'of', 'the', '16', 'p', '.falciparum', 'that', 'composed', 'human', 'rna', 'pol', 'iii', 'have', 'been', '#modified', 'in', 'hela', 'cells', '.']
53	['O', 'O', 'O', 'O', 'O', 'O', 'O', 'O', 'O', 'O', 'O', 'O', 'O', 'B-A1', 'O', 'O', 'O', 'O', 'O', 'O', 'O', 'O', 'O', 'O', 'O', 'B-V', 'O', 'O', 'O', 'O']	['an', 'immunopurification', 'approach', 'has', 'been', 'used', 'to', 'demonstrate', 'that', 'some', 'of', 'the', '16', 'subunits', 'that', 'composed', 'human', 'rna', 'pol', 'iii', 'are', 'observed', 'to', 'be', 'apparently', '#modified', 'in', 'hela', 'cells', '.']
54	['O', 'O', 'O', 'O', 'O', 'O', 'O', 'O', 'O', 'O', 'O', 'O', 'O', 'B-A1', 'I-A1', 'O', 'O', 'O', 'O', 'O', 'O', 'O', 'O', 'O', 'B-V', 'O', 'O', 'O', 'O']	['an', 'immunopurification', 'approach', 'has', 'been', 'used', 'to', 'demonstrate', 'that', 'some', 'of', 'the', '16', 'hvdac', 'genes', 'that', 'composed', 'human', 'rna', 'pol', 'iii', 'have', 'been', 'apparently', '#modified', 'in', 'hela', 'cells', '.']
55	['O', 'O', 'O', 'O', 'O', 'O', 'O', 'O', 'O', 'O', 'O', 'O', 'O', 'B-A1', 'I-A1', 'O', 'O', 'O', 'O', 'O', 'O', 'O', 'O', 'O', 'B-V', 'O', 'O', 'O', 'O']	['an', 'immunopurification', 'approach', 'has', 'been', 'used', 'to', 'demonstrate', 'that', 'some', 'of', 'the', '16', 'hvdac', 'genes', 'that', 'composed', 'human', 'rna', 'pol', 'iii', 'can', 'be', 'apparently', '#modified', 'in', 'hela', 'cells', '.']
56	['O', 'O', 'O', 'O', 'O', 'O', 'O', 'O', 'O', 'O', 'O', 'O', 'O', 'O', 'O', 'O', 'O', 'B-A1', 'I-A1', 'O', 'O', 'O', 'O', 'O', 'O', 'O', 'O', 'B-V', 'O', 'O', 'O', 'O']	['an', 'immunopurification', 'approach', 'has', 'been', 'used', 'to', 'demonstrate', 'that', 'human', 'rna', 'pol', 'iii', 'is', 'composed', 'of', '16', 'p', '.falciparum', ',', 'some', 'of', 'which', 'are', 'able', 'to', 'be', '#modified', 'in', 'hela', 'cells', '.']
57	['O', 'O', 'O', 'O', 'O', 'O', 'O', 'O', 'O', 'O', 'O', 'O', 'O', 'B-A1', 'O', 'O', 'O', 'O', 'O', 'O', 'O', 'O', 'O', 'B-V', 'O', 'O', 'O', 'O']	['an', 'immunopurification', 'approach', 'has', 'been', 'used', 'to', 'demonstrate', 'that', 'some', 'of', 'the', '16', 'subunits', 'that', 'composed', 'human', 'rna', 'pol', 'iii', 'might', 'have', 'been', '#modified', 'in', 'hela', 'cells', '.']
58	['O', 'O', 'O', 'O', 'O', 'O', 'O', 'O', 'O', 'O', 'O', 'O', 'O', 'O', 'O', 'O', 'O', 'B-A1', 'I-A1', 'I-A1', 'O', 'O', 'I-A1', 'O', 'O', 'O', 'O', 'B-V', 'O', 'O', 'O', 'O']	['an', 'immunopurification', 'approach', 'has', 'been', 'used', 'to', 'demonstrate', 'that', 'human', 'rna', 'pol', 'iii', 'is', 'composed', 'of', '16', 'some', 'of', 'which', ',', 'some', 'of', 'which', 'can', 'be', 'apparently', '#modified', 'in', 'hela', 'cells', '.']
59	['O', 'O', 'O', 'O', 'O', 'O', 'O', 'O', 'O', 'B-A1', 'O', 'O', 'O', 'O', 'I-A1', 'I-A1', 'O', 'O', 'O', 'O', 'O', 'O', 'O', 'O', 'B-V', 'O', 'O', 'O', 'O']	['an', 'immunopurification', 'approach', 'has', 'been', 'used', 'to', 'demonstrate', 'that', 'some', 'of', 'the', '16', 'some', 'of', 'which', 'that', 'composed', 'human', 'rna', 'pol', 'iii', 'have', 'been', '#modified', 'in', 'hela', 'cells', '.']
60	['O', 'O', 'O', 'O', 'O', 'O', 'O', 'O', 'O', 'O', 'O', 'O', 'O', 'O', 'O', 'O', 'O', 'B-A1', 'I-A1', 'I-A1', 'O', 'O', 'I-A1', 'O', 'O', 'O', 'O', 'O', 'B-V', 'O', 'O', 'O', 'O']	['an', 'immunopurification', 'approach', 'has', 'been', 'used', 'to', 'demonstrate', 'that', 'human', 'rna', 'pol', 'iii', 'is', 'composed', 'of', '16', 'some', 'of', 'which', ',', 'some', 'of', 'which', 'are', 'able', 'to', 'be', '#modified', 'in', 'hela', 'cells', '.']
61	['O', 'O', 'O', 'O', 'O', 'O', 'O', 'O', 'O', 'O', 'O', 'O', 'O', 'B-A1', 'I-A1', 'O', 'O', 'O', 'O', 'O', 'O', 'O', 'O', 'B-V', 'O', 'O', 'O', 'O']	['an', 'immunopurification', 'approach', 'has', 'been', 'used', 'to', 'demonstrate', 'that', 'some', 'of', 'the', '16', 'hvdac', 'genes', 'that', 'composed', 'human', 'rna', 'pol', 'iii', 'were', 'apparently', '#modified', 'in', 'hela', 'cells', '.']
62	['O', 'O', 'O', 'O', 'O', 'O', 'O', 'O', 'O', 'O', 'O', 'O', 'O', 'B-A1', 'I-A1', 'O', 'O', 'O', 'O', 'O', 'O', 'O', 'O', 'O', 'B-V', 'O', 'O', 'O', 'O']	['an', 'immunopurification', 'approach', 'has', 'been', 'used', 'to', 'demonstrate', 'that', 'some', 'of', 'the', '16', 'hvdac', 'genes', 'that', 'composed', 'human', 'rna', 'pol', 'iii', 'may', 'be', 'apparently', '#modified', 'in', 'hela', 'cells', '.']
63	['O', 'O', 'O', 'O', 'O', 'O', 'O', 'O', 'O', 'O', 'O', 'O', 'O', 'B-A1', 'I-A1', 'O', 'O', 'O', 'O', 'O', 'O', 'O', 'O', 'O', 'O', 'O', 'B-V', 'O', 'O', 'O', 'O']	['an', 'immunopurification', 'approach', 'has', 'been', 'used', 'to', 'demonstrate', 'that', 'some', 'of', 'the', '16', 'p', '.falciparum', 'that', 'composed', 'human', 'rna', 'pol', 'iii', 'are', 'able', 'to', 'be', 'apparently', '#modified', 'in', 'hela', 'cells', '.']
64	['O', 'O', 'O', 'O', 'O', 'O', 'O', 'O', 'O', 'O', 'O', 'O', 'O', 'B-A1', 'I-A1', 'O', 'O', 'O', 'O', 'O', 'O', 'O', 'O', 'O', 'O', 'B-V', 'O', 'O', 'O', 'O']	['an', 'immunopurification', 'approach', 'has', 'been', 'used', 'to', 'demonstrate', 'that', 'some', 'of', 'the', '16', 'p', '.falciparum', 'that', 'composed', 'human', 'rna', 'pol', 'iii', 'might', 'have', 'been', 'apparently', '#modified', 'in', 'hela', 'cells', '.']
65	['O', 'O', 'O', 'O', 'O', 'O', 'O', 'O', 'O', 'O', 'O', 'O', 'O', 'O', 'O', 'O', 'O', 'B-A1', 'I-A1', 'B-V', 'O', 'O', 'O', 'O']	['an', 'immunopurification', 'approach', 'has', 'been', 'used', 'to', 'demonstrate', 'that', 'human', 'rna', 'pol', 'iii', 'is', 'composed', 'of', '16', 'hvdac', 'genes', '#modified', 'in', 'hela', 'cells', '.']
66	['B-A1', 'I-A1', 'O', 'O', 'O', 'O', 'B-V', 'O', 'B-A2', 'I-A2', 'O', 'O', 'O', 'O', 'O', 'O', 'O', 'O', 'O', 'O', 'O', 'B-A3', 'I-A3', 'I-A3', 'I-A3', 'I-A3', 'O']	['p', '.falciparum', 'is', 'observed', 'to', 'be', '#modified', 'genetically', 'by', 'transfection', '(crabb', 'and', 'cowman', ',', '1996;', 'crabb', 'et', 'al', '.', ',', '1997a)', 'to', 'disrupt', 'the', 'rap1', 'gene', '.']
67	['B-A1', 'I-A1', 'O', 'O', 'O', 'O', 'O', 'B-V', 'O', 'B-A2', 'I-A2', 'O', 'O', 'O', 'O', 'O', 'O', 'O', 'O', 'O', 'O', 'O', 'B-A3', 'I-A3', 'I-A3', 'I-A3', 'I-A3', 'O']	['p', '.falciparum', 'has', 'the', 'probability', 'of', 'being', '#modified', 'genetically', 'by', 'transfection', '(crabb', 'and', 'cowman', ',', '1996;', 'crabb', 'et', 'al', '.', ',', '1997a)', 'to', 'disrupt', 'the', 'rap1', 'gene', '.']
68	['O', 'O', 'O', 'O', 'O', 'O', 'O', 'O', 'O', 'O', 'O', 'O', 'O', 'O', 'O', 'O', 'O', 'B-A1', 'I-A1', 'O', 'O', 'O', 'O', 'O', 'O', 'O', 'O', 'O', 'B-V', 'O', 'O', 'O', 'O']	['an', 'immunopurification', 'approach', 'has', 'been', 'used', 'to', 'demonstrate', 'that', 'human', 'rna', 'pol', 'iii', 'is', 'composed', 'of', '16', 'p', '.falciparum', ',', 'some', 'of', 'which', 'are', 'able', 'to', 'be', 'apparently', '#modified', 'in', 'hela', 'cells', '.']
69	['B-A1', 'I-A1', 'O', 'O', 'B-V', 'O', 'B-A2', 'I-A2', 'O', 'O', 'O', 'O', 'O', 'O', 'O', 'O', 'O', 'O', 'O', 'B-A3', 'I-A3', 'I-A3', 'I-A3', 'I-A3', 'O']	['p', '.falciparum', 'will', 'be', '#modified', 'genetically', 'by', 'transfection', '(crabb', 'and', 'cowman', ',', '1996;', 'crabb', 'et', 'al', '.', ',', '1997a)', 'to', 'disrupt', 'the', 'rap1', 'gene', '.']
70	['O', 'O', 'O', 'O', 'O', 'O', 'O', 'O', 'O', 'O', 'O', 'O', 'O', 'O', 'O', 'O', 'O', 'B-A1', 'I-A1', 'I-A1', 'O', 'O', 'I-A1', 'O', 'O', 'O', 'O', 'B-V', 'O', 'O', 'O', 'O']	['an', 'immunopurification', 'approach', 'has', 'been', 'used', 'to', 'demonstrate', 'that', 'human', 'rna', 'pol', 'iii', 'is', 'composed', 'of', '16', 'some', 'of', 'which', ',', 'some', 'of', 'which', 'will', 'be', 'apparently', '#modified', 'in', 'hela', 'cells', '.']
71	['O', 'O', 'O', 'O', 'O', 'O', 'O', 'O', 'O', 'O', 'O', 'O', 'O', 'O', 'O', 'O', 'O', 'B-A1', 'I-A1', 'O', 'O', 'O', 'O', 'O', 'O', 'O', 'O', 'O', 'O', 'B-V', 'O', 'O', 'O', 'O']	['an', 'immunopurification', 'approach', 'has', 'been', 'used', 'to', 'demonstrate', 'that', 'human', 'rna', 'pol', 'iii', 'is', 'composed', 'of', '16', 'hvdac', 'genes', ',', 'some', 'of', 'which', 'have', 'the', 'ability', 'to', 'be', 'apparently', '#modified', 'in', 'hela', 'cells', '.']
72	['O', 'O', 'O', 'O', 'O', 'O', 'O', 'O', 'O', 'B-A1', 'I-A1', 'O', 'O', 'O', 'B-V', 'O', 'O', 'O', 'O', 'O', 'O', 'O', 'O', 'O', 'O', 'O', 'O', 'O', 'O', 'O', 'O']	['to', 'define', 'the', 'subcellular', 'location', 'of', 'hvdac', 'isoforms', ',', 'hvdac', 'genes', 'might', 'have', 'been', '#modified', 'so', 'that', 'the', 'encoded', 'proteins', 'contain', 'cooh-terminal', 'epitopes', 'recognized', 'by', 'either', 'of', 'two', 'monoclonal', 'antibodies', '.']
73	['O', 'O', 'O', 'O', 'O', 'O', 'O', 'O', 'O', 'O', 'O', 'O', 'O', 'O', 'O', 'O', 'O', 'B-A1', 'O', 'O', 'O', 'O', 'O', 'O', 'O', 'B-V', 'O', 'O', 'O', 'O']	['an', 'immunopurification', 'approach', 'has', 'been', 'used', 'to', 'demonstrate', 'that', 'human', 'rna', 'pol', 'iii', 'is', 'composed', 'of', '16', 'subunits', ',', 'some', 'of', 'which', 'may', 'be', 'apparently', '#modified', 'in', 'hela', 'cells', '.']
74	['O', 'O', 'O', 'O', 'O', 'O', 'O', 'O', 'O', 'O', 'O', 'O', 'O', 'O', 'O', 'O', 'O', 'B-A1', 'O', 'O', 'O', 'O', 'O', 'O', 'B-V', 'O', 'O', 'O', 'O']	['an', 'immunopurification', 'approach', 'has', 'been', 'used', 'to', 'demonstrate', 'that', 'human', 'rna', 'pol', 'iii', 'is', 'composed', 'of', '16', 'subunits', ',', 'some', 'of', 'which', 'may', 'be', '#modified', 'in', 'hela', 'cells', '.']
75	['O', 'O', 'O', 'O', 'O', 'O', 'O', 'O', 'O', 'B-A1', 'O', 'O', 'O', 'O', 'I-A1', 'I-A1', 'O', 'O', 'O', 'O', 'O', 'O', 'O', 'B-V', 'O', 'O', 'O', 'O']	['an', 'immunopurification', 'approach', 'has', 'been', 'used', 'to', 'demonstrate', 'that', 'some', 'of', 'the', '16', 'some', 'of', 'which', 'that', 'composed', 'human', 'rna', 'pol', 'iii', 'are', '#modified', 'in', 'hela', 'cells', '.']
76	['O', 'O', 'O', 'O', 'O', 'O', 'O', 'O', 'O', 'O', 'O', 'O', 'O', 'B-A1', 'I-A1', 'O', 'O', 'O', 'O', 'O', 'O', 'O', 'O', 'O', 'O', 'O', 'O', 'B-V', 'O', 'O', 'O', 'O']	['an', 'immunopurification', 'approach', 'has', 'been', 'used', 'to', 'demonstrate', 'that', 'some', 'of', 'the', '16', 'hvdac', 'genes', 'that', 'composed', 'human', 'rna', 'pol', 'iii', 'have', 'the', 'ability', 'to', 'be', 'apparently', '#modified', 'in', 'hela', 'cells', '.']
77	['O', 'O', 'O', 'O', 'O', 'O', 'O', 'O', 'O', 'O', 'O', 'O', 'O', 'O', 'O', 'O', 'O', 'B-A1', 'I-A1', 'O', 'O', 'O', 'O', 'O', 'O', 'B-V', 'O', 'O', 'O', 'O']	['an', 'immunopurification', 'approach', 'has', 'been', 'used', 'to', 'demonstrate', 'that', 'human', 'rna', 'pol', 'iii', 'is', 'composed', 'of', '16', 'p', '.falciparum', ',', 'some', 'of', 'which', 'may', 'be', '#modified', 'in', 'hela', 'cells', '.']
78	['O', 'O', 'O', 'O', 'O', 'O', 'O', 'O', 'O', 'B-A1', 'I-A1', 'O', 'O', 'B-V', 'O', 'O', 'O', 'O', 'O', 'O', 'O', 'O', 'O', 'O', 'O', 'O', 'O', 'O', 'O', 'O']	['to', 'define', 'the', 'subcellular', 'location', 'of', 'hvdac', 'isoforms', ',', 'hvdac', 'genes', 'have', 'been', '#modified', 'so', 'that', 'the', 'encoded', 'proteins', 'contain', 'cooh-terminal', 'epitopes', 'recognized', 'by', 'either', 'of', 'two', 'monoclonal', 'antibodies', '.']
79	['B-A1', 'I-A1', 'O', 'O', 'O', 'O', 'O', 'B-V', 'O', 'B-A2', 'I-A2', 'O', 'O', 'O', 'O', 'O', 'O', 'O', 'O', 'O', 'O', 'O', 'B-A3', 'I-A3', 'I-A3', 'I-A3', 'I-A3', 'O']	['p', '.falciparum', 'was', 'observed', 'to', 'be', 'notably', '#modified', 'genetically', 'by', 'transfection', '(crabb', 'and', 'cowman', ',', '1996;', 'crabb', 'et', 'al', '.', ',', '1997a)', 'to', 'disrupt', 'the', 'rap1', 'gene', '.']
80	['B-A1', 'I-A1', 'O', 'O', 'O', 'B-V', 'O', 'B-A2', 'I-A2', 'O', 'O', 'O', 'O', 'O', 'O', 'O', 'O', 'O', 'O', 'O', 'B-A3', 'I-A3', 'I-A3', 'I-A3', 'I-A3', 'O']	['p', '.falciparum', 'might', 'be', 'notably', '#modified', 'genetically', 'by', 'transfection', '(crabb', 'and', 'cowman', ',', '1996;', 'crabb', 'et', 'al', '.', ',', '1997a)', 'to', 'disrupt', 'the', 'rap1', 'gene', '.']
81	['O', 'O', 'O', 'O', 'O', 'O', 'O', 'O', 'O', 'O', 'O', 'O', 'O', 'O', 'O', 'O', 'O', 'B-A1', 'I-A1', 'O', 'O', 'O', 'O', 'O', 'O', 'B-V', 'O', 'O', 'O', 'O']	['an', 'immunopurification', 'approach', 'has', 'been', 'used', 'to', 'demonstrate', 'that', 'human', 'rna', 'pol', 'iii', 'is', 'composed', 'of', '16', 'p', '.falciparum', ',', 'some', 'of', 'which', 'were', 'apparently', '#modified', 'in', 'hela', 'cells', '.']
82	['O', 'O', 'O', 'O', 'O', 'O', 'O', 'O', 'O', 'B-A1', 'O', 'O', 'O', 'O', 'I-A1', 'I-A1', 'O', 'O', 'O', 'O', 'O', 'O', 'O', 'O', 'B-V', 'O', 'O', 'O', 'O']	['an', 'immunopurification', 'approach', 'has', 'been', 'used', 'to', 'demonstrate', 'that', 'some', 'of', 'the', '16', 'some', 'of', 'which', 'that', 'composed', 'human', 'rna', 'pol', 'iii', 'may', 'be', '#modified', 'in', 'hela', 'cells', '.']
83	['O', 'O', 'O', 'O', 'O', 'O', 'O', 'O', 'O', 'O', 'O', 'O', 'O', 'O', 'O', 'O', 'O', 'B-A1', 'B-V', 'O', 'O', 'O', 'O']	['an', 'immunopurification', 'approach', 'has', 'been', 'used', 'to', 'demonstrate', 'that', 'human', 'rna', 'pol', 'iii', 'is', 'composed', 'of', '16', 'subunits', '#modified', 'in', 'hela', 'cells', '.']
84	['O', 'O', 'O', 'O', 'O', 'O', 'O', 'O', 'O', 'O', 'O', 'O', 'O', 'O', 'O', 'O', 'O', 'B-A1', 'O', 'O', 'O', 'O', 'O', 'O', 'B-V', 'O', 'O', 'O', 'O']	['an', 'immunopurification', 'approach', 'has', 'been', 'used', 'to', 'demonstrate', 'that', 'human', 'rna', 'pol', 'iii', 'is', 'composed', 'of', '16', 'subunits', ',', 'some', 'of', 'which', 'will', 'be', '#modified', 'in', 'hela', 'cells', '.']
85	['O', 'O', 'O', 'O', 'O', 'O', 'O', 'O', 'O', 'O', 'O', 'O', 'O', 'O', 'O', 'O', 'O', 'B-A1', 'I-A1', 'O', 'O', 'O', 'O', 'O', 'O', 'B-V', 'O', 'O', 'O', 'O']	['an', 'immunopurification', 'approach', 'has', 'been', 'used', 'to', 'demonstrate', 'that', 'human', 'rna', 'pol', 'iii', 'is', 'composed', 'of', '16', 'p', '.falciparum', ',', 'some', 'of', 'which', 'will', 'be', '#modified', 'in', 'hela', 'cells', '.']
86	['O', 'O', 'O', 'O', 'O', 'O', 'O', 'O', 'O', 'O', 'O', 'O', 'O', 'B-A1', 'I-A1', 'O', 'O', 'O', 'O', 'O', 'O', 'O', 'O', 'O', 'B-V', 'O', 'O', 'O', 'O']	['an', 'immunopurification', 'approach', 'has', 'been', 'used', 'to', 'demonstrate', 'that', 'some', 'of', 'the', '16', 'p', '.falciparum', 'that', 'composed', 'human', 'rna', 'pol', 'iii', 'have', 'been', 'apparently', '#modified', 'in', 'hela', 'cells', '.']
87	['O', 'O', 'O', 'O', 'O', 'O', 'O', 'O', 'O', 'O', 'O', 'O', 'O', 'B-A1', 'O', 'O', 'O', 'O', 'O', 'O', 'O', 'O', 'O', 'O', 'O', 'B-V', 'O', 'O', 'O', 'O']	['an', 'immunopurification', 'approach', 'has', 'been', 'used', 'to', 'demonstrate', 'that', 'some', 'of', 'the', '16', 'subunits', 'that', 'composed', 'human', 'rna', 'pol', 'iii', 'are', 'able', 'to', 'be', 'apparently', '#modified', 'in', 'hela', 'cells', '.']
88	['O', 'O', 'O', 'O', 'O', 'O', 'O', 'O', 'O', 'B-A1', 'I-A1', 'O', 'O', 'B-V', 'O', 'O', 'O', 'O', 'O', 'O', 'O', 'O', 'O', 'O', 'O', 'O', 'O', 'O', 'O', 'O']	['to', 'define', 'the', 'subcellular', 'location', 'of', 'hvdac', 'isoforms', ',', 'hvdac', 'genes', 'may', 'be', '#modified', 'so', 'that', 'the', 'encoded', 'proteins', 'contain', 'cooh-terminal', 'epitopes', 'recognized', 'by', 'either', 'of', 'two', 'monoclonal', 'antibodies', '.']
89	['O', 'O', 'O', 'O', 'O', 'O', 'O', 'O', 'O', 'O', 'O', 'O', 'O', 'O', 'O', 'O', 'O', 'B-A1', 'I-A1', 'I-A1', 'O', 'O', 'I-A1', 'O', 'O', 'O', 'B-V', 'O', 'O', 'O', 'O']	['an', 'immunopurification', 'approach', 'has', 'been', 'used', 'to', 'demonstrate', 'that', 'human', 'rna', 'pol', 'iii', 'is', 'composed', 'of', '16', 'some', 'of', 'which', ',', 'some', 'of', 'which', 'were', 'apparently', '#modified', 'in', 'hela', 'cells', '.']
90	['O', 'O', 'O', 'O', 'O', 'O', 'O', 'O', 'O', 'O', 'O', 'O', 'O', 'O', 'O', 'O', 'O', 'B-A1', 'O', 'O', 'O', 'O', 'O', 'B-V', 'O', 'O', 'O', 'O']	['an', 'immunopurification', 'approach', 'has', 'been', 'used', 'to', 'demonstrate', 'that', 'human', 'rna', 'pol', 'iii', 'is', 'composed', 'of', '16', 'subunits', ',', 'some', 'of', 'which', 'were', '#modified', 'in', 'hela', 'cells', '.']
91	['O', 'O', 'O', 'O', 'O', 'O', 'O', 'O', 'O', 'O', 'O', 'O', 'O', 'O', 'O', 'O', 'O', 'B-A1', 'I-A1', 'O', 'O', 'O', 'O', 'O', 'O', 'O', 'O', 'B-V', 'O', 'O', 'O', 'O']	['an', 'immunopurification', 'approach', 'has', 'been', 'used', 'to', 'demonstrate', 'that', 'human', 'rna', 'pol', 'iii', 'is', 'composed', 'of', '16', 'hvdac', 'genes', ',', 'some', 'of', 'which', 'are', 'observed', 'to', 'be', '#modified', 'in', 'hela', 'cells', '.']
92	['O', 'O', 'O', 'O', 'O', 'O', 'O', 'O', 'O', 'O', 'O', 'O', 'O', 'B-A1', 'O', 'O', 'O', 'O', 'O', 'O', 'O', 'O', 'B-V', 'O', 'O', 'O', 'O']	['an', 'immunopurification', 'approach', 'has', 'been', 'used', 'to', 'demonstrate', 'that', 'some', 'of', 'the', '16', 'subunits', 'that', 'composed', 'human', 'rna', 'pol', 'iii', 'have', 'been', '#modified', 'in', 'hela', 'cells', '.']
93	['O', 'O', 'O', 'O', 'O', 'O', 'O', 'O', 'O', 'O', 'O', 'O', 'O', 'B-A1', 'I-A1', 'O', 'O', 'O', 'O', 'O', 'O', 'O', 'O', 'O', 'O', 'B-V', 'O', 'O', 'O', 'O']	['an', 'immunopurification', 'approach', 'has', 'been', 'used', 'to', 'demonstrate', 'that', 'some', 'of', 'the', '16', 'hvdac', 'genes', 'that', 'composed', 'human', 'rna', 'pol', 'iii', 'might', 'have', 'been', 'apparently', '#modified', 'in', 'hela', 'cells', '.']
94	['O', 'O', 'O', 'O', 'O', 'O', 'O', 'O', 'O', 'O', 'O', 'O', 'O', 'B-A1', 'I-A1', 'O', 'O', 'O', 'O', 'O', 'O', 'O', 'O', 'B-V', 'O', 'O', 'O', 'O']	['an', 'immunopurification', 'approach', 'has', 'been', 'used', 'to', 'demonstrate', 'that', 'some', 'of', 'the', '16', 'p', '.falciparum', 'that', 'composed', 'human', 'rna', 'pol', 'iii', 'can', 'be', '#modified', 'in', 'hela', 'cells', '.']
95	['O', 'O', 'O', 'O', 'O', 'O', 'O', 'O', 'O', 'O', 'O', 'O', 'O', 'B-A1', 'O', 'O', 'O', 'O', 'O', 'O', 'O', 'O', 'O', 'O', 'O', 'B-V', 'O', 'O', 'O', 'O']	['an', 'immunopurification', 'approach', 'has', 'been', 'used', 'to', 'demonstrate', 'that', 'some', 'of', 'the', '16', 'subunits', 'that', 'composed', 'human', 'rna', 'pol', 'iii', 'have', 'the', 'ability', 'to', 'be', '#modified', 'in', 'hela', 'cells', '.']
96	['O', 'O', 'O', 'O', 'O', 'O', 'O', 'O', 'O', 'B-A1', 'O', 'O', 'O', 'O', 'I-A1', 'I-A1', 'O', 'O', 'O', 'O', 'O', 'O', 'O', 'O', 'O', 'B-V', 'O', 'O', 'O', 'O']	['an', 'immunopurification', 'approach', 'has', 'been', 'used', 'to', 'demonstrate', 'that', 'some', 'of', 'the', '16', 'some', 'of', 'which', 'that', 'composed', 'human', 'rna', 'pol', 'iii', 'will', 'be', 'apparently', '#modified', 'in', 'hela', 'cells', '.']
97	['O', 'O', 'O', 'O', 'O', 'O', 'O', 'O', 'O', 'O', 'O', 'O', 'O', 'O', 'O', 'O', 'O', 'B-A1', 'I-A1', 'O', 'O', 'O', 'O', 'O', 'O', 'O', 'B-V', 'O', 'O', 'O', 'O']	['an', 'immunopurification', 'approach', 'has', 'been', 'used', 'to', 'demonstrate', 'that', 'human', 'rna', 'pol', 'iii', 'is', 'composed', 'of', '16', 'p', '.falciparum', ',', 'some', 'of', 'which', 'will', 'be', 'apparently', '#modified', 'in', 'hela', 'cells', '.']
98	['O', 'O', 'O', 'O', 'O', 'O', 'O', 'O', 'O', 'O', 'O', 'O', 'O', 'O', 'O', 'O', 'O', 'B-A1', 'O', 'O', 'O', 'O', 'O', 'O', 'O', 'O', 'O', 'O', 'B-V', 'O', 'O', 'O', 'O']	['an', 'immunopurification', 'approach', 'has', 'been', 'used', 'to', 'demonstrate', 'that', 'human', 'rna', 'pol', 'iii', 'is', 'composed', 'of', '16', 'subunits', ',', 'some', 'of', 'which', 'have', 'the', 'ability', 'to', 'be', 'apparently', '#modified', 'in', 'hela', 'cells', '.']
99	['O', 'O', 'O', 'O', 'O', 'O', 'O', 'O', 'O', 'O', 'O', 'O', 'O', 'B-A1', 'O', 'O', 'O', 'O', 'O', 'O', 'O', 'O', 'O', 'O', 'B-V', 'O', 'O', 'O', 'O']	['an', 'immunopurification', 'approach', 'has', 'been', 'used', 'to', 'demonstrate', 'that', 'some', 'of', 'the', '16', 'subunits', 'that', 'composed', 'human', 'rna', 'pol', 'iii', 'might', 'have', 'been', 'apparently', '#modified', 'in', 'hela', 'cells', '.']
100	['O', 'O', 'O', 'O', 'O', 'O', 'O', 'O', 'O', 'O', 'O', 'O', 'O', 'O', 'O', 'O', 'O', 'B-A1', 'I-A1', 'O', 'O', 'O', 'O', 'O', 'O', 'O', 'O', 'B-V', 'O', 'O', 'O', 'O']	['an', 'immunopurification', 'approach', 'has', 'been', 'used', 'to', 'demonstrate', 'that', 'human', 'rna', 'pol', 'iii', 'is', 'composed', 'of', '16', 'hvdac', 'genes', ',', 'some', 'of', 'which', 'are', 'able', 'to', 'be', '#modified', 'in', 'hela', 'cells', '.']
101	['O', 'O', 'O', 'O', 'O', 'O', 'O', 'O', 'O', 'O', 'O', 'O', 'O', 'O', 'O', 'O', 'O', 'B-A1', 'I-A1', 'O', 'O', 'O', 'O', 'O', 'O', 'B-V', 'O', 'O', 'O', 'O']	['an', 'immunopurification', 'approach', 'has', 'been', 'used', 'to', 'demonstrate', 'that', 'human', 'rna', 'pol', 'iii', 'is', 'composed', 'of', '16', 'hvdac', 'genes', ',', 'some', 'of', 'which', 'may', 'be', '#modified', 'in', 'hela', 'cells', '.']
102	['O', 'O', 'O', 'O', 'O', 'O', 'O', 'O', 'O', 'O', 'O', 'O', 'O', 'B-A1', 'I-A1', 'O', 'O', 'O', 'O', 'O', 'O', 'O', 'O', 'O', 'O', 'O', 'B-V', 'O', 'O', 'O', 'O']	['an', 'immunopurification', 'approach', 'has', 'been', 'used', 'to', 'demonstrate', 'that', 'some', 'of', 'the', '16', 'p', '.falciparum', 'that', 'composed', 'human', 'rna', 'pol', 'iii', 'have', 'the', 'ability', 'to', 'be', '#modified', 'in', 'hela', 'cells', '.']
103	['O', 'O', 'O', 'O', 'O', 'O', 'O', 'O', 'O', 'O', 'O', 'O', 'O', 'O', 'O', 'O', 'O', 'B-A1', 'I-A1', 'I-A1', 'O', 'O', 'I-A1', 'O', 'O', 'O', 'O', 'O', 'B-V', 'O', 'O', 'O', 'O']	['an', 'immunopurification', 'approach', 'has', 'been', 'used', 'to', 'demonstrate', 'that', 'human', 'rna', 'pol', 'iii', 'is', 'composed', 'of', '16', 'some', 'of', 'which', ',', 'some', 'of', 'which', 'might', 'have', 'been', 'apparently', '#modified', 'in', 'hela', 'cells', '.']
104	['O', 'O', 'O', 'O', 'O', 'O', 'O', 'O', 'O', 'B-A1', 'O', 'O', 'O', 'O', 'I-A1', 'I-A1', 'O', 'O', 'O', 'O', 'O', 'O', 'O', 'O', 'O', 'B-V', 'O', 'O', 'O', 'O']	['an', 'immunopurification', 'approach', 'has', 'been', 'used', 'to', 'demonstrate', 'that', 'some', 'of', 'the', '16', 'some', 'of', 'which', 'that', 'composed', 'human', 'rna', 'pol', 'iii', 'might', 'have', 'been', '#modified', 'in', 'hela', 'cells', '.']
105	['O', 'O', 'O', 'O', 'O', 'O', 'O', 'O', 'O', 'O', 'O', 'O', 'O', 'O', 'O', 'O', 'O', 'B-A1', 'O', 'O', 'O', 'O', 'O', 'O', 'O', 'O', 'O', 'B-V', 'O', 'O', 'O', 'O']	['an', 'immunopurification', 'approach', 'has', 'been', 'used', 'to', 'demonstrate', 'that', 'human', 'rna', 'pol', 'iii', 'is', 'composed', 'of', '16', 'subunits', ',', 'some', 'of', 'which', 'are', 'able', 'to', 'be', 'apparently', '#modified', 'in', 'hela', 'cells', '.']
106	['O', 'O', 'O', 'O', 'O', 'O', 'O', 'O', 'O', 'O', 'O', 'O', 'O', 'O', 'O', 'O', 'O', 'B-A1', 'I-A1', 'O', 'O', 'O', 'O', 'O', 'O', 'O', 'O', 'O', 'B-V', 'O', 'O', 'O', 'O']	['an', 'immunopurification', 'approach', 'has', 'been', 'used', 'to', 'demonstrate', 'that', 'human', 'rna', 'pol', 'iii', 'is', 'composed', 'of', '16', 'hvdac', 'genes', ',', 'some', 'of', 'which', 'are', 'observed', 'to', 'be', 'apparently', '#modified', 'in', 'hela', 'cells', '.']
107	['O', 'O', 'O', 'O', 'O', 'O', 'O', 'O', 'O', 'O', 'O', 'O', 'O', 'B-A1', 'O', 'O', 'O', 'O', 'O', 'O', 'O', 'B-V', 'O', 'O', 'O', 'O']	['an', 'immunopurification', 'approach', 'has', 'been', 'used', 'to', 'demonstrate', 'that', 'some', 'of', 'the', '16', 'subunits', 'that', 'composed', 'human', 'rna', 'pol', 'iii', 'are', '#modified', 'in', 'hela', 'cells', '.']
108	['O', 'O', 'O', 'O', 'O', 'O', 'O', 'O', 'O', 'B-A1', 'I-A1', 'O', 'O', 'O', 'O', 'O', 'B-V', 'O', 'O', 'O', 'O', 'O', 'O', 'O', 'O', 'O', 'O', 'O', 'O', 'O', 'O', 'O', 'O']	['to', 'define', 'the', 'subcellular', 'location', 'of', 'hvdac', 'isoforms', ',', 'hvdac', 'genes', 'are', 'able', 'to', 'be', 'remarkably', '#modified', 'so', 'that', 'the', 'encoded', 'proteins', 'contain', 'cooh-terminal', 'epitopes', 'recognized', 'by', 'either', 'of', 'two', 'monoclonal', 'antibodies', '.']
109	['O', 'O', 'O', 'O', 'O', 'O', 'O', 'O', 'O', 'O', 'O', 'O', 'O', 'O', 'O', 'O', 'O', 'B-A1', 'O', 'O', 'B-V', 'O', 'O', 'O', 'O']	['an', 'immunopurification', 'approach', 'has', 'been', 'used', 'to', 'demonstrate', 'that', 'human', 'rna', 'pol', 'iii', 'is', 'composed', 'of', '16', 'subunits', 'being', 'apparently', '#modified', 'in', 'hela', 'cells', '.']
110	['O', 'O', 'O', 'O', 'O', 'O', 'O', 'O', 'O', 'B-A1', 'I-A1', 'O', 'O', 'B-V', 'O', 'O', 'O', 'O', 'O', 'O', 'O', 'O', 'O', 'O', 'O', 'O', 'O', 'O', 'O', 'O']	['to', 'define', 'the', 'subcellular', 'location', 'of', 'hvdac', 'isoforms', ',', 'hvdac', 'genes', 'are', 'remarkably', '#modified', 'so', 'that', 'the', 'encoded', 'proteins', 'contain', 'cooh-terminal', 'epitopes', 'recognized', 'by', 'either', 'of', 'two', 'monoclonal', 'antibodies', '.']
111	['O', 'O', 'O', 'O', 'O', 'O', 'O', 'O', 'O', 'B-A1', 'I-A1', 'O', 'O', 'O', 'O', 'O', 'B-V', 'O', 'O', 'O', 'O', 'O', 'O', 'O', 'O', 'O', 'O', 'O', 'O', 'O', 'O', 'O', 'O']	['to', 'define', 'the', 'subcellular', 'location', 'of', 'hvdac', 'isoforms', ',', 'hvdac', 'genes', 'are', 'observed', 'to', 'be', 'remarkably', '#modified', 'so', 'that', 'the', 'encoded', 'proteins', 'contain', 'cooh-terminal', 'epitopes', 'recognized', 'by', 'either', 'of', 'two', 'monoclonal', 'antibodies', '.']
112	['O', 'O', 'O', 'O', 'O', 'O', 'O', 'O', 'O', 'O', 'O', 'O', 'O', 'O', 'O', 'O', 'O', 'B-A1', 'I-A1', 'O', 'O', 'O', 'O', 'O', 'O', 'O', 'B-V', 'O', 'O', 'O', 'O']	['an', 'immunopurification', 'approach', 'has', 'been', 'used', 'to', 'demonstrate', 'that', 'human', 'rna', 'pol', 'iii', 'is', 'composed', 'of', '16', 'hvdac', 'genes', ',', 'some', 'of', 'which', 'may', 'be', 'apparently', '#modified', 'in', 'hela', 'cells', '.']
113	['O', 'O', 'O', 'O', 'O', 'O', 'O', 'O', 'O', 'O', 'O', 'O', 'O', 'O', 'O', 'O', 'O', 'B-A1', 'I-A1', 'O', 'B-V', 'O', 'O', 'O', 'O']	['an', 'immunopurification', 'approach', 'has', 'been', 'used', 'to', 'demonstrate', 'that', 'human', 'rna', 'pol', 'iii', 'is', 'composed', 'of', '16', 'p', '.falciparum', 'being', '#modified', 'in', 'hela', 'cells', '.']
114	['B-A1', 'I-A1', 'O', 'B-V', 'O', 'B-A2', 'I-A2', 'O', 'O', 'O', 'O', 'O', 'O', 'O', 'O', 'O', 'O', 'O', 'B-A3', 'I-A3', 'I-A3', 'I-A3', 'I-A3', 'O']	['p', '.falciparum', 'is', '#modified', 'genetically', 'by', 'transfection', '(crabb', 'and', 'cowman', ',', '1996;', 'crabb', 'et', 'al', '.', ',', '1997a)', 'to', 'disrupt', 'the', 'rap1', 'gene', '.']
115	['O', 'O', 'O', 'O', 'O', 'O', 'O', 'B-A0', 'O', 'B-A1', 'O', 'O', 'O', 'O', 'O', 'O', 'O', 'O', 'O', 'O', 'O', 'O', 'O', 'B-A0', 'O', 'O', 'B-V', 'O', 'O', 'O', 'O', 'O', 'B-A1', 'O', 'O', 'O', 'O', 'B-A3', 'I-A3', 'I-A3', 'I-A3', 'I-A3', 'I-A3', 'I-A3', 'O']	['these', 'results', 'lead', 'us', 'to', 'conclude', 'that', 'envz', 'and', 'ompr', 'act', 'in', 'sequential', 'fashion', 'to', 'activate', 'porin', 'gene', 'expression;', 'i', '.e', '.', ',', 'envz', 'might', 'have', '#modified', 'or', 'in', 'some', 'way', 'directed', 'ompr', ',', 'which', 'in', 'turn', 'acts', 'at', 'the', 'appropriate', 'porin', 'gene', 'promoter', '.']
116	['O', 'O', 'O', 'O', 'O', 'O', 'B-A1', 'I-A1', 'I-A1', 'I-A1', 'I-A1', 'I-A1', 'I-A1', 'B-A3', 'I-A3', 'I-A3', 'I-A3', 'O', 'O', 'B-V', 'O', 'B-A0', 'O', 'O', 'O', 'O', 'O', 'O', 'O', 'I-A3', 'O', 'O']	['taken', 'together', 'these', 'data', 'suggest', 'that', 'the', 'binding', 'of', 'either', 'u5', 'or', 'sh3', 'to', 'the', 'guk', 'domain', 'might', 'be', '#modified', 'by', 'factors', 'that', 'may', 'regulate', 'gkap', 'binding', 'to', 'the', 'guk', 'domain', '.']
117	['O', 'O', 'O', 'O', 'O', 'O', 'O', 'B-A0', 'O', 'B-A1', 'O', 'O', 'O', 'O', 'O', 'O', 'O', 'O', 'O', 'O', 'O', 'O', 'O', 'B-A1', 'O', 'O', 'O', 'O', 'O', 'O', 'O', 'O', 'O', 'O', 'O', 'O', 'O', 'O', 'O', 'O', 'B-V', 'O', 'O', 'O', 'O', 'O', 'O', 'B-A0', 'O']	['these', 'results', 'lead', 'us', 'to', 'conclude', 'that', 'envz', 'and', 'ompr', 'act', 'in', 'sequential', 'fashion', 'to', 'activate', 'porin', 'gene', 'expression;', 'i', '.e', '.', ',', 'ompr', ',', 'which', 'acts', 'at', 'the', 'appropriate', 'porin', 'gene', 'promoter', ',', 'has', 'the', 'ability', 'to', 'be', 'significantly', '#modified', 'or', 'in', 'some', 'way', 'directed', 'by', 'envz', '.']
118	['O', 'O', 'O', 'O', 'O', 'O', 'O', 'B-A0', 'O', 'B-A1', 'O', 'O', 'O', 'O', 'O', 'O', 'O', 'O', 'O', 'O', 'O', 'O', 'O', 'B-A1', 'O', 'O', 'O', 'O', 'O', 'O', 'O', 'O', 'O', 'O', 'O', 'O', 'B-V', 'O', 'O', 'O', 'O', 'O', 'O', 'B-A0', 'O']	['these', 'results', 'lead', 'us', 'to', 'conclude', 'that', 'envz', 'and', 'ompr', 'act', 'in', 'sequential', 'fashion', 'to', 'activate', 'porin', 'gene', 'expression;', 'i', '.e', '.', ',', 'ompr', ',', 'which', 'acts', 'at', 'the', 'appropriate', 'porin', 'gene', 'promoter', ',', 'may', 'be', '#modified', 'or', 'in', 'some', 'way', 'directed', 'by', 'envz', '.']
119	['O', 'O', 'O', 'O', 'O', 'O', 'B-A1', 'O', 'O', 'O', 'O', 'O', 'O', 'O', 'O', 'O', 'O', 'O', 'O', 'O', 'O', 'I-A3', 'O', 'O', 'B-A0', 'O', 'O', 'B-V', 'O', 'I-A1', 'I-A1', 'I-A1', 'I-A1', 'I-A1', 'I-A1', 'B-A3', 'I-A3', 'I-A3', 'O', 'O', 'O', 'O', 'O', 'O', 'I-A3', 'O', 'O', 'O']	['taken', 'together', 'these', 'data', 'suggest', 'that', 'the', 'sh3', 'acts', 'to', 'position', 'the', 'u5', 'region', 'through', 'its', 'own', 'association', 'with', 'the', 'guk', 'domain', 'and', 'that', 'factors', 'which', 'may', '#modify', 'the', 'binding', 'of', 'either', 'u5', 'or', 'sh3', 'to', 'the', 'guk', 'domain', 'may', 'regulate', 'gkap', 'binding', 'to', 'the', 'guk', 'domain', '.']
120	['B-A0', 'O', 'B-V', 'B-A1', 'I-A1', 'O', 'B-A2', 'I-A2', 'O', 'O', 'O', 'O', 'O', 'O', 'O', 'O', 'O', 'O', 'O', 'B-A3', 'I-A3', 'I-A3', 'I-A3', 'I-A3', 'O']	['we', 'can', '#modify', 'p', '.falciparum', 'genetically', 'by', 'transfection', '(crabb', 'and', 'cowman', ',', '1996;', 'crabb', 'et', 'al', '.', ',', '1997a)', 'to', 'disrupt', 'the', 'rap1', 'gene', '.']
121	['B-A0', 'O', 'O', 'B-V', 'B-A1', 'I-A1', 'O', 'B-A2', 'I-A2', 'O', 'O', 'O', 'O', 'O', 'O', 'O', 'O', 'O', 'O', 'O', 'B-A3', 'I-A3', 'I-A3', 'I-A3', 'I-A3', 'O']	['we', 'have', 'notably', '#modified', 'p', '.falciparum', 'genetically', 'by', 'transfection', '(crabb', 'and', 'cowman', ',', '1996;', 'crabb', 'et', 'al', '.', ',', '1997a)', 'to', 'disrupt', 'the', 'rap1', 'gene', '.']
122	['O', 'O', 'O', 'O', 'O', 'O', 'O', 'B-A0', 'O', 'B-A1', 'O', 'O', 'O', 'O', 'O', 'O', 'O', 'O', 'O', 'O', 'O', 'O', 'O', 'B-A1', 'O', 'O', 'O', 'O', 'O', 'O', 'O', 'O', 'O', 'O', 'O', 'O', 'O', 'O', 'O', 'O', 'B-V', 'O', 'O', 'O', 'O', 'O', 'O', 'B-A0', 'O']	['these', 'results', 'lead', 'us', 'to', 'conclude', 'that', 'envz', 'and', 'ompr', 'act', 'in', 'sequential', 'fashion', 'to', 'activate', 'porin', 'gene', 'expression;', 'i', '.e', '.', ',', 'ompr', ',', 'which', 'acts', 'at', 'the', 'appropriate', 'porin', 'gene', 'promoter', ',', 'has', 'the', 'probability', 'of', 'being', 'significantly', '#modified', 'or', 'in', 'some', 'way', 'directed', 'by', 'envz', '.']
123	['O', 'O', 'O', 'O', 'O', 'O', 'B-A1', 'I-A1', 'I-A1', 'I-A1', 'I-A1', 'I-A1', 'I-A1', 'B-A3', 'I-A3', 'I-A3', 'I-A3', 'O', 'O', 'O', 'B-V', 'O', 'B-A0', 'O', 'O', 'O', 'O', 'O', 'O', 'O', 'I-A3', 'O', 'O']	['taken', 'together', 'these', 'data', 'suggest', 'that', 'the', 'binding', 'of', 'either', 'u5', 'or', 'sh3', 'to', 'the', 'guk', 'domain', 'could', 'have', 'been', '#modified', 'by', 'factors', 'that', 'may', 'regulate', 'gkap', 'binding', 'to', 'the', 'guk', 'domain', '.']
124	['O', 'O', 'O', 'O', 'O', 'O', 'O', 'B-A0', 'O', 'B-A1', 'O', 'O', 'O', 'O', 'O', 'O', 'O', 'O', 'O', 'O', 'O', 'O', 'O', 'B-A0', 'O', 'O', 'O', 'O', 'B-V', 'O', 'O', 'O', 'O', 'O', 'B-A1', 'O', 'O', 'O', 'O', 'B-A3', 'I-A3', 'I-A3', 'I-A3', 'I-A3', 'I-A3', 'I-A3', 'O']	['these', 'results', 'lead', 'us', 'to', 'conclude', 'that', 'envz', 'and', 'ompr', 'act', 'in', 'sequential', 'fashion', 'to', 'activate', 'porin', 'gene', 'expression;', 'i', '.e', '.', ',', 'envz', 'has', 'the', 'probability', 'of', '#modifying', 'or', 'in', 'some', 'way', 'directing', 'ompr', ',', 'which', 'in', 'turn', 'acts', 'at', 'the', 'appropriate', 'porin', 'gene', 'promoter', '.']
125	['O', 'O', 'O', 'O', 'O', 'O', 'B-A1', 'I-A1', 'I-A1', 'I-A1', 'I-A1', 'I-A1', 'I-A1', 'B-A3', 'I-A3', 'I-A3', 'I-A3', 'O', 'O', 'O', 'B-V', 'O', 'B-A0', 'O', 'O', 'O', 'O', 'O', 'O', 'O', 'I-A3', 'O', 'O']	['taken', 'together', 'these', 'data', 'suggest', 'that', 'the', 'binding', 'of', 'either', 'u5', 'or', 'sh3', 'to', 'the', 'guk', 'domain', 'might', 'have', 'been', '#modified', 'by', 'factors', 'that', 'may', 'regulate', 'gkap', 'binding', 'to', 'the', 'guk', 'domain', '.']
126	['O', 'O', 'O', 'O', 'O', 'O', 'B-A1', 'I-A1', 'I-A1', 'I-A1', 'I-A1', 'I-A1', 'I-A1', 'B-A3', 'I-A3', 'I-A3', 'I-A3', 'O', 'O', 'O', 'O', 'B-V', 'O', 'B-A0', 'O', 'O', 'O', 'O', 'O', 'O', 'O', 'I-A3', 'O', 'O']	['taken', 'together', 'these', 'data', 'suggest', 'that', 'the', 'binding', 'of', 'either', 'u5', 'or', 'sh3', 'to', 'the', 'guk', 'domain', 'is', 'observed', 'to', 'be', '#modified', 'by', 'factors', 'that', 'may', 'regulate', 'gkap', 'binding', 'to', 'the', 'guk', 'domain', '.']
127	['O', 'O', 'O', 'O', 'O', 'O', 'O', 'B-A0', 'O', 'B-A1', 'O', 'O', 'O', 'O', 'O', 'O', 'O', 'O', 'O', 'O', 'O', 'O', 'O', 'B-A0', 'O', 'O', 'O', 'O', 'B-V', 'O', 'O', 'O', 'O', 'O', 'B-A1', 'O', 'O', 'O', 'O', 'B-A3', 'I-A3', 'I-A3', 'I-A3', 'I-A3', 'I-A3', 'I-A3', 'O']	['these', 'results', 'lead', 'us', 'to', 'conclude', 'that', 'envz', 'and', 'ompr', 'act', 'in', 'sequential', 'fashion', 'to', 'activate', 'porin', 'gene', 'expression;', 'i', '.e', '.', ',', 'envz', 'is', 'able', 'to', 'significantly', '#modify', 'or', 'in', 'some', 'way', 'direct', 'ompr', ',', 'which', 'in', 'turn', 'acts', 'at', 'the', 'appropriate', 'porin', 'gene', 'promoter', '.']
128	['O', 'O', 'O', 'O', 'O', 'O', 'B-A1', 'I-A1', 'I-A1', 'I-A1', 'I-A1', 'I-A1', 'I-A1', 'B-A3', 'I-A3', 'I-A3', 'I-A3', 'O', 'O', 'B-V', 'O', 'B-A0', 'O', 'O', 'O', 'O', 'O', 'O', 'O', 'I-A3', 'O', 'O']	['taken', 'together', 'these', 'data', 'suggest', 'that', 'the', 'binding', 'of', 'either', 'u5', 'or', 'sh3', 'to', 'the', 'guk', 'domain', 'can', 'be', '#modified', 'by', 'factors', 'that', 'may', 'regulate', 'gkap', 'binding', 'to', 'the', 'guk', 'domain', '.']
129	['O', 'O', 'O', 'O', 'O', 'O', 'B-A1', 'I-A1', 'I-A1', 'I-A1', 'I-A1', 'I-A1', 'I-A1', 'B-A3', 'I-A3', 'I-A3', 'I-A3', 'O', 'B-V', 'O', 'B-A0', 'O', 'O', 'O', 'O', 'O', 'O', 'O', 'I-A3', 'O', 'O']	['taken', 'together', 'these', 'data', 'suggest', 'that', 'the', 'binding', 'of', 'either', 'u5', 'or', 'sh3', 'to', 'the', 'guk', 'domain', 'was', '#modified', 'by', 'factors', 'that', 'may', 'regulate', 'gkap', 'binding', 'to', 'the', 'guk', 'domain', '.']
130	['O', 'O', 'O', 'O', 'O', 'O', 'O', 'B-A0', 'O', 'B-A1', 'O', 'O', 'O', 'O', 'O', 'O', 'O', 'O', 'O', 'O', 'O', 'O', 'O', 'B-A1', 'O', 'O', 'O', 'O', 'O', 'O', 'O', 'O', 'O', 'O', 'O', 'O', 'O', 'B-V', 'O', 'O', 'O', 'O', 'O', 'O', 'B-A0', 'O']	['these', 'results', 'lead', 'us', 'to', 'conclude', 'that', 'envz', 'and', 'ompr', 'act', 'in', 'sequential', 'fashion', 'to', 'activate', 'porin', 'gene', 'expression;', 'i', '.e', '.', ',', 'ompr', ',', 'which', 'acts', 'at', 'the', 'appropriate', 'porin', 'gene', 'promoter', ',', 'may', 'be', 'significantly', '#modified', 'or', 'in', 'some', 'way', 'directed', 'by', 'envz', '.']
131	['B-A0', 'O', 'B-V', 'B-A1', 'I-A1', 'O', 'B-A2', 'I-A2', 'O', 'O', 'O', 'O', 'O', 'O', 'O', 'O', 'O', 'O', 'O', 'B-A3', 'I-A3', 'I-A3', 'I-A3', 'I-A3', 'O']	['we', 'may', '#modify', 'p', '.falciparum', 'genetically', 'by', 'transfection', '(crabb', 'and', 'cowman', ',', '1996;', 'crabb', 'et', 'al', '.', ',', '1997a)', 'to', 'disrupt', 'the', 'rap1', 'gene', '.']
132	['O', 'O', 'O', 'O', 'O', 'O', 'B-A1', 'I-A1', 'I-A1', 'I-A1', 'I-A1', 'I-A1', 'I-A1', 'B-A3', 'I-A3', 'I-A3', 'I-A3', 'O', 'O', 'O', 'B-V', 'O', 'B-A0', 'O', 'O', 'O', 'O', 'O', 'O', 'O', 'I-A3', 'O', 'O']	['taken', 'together', 'these', 'data', 'suggest', 'that', 'the', 'binding', 'of', 'either', 'u5', 'or', 'sh3', 'to', 'the', 'guk', 'domain', 'would', 'have', 'been', '#modified', 'by', 'factors', 'that', 'may', 'regulate', 'gkap', 'binding', 'to', 'the', 'guk', 'domain', '.']
133	['O', 'O', 'O', 'O', 'O', 'O', 'B-A1', 'O', 'O', 'O', 'O', 'O', 'O', 'O', 'O', 'O', 'O', 'O', 'O', 'O', 'O', 'I-A3', 'O', 'O', 'B-A0', 'O', 'O', 'O', 'B-V', 'O', 'I-A1', 'I-A1', 'I-A1', 'I-A1', 'I-A1', 'I-A1', 'B-A3', 'I-A3', 'I-A3', 'O', 'O', 'O', 'O', 'O', 'O', 'I-A3', 'O', 'O', 'O']	['taken', 'together', 'these', 'data', 'suggest', 'that', 'the', 'sh3', 'acts', 'to', 'position', 'the', 'u5', 'region', 'through', 'its', 'own', 'association', 'with', 'the', 'guk', 'domain', 'and', 'that', 'factors', 'which', 'might', 'have', '#modified', 'the', 'binding', 'of', 'either', 'u5', 'or', 'sh3', 'to', 'the', 'guk', 'domain', 'may', 'regulate', 'gkap', 'binding', 'to', 'the', 'guk', 'domain', '.']
134	['O', 'O', 'O', 'O', 'O', 'O', 'O', 'B-A0', 'O', 'B-A1', 'O', 'O', 'O', 'O', 'O', 'O', 'O', 'O', 'O', 'O', 'O', 'O', 'O', 'B-A0', 'O', 'O', 'O', 'O', 'B-V', 'O', 'O', 'O', 'O', 'O', 'B-A1', 'O', 'O', 'O', 'O', 'B-A3', 'I-A3', 'I-A3', 'I-A3', 'I-A3', 'I-A3', 'I-A3', 'O']	['these', 'results', 'lead', 'us', 'to', 'conclude', 'that', 'envz', 'and', 'ompr', 'act', 'in', 'sequential', 'fashion', 'to', 'activate', 'porin', 'gene', 'expression;', 'i', '.e', '.', ',', 'envz', 'has', 'the', 'ability', 'to', '#modify', 'or', 'in', 'some', 'way', 'direct', 'ompr', ',', 'which', 'in', 'turn', 'acts', 'at', 'the', 'appropriate', 'porin', 'gene', 'promoter', '.']
135	['O', 'O', 'O', 'O', 'O', 'O', 'O', 'B-A0', 'O', 'B-A1', 'O', 'O', 'O', 'O', 'O', 'O', 'O', 'O', 'O', 'O', 'O', 'O', 'O', 'B-A0', 'O', 'O', 'O', 'O', 'O', 'B-V', 'O', 'O', 'O', 'O', 'O', 'B-A1', 'O', 'O', 'O', 'O', 'B-A3', 'I-A3', 'I-A3', 'I-A3', 'I-A3', 'I-A3', 'I-A3', 'O']	['these', 'results', 'lead', 'us', 'to', 'conclude', 'that', 'envz', 'and', 'ompr', 'act', 'in', 'sequential', 'fashion', 'to', 'activate', 'porin', 'gene', 'expression;', 'i', '.e', '.', ',', 'envz', 'has', 'the', 'probability', 'of', 'significantly', '#modifying', 'or', 'in', 'some', 'way', 'directing', 'ompr', ',', 'which', 'in', 'turn', 'acts', 'at', 'the', 'appropriate', 'porin', 'gene', 'promoter', '.']
136	['O', 'O', 'O', 'O', 'O', 'O', 'O', 'B-A0', 'O', 'B-A1', 'O', 'O', 'O', 'O', 'O', 'O', 'O', 'O', 'O', 'O', 'O', 'O', 'O', 'B-A1', 'O', 'O', 'O', 'O', 'O', 'O', 'O', 'O', 'O', 'O', 'O', 'B-V', 'O', 'O', 'O', 'O', 'O', 'O', 'B-A0', 'O']	['these', 'results', 'lead', 'us', 'to', 'conclude', 'that', 'envz', 'and', 'ompr', 'act', 'in', 'sequential', 'fashion', 'to', 'activate', 'porin', 'gene', 'expression;', 'i', '.e', '.', ',', 'ompr', ',', 'which', 'acts', 'at', 'the', 'appropriate', 'porin', 'gene', 'promoter', ',', 'was', '#modified', 'or', 'in', 'some', 'way', 'directed', 'by', 'envz', '.']
137	['O', 'O', 'O', 'O', 'O', 'O', 'O', 'B-A0', 'O', 'B-A1', 'O', 'O', 'O', 'O', 'O', 'O', 'O', 'O', 'O', 'O', 'O', 'O', 'O', 'B-A1', 'O', 'O', 'O', 'O', 'O', 'O', 'O', 'O', 'O', 'O', 'O', 'O', 'O', 'B-V', 'O', 'O', 'O', 'O', 'O', 'O', 'B-A0', 'O']	['these', 'results', 'lead', 'us', 'to', 'conclude', 'that', 'envz', 'and', 'ompr', 'act', 'in', 'sequential', 'fashion', 'to', 'activate', 'porin', 'gene', 'expression;', 'i', '.e', '.', ',', 'ompr', ',', 'which', 'acts', 'at', 'the', 'appropriate', 'porin', 'gene', 'promoter', ',', 'can', 'be', 'significantly', '#modified', 'or', 'in', 'some', 'way', 'directed', 'by', 'envz', '.']
138	['O', 'O', 'O', 'O', 'O', 'O', 'B-A1', 'O', 'O', 'O', 'O', 'O', 'O', 'O', 'O', 'O', 'O', 'O', 'O', 'O', 'O', 'I-A3', 'O', 'O', 'B-A0', 'O', 'O', 'O', 'O', 'B-V', 'O', 'I-A1', 'I-A1', 'I-A1', 'I-A1', 'I-A1', 'I-A1', 'B-A3', 'I-A3', 'I-A3', 'O', 'O', 'O', 'O', 'O', 'O', 'I-A3', 'O', 'O', 'O']	['taken', 'together', 'these', 'data', 'suggest', 'that', 'the', 'sh3', 'acts', 'to', 'position', 'the', 'u5', 'region', 'through', 'its', 'own', 'association', 'with', 'the', 'guk', 'domain', 'and', 'that', 'factors', 'which', 'are', 'observed', 'to', '#modify', 'the', 'binding', 'of', 'either', 'u5', 'or', 'sh3', 'to', 'the', 'guk', 'domain', 'may', 'regulate', 'gkap', 'binding', 'to', 'the', 'guk', 'domain', '.']
139	['B-A0', 'O', 'O', 'O', 'B-V', 'B-A1', 'I-A1', 'O', 'B-A2', 'I-A2', 'O', 'O', 'O', 'O', 'O', 'O', 'O', 'O', 'O', 'O', 'O', 'B-A3', 'I-A3', 'I-A3', 'I-A3', 'I-A3', 'O']	['we', 'are', 'able', 'to', '#modify', 'p', '.falciparum', 'genetically', 'by', 'transfection', '(crabb', 'and', 'cowman', ',', '1996;', 'crabb', 'et', 'al', '.', ',', '1997a)', 'to', 'disrupt', 'the', 'rap1', 'gene', '.']
140	['O', 'O', 'O', 'O', 'O', 'O', 'O', 'B-A0', 'O', 'B-A1', 'O', 'O', 'O', 'O', 'O', 'O', 'O', 'O', 'O', 'O', 'O', 'O', 'O', 'B-A0', 'O', 'B-V', 'O', 'O', 'O', 'O', 'O', 'B-A1', 'O', 'O', 'O', 'O', 'B-A3', 'I-A3', 'I-A3', 'I-A3', 'I-A3', 'I-A3', 'I-A3', 'O']	['these', 'results', 'lead', 'us', 'to', 'conclude', 'that', 'envz', 'and', 'ompr', 'act', 'in', 'sequential', 'fashion', 'to', 'activate', 'porin', 'gene', 'expression;', 'i', '.e', '.', ',', 'envz', 'significantly', '#modifies', 'or', 'in', 'some', 'way', 'directs', 'ompr', ',', 'which', 'in', 'turn', 'acts', 'at', 'the', 'appropriate', 'porin', 'gene', 'promoter', '.']
141	['B-A0', 'O', 'O', 'O', 'O', 'O', 'B-V', 'B-A1', 'I-A1', 'O', 'B-A2', 'I-A2', 'O', 'O', 'O', 'O', 'O', 'O', 'O', 'O', 'O', 'O', 'O', 'B-A3', 'I-A3', 'I-A3', 'I-A3', 'I-A3', 'O']	['we', 'have', 'the', 'ability', 'to', 'notably', '#modify', 'p', '.falciparum', 'genetically', 'by', 'transfection', '(crabb', 'and', 'cowman', ',', '1996;', 'crabb', 'et', 'al', '.', ',', '1997a)', 'to', 'disrupt', 'the', 'rap1', 'gene', '.']
142	['O', 'O', 'O', 'O', 'O', 'O', 'B-A1', 'O', 'O', 'O', 'O', 'O', 'O', 'O', 'O', 'O', 'O', 'O', 'O', 'O', 'O', 'I-A3', 'O', 'O', 'B-A0', 'O', 'O', 'O', 'O', 'B-V', 'O', 'I-A1', 'I-A1', 'I-A1', 'I-A1', 'I-A1', 'I-A1', 'B-A3', 'I-A3', 'I-A3', 'O', 'O', 'O', 'O', 'O', 'O', 'I-A3', 'O', 'O', 'O']	['taken', 'together', 'these', 'data', 'suggest', 'that', 'the', 'sh3', 'acts', 'to', 'position', 'the', 'u5', 'region', 'through', 'its', 'own', 'association', 'with', 'the', 'guk', 'domain', 'and', 'that', 'factors', 'which', 'are', 'able', 'to', '#modify', 'the', 'binding', 'of', 'either', 'u5', 'or', 'sh3', 'to', 'the', 'guk', 'domain', 'may', 'regulate', 'gkap', 'binding', 'to', 'the', 'guk', 'domain', '.']
143	['O', 'O', 'O', 'O', 'O', 'O', 'O', 'B-A0', 'O', 'B-A1', 'O', 'O', 'O', 'O', 'O', 'O', 'O', 'O', 'O', 'O', 'O', 'O', 'O', 'B-A0', 'O', 'O', 'O', 'B-V', 'O', 'O', 'O', 'O', 'O', 'B-A1', 'O', 'O', 'O', 'O', 'B-A3', 'I-A3', 'I-A3', 'I-A3', 'I-A3', 'I-A3', 'I-A3', 'O']	['these', 'results', 'lead', 'us', 'to', 'conclude', 'that', 'envz', 'and', 'ompr', 'act', 'in', 'sequential', 'fashion', 'to', 'activate', 'porin', 'gene', 'expression;', 'i', '.e', '.', ',', 'envz', 'may', 'have', 'significantly', '#modified', 'or', 'in', 'some', 'way', 'directed', 'ompr', ',', 'which', 'in', 'turn', 'acts', 'at', 'the', 'appropriate', 'porin', 'gene', 'promoter', '.']
144	['O', 'O', 'O', 'O', 'O', 'O', 'B-A1', 'O', 'O', 'O', 'O', 'O', 'O', 'O', 'O', 'O', 'O', 'O', 'O', 'O', 'O', 'I-A3', 'O', 'O', 'B-A0', 'O', 'O', 'B-V', 'O', 'I-A1', 'I-A1', 'I-A1', 'I-A1', 'I-A1', 'I-A1', 'B-A3', 'I-A3', 'I-A3', 'O', 'O', 'O', 'O', 'O', 'O', 'I-A3', 'O', 'O', 'O']	['taken', 'together', 'these', 'data', 'suggest', 'that', 'the', 'sh3', 'acts', 'to', 'position', 'the', 'u5', 'region', 'through', 'its', 'own', 'association', 'with', 'the', 'guk', 'domain', 'and', 'that', 'factors', 'which', 'will', '#modify', 'the', 'binding', 'of', 'either', 'u5', 'or', 'sh3', 'to', 'the', 'guk', 'domain', 'may', 'regulate', 'gkap', 'binding', 'to', 'the', 'guk', 'domain', '.']
145	['O', 'O', 'O', 'O', 'O', 'O', 'O', 'B-A0', 'O', 'B-A1', 'O', 'O', 'O', 'O', 'O', 'O', 'O', 'O', 'O', 'O', 'O', 'O', 'O', 'B-A1', 'O', 'O', 'O', 'O', 'O', 'O', 'O', 'O', 'O', 'O', 'O', 'O', 'O', 'O', 'O', 'B-V', 'O', 'O', 'O', 'O', 'O', 'O', 'B-A0', 'O']	['these', 'results', 'lead', 'us', 'to', 'conclude', 'that', 'envz', 'and', 'ompr', 'act', 'in', 'sequential', 'fashion', 'to', 'activate', 'porin', 'gene', 'expression;', 'i', '.e', '.', ',', 'ompr', ',', 'which', 'acts', 'at', 'the', 'appropriate', 'porin', 'gene', 'promoter', ',', 'has', 'the', 'ability', 'to', 'be', '#modified', 'or', 'in', 'some', 'way', 'directed', 'by', 'envz', '.']
146	['O', 'O', 'O', 'O', 'O', 'O', 'B-A1', 'I-A1', 'I-A1', 'I-A1', 'I-A1', 'I-A1', 'I-A1', 'B-A3', 'I-A3', 'I-A3', 'I-A3', 'O', 'O', 'O', 'O', 'O', 'B-V', 'O', 'B-A0', 'O', 'O', 'O', 'O', 'O', 'O', 'O', 'I-A3', 'O', 'O']	['taken', 'together', 'these', 'data', 'suggest', 'that', 'the', 'binding', 'of', 'either', 'u5', 'or', 'sh3', 'to', 'the', 'guk', 'domain', 'has', 'the', 'probability', 'of', 'being', '#modified', 'by', 'factors', 'that', 'may', 'regulate', 'gkap', 'binding', 'to', 'the', 'guk', 'domain', '.']
147	['O', 'O', 'O', 'O', 'O', 'O', 'O', 'B-A0', 'O', 'B-A1', 'O', 'O', 'O', 'O', 'O', 'O', 'O', 'O', 'O', 'O', 'O', 'O', 'O', 'B-A1', 'O', 'O', 'O', 'O', 'O', 'O', 'O', 'O', 'O', 'O', 'O', 'O', 'B-V', 'O', 'O', 'O', 'O', 'O', 'O', 'B-A0', 'O']	['these', 'results', 'lead', 'us', 'to', 'conclude', 'that', 'envz', 'and', 'ompr', 'act', 'in', 'sequential', 'fashion', 'to', 'activate', 'porin', 'gene', 'expression;', 'i', '.e', '.', ',', 'ompr', ',', 'which', 'acts', 'at', 'the', 'appropriate', 'porin', 'gene', 'promoter', ',', 'has', 'been', '#modified', 'or', 'in', 'some', 'way', 'directed', 'by', 'envz', '.']
148	['O', 'O', 'O', 'O', 'O', 'O', 'O', 'B-A0', 'O', 'B-A1', 'O', 'O', 'O', 'O', 'O', 'O', 'O', 'O', 'O', 'O', 'O', 'O', 'O', 'B-A1', 'O', 'O', 'O', 'O', 'O', 'O', 'O', 'O', 'O', 'O', 'O', 'O', 'B-V', 'O', 'O', 'O', 'O', 'O', 'O', 'B-A0', 'O']	['these', 'results', 'lead', 'us', 'to', 'conclude', 'that', 'envz', 'and', 'ompr', 'act', 'in', 'sequential', 'fashion', 'to', 'activate', 'porin', 'gene', 'expression;', 'i', '.e', '.', ',', 'ompr', ',', 'which', 'acts', 'at', 'the', 'appropriate', 'porin', 'gene', 'promoter', ',', 'will', 'be', '#modified', 'or', 'in', 'some', 'way', 'directed', 'by', 'envz', '.']
149	['O', 'O', 'O', 'O', 'O', 'O', 'B-A1', 'O', 'O', 'O', 'O', 'O', 'O', 'O', 'O', 'O', 'O', 'O', 'O', 'O', 'O', 'I-A3', 'O', 'O', 'B-A0', 'O', 'O', 'O', 'O', 'O', 'B-V', 'O', 'I-A1', 'I-A1', 'I-A1', 'I-A1', 'I-A1', 'I-A1', 'B-A3', 'I-A3', 'I-A3', 'O', 'O', 'O', 'O', 'O', 'O', 'I-A3', 'O', 'O', 'O']	['taken', 'together', 'these', 'data', 'suggest', 'that', 'the', 'sh3', 'acts', 'to', 'position', 'the', 'u5', 'region', 'through', 'its', 'own', 'association', 'with', 'the', 'guk', 'domain', 'and', 'that', 'factors', 'which', 'have', 'the', 'probability', 'of', '#modifying', 'the', 'binding', 'of', 'either', 'u5', 'or', 'sh3', 'to', 'the', 'guk', 'domain', 'may', 'regulate', 'gkap', 'binding', 'to', 'the', 'guk', 'domain', '.']
150	['O', 'O', 'O', 'O', 'O', 'O', 'B-A1', 'I-A1', 'I-A1', 'I-A1', 'I-A1', 'I-A1', 'I-A1', 'B-A3', 'I-A3', 'I-A3', 'I-A3', 'O', 'O', 'O', 'B-V', 'O', 'B-A0', 'O', 'O', 'O', 'O', 'O', 'O', 'O', 'I-A3', 'O', 'O']	['taken', 'together', 'these', 'data', 'suggest', 'that', 'the', 'binding', 'of', 'either', 'u5', 'or', 'sh3', 'to', 'the', 'guk', 'domain', 'may', 'have', 'been', '#modified', 'by', 'factors', 'that', 'may', 'regulate', 'gkap', 'binding', 'to', 'the', 'guk', 'domain', '.']
151	['B-A0', 'O', 'B-V', 'B-A1', 'I-A1', 'O', 'B-A2', 'I-A2', 'O', 'O', 'O', 'O', 'O', 'O', 'O', 'O', 'O', 'O', 'O', 'B-A3', 'I-A3', 'I-A3', 'I-A3', 'I-A3', 'O']	['we', 'notably', '#modify', 'p', '.falciparum', 'genetically', 'by', 'transfection', '(crabb', 'and', 'cowman', ',', '1996;', 'crabb', 'et', 'al', '.', ',', '1997a)', 'to', 'disrupt', 'the', 'rap1', 'gene', '.']
152	['O', 'O', 'O', 'O', 'O', 'O', 'B-A1', 'I-A1', 'I-A1', 'I-A1', 'I-A1', 'I-A1', 'I-A1', 'B-A3', 'I-A3', 'I-A3', 'I-A3', 'O', 'O', 'O', 'O', 'B-V', 'O', 'B-A0', 'O', 'O', 'O', 'O', 'O', 'O', 'O', 'I-A3', 'O', 'O']	['taken', 'together', 'these', 'data', 'suggest', 'that', 'the', 'binding', 'of', 'either', 'u5', 'or', 'sh3', 'to', 'the', 'guk', 'domain', 'is', 'able', 'to', 'be', '#modified', 'by', 'factors', 'that', 'may', 'regulate', 'gkap', 'binding', 'to', 'the', 'guk', 'domain', '.']
153	['O', 'O', 'O', 'O', 'O', 'O', 'O', 'B-A0', 'O', 'B-A1', 'O', 'O', 'O', 'O', 'O', 'O', 'O', 'O', 'O', 'O', 'O', 'O', 'O', 'B-A0', 'B-V', 'O', 'O', 'O', 'O', 'O', 'B-A1', 'O', 'O', 'O', 'O', 'B-A3', 'I-A3', 'I-A3', 'I-A3', 'I-A3', 'I-A3', 'I-A3', 'O']	['these', 'results', 'lead', 'us', 'to', 'conclude', 'that', 'envz', 'and', 'ompr', 'act', 'in', 'sequential', 'fashion', 'to', 'activate', 'porin', 'gene', 'expression;', 'i', '.e', '.', ',', 'envz', '#modified', 'or', 'in', 'some', 'way', 'directed', 'ompr', ',', 'which', 'in', 'turn', 'acts', 'at', 'the', 'appropriate', 'porin', 'gene', 'promoter', '.']
154	['O', 'O', 'O', 'O', 'O', 'O', 'O', 'B-A0', 'O', 'B-A1', 'O', 'O', 'O', 'O', 'O', 'O', 'O', 'O', 'O', 'O', 'O', 'O', 'O', 'B-A1', 'O', 'O', 'O', 'O', 'O', 'O', 'O', 'O', 'O', 'O', 'O', 'O', 'O', 'O', 'B-V', 'O', 'O', 'O', 'O', 'O', 'O', 'B-A0', 'O']	['these', 'results', 'lead', 'us', 'to', 'conclude', 'that', 'envz', 'and', 'ompr', 'act', 'in', 'sequential', 'fashion', 'to', 'activate', 'porin', 'gene', 'expression;', 'i', '.e', '.', ',', 'ompr', ',', 'which', 'acts', 'at', 'the', 'appropriate', 'porin', 'gene', 'promoter', ',', 'is', 'observed', 'to', 'be', '#modified', 'or', 'in', 'some', 'way', 'directed', 'by', 'envz', '.']
155	['O', 'O', 'O', 'O', 'O', 'O', 'B-A1', 'O', 'O', 'O', 'O', 'O', 'O', 'O', 'O', 'O', 'O', 'O', 'O', 'O', 'O', 'I-A3', 'O', 'O', 'B-A0', 'O', 'O', 'O', 'O', 'O', 'B-V', 'O', 'I-A1', 'I-A1', 'I-A1', 'I-A1', 'I-A1', 'I-A1', 'B-A3', 'I-A3', 'I-A3', 'O', 'O', 'O', 'O', 'O', 'O', 'I-A3', 'O', 'O', 'O']	['taken', 'together', 'these', 'data', 'suggest', 'that', 'the', 'sh3', 'acts', 'to', 'position', 'the', 'u5', 'region', 'through', 'its', 'own', 'association', 'with', 'the', 'guk', 'domain', 'and', 'that', 'factors', 'which', 'have', 'the', 'ability', 'to', '#modify', 'the', 'binding', 'of', 'either', 'u5', 'or', 'sh3', 'to', 'the', 'guk', 'domain', 'may', 'regulate', 'gkap', 'binding', 'to', 'the', 'guk', 'domain', '.']
156	['O', 'O', 'O', 'O', 'O', 'O', 'O', 'B-A0', 'O', 'B-A1', 'O', 'O', 'O', 'O', 'O', 'O', 'O', 'O', 'O', 'O', 'O', 'O', 'O', 'B-A1', 'O', 'O', 'O', 'O', 'O', 'O', 'O', 'O', 'O', 'O', 'O', 'O', 'O', 'B-V', 'O', 'O', 'O', 'O', 'O', 'O', 'B-A0', 'O']	['these', 'results', 'lead', 'us', 'to', 'conclude', 'that', 'envz', 'and', 'ompr', 'act', 'in', 'sequential', 'fashion', 'to', 'activate', 'porin', 'gene', 'expression;', 'i', '.e', '.', ',', 'ompr', ',', 'which', 'acts', 'at', 'the', 'appropriate', 'porin', 'gene', 'promoter', ',', 'has', 'been', 'significantly', '#modified', 'or', 'in', 'some', 'way', 'directed', 'by', 'envz', '.']
157	['O', 'O', 'O', 'O', 'O', 'O', 'B-A1', 'I-A1', 'I-A1', 'I-A1', 'I-A1', 'I-A1', 'I-A1', 'B-A3', 'I-A3', 'I-A3', 'I-A3', 'O', 'O', 'B-V', 'O', 'B-A0', 'O', 'O', 'O', 'O', 'O', 'O', 'O', 'I-A3', 'O', 'O']	['taken', 'together', 'these', 'data', 'suggest', 'that', 'the', 'binding', 'of', 'either', 'u5', 'or', 'sh3', 'to', 'the', 'guk', 'domain', 'may', 'be', '#modified', 'by', 'factors', 'that', 'may', 'regulate', 'gkap', 'binding', 'to', 'the', 'guk', 'domain', '.']
158	['O', 'O', 'O', 'O', 'O', 'O', 'B-A1', 'O', 'O', 'O', 'O', 'O', 'O', 'O', 'O', 'O', 'O', 'O', 'O', 'O', 'O', 'I-A3', 'O', 'O', 'B-A0', 'O', 'B-V', 'O', 'I-A1', 'I-A1', 'I-A1', 'I-A1', 'I-A1', 'I-A1', 'B-A3', 'I-A3', 'I-A3', 'O', 'O', 'O', 'O', 'O', 'O', 'I-A3', 'O', 'O', 'O']	['taken', 'together', 'these', 'data', 'suggest', 'that', 'the', 'sh3', 'acts', 'to', 'position', 'the', 'u5', 'region', 'through', 'its', 'own', 'association', 'with', 'the', 'guk', 'domain', 'and', 'that', 'factors', 'which', '#modified', 'the', 'binding', 'of', 'either', 'u5', 'or', 'sh3', 'to', 'the', 'guk', 'domain', 'may', 'regulate', 'gkap', 'binding', 'to', 'the', 'guk', 'domain', '.']
159	['O', 'O', 'O', 'O', 'O', 'O', 'O', 'B-A0', 'O', 'B-A1', 'O', 'O', 'O', 'O', 'O', 'O', 'O', 'O', 'O', 'O', 'O', 'O', 'O', 'B-A1', 'O', 'O', 'O', 'O', 'O', 'O', 'O', 'O', 'O', 'O', 'O', 'O', 'O', 'O', 'O', 'B-V', 'O', 'O', 'O', 'O', 'O', 'O', 'B-A0', 'O']	['these', 'results', 'lead', 'us', 'to', 'conclude', 'that', 'envz', 'and', 'ompr', 'act', 'in', 'sequential', 'fashion', 'to', 'activate', 'porin', 'gene', 'expression;', 'i', '.e', '.', ',', 'ompr', ',', 'which', 'acts', 'at', 'the', 'appropriate', 'porin', 'gene', 'promoter', ',', 'is', 'able', 'to', 'be', 'significantly', '#modified', 'or', 'in', 'some', 'way', 'directed', 'by', 'envz', '.']
160	['B-A0', 'B-V', 'B-A1', 'I-A1', 'O', 'B-A2', 'I-A2', 'O', 'O', 'O', 'O', 'O', 'O', 'O', 'O', 'O', 'O', 'O', 'B-A3', 'I-A3', 'I-A3', 'I-A3', 'I-A3', 'O']	['we', '#modify', 'p', '.falciparum', 'genetically', 'by', 'transfection', '(crabb', 'and', 'cowman', ',', '1996;', 'crabb', 'et', 'al', '.', ',', '1997a)', 'to', 'disrupt', 'the', 'rap1', 'gene', '.']
161	['O', 'O', 'O', 'O', 'O', 'O', 'B-A1', 'I-A1', 'I-A1', 'I-A1', 'I-A1', 'I-A1', 'I-A1', 'B-A3', 'I-A3', 'I-A3', 'I-A3', 'O', 'O', 'B-V', 'O', 'B-A0', 'O', 'O', 'O', 'O', 'O', 'O', 'O', 'I-A3', 'O', 'O']	['taken', 'together', 'these', 'data', 'suggest', 'that', 'the', 'binding', 'of', 'either', 'u5', 'or', 'sh3', 'to', 'the', 'guk', 'domain', 'could', 'be', '#modified', 'by', 'factors', 'that', 'may', 'regulate', 'gkap', 'binding', 'to', 'the', 'guk', 'domain', '.']
162	['O', 'O', 'O', 'O', 'O', 'O', 'O', 'B-A0', 'O', 'B-A1', 'O', 'O', 'O', 'O', 'O', 'O', 'O', 'O', 'O', 'O', 'O', 'O', 'O', 'B-A0', 'O', 'B-V', 'O', 'O', 'O', 'O', 'O', 'B-A1', 'O', 'O', 'O', 'O', 'B-A3', 'I-A3', 'I-A3', 'I-A3', 'I-A3', 'I-A3', 'I-A3', 'O']	['these', 'results', 'lead', 'us', 'to', 'conclude', 'that', 'envz', 'and', 'ompr', 'act', 'in', 'sequential', 'fashion', 'to', 'activate', 'porin', 'gene', 'expression;', 'i', '.e', '.', ',', 'envz', 'could', '#modify', 'or', 'in', 'some', 'way', 'direct', 'ompr', ',', 'which', 'in', 'turn', 'acts', 'at', 'the', 'appropriate', 'porin', 'gene', 'promoter', '.']
163	['O', 'O', 'O', 'O', 'O', 'O', 'O', 'B-A0', 'O', 'B-A1', 'O', 'O', 'O', 'O', 'O', 'O', 'O', 'O', 'O', 'O', 'O', 'O', 'O', 'B-A1', 'O', 'O', 'O', 'O', 'O', 'O', 'O', 'O', 'O', 'O', 'O', 'O', 'O', 'B-V', 'O', 'O', 'O', 'O', 'O', 'O', 'B-A0', 'O']	['these', 'results', 'lead', 'us', 'to', 'conclude', 'that', 'envz', 'and', 'ompr', 'act', 'in', 'sequential', 'fashion', 'to', 'activate', 'porin', 'gene', 'expression;', 'i', '.e', '.', ',', 'ompr', ',', 'which', 'acts', 'at', 'the', 'appropriate', 'porin', 'gene', 'promoter', ',', 'could', 'have', 'been', '#modified', 'or', 'in', 'some', 'way', 'directed', 'by', 'envz', '.']
164	['O', 'O', 'O', 'O', 'O', 'O', 'O', 'B-A0', 'O', 'B-A1', 'O', 'O', 'O', 'O', 'O', 'O', 'O', 'O', 'O', 'O', 'O', 'O', 'O', 'B-A0', 'B-V', 'O', 'O', 'O', 'O', 'O', 'B-A1', 'O', 'O', 'O', 'O', 'B-A3', 'I-A3', 'I-A3', 'I-A3', 'I-A3', 'I-A3', 'I-A3', 'O']	['these', 'results', 'lead', 'us', 'to', 'conclude', 'that', 'envz', 'and', 'ompr', 'act', 'in', 'sequential', 'fashion', 'to', 'activate', 'porin', 'gene', 'expression;', 'i', '.e', '.', ',', 'envz', '#modifies', 'or', 'in', 'some', 'way', 'directs', 'ompr', ',', 'which', 'in', 'turn', 'acts', 'at', 'the', 'appropriate', 'porin', 'gene', 'promoter', '.']
165	['O', 'O', 'O', 'O', 'O', 'O', 'B-A1', 'O', 'O', 'O', 'O', 'O', 'O', 'O', 'O', 'O', 'O', 'O', 'O', 'O', 'O', 'I-A3', 'O', 'O', 'B-A0', 'O', 'O', 'B-V', 'O', 'I-A1', 'I-A1', 'I-A1', 'I-A1', 'I-A1', 'I-A1', 'B-A3', 'I-A3', 'I-A3', 'O', 'O', 'O', 'O', 'O', 'O', 'I-A3', 'O', 'O', 'O']	['taken', 'together', 'these', 'data', 'suggest', 'that', 'the', 'sh3', 'acts', 'to', 'position', 'the', 'u5', 'region', 'through', 'its', 'own', 'association', 'with', 'the', 'guk', 'domain', 'and', 'that', 'factors', 'which', 'can', '#modify', 'the', 'binding', 'of', 'either', 'u5', 'or', 'sh3', 'to', 'the', 'guk', 'domain', 'may', 'regulate', 'gkap', 'binding', 'to', 'the', 'guk', 'domain', '.']
