0	['O', 'O', 'O', 'B-A0', 'I-A0', 'I-A0', 'I-A0', 'O', 'B-V', 'B-A1', 'I-A1', 'I-A1', 'O']	['this', 'occurs', 'by', 'a', '3-bp', 'in-frame', 'deletion', 'for', '#eliminating', 'an', 'asparagine', 'residue', '.']
1	['O', 'O', 'O', 'O', 'O', 'O', 'B-A0', 'I-A0', 'I-A0', 'O', 'O', 'B-V', 'B-A1', 'I-A1', 'I-A1', 'I-A1', 'I-A1', 'O']	['as', 'illustrated', 'in', 'figure', '1', ',', 'a', '6-bp', 'insertion', 'can', 'not', '#eliminate', 'repression', 'of', 'the', 'glptq', 'promoter', '.']
2	['B-A0', 'I-A0', 'I-A0', 'O', 'O', 'O', 'O', 'O', 'O', 'O', 'O', 'B-V', 'B-A1', 'I-A1', 'I-A1', 'I-A1', 'I-A1', 'O', 'O', 'O', 'O', 'O', 'O', 'O', 'O', 'O', 'O', 'O', 'O', 'O', 'O', 'O', 'O']	['a', '6-bp', 'insertion', 'located', 'within', 'o2', 'or', 'between', 'ot', 'and', 'o1', '#eliminates', 'repression', 'of', 'the', 'glptq', 'promoter', ',', 'whereas', 'significant', 'repression', 'was', 'maintained', 'in', 'the', 'case', 'of', 'a', '10-bp', 'insertion', 'within', 'o2', '.']
3	['O', 'B-A1', 'I-A1', 'I-A1', 'O', 'B-V', 'O', 'O', 'O', 'O', 'O', 'O', 'O', 'O', 'O', 'O', 'O', 'O', 'O', 'O', 'O', 'O', 'O']	['that', 'the', 'inhibitory', 'phosphorylation', 'was', '#eliminated', 'is', 'sufficient', 'to', 'confer', 'constitutive', 'activity', 'upon', 'lin-45', 'raf', 'and', 'induce', 'multi-vulva', 'phenotypes', 'in', 'c', '.elegans', '.']
4	['O', 'B-V', 'B-A1', 'I-A1', 'O', 'O', 'O', 'O', 'O', 'O', 'O', 'O', 'O', 'O', 'O', 'O', 'O', 'O', 'O', 'O', 'O', 'O', 'O', 'O', 'O', 'O', 'O', 'O', 'O', 'O', 'O', 'O', 'O']	['for', '#eliminating', 'exogenous', 'h(2)o(2)', 'that', 'might', 'be', 'associated', 'with', 'stable', 'hoxb4', 'gene', 'transfer', 'into', 'human', 'cells', ',', 'we', 'took', 'advantage', 'of', 'the', 'ability', 'of', 'hox', 'proteins', 'to', 'passively', 'translocate', 'through', 'cell', 'membranes', '.']
5	['B-A0', 'I-A0', 'I-A0', 'I-A0', 'I-A0', 'O', 'O', 'O', 'O', 'O', 'O', 'O', 'O', 'B-V', 'B-A1', 'O', 'O', 'O', 'O', 'O', 'O', 'O', 'O', 'O', 'I-A0', 'O', 'O', 'O', 'O', 'O', 'O']	['a', 'molar', 'ratio', 'of', '5:1', 'located', 'within', 'o2', 'or', 'between', 'ot', 'and', 'o1', '#eliminated', 'binding', ',', 'whereas', 'significant', 'repression', 'was', 'maintained', 'in', 'the', 'case', 'of', 'a', '10-bp', 'insertion', 'within', 'o2', '.']
6	['O', 'O', 'O', 'O', 'O', 'O', 'B-A0', 'I-A0', 'I-A0', 'O', 'O', 'B-V', 'B-A1', 'I-A1', 'I-A1', 'I-A1', 'I-A1', 'O']	['as', 'illustrated', 'in', 'figure', '1', ',', 'a', '6-bp', 'insertion', 'does', 'not', '#eliminate', 'repression', 'of', 'the', 'glptq', 'promoter', '.']
7	['B-A1', 'O', 'B-V', 'O', 'B-A0', 'I-A0', 'I-A0', 'I-A0', 'I-A0', 'O']	['binding', 'is', '#eliminated', 'by', 'a', 'molar', 'ratio', 'of', '5:1', '.']
8	['B-A0', 'I-A0', 'I-A0', 'I-A0', 'I-A0', 'O', 'O', 'O', 'O', 'B-V', 'B-A1', 'O']	['a', 'molar', 'ratio', 'of', '5:1', 'at', 'a', '10-fold-higher', 'concentration', '#eliminate', 'binding', '.']
9	['O', 'O', 'O', 'B-A0', 'I-A0', 'I-A0', 'I-A0', 'I-A0', 'O', 'B-V', 'B-A1', 'O']	['this', 'occurs', 'by', 'a', 'molar', 'ratio', 'of', '5:1', 'for', '#eliminating', 'binding', '.']
10	['B-A1', 'I-A1', 'I-A1', 'I-A1', 'I-A1', 'O', 'O', 'B-V', 'O', 'B-A0', 'I-A0', 'I-A0', 'O', 'O', 'O', 'O', 'O']	['repression', 'of', 'the', 'glptq', 'promoter', 'has', 'been', '#eliminated', 'by', 'a', '6-bp', 'insertion', 'at', 'a', '10-fold-higher', 'concentration', '.']
11	['B-A1', 'I-A1', 'I-A1', 'I-A1', 'I-A1', 'O', 'B-V', 'O', 'B-A0', 'I-A0', 'I-A0', 'O', 'O', 'O', 'O', 'O']	['repression', 'of', 'the', 'glptq', 'promoter', 'is', '#eliminated', 'by', 'a', '6-bp', 'insertion', 'at', 'a', '10-fold-higher', 'concentration', '.']
12	['O', 'O', 'O', 'O', 'O', 'O', 'B-A0', 'I-A0', 'I-A0', 'I-A0', 'I-A0', 'O', 'O', 'B-V', 'B-A1', 'O']	['as', 'illustrated', 'in', 'figure', '1', ',', 'a', 'molar', 'ratio', 'of', '5:1', 'did', 'not', '#eliminate', 'binding', '.']
13	['O', 'O', 'O', 'O', 'O', 'B-A0', 'I-A0', 'I-A0', 'I-A0', 'B-V', 'B-A1', 'I-A1', 'I-A1', 'O']	['in', 'gel', 'shift', 'assay', ',', 'a', '3-bp', 'in-frame', 'deletion', '#eliminated', 'an', 'asparagine', 'residue', '.']
14	['O', 'O', 'O', 'O', 'O', 'O', 'B-A0', 'I-A0', 'I-A0', 'I-A0', 'O', 'O', 'B-V', 'B-A1', 'I-A1', 'I-A1', 'O']	['as', 'illustrated', 'in', 'figure', '1', ',', 'a', '3-bp', 'in-frame', 'deletion', 'did', 'not', '#eliminate', 'an', 'asparagine', 'residue', '.']
15	['O', 'O', 'O', 'O', 'O', 'O', 'B-A1', 'O', 'O', 'O', 'B-V', 'O', 'B-A0', 'I-A0', 'I-A0', 'I-A0', 'I-A0', 'O']	['as', 'illustrated', 'in', 'figure', '1', ',', 'binding', 'will', 'not', 'be', '#eliminated', 'by', 'a', 'molar', 'ratio', 'of', '5:1', '.']
16	['B-A0', 'I-A0', 'I-A0', 'I-A0', 'O', 'B-V', 'B-A1', 'I-A1', 'I-A1', 'O', 'O', 'O', 'O', 'O', 'O', 'O', 'O', 'O', 'O']	['a', '3-bp', 'in-frame', 'deletion', 'can', '#eliminate', 'an', 'asparagine', 'residue', 'while', 'mutation', 'at', 's494', 'has', 'no', 'effect', '(figure', '2c)', '.']
17	['B-A1', 'I-A1', 'O', 'B-V', 'O', 'B-A2', 'I-A2', 'O', 'O', 'O', 'O', 'O', 'O', 'O', 'O', 'O']	['exogenous', 'h(2)o(2)', 'was', '#eliminated', 'in', 'transgenic', 'plants', 'by', 'inhibition', 'of', 'any', 'one', 'of', 'these', 'molecules', '.']
18	['O', 'B-A0', 'I-A0', 'I-A0', 'O', 'B-A1', 'I-A1', 'I-A1', 'I-A1', 'I-A1', 'O', 'O', 'O', 'B-V', 'O', 'O', 'O']	['at', 'a', '6-bp', 'insertion', ',', 'repression', 'of', 'the', 'glptq', 'promoter', 'can', 'be', 'completely', '#eliminated', '(figure', '7)', '.']
19	['O', 'B-A0', 'I-A0', 'I-A0', 'I-A0', 'O', 'B-A1', 'I-A1', 'I-A1', 'O', 'O', 'B-V', 'O', 'O', 'O']	['at', 'a', '3-bp', 'in-frame', 'deletion', ',', 'an', 'asparagine', 'residue', 'is', 'completely', '#eliminated', '(figure', '7)', '.']
20	['B-A1', 'I-A1', 'I-A1', 'O', 'B-V', 'O', 'B-A0', 'I-A0', 'I-A0', 'I-A0', 'O', 'O', 'O', 'O', 'O']	['an', 'asparagine', 'residue', 'was', '#eliminated', 'by', 'a', '3-bp', 'in-frame', 'deletion', 'at', 'a', '10-fold-higher', 'concentration', '.']
21	['O', 'O', 'O', 'O', 'O', 'O', 'O', 'O', 'O', 'O', 'O', 'O', 'O', 'O', 'O', 'O', 'O', 'O', 'O', 'O', 'O', 'O', 'O', 'O', 'B-A1', 'I-A1', 'I-A1', 'I-A1', 'I-A1', 'O', 'O', 'B-V', 'O', 'B-A0', 'I-A0', 'I-A0', 'O']	['secondly', ',', 'sbp2', 'binding', 'activity', 'is', 'not', 'affected', 'by', 'mutations', 'in', 'the', 'tetra-adenosine', 'element', 'in', 'the', 'terminal', 'region', 'of', 'the', 'phgpx', '3', 'utr', ',', 'repression', 'of', 'the', 'glptq', 'promoter', 'is', 'completely', '#eliminated', 'by', 'a', '6-bp', 'insertion', '.']
22	['B-A1', 'O', 'B-V', 'O', 'B-A0', 'I-A0', 'I-A0', 'I-A0', 'I-A0', 'O', 'O', 'O', 'O', 'O']	['binding', 'was', '#eliminated', 'by', 'a', 'molar', 'ratio', 'of', '5:1', 'at', 'a', '10-fold-higher', 'concentration', '.']
23	['O', 'B-A1', 'I-A1', 'I-A1', 'O', 'O', 'B-V', 'O', 'O', 'O', 'O', 'O', 'O', 'O', 'O', 'O', 'O', 'O', 'O', 'O', 'O', 'O', 'O', 'O']	['that', 'the', 'inhibitory', 'phosphorylation', 'can', 'be', '#eliminated', 'is', 'sufficient', 'to', 'confer', 'constitutive', 'activity', 'upon', 'lin-45', 'raf', 'and', 'induce', 'multi-vulva', 'phenotypes', 'in', 'c', '.elegans', '.']
24	['O', 'O', 'O', 'O', 'O', 'O', 'B-A1', 'I-A1', 'I-A1', 'I-A1', 'I-A1', 'O', 'O', 'B-V', 'O', 'B-A0', 'I-A0', 'I-A0', 'O']	['as', 'illustrated', 'in', 'figure', '1', ',', 'repression', 'of', 'the', 'glptq', 'promoter', 'was', 'not', '#eliminated', 'by', 'a', '6-bp', 'insertion', '.']
25	['B-A0', 'I-A0', 'I-A0', 'B-V', 'B-A1', 'I-A1', 'I-A1', 'I-A1', 'I-A1', 'O', 'O', 'O', 'O', 'O', 'O', 'O', 'O', 'O', 'O']	['a', '6-bp', 'insertion', '#eliminated', 'repression', 'of', 'the', 'glptq', 'promoter', 'while', 'mutation', 'at', 's494', 'had', 'no', 'effect', '(figure', '2c)', '.']
26	['B-A0', 'I-A0', 'I-A0', 'I-A0', 'O', 'O', 'O', 'O', 'O', 'O', 'O', 'O', 'B-V', 'B-A1', 'I-A1', 'I-A1', 'O', 'O', 'O', 'O', 'O', 'O', 'O', 'O', 'O', 'O', 'O', 'O', 'O', 'O', 'O', 'O']	['a', '3-bp', 'in-frame', 'deletion', 'located', 'within', 'o2', 'or', 'between', 'ot', 'and', 'o1', '#eliminates', 'an', 'asparagine', 'residue', ',', 'whereas', 'significant', 'repression', 'was', 'maintained', 'in', 'the', 'case', 'of', 'a', '10-bp', 'insertion', 'within', 'o2', '.']
27	['B-A0', 'I-A0', 'I-A0', 'I-A0', 'O', 'O', 'O', 'O', 'O', 'O', 'O', 'O', 'O', 'B-V', 'B-A1', 'I-A1', 'I-A1', 'O', 'O', 'O', 'O', 'O', 'O', 'O', 'O', 'O', 'O', 'O', 'O', 'O', 'O', 'O', 'O']	['a', '3-bp', 'in-frame', 'deletion', 'located', 'within', 'o2', 'or', 'between', 'ot', 'and', 'o1', 'has', '#eliminated', 'an', 'asparagine', 'residue', ',', 'whereas', 'significant', 'repression', 'was', 'maintained', 'in', 'the', 'case', 'of', 'a', '10-bp', 'insertion', 'within', 'o2', '.']
28	['B-A1', 'I-A1', 'I-A1', 'I-A1', 'I-A1', 'O', 'B-V', 'O', 'B-A0', 'I-A0', 'I-A0', 'O']	['repression', 'of', 'the', 'glptq', 'promoter', 'is', '#eliminated', 'by', 'a', '6-bp', 'insertion', '.']
29	['B-V', 'B-A1', 'I-A1', 'O', 'O', 'O', 'O', 'O', 'O', 'O', 'O', 'O', 'O', 'O', 'O', 'O', 'O', 'O', 'O', 'O', 'O', 'O', 'O', 'O', 'O']	['#eliminating', 'exogenous', 'h(2)o(2)', 'or', 'mimicking', 'activating', 'phosphorylation', 'sites', 'is', 'sufficient', 'to', 'confer', 'constitutive', 'activity', 'upon', 'lin-45', 'raf', 'and', 'induce', 'multi-vulva', 'phenotypes', 'in', 'c', '.elegans', '.']
30	['O', 'O', 'O', 'B-A1', 'O', 'O', 'O', 'O', 'O', 'O', 'O', 'O', 'O', 'O', 'O', 'O', 'O', 'O', 'O', 'O', 'O', 'O', 'O', 'O', 'O', 'B-A0', 'I-A0', 'I-A0', 'I-A0', 'I-A0', 'O', 'B-V', 'B-A1', 'O', 'O', 'O', 'O', 'O', 'O', 'O']	['secondly', ',', 'sbp2', 'binding', 'activity', 'is', 'not', 'affected', 'by', 'mutations', 'in', 'the', 'tetra-adenosine', 'element', 'in', 'the', 'terminal', 'region', 'of', 'the', 'phgpx', '3', 'utr', ',', 'yet', 'a', 'molar', 'ratio', 'of', '5:1', 'completely', '#eliminate', 'binding', '(lesoon', 'et', 'al', '.', ',', '1997)', '.']
31	['O', 'B-V', 'B-A1', 'I-A1', 'I-A1', 'O', 'O', 'O', 'O', 'O', 'O', 'O', 'O', 'O', 'O', 'O', 'O', 'O', 'O', 'O', 'O', 'O', 'O', 'O', 'O', 'O', 'O', 'O', 'O', 'O', 'O', 'O', 'O', 'O']	['for', '#eliminating', 'the', 'inhibitory', 'phosphorylation', 'that', 'might', 'be', 'associated', 'with', 'stable', 'hoxb4', 'gene', 'transfer', 'into', 'human', 'cells', ',', 'we', 'took', 'advantage', 'of', 'the', 'ability', 'of', 'hox', 'proteins', 'to', 'passively', 'translocate', 'through', 'cell', 'membranes', '.']
32	['O', 'O', 'O', 'O', 'O', 'O', 'O', 'O', 'O', 'O', 'O', 'B-A1', 'I-A1', 'I-A1', 'O', 'B-V', 'O']	['the', 'same', 'high', 'level', 'of', 'activation', 'of', 'b-raf', 'occurs', 'only', 'when', 'all', 'three', 'sites', 'were', '#eliminated', '.']
33	['O', 'B-V', 'B-A1', 'I-A1', 'I-A1', 'O', 'O', 'O', 'O', 'O', 'O', 'O', 'O', 'O', 'O', 'O', 'O', 'O', 'O', 'O', 'O', 'O', 'O', 'O', 'O', 'O', 'O', 'O', 'O', 'O', 'O', 'O', 'O', 'O']	['to', '#eliminate', 'any', 'deleterious', 'effects', 'that', 'might', 'be', 'associated', 'with', 'stable', 'hoxb4', 'gene', 'transfer', 'into', 'human', 'cells', ',', 'we', 'took', 'advantage', 'of', 'the', 'ability', 'of', 'hox', 'proteins', 'to', 'passively', 'translocate', 'through', 'cell', 'membranes', '.']
34	['O', 'B-V', 'B-A1', 'I-A1', 'I-A1', 'O', 'O', 'O', 'O', 'O', 'O', 'O', 'O', 'O', 'O', 'O', 'O', 'O', 'O', 'O', 'O', 'O', 'O', 'O', 'O', 'O', 'O', 'O', 'O', 'O', 'O', 'O', 'O', 'O']	['to', '#eliminate', 'all', 'three', 'sites', 'that', 'might', 'be', 'associated', 'with', 'stable', 'hoxb4', 'gene', 'transfer', 'into', 'human', 'cells', ',', 'we', 'took', 'advantage', 'of', 'the', 'ability', 'of', 'hox', 'proteins', 'to', 'passively', 'translocate', 'through', 'cell', 'membranes', '.']
35	['B-A1', 'I-A1', 'I-A1', 'O', 'O', 'B-V', 'O', 'B-A0', 'I-A0', 'I-A0', 'I-A0', 'O', 'O', 'O', 'O', 'O']	['an', 'asparagine', 'residue', 'has', 'been', '#eliminated', 'by', 'a', '3-bp', 'in-frame', 'deletion', 'at', 'a', '10-fold-higher', 'concentration', '.']
36	['O', 'O', 'O', 'O', 'O', 'O', 'O', 'B-A0', 'I-A0', 'I-A0', 'I-A0', 'O', 'O', 'B-V', 'B-A1', 'I-A1', 'I-A1', 'O', 'B-A2', 'I-A2', 'I-A2', 'I-A2', 'O', 'O', 'O', 'O', 'O', 'O', 'O', 'O', 'O', 'O', 'O', 'O', 'O', 'O', 'O', 'O', 'O', 'O', 'O', 'O', 'O', 'O', 'O', 'O', 'O', 'O', 'O', 'O', 'O', 'O']	['one', 'of', 'the', 'remaining', 'three', 'families', 'carried', 'a', '3-bp', 'in-frame', 'deletion', 'that', 'would', '#eliminate', 'an', 'asparagine', 'residue', 'within', 'a', 'kinase', 'domain', 'of', 'the', 'product;', 'the', 'other', 'two', 'carried', 'intronic', 'mutations', 'at', 'or', 'adjacent', 'to', 'the', 'consensus', 'dinucleotide', 'sequences', 'of', 'splice-acceptor', 'or-donor', 'sites', ',', 'which', 'were', 'likely', 'to', 'lead', 'to', 'aberrant', 'splicing', '.']
37	['B-A0', 'I-A0', 'I-A0', 'I-A0', 'O', 'B-V', 'B-A1', 'I-A1', 'I-A1', 'O', 'B-A2', 'I-A2', 'I-A2', 'I-A2', 'I-A2', 'I-A2', 'O']	['a', '3-bp', 'in-frame', 'deletion', 'can', '#eliminate', 'an', 'asparagine', 'residue', 'in', 'a', 'kinase', 'domain', 'of', 'the', 'product', '.']
38	['O', 'B-A0', 'I-A0', 'I-A0', 'I-A0', 'I-A0', 'O', 'B-A1', 'O', 'O', 'B-V', 'O', 'O', 'O']	['at', 'a', 'molar', 'ratio', 'of', '5:1', ',', 'binding', 'is', 'completely', '#eliminated', '(figure', '7)', '.']
39	['O', 'O', 'O', 'B-A0', 'I-A0', 'I-A0', 'O', 'O', 'O', 'O', 'O', 'O', 'O', 'O', 'O', 'B-V', 'B-A1', 'I-A1', 'I-A1', 'I-A1', 'I-A1', 'O', 'O', 'O', 'O', 'O', 'O', 'O', 'O', 'O', 'O']	['they', 'establish', 'that', 'a', '6-bp', 'insertion', ',', 'as', 'may', 'occur', 'following', 'caspase', 'activation', ',', 'could', '#eliminate', 'repression', 'of', 'the', 'glptq', 'promoter', 'required', 'for', 'skeletal', 'muscle', 'regeneration', 'during', 'chronic', 'catabolic', 'conditions', '.']
40	['O', 'O', 'O', 'O', 'O', 'O', 'B-A1', 'I-A1', 'I-A1', 'O', 'O', 'O', 'B-V', 'O', 'B-A0', 'I-A0', 'I-A0', 'I-A0', 'O']	['as', 'illustrated', 'in', 'figure', '1', ',', 'an', 'asparagine', 'residue', 'will', 'not', 'be', '#eliminated', 'by', 'a', '3-bp', 'in-frame', 'deletion', '.']
41	['B-A0', 'I-A0', 'I-A0', 'I-A0', 'I-A0', 'O', 'O', 'O', 'O', 'B-V', 'B-A1', 'O']	['a', 'molar', 'ratio', 'of', '5:1', 'at', 'a', '10-fold-higher', 'concentration', '#eliminated', 'binding', '.']
42	['O', 'O', 'O', 'B-A1', 'I-A1', 'I-A1', 'O', 'O', 'O', 'O', 'O', 'O', 'O', 'O', 'O', 'O', 'O', 'O', 'O', 'O', 'O', 'O', 'O', 'O', 'O', 'O', 'B-A0', 'I-A0', 'I-A0', 'I-A0', 'O', 'B-V', 'O', 'O']	['secondly', ',', 'sbp2', 'an', 'asparagine', 'residue', 'activity', 'is', 'not', 'affected', 'by', 'mutations', 'in', 'the', 'tetra-adenosine', 'element', 'in', 'the', 'terminal', 'region', 'of', 'the', 'phgpx', '3', 'utr', ',', 'a', '3-bp', 'in-frame', 'deletion', 'completely', '#eliminated', 'binding', '.']
43	['B-A0', 'I-A0', 'I-A0', 'O', 'B-V', 'B-A1', 'I-A1', 'I-A1', 'I-A1', 'I-A1', 'O', 'O', 'O', 'O', 'O', 'O', 'O', 'O', 'O', 'O', 'O', 'O', 'O', 'O', 'O', 'O', 'O', 'O', 'O', 'O', 'O', 'O', 'O', 'O', 'O']	['a', '6-bp', 'insertion', 'which', '#eliminates', 'repression', 'of', 'the', 'glptq', 'promoter', 'is', 'located', 'within', 'o2', 'or', 'between', 'ot', 'and', 'o1', ',', 'whereas', 'significant', 'repression', 'is', 'maintained', 'in', 'the', 'case', 'of', 'a', '10-bp', 'insertion', 'within', 'o2', '.']
44	['O', 'O', 'O', 'B-A1', 'O', 'O', 'O', 'O', 'O', 'O', 'O', 'O', 'O', 'O', 'O', 'O', 'O', 'O', 'O', 'O', 'O', 'O', 'O', 'O', 'B-A0', 'I-A0', 'I-A0', 'I-A0', 'I-A0', 'O', 'B-V', 'B-A1', 'O']	['secondly', ',', 'sbp2', 'binding', 'activity', 'is', 'not', 'affected', 'by', 'mutations', 'in', 'the', 'tetra-adenosine', 'element', 'in', 'the', 'terminal', 'region', 'of', 'the', 'phgpx', '3', 'utr', ',', 'a', 'molar', 'ratio', 'of', '5:1', 'completely', '#eliminate', 'binding', '.']
45	['O', 'O', 'O', 'O', 'O', 'O', 'O', 'O', 'O', 'O', 'O', 'B-A1', 'I-A1', 'I-A1', 'O', 'B-V', 'O']	['the', 'same', 'high', 'level', 'of', 'activation', 'of', 'b-raf', 'occurs', 'only', 'when', 'any', 'deleterious', 'effects', 'were', '#eliminated', '.']
46	['B-A1', 'I-A1', 'I-A1', 'O', 'B-V', 'O', 'B-A0', 'I-A0', 'I-A0', 'I-A0', 'O', 'B-A2', 'I-A2', 'I-A2', 'I-A2', 'I-A2', 'I-A2', 'O']	['an', 'asparagine', 'residue', 'is', '#eliminated', 'by', 'a', '3-bp', 'in-frame', 'deletion', 'in', 'a', 'kinase', 'domain', 'of', 'the', 'product', '.']
47	['B-V', 'B-A1', 'I-A1', 'I-A1', 'O', 'O', 'O', 'O', 'O', 'O', 'O', 'O', 'O', 'O', 'O', 'O', 'O', 'O', 'O', 'O', 'O', 'O', 'O', 'O', 'O', 'O']	['#eliminating', 'the', 'inhibitory', 'phosphorylation', 'or', 'mimicking', 'activating', 'phosphorylation', 'sites', 'is', 'sufficient', 'to', 'confer', 'constitutive', 'activity', 'upon', 'lin-45', 'raf', 'and', 'induce', 'multi-vulva', 'phenotypes', 'in', 'c', '.elegans', '.']
48	['O', 'B-A0', 'I-A0', 'I-A0', 'I-A0', 'I-A0', 'O', 'B-A1', 'O', 'O', 'O', 'B-V', 'O', 'O', 'O']	['at', 'a', 'molar', 'ratio', 'of', '5:1', ',', 'binding', 'can', 'be', 'completely', '#eliminated', '(figure', '7)', '.']
49	['B-A0', 'I-A0', 'I-A0', 'I-A0', 'I-A0', 'O', 'O', 'O', 'O', 'O', 'O', 'O', 'O', 'B-V', 'B-A1', 'O', 'O', 'O', 'O', 'O', 'O', 'O', 'O', 'O', 'I-A0', 'O', 'O', 'O', 'O', 'O', 'O']	['a', 'molar', 'ratio', 'of', '5:1', 'located', 'within', 'o2', 'or', 'between', 'ot', 'and', 'o1', '#eliminates', 'binding', ',', 'whereas', 'significant', 'repression', 'was', 'maintained', 'in', 'the', 'case', 'of', 'a', '10-bp', 'insertion', 'within', 'o2', '.']
50	['O', 'B-V', 'B-A1', 'I-A1', 'O', 'O', 'O', 'O', 'O', 'O', 'O', 'O', 'O', 'O', 'O']	['to', '#eliminate', 'exogenous', 'h(2)o(2)', 'make', 'the', 'same', 'high', 'level', 'of', 'activation', 'of', 'b-raf', 'occurs', '.']
51	['O', 'O', 'O', 'O', 'O', 'O', 'B-A1', 'O', 'O', 'B-V', 'O', 'B-A0', 'I-A0', 'I-A0', 'I-A0', 'I-A0', 'O']	['as', 'illustrated', 'in', 'figure', '1', ',', 'binding', 'was', 'not', '#eliminated', 'by', 'a', 'molar', 'ratio', 'of', '5:1', '.']
52	['O', 'O', 'O', 'O', 'O', 'B-A0', 'I-A0', 'I-A0', 'I-A0', 'I-A0', 'O', 'B-V', 'B-A1', 'O']	['in', 'gel', 'shift', 'assay', ',', 'a', 'molar', 'ratio', 'of', '5:1', 'has', '#eliminated', 'binding', '.']
53	['O', 'O', 'O', 'B-A1', 'I-A1', 'I-A1', 'O', 'O', 'O', 'O', 'O', 'O', 'O', 'O', 'O', 'O', 'O', 'O', 'O', 'O', 'O', 'O', 'O', 'O', 'O', 'O', 'O', 'O', 'O', 'B-V', 'O', 'B-A0', 'I-A0', 'I-A0', 'I-A0', 'O']	['secondly', ',', 'sbp2', 'an', 'asparagine', 'residue', 'activity', 'is', 'not', 'affected', 'by', 'mutations', 'in', 'the', 'tetra-adenosine', 'element', 'in', 'the', 'terminal', 'region', 'of', 'the', 'phgpx', '3', 'utr', ',', 'binding', 'was', 'completely', '#eliminated', 'by', 'a', '3-bp', 'in-frame', 'deletion', '.']
54	['O', 'O', 'O', 'O', 'O', 'O', 'B-A1', 'I-A1', 'I-A1', 'I-A1', 'I-A1', 'O', 'O', 'O', 'B-V', 'O', 'B-A0', 'I-A0', 'I-A0', 'O']	['as', 'illustrated', 'in', 'figure', '1', ',', 'repression', 'of', 'the', 'glptq', 'promoter', 'will', 'not', 'be', '#eliminated', 'by', 'a', '6-bp', 'insertion', '.']
55	['O', 'O', 'O', 'O', 'O', 'B-A0', 'I-A0', 'I-A0', 'I-A0', 'B-V', 'B-A1', 'I-A1', 'I-A1', 'O']	['in', 'gel', 'shift', 'assay', ',', 'a', '3-bp', 'in-frame', 'deletion', '#eliminates', 'an', 'asparagine', 'residue', '.']
56	['O', 'B-V', 'B-A1', 'I-A1', 'I-A1', 'O', 'O', 'O', 'O', 'O', 'O', 'O', 'O', 'O', 'O', 'O', 'O', 'O', 'O', 'O', 'O', 'O', 'O', 'O', 'O', 'O', 'O', 'O', 'O', 'O', 'O', 'O', 'O', 'O']	['for', '#eliminating', 'all', 'three', 'sites', 'that', 'might', 'be', 'associated', 'with', 'stable', 'hoxb4', 'gene', 'transfer', 'into', 'human', 'cells', ',', 'we', 'took', 'advantage', 'of', 'the', 'ability', 'of', 'hox', 'proteins', 'to', 'passively', 'translocate', 'through', 'cell', 'membranes', '.']
57	['O', 'B-A1', 'I-A1', 'I-A1', 'O', 'O', 'B-V', 'O', 'O', 'O', 'O', 'O', 'O', 'O', 'O', 'O', 'O', 'O', 'O', 'O', 'O', 'O', 'O', 'O']	['that', 'the', 'inhibitory', 'phosphorylation', 'has', 'been', '#eliminated', 'is', 'sufficient', 'to', 'confer', 'constitutive', 'activity', 'upon', 'lin-45', 'raf', 'and', 'induce', 'multi-vulva', 'phenotypes', 'in', 'c', '.elegans', '.']
58	['O', 'O', 'O', 'O', 'O', 'O', 'O', 'O', 'O', 'O', 'O', 'O', 'O', 'O', 'O', 'O', 'O', 'O', 'O', 'O', 'O', 'O', 'O', 'O', 'O', 'B-A0', 'I-A0', 'I-A0', 'O', 'B-V', 'B-A1', 'I-A1', 'I-A1', 'I-A1', 'I-A1', 'O', 'O', 'O', 'O', 'O', 'O', 'O']	['secondly', ',', 'sbp2', 'binding', 'activity', 'is', 'not', 'affected', 'by', 'mutations', 'in', 'the', 'tetra-adenosine', 'element', 'in', 'the', 'terminal', 'region', 'of', 'the', 'phgpx', '3', 'utr', ',', 'yet', 'a', '6-bp', 'insertion', 'completely', '#eliminate', 'repression', 'of', 'the', 'glptq', 'promoter', '(lesoon', 'et', 'al', '.', ',', '1997)', '.']
59	['O', 'O', 'O', 'O', 'O', 'O', 'O', 'O', 'O', 'O', 'O', 'O', 'O', 'O', 'O', 'O', 'O', 'O', 'O', 'O', 'O', 'O', 'O', 'O', 'B-A0', 'I-A0', 'I-A0', 'O', 'B-V', 'B-A1', 'I-A1', 'I-A1', 'I-A1', 'I-A1', 'O']	['secondly', ',', 'sbp2', 'binding', 'activity', 'is', 'not', 'affected', 'by', 'mutations', 'in', 'the', 'tetra-adenosine', 'element', 'in', 'the', 'terminal', 'region', 'of', 'the', 'phgpx', '3', 'utr', ',', 'a', '6-bp', 'insertion', 'completely', '#eliminated', 'repression', 'of', 'the', 'glptq', 'promoter', '.']
60	['O', 'O', 'O', 'O', 'O', 'O', 'B-A0', 'I-A0', 'I-A0', 'I-A0', 'O', 'O', 'B-V', 'B-A1', 'I-A1', 'I-A1', 'O']	['as', 'illustrated', 'in', 'figure', '1', ',', 'a', '3-bp', 'in-frame', 'deletion', 'can', 'not', '#eliminate', 'an', 'asparagine', 'residue', '.']
61	['B-A0', 'I-A0', 'I-A0', 'I-A0', 'I-A0', 'O', 'B-V', 'B-A1', 'O', 'O', 'O', 'O', 'O', 'O', 'O', 'O', 'O', 'O', 'O', 'O', 'O', 'O', 'O', 'O', 'O', 'O', 'I-A0', 'O', 'O', 'O', 'O', 'O', 'O']	['a', 'molar', 'ratio', 'of', '5:1', 'which', '#eliminated', 'binding', 'was', 'located', 'within', 'o2', 'or', 'between', 'ot', 'and', 'o1', ',', 'whereas', 'significant', 'repression', 'was', 'maintained', 'in', 'the', 'case', 'of', 'a', '10-bp', 'insertion', 'within', 'o2', '.']
62	['O', 'B-V', 'B-A1', 'I-A1', 'I-A1', 'O', 'O', 'O', 'O', 'O', 'O', 'O', 'O', 'O', 'O', 'O', 'O', 'O', 'O', 'O', 'O', 'O', 'O', 'O', 'O', 'O', 'O', 'O', 'O', 'O', 'O', 'O', 'O', 'O']	['for', '#eliminating', 'any', 'deleterious', 'effects', 'that', 'might', 'be', 'associated', 'with', 'stable', 'hoxb4', 'gene', 'transfer', 'into', 'human', 'cells', ',', 'we', 'took', 'advantage', 'of', 'the', 'ability', 'of', 'hox', 'proteins', 'to', 'passively', 'translocate', 'through', 'cell', 'membranes', '.']
63	['O', 'O', 'O', 'O', 'O', 'B-A0', 'I-A0', 'I-A0', 'I-A0', 'O', 'B-V', 'B-A1', 'I-A1', 'I-A1', 'O']	['in', 'gel', 'shift', 'assay', ',', 'a', '3-bp', 'in-frame', 'deletion', 'will', '#eliminate', 'an', 'asparagine', 'residue', '.']
64	['B-A0', 'I-A0', 'I-A0', 'O', 'O', 'O', 'O', 'O', 'O', 'O', 'O', 'B-V', 'B-A1', 'I-A1', 'I-A1', 'I-A1', 'I-A1', 'O', 'O', 'O', 'O', 'O', 'O', 'O', 'O', 'O', 'O', 'O', 'O', 'O', 'O', 'O', 'O']	['a', '6-bp', 'insertion', 'located', 'within', 'o2', 'or', 'between', 'ot', 'and', 'o1', '#eliminated', 'repression', 'of', 'the', 'glptq', 'promoter', ',', 'whereas', 'significant', 'repression', 'was', 'maintained', 'in', 'the', 'case', 'of', 'a', '10-bp', 'insertion', 'within', 'o2', '.']
65	['O', 'B-A0', 'I-A0', 'I-A0', 'I-A0', 'O', 'B-A1', 'I-A1', 'I-A1', 'O', 'O', 'O', 'B-V', 'O', 'O', 'O']	['at', 'a', '3-bp', 'in-frame', 'deletion', ',', 'an', 'asparagine', 'residue', 'will', 'be', 'completely', '#eliminated', '(figure', '7)', '.']
66	['O', 'O', 'O', 'O', 'O', 'O', 'B-A0', 'I-A0', 'I-A0', 'I-A0', 'I-A0', 'O', 'O', 'B-V', 'B-A1', 'O']	['as', 'illustrated', 'in', 'figure', '1', ',', 'a', 'molar', 'ratio', 'of', '5:1', 'does', 'not', '#eliminate', 'binding', '.']
67	['B-A2', 'I-A2', 'O', 'O', 'O', 'O', 'O', 'O', 'O', 'O', 'O', 'O', 'O', 'O', 'O', 'O', 'O', 'O', 'O', 'B-V', 'B-A1', 'I-A1', 'O']	['transgenic', 'plants', 'expressing', 'atndk1', 'under', 'control', 'of', 'the', 'camv', '35s', 'promoter', 'exhibited', 'tolerance', 'to', 'paraquat', 'and', 'high', 'ability', 'to', '#eliminate', 'exogenous', 'h(2)o(2)', '.']
68	['B-A1', 'I-A1', 'I-A1', 'O', 'O', 'B-V', 'O', 'B-A0', 'I-A0', 'I-A0', 'I-A0', 'O', 'O', 'O', 'O', 'O']	['an', 'asparagine', 'residue', 'will', 'be', '#eliminated', 'by', 'a', '3-bp', 'in-frame', 'deletion', 'at', 'a', '10-fold-higher', 'concentration', '.']
69	['B-A0', 'I-A0', 'I-A0', 'I-A0', 'O', 'O', 'O', 'O', 'B-V', 'B-A1', 'I-A1', 'I-A1', 'O']	['a', '3-bp', 'in-frame', 'deletion', 'at', 'a', '10-fold-higher', 'concentration', '#eliminate', 'an', 'asparagine', 'residue', '.']
70	['O', 'O', 'O', 'O', 'O', 'O', 'B-A0', 'I-A0', 'I-A0', 'O', 'O', 'B-V', 'B-A1', 'I-A1', 'I-A1', 'I-A1', 'I-A1', 'O']	['as', 'illustrated', 'in', 'figure', '1', ',', 'a', '6-bp', 'insertion', 'did', 'not', '#eliminate', 'repression', 'of', 'the', 'glptq', 'promoter', '.']
71	['O', 'O', 'O', 'O', 'O', 'B-A0', 'I-A0', 'I-A0', 'I-A0', 'I-A0', 'B-V', 'B-A1', 'O']	['in', 'gel', 'shift', 'assay', ',', 'a', 'molar', 'ratio', 'of', '5:1', '#eliminated', 'binding', '.']
72	['B-A2', 'I-A2', 'O', 'O', 'O', 'O', 'O', 'O', 'O', 'O', 'O', 'O', 'O', 'O', 'O', 'O', 'O', 'O', 'O', 'B-V', 'B-A1', 'I-A1', 'O']	['transgenic', 'plants', 'expressing', 'atndk1', 'under', 'control', 'of', 'the', 'camv', '35s', 'promoter', 'exhibited', 'tolerance', 'to', 'paraquat', 'and', 'high', 'ability', 'for', '#eliminating', 'exogenous', 'h(2)o(2)', '.']
73	['B-A0', 'I-A0', 'I-A0', 'I-A0', 'O', 'B-V', 'B-A1', 'I-A1', 'I-A1', 'O', 'O', 'O', 'O', 'O', 'O', 'O', 'O', 'O', 'O', 'O', 'O', 'O', 'O', 'O', 'O', 'O', 'O', 'O', 'O', 'O', 'O', 'O', 'O', 'O']	['a', '3-bp', 'in-frame', 'deletion', 'which', '#eliminated', 'an', 'asparagine', 'residue', 'was', 'located', 'within', 'o2', 'or', 'between', 'ot', 'and', 'o1', ',', 'whereas', 'significant', 'repression', 'was', 'maintained', 'in', 'the', 'case', 'of', 'a', '10-bp', 'insertion', 'within', 'o2', '.']
74	['O', 'O', 'O', 'O', 'O', 'B-A0', 'I-A0', 'I-A0', 'B-V', 'B-A1', 'I-A1', 'I-A1', 'I-A1', 'I-A1', 'O']	['in', 'gel', 'shift', 'assay', ',', 'a', '6-bp', 'insertion', '#eliminated', 'repression', 'of', 'the', 'glptq', 'promoter', '.']
75	['B-V', 'B-A1', 'I-A1', 'I-A1', 'O', 'O', 'O', 'O', 'O', 'O', 'O', 'O', 'O', 'O', 'O']	['#eliminating', 'all', 'three', 'sites', 'makes', 'the', 'same', 'high', 'level', 'of', 'activation', 'of', 'b-raf', 'occurs', '.']
76	['O', 'O', 'O', 'O', 'O', 'O', 'B-A1', 'I-A1', 'I-A1', 'I-A1', 'I-A1', 'O', 'O', 'B-V', 'O', 'B-A0', 'I-A0', 'I-A0', 'O']	['as', 'illustrated', 'in', 'figure', '1', ',', 'repression', 'of', 'the', 'glptq', 'promoter', 'is', 'not', '#eliminated', 'by', 'a', '6-bp', 'insertion', '.']
77	['B-A1', 'I-A1', 'I-A1', 'I-A1', 'I-A1', 'O', 'B-V', 'O', 'B-A0', 'I-A0', 'I-A0', 'O']	['repression', 'of', 'the', 'glptq', 'promoter', 'was', '#eliminated', 'by', 'a', '6-bp', 'insertion', '.']
78	['B-A1', 'O', 'B-V', 'O', 'B-A0', 'I-A0', 'I-A0', 'I-A0', 'I-A0', 'O', 'O', 'O', 'O', 'O']	['binding', 'is', '#eliminated', 'by', 'a', 'molar', 'ratio', 'of', '5:1', 'at', 'a', '10-fold-higher', 'concentration', '.']
79	['B-A0', 'I-A0', 'I-A0', 'I-A0', 'I-A0', 'B-V', 'B-A1', 'O', 'O', 'O', 'O', 'O', 'O', 'O', 'O', 'O', 'O']	['a', 'molar', 'ratio', 'of', '5:1', '#eliminated', 'binding', 'while', 'mutation', 'at', 's494', 'had', 'no', 'effect', '(figure', '2c)', '.']
80	['O', 'O', 'O', 'B-A1', 'O', 'O', 'O', 'O', 'O', 'O', 'O', 'O', 'O', 'O', 'O', 'O', 'O', 'O', 'O', 'O', 'O', 'O', 'O', 'O', 'B-A0', 'I-A0', 'I-A0', 'I-A0', 'I-A0', 'O', 'O', 'B-V', 'B-A1', 'O', 'O', 'O', 'O', 'O', 'O', 'O']	['secondly', ',', 'sbp2', 'binding', 'activity', 'is', 'not', 'affected', 'by', 'mutations', 'in', 'the', 'tetra-adenosine', 'element', 'in', 'the', 'terminal', 'region', 'of', 'the', 'phgpx', '3', 'utr', ',', 'a', 'molar', 'ratio', 'of', '5:1', 'can', 'completely', '#eliminate', 'binding', '(lesoon', 'et', 'al', '.', ',', '1997)', '.']
81	['O', 'O', 'O', 'O', 'O', 'O', 'O', 'O', 'O', 'O', 'O', 'O', 'O', 'O', 'O', 'O', 'O', 'O', 'O', 'O', 'O', 'O', 'O', 'O', 'B-A1', 'I-A1', 'I-A1', 'I-A1', 'I-A1', 'O', 'O', 'B-V', 'O', 'B-A0', 'I-A0', 'I-A0', 'O']	['secondly', ',', 'sbp2', 'binding', 'activity', 'is', 'not', 'affected', 'by', 'mutations', 'in', 'the', 'tetra-adenosine', 'element', 'in', 'the', 'terminal', 'region', 'of', 'the', 'phgpx', '3', 'utr', ',', 'repression', 'of', 'the', 'glptq', 'promoter', 'was', 'completely', '#eliminated', 'by', 'a', '6-bp', 'insertion', '.']
82	['O', 'O', 'O', 'O', 'O', 'B-A0', 'I-A0', 'I-A0', 'I-A0', 'I-A0', 'O', 'B-V', 'B-A1', 'O']	['in', 'gel', 'shift', 'assay', ',', 'a', 'molar', 'ratio', 'of', '5:1', 'will', '#eliminate', 'binding', '.']
83	['B-A0', 'I-A0', 'I-A0', 'I-A0', 'B-V', 'B-A1', 'I-A1', 'I-A1', 'O', 'O', 'O', 'O', 'O', 'O', 'O', 'O', 'O', 'O']	['a', '3-bp', 'in-frame', 'deletion', '#eliminates', 'an', 'asparagine', 'residue', 'while', 'mutation', 'at', 's494', 'has', 'no', 'effect', '(figure', '2c)', '.']
84	['O', 'O', 'O', 'B-A1', 'O', 'O', 'O', 'O', 'O', 'O', 'O', 'O', 'O', 'O', 'O', 'O', 'O', 'O', 'O', 'O', 'O', 'O', 'O', 'O', 'B-A1', 'O', 'O', 'B-V', 'O', 'B-A0', 'I-A0', 'I-A0', 'I-A0', 'I-A0', 'O']	['secondly', ',', 'sbp2', 'binding', 'activity', 'is', 'not', 'affected', 'by', 'mutations', 'in', 'the', 'tetra-adenosine', 'element', 'in', 'the', 'terminal', 'region', 'of', 'the', 'phgpx', '3', 'utr', ',', 'binding', 'was', 'completely', '#eliminated', 'by', 'a', 'molar', 'ratio', 'of', '5:1', '.']
85	['B-A0', 'I-A0', 'I-A0', 'I-A0', 'B-V', 'B-A1', 'I-A1', 'I-A1', 'O', 'O', 'O', 'O', 'O', 'O', 'O', 'O', 'O', 'O']	['a', '3-bp', 'in-frame', 'deletion', '#eliminated', 'an', 'asparagine', 'residue', 'while', 'mutation', 'at', 's494', 'had', 'no', 'effect', '(figure', '2c)', '.']
86	['O', 'O', 'O', 'O', 'O', 'O', 'O', 'O', 'O', 'O', 'O', 'O', 'O', 'O', 'O', 'O', 'O', 'O', 'O', 'O', 'O', 'O', 'O', 'O', 'B-A0', 'I-A0', 'I-A0', 'O', 'O', 'B-V', 'B-A1', 'I-A1', 'I-A1', 'I-A1', 'I-A1', 'O', 'O', 'O', 'O', 'O', 'O', 'O']	['secondly', ',', 'sbp2', 'binding', 'activity', 'is', 'not', 'affected', 'by', 'mutations', 'in', 'the', 'tetra-adenosine', 'element', 'in', 'the', 'terminal', 'region', 'of', 'the', 'phgpx', '3', 'utr', ',', 'a', '6-bp', 'insertion', 'can', 'completely', '#eliminate', 'repression', 'of', 'the', 'glptq', 'promoter', '(lesoon', 'et', 'al', '.', ',', '1997)', '.']
87	['B-A1', 'I-A1', 'I-A1', 'I-A1', 'I-A1', 'O', 'O', 'B-V', 'O', 'B-A0', 'I-A0', 'I-A0', 'O', 'O', 'O', 'O', 'O']	['repression', 'of', 'the', 'glptq', 'promoter', 'will', 'be', '#eliminated', 'by', 'a', '6-bp', 'insertion', 'at', 'a', '10-fold-higher', 'concentration', '.']
88	['B-A0', 'I-A0', 'I-A0', 'I-A0', 'I-A0', 'O', 'O', 'O', 'O', 'O', 'O', 'O', 'O', 'O', 'B-V', 'B-A1', 'O', 'O', 'O', 'O', 'O', 'O', 'O', 'O', 'O', 'O', 'I-A0', 'O', 'O', 'O', 'O', 'O', 'O']	['a', 'molar', 'ratio', 'of', '5:1', 'located', 'within', 'o2', 'or', 'between', 'ot', 'and', 'o1', 'will', '#eliminate', 'binding', ',', 'whereas', 'significant', 'repression', 'will', 'be', 'maintained', 'in', 'the', 'case', 'of', 'a', '10-bp', 'insertion', 'within', 'o2', '.']
89	['O', 'O', 'O', 'O', 'O', 'O', 'O', 'O', 'O', 'O', 'O', 'B-A1', 'I-A1', 'I-A1', 'O', 'B-V', 'O']	['the', 'same', 'high', 'level', 'of', 'activation', 'of', 'b-raf', 'occurs', 'only', 'when', 'all', 'three', 'sites', 'are', '#eliminated', '.']
90	['O', 'O', 'O', 'B-A1', 'I-A1', 'I-A1', 'O', 'O', 'O', 'O', 'O', 'O', 'O', 'O', 'O', 'O', 'O', 'O', 'O', 'O', 'O', 'O', 'O', 'O', 'O', 'O', 'O', 'B-A0', 'I-A0', 'I-A0', 'I-A0', 'O', 'B-V', 'O', 'O', 'O', 'O', 'O', 'O', 'O', 'O']	['secondly', ',', 'sbp2', 'an', 'asparagine', 'residue', 'activity', 'is', 'not', 'affected', 'by', 'mutations', 'in', 'the', 'tetra-adenosine', 'element', 'in', 'the', 'terminal', 'region', 'of', 'the', 'phgpx', '3', 'utr', ',', 'yet', 'a', '3-bp', 'in-frame', 'deletion', 'completely', '#eliminate', 'binding', '(lesoon', 'et', 'al', '.', ',', '1997)', '.']
91	['O', 'O', 'O', 'O', 'O', 'B-A0', 'I-A0', 'I-A0', 'I-A0', 'I-A0', 'B-V', 'B-A1', 'O']	['in', 'gel', 'shift', 'assay', ',', 'a', 'molar', 'ratio', 'of', '5:1', '#eliminates', 'binding', '.']
92	['B-A0', 'I-A0', 'O', 'B-V', 'B-A1', 'I-A1', 'I-A1', 'O', 'O', 'O', 'O', 'O', 'O', 'O', 'O', 'O', 'O', 'O', 'O', 'O', 'O', 'O', 'O', 'O', 'O', 'O', 'O', 'O', 'O', 'O', 'O', 'O']	['one', 'mutation', 'which', '#eliminates', 'the', 'bamhi', 'site', 'is', 'located', 'within', 'o2', 'or', 'between', 'ot', 'and', 'o1', ',', 'whereas', 'significant', 'repression', 'is', 'maintained', 'in', 'the', 'case', 'of', 'a', '10-bp', 'insertion', 'within', 'o2', '.']
93	['O', 'O', 'O', 'O', 'O', 'O', 'O', 'O', 'O', 'O', 'O', 'O', 'O', 'O', 'O', 'O', 'O', 'O', 'O', 'O', 'O', 'O', 'O', 'O', 'B-A1', 'I-A1', 'I-A1', 'O', 'O', 'B-V', 'O', 'B-A0', 'I-A0', 'O']	['secondly', ',', 'sbp2', 'binding', 'activity', 'is', 'not', 'affected', 'by', 'mutations', 'in', 'the', 'tetra-adenosine', 'element', 'in', 'the', 'terminal', 'region', 'of', 'the', 'phgpx', '3', 'utr', ',', 'the', 'bamhi', 'site', 'is', 'completely', '#eliminated', 'by', 'one', 'mutation', '.']
94	['O', 'O', 'O', 'O', 'O', 'B-A0', 'I-A0', 'B-V', 'B-A0', 'O', 'I-A1', 'O']	['in', 'gel', 'shift', 'assay', ',', 'the', 'other', '#eliminated', 'the', 'hindiii', 'site', '.']
95	['B-A0', 'I-A0', 'I-A0', 'I-A0', 'I-A0', 'I-A0', 'O', 'B-V', 'B-A1', 'I-A1', 'I-A1', 'I-A1', 'I-A1', 'O', 'O', 'O', 'O', 'O', 'O', 'O', 'O', 'O', 'O']	['staurosporin', '(or', 'genestein;', 'data', 'not', 'shown)', 'can', '#eliminate', 'the', 'stabilization', 'seen', 'with', 'mg132', 'while', 'mutation', 'at', 's494', 'has', 'no', 'effect', '(figure', '2c)', '.']
96	['O', 'O', 'O', 'O', 'O', 'B-A0', 'I-A0', 'I-A0', 'B-V', 'B-A1', 'I-A1', 'O']	['in', 'gel', 'shift', 'assay', ',', 'these', 'same', 'mutations', '#eliminated', 'sec', 'incorporation', '.']
97	['B-A0', 'I-A0', 'I-A0', 'I-A0', 'I-A0', 'I-A0', 'O', 'O', 'O', 'O', 'B-V', 'B-A1', 'I-A1', 'I-A1', 'I-A1', 'I-A1', 'O']	['staurosporin', '(or', 'genestein;', 'data', 'not', 'shown)', 'at', 'a', '10-fold-higher', 'concentration', '#eliminate', 'the', 'stabilization', 'seen', 'with', 'mg132', '.']
98	['O', 'O', 'O', 'B-A1', 'I-A1', 'I-A1', 'O', 'O', 'O', 'O', 'O', 'O', 'O', 'O', 'O', 'O', 'O', 'O', 'O', 'O', 'O', 'O', 'O', 'O', 'O', 'O', 'B-A0', 'I-A0', 'O', 'B-V', 'O', 'O']	['secondly', ',', 'sbp2', 'the', 'bamhi', 'site', 'activity', 'is', 'not', 'affected', 'by', 'mutations', 'in', 'the', 'tetra-adenosine', 'element', 'in', 'the', 'terminal', 'region', 'of', 'the', 'phgpx', '3', 'utr', ',', 'one', 'mutation', 'completely', '#eliminate', 'binding', '.']
99	['O', 'O', 'O', 'B-A1', 'I-A1', 'I-A1', 'O', 'O', 'O', 'O', 'O', 'O', 'O', 'O', 'O', 'O', 'O', 'O', 'O', 'O', 'O', 'O', 'O', 'O', 'O', 'O', 'B-A0', 'I-A0', 'O', 'O', 'B-V', 'O', 'O', 'O', 'O', 'O', 'O', 'O', 'O']	['secondly', ',', 'sbp2', 'the', 'hindiii', 'site', 'activity', 'is', 'not', 'affected', 'by', 'mutations', 'in', 'the', 'tetra-adenosine', 'element', 'in', 'the', 'terminal', 'region', 'of', 'the', 'phgpx', '3', 'utr', ',', 'the', 'other', 'can', 'completely', '#eliminate', 'binding', '(lesoon', 'et', 'al', '.', ',', '1997)', '.']
100	['O', 'O', 'O', 'O', 'O', 'B-A0', 'I-A0', 'I-A0', 'I-A0', 'I-A0', 'I-A0', 'B-V', 'B-A1', 'I-A1', 'I-A1', 'I-A1', 'I-A1', 'O']	['in', 'gel', 'shift', 'assay', ',', 'staurosporin', '(or', 'genestein;', 'data', 'not', 'shown)', '#eliminates', 'the', 'stabilization', 'seen', 'with', 'mg132', '.']
101	['B-A1', 'I-A1', 'I-A1', 'O', 'B-V', 'O', 'B-A0', 'I-A0', 'O', 'B-A2', 'I-A2', 'I-A2', 'B-A0', 'O', 'O', 'I-A2', 'O']	['the', 'hindiii', 'site', 'was', '#eliminated', 'by', 'the', 'other', 'in', 'exon', '11', 'of', 'the', 'phenylalanine', 'hydroxylase', 'gene', '.']
102	['B-A1', 'I-A1', 'I-A1', 'O', 'B-V', 'O', 'B-A0', 'I-A0', 'O', 'B-A2', 'I-A2', 'I-A2', 'B-A0', 'O', 'O', 'I-A2', 'O']	['the', 'hindiii', 'site', 'is', '#eliminated', 'by', 'the', 'other', 'in', 'exon', '11', 'of', 'the', 'phenylalanine', 'hydroxylase', 'gene', '.']
103	['O', 'O', 'O', 'O', 'O', 'O', 'B-A1', 'I-A1', 'I-A1', 'I-A1', 'I-A1', 'O', 'O', 'B-V', 'O', 'B-A0', 'I-A0', 'I-A0', 'I-A0', 'I-A0', 'I-A0', 'O']	['as', 'illustrated', 'in', 'figure', '1', ',', 'the', 'stabilization', 'seen', 'with', 'mg132', 'is', 'not', '#eliminated', 'by', 'staurosporin', '(or', 'genestein;', 'data', 'not', 'shown)', '.']
104	['O', 'O', 'O', 'O', 'O', 'B-A0', 'I-A0', 'O', 'B-V', 'B-A0', 'O', 'I-A1', 'O']	['in', 'gel', 'shift', 'assay', ',', 'the', 'other', 'will', '#eliminate', 'the', 'hindiii', 'site', '.']
105	['O', 'O', 'O', 'O', 'O', 'O', 'B-A0', 'I-A0', 'O', 'O', 'B-V', 'B-A1', 'I-A1', 'I-A1', 'O']	['as', 'illustrated', 'in', 'figure', '1', ',', 'one', 'mutation', 'can', 'not', '#eliminate', 'the', 'bamhi', 'site', '.']
106	['B-A0', 'I-A0', 'I-A0', 'I-A0', 'I-A0', 'I-A0', 'B-V', 'B-A1', 'I-A1', 'I-A1', 'I-A1', 'I-A1', 'O', 'O', 'O', 'O', 'O', 'O', 'O', 'O', 'O', 'O']	['staurosporin', '(or', 'genestein;', 'data', 'not', 'shown)', '#eliminated', 'the', 'stabilization', 'seen', 'with', 'mg132', 'while', 'mutation', 'at', 's494', 'had', 'no', 'effect', '(figure', '2c)', '.']
107	['O', 'O', 'O', 'O', 'O', 'O', 'O', 'O', 'O', 'O', 'O', 'O', 'O', 'O', 'O', 'O', 'O', 'O', 'O', 'O', 'O', 'O', 'O', 'O', 'B-A0', 'I-A0', 'I-A0', 'I-A0', 'I-A0', 'I-A0', 'O', 'B-V', 'B-A1', 'I-A1', 'I-A1', 'I-A1', 'I-A1', 'O']	['secondly', ',', 'sbp2', 'binding', 'activity', 'is', 'not', 'affected', 'by', 'mutations', 'in', 'the', 'tetra-adenosine', 'element', 'in', 'the', 'terminal', 'region', 'of', 'the', 'phgpx', '3', 'utr', ',', 'staurosporin', '(or', 'genestein;', 'data', 'not', 'shown)', 'completely', '#eliminated', 'the', 'stabilization', 'seen', 'with', 'mg132', '.']
108	['O', 'B-A0', 'I-A0', 'I-A0', 'O', 'B-A1', 'I-A1', 'O', 'O', 'O', 'B-V', 'O', 'O', 'O']	['at', 'these', 'same', 'mutations', ',', 'sec', 'incorporation', 'can', 'be', 'completely', '#eliminated', '(figure', '7)', '.']
109	['O', 'O', 'O', 'B-A0', 'I-A0', 'I-A0', 'O', 'B-V', 'B-A1', 'I-A1', 'O']	['this', 'occurs', 'by', 'these', 'same', 'mutations', 'for', '#eliminating', 'sec', 'incorporation', '.']
110	['O', 'O', 'O', 'O', 'O', 'B-A0', 'I-A0', 'B-V', 'B-A1', 'I-A1', 'I-A1', 'O']	['in', 'gel', 'shift', 'assay', ',', 'one', 'mutation', '#eliminates', 'the', 'bamhi', 'site', '.']
111	['O', 'O', 'O', 'O', 'O', 'O', 'B-A1', 'I-A1', 'I-A1', 'I-A1', 'I-A1', 'O', 'O', 'O', 'B-V', 'O', 'B-A0', 'I-A0', 'I-A0', 'I-A0', 'I-A0', 'I-A0', 'O']	['as', 'illustrated', 'in', 'figure', '1', ',', 'the', 'stabilization', 'seen', 'with', 'mg132', 'will', 'not', 'be', '#eliminated', 'by', 'staurosporin', '(or', 'genestein;', 'data', 'not', 'shown)', '.']
112	['B-A0', 'I-A0', 'O', 'O', 'O', 'O', 'B-V', 'B-A0', 'O', 'I-A1', 'O']	['the', 'other', 'at', 'a', '10-fold-higher', 'concentration', '#eliminated', 'the', 'hindiii', 'site', '.']
113	['O', 'O', 'O', 'B-A1', 'I-A1', 'I-A1', 'O', 'O', 'O', 'O', 'O', 'O', 'O', 'O', 'O', 'O', 'O', 'O', 'O', 'O', 'O', 'O', 'O', 'O', 'O', 'O', 'B-A0', 'I-A0', 'O', 'B-V', 'O', 'O']	['secondly', ',', 'sbp2', 'the', 'hindiii', 'site', 'activity', 'is', 'not', 'affected', 'by', 'mutations', 'in', 'the', 'tetra-adenosine', 'element', 'in', 'the', 'terminal', 'region', 'of', 'the', 'phgpx', '3', 'utr', ',', 'the', 'other', 'completely', '#eliminate', 'binding', '.']
114	['O', 'O', 'O', 'O', 'O', 'O', 'B-A1', 'I-A1', 'I-A1', 'O', 'O', 'O', 'B-V', 'O', 'B-A0', 'I-A0', 'O']	['as', 'illustrated', 'in', 'figure', '1', ',', 'the', 'hindiii', 'site', 'will', 'not', 'be', '#eliminated', 'by', 'the', 'other', '.']
115	['O', 'O', 'O', 'B-A0', 'I-A0', 'I-A0', 'I-A0', 'I-A0', 'I-A0', 'O', 'O', 'O', 'O', 'O', 'O', 'O', 'O', 'O', 'B-V', 'B-A1', 'I-A1', 'I-A1', 'I-A1', 'I-A1', 'O', 'O', 'O', 'O', 'O', 'O', 'O', 'O', 'O', 'O']	['they', 'establish', 'that', 'staurosporin', '(or', 'genestein;', 'data', 'not', 'shown)', ',', 'as', 'may', 'occur', 'following', 'caspase', 'activation', ',', 'can', '#eliminate', 'the', 'stabilization', 'seen', 'with', 'mg132', 'required', 'for', 'skeletal', 'muscle', 'regeneration', 'during', 'chronic', 'catabolic', 'conditions', '.']
116	['O', 'O', 'O', 'O', 'O', 'O', 'O', 'O', 'O', 'O', 'O', 'O', 'O', 'O', 'O', 'O', 'O', 'O', 'O', 'O', 'O', 'O', 'O', 'O', 'B-A1', 'I-A1', 'I-A1', 'O', 'O', 'B-V', 'O', 'B-A0', 'I-A0', 'O']	['secondly', ',', 'sbp2', 'binding', 'activity', 'is', 'not', 'affected', 'by', 'mutations', 'in', 'the', 'tetra-adenosine', 'element', 'in', 'the', 'terminal', 'region', 'of', 'the', 'phgpx', '3', 'utr', ',', 'the', 'bamhi', 'site', 'was', 'completely', '#eliminated', 'by', 'one', 'mutation', '.']
117	['B-A0', 'I-A0', 'I-A0', 'O', 'O', 'O', 'O', 'O', 'O', 'O', 'O', 'B-V', 'B-A1', 'I-A1', 'O', 'O', 'O', 'O', 'O', 'O', 'O', 'O', 'O', 'O', 'O', 'O', 'O', 'O', 'O', 'O']	['these', 'same', 'mutations', 'located', 'within', 'o2', 'or', 'between', 'ot', 'and', 'o1', '#eliminated', 'sec', 'incorporation', ',', 'whereas', 'significant', 'repression', 'was', 'maintained', 'in', 'the', 'case', 'of', 'a', '10-bp', 'insertion', 'within', 'o2', '.']
118	['O', 'O', 'B-V', 'O', 'O', 'O', 'O', 'O', 'O', 'O', 'B-A0', 'I-A0', 'B-V', 'B-A0', 'O', 'I-A1', 'O', 'B-A2', 'I-A2', 'I-A2', 'B-A0', 'O', 'O', 'I-A2', 'O']	['one', 'mutation', '#eliminates', 'the', 'bamhi', 'site', 'in', 'exon', '7', 'and', 'the', 'other', '#eliminates', 'the', 'hindiii', 'site', 'in', 'exon', '11', 'of', 'the', 'phenylalanine', 'hydroxylase', 'gene', '.']
119	['O', 'O', 'O', 'O', 'O', 'O', 'O', 'O', 'O', 'O', 'O', 'O', 'O', 'O', 'O', 'O', 'O', 'O', 'O', 'O', 'O', 'O', 'O', 'O', 'B-A1', 'I-A1', 'I-A1', 'O', 'O', 'B-V', 'O', 'B-A0', 'I-A0', 'O']	['secondly', ',', 'sbp2', 'binding', 'activity', 'is', 'not', 'affected', 'by', 'mutations', 'in', 'the', 'tetra-adenosine', 'element', 'in', 'the', 'terminal', 'region', 'of', 'the', 'phgpx', '3', 'utr', ',', 'the', 'hindiii', 'site', 'was', 'completely', '#eliminated', 'by', 'the', 'other', '.']
120	['O', 'O', 'O', 'B-A0', 'I-A0', 'O', 'B-V', 'B-A1', 'I-A1', 'I-A1', 'O']	['this', 'occurs', 'by', 'one', 'mutation', 'for', '#eliminating', 'the', 'bamhi', 'site', '.']
121	['O', 'O', 'O', 'O', 'O', 'O', 'O', 'O', 'O', 'O', 'O', 'O', 'O', 'O', 'O', 'O', 'O', 'O', 'O', 'O', 'O', 'O', 'O', 'O', 'B-A1', 'I-A1', 'I-A1', 'O', 'O', 'B-V', 'O', 'B-A0', 'I-A0', 'O']	['secondly', ',', 'sbp2', 'binding', 'activity', 'is', 'not', 'affected', 'by', 'mutations', 'in', 'the', 'tetra-adenosine', 'element', 'in', 'the', 'terminal', 'region', 'of', 'the', 'phgpx', '3', 'utr', ',', 'the', 'hindiii', 'site', 'is', 'completely', '#eliminated', 'by', 'the', 'other', '.']
122	['O', 'O', 'O', 'O', 'O', 'O', 'B-A0', 'I-A0', 'I-A0', 'I-A0', 'I-A0', 'I-A0', 'O', 'I-A0', 'B-V', 'B-A1', 'I-A1', 'I-A1', 'I-A1', 'I-A1', 'O']	['as', 'illustrated', 'in', 'figure', '1', ',', 'staurosporin', '(or', 'genestein;', 'data', 'not', 'shown)', 'did', 'not', '#eliminate', 'the', 'stabilization', 'seen', 'with', 'mg132', '.']
123	['O', 'O', 'O', 'B-A0', 'I-A0', 'I-A0', 'O', 'B-V', 'B-A1', 'I-A1', 'O']	['this', 'occurs', 'by', 'these', 'same', 'mutations', 'to', '#eliminate', 'sec', 'incorporation', '.']
124	['B-A0', 'I-A0', 'B-V', 'B-A0', 'O', 'I-A1', 'O', 'B-A2', 'I-A2', 'I-A2', 'B-A0', 'O', 'O', 'I-A2', 'O']	['the', 'other', '#eliminated', 'the', 'hindiii', 'site', 'in', 'exon', '11', 'of', 'the', 'phenylalanine', 'hydroxylase', 'gene', '.']
125	['B-A1', 'I-A1', 'I-A1', 'O', 'B-V', 'O', 'B-A0', 'I-A0', 'O']	['the', 'hindiii', 'site', 'was', '#eliminated', 'by', 'the', 'other', '.']
126	['O', 'O', 'O', 'B-A1', 'I-A1', 'I-A1', 'O', 'O', 'O', 'O', 'O', 'O', 'O', 'O', 'O', 'O', 'O', 'O', 'O', 'O', 'O', 'O', 'O', 'O', 'O', 'O', 'O', 'O', 'O', 'B-V', 'O', 'B-A0', 'I-A0', 'O']	['secondly', ',', 'sbp2', 'the', 'hindiii', 'site', 'activity', 'is', 'not', 'affected', 'by', 'mutations', 'in', 'the', 'tetra-adenosine', 'element', 'in', 'the', 'terminal', 'region', 'of', 'the', 'phgpx', '3', 'utr', ',', 'binding', 'was', 'completely', '#eliminated', 'by', 'the', 'other', '.']
127	['B-A1', 'I-A1', 'O', 'O', 'B-V', 'O', 'B-A0', 'I-A0', 'I-A0', 'O', 'O', 'O', 'O', 'O']	['sec', 'incorporation', 'will', 'be', '#eliminated', 'by', 'these', 'same', 'mutations', 'at', 'a', '10-fold-higher', 'concentration', '.']
128	['O', 'B-A0', 'I-A0', 'O', 'B-A1', 'I-A1', 'I-A1', 'O', 'O', 'B-V', 'O', 'O', 'O']	['at', 'one', 'mutation', ',', 'the', 'bamhi', 'site', 'is', 'completely', '#eliminated', '(figure', '7)', '.']
129	['O', 'O', 'O', 'O', 'O', 'O', 'B-A1', 'I-A1', 'O', 'O', 'O', 'B-V', 'O', 'B-A0', 'I-A0', 'I-A0', 'O']	['as', 'illustrated', 'in', 'figure', '1', ',', 'sec', 'incorporation', 'will', 'not', 'be', '#eliminated', 'by', 'these', 'same', 'mutations', '.']
130	['O', 'O', 'O', 'O', 'O', 'O', 'B-A0', 'I-A0', 'I-A0', 'I-A0', 'I-A0', 'I-A0', 'O', 'I-A0', 'B-V', 'B-A1', 'I-A1', 'I-A1', 'I-A1', 'I-A1', 'O']	['as', 'illustrated', 'in', 'figure', '1', ',', 'staurosporin', '(or', 'genestein;', 'data', 'not', 'shown)', 'can', 'not', '#eliminate', 'the', 'stabilization', 'seen', 'with', 'mg132', '.']
131	['B-A0', 'I-A0', 'O', 'B-V', 'B-A0', 'O', 'I-A1', 'O', 'B-A2', 'I-A2', 'I-A2', 'B-A0', 'O', 'O', 'I-A2', 'O']	['the', 'other', 'would', '#eliminate', 'the', 'hindiii', 'site', 'in', 'exon', '11', 'of', 'the', 'phenylalanine', 'hydroxylase', 'gene', '.']
132	['O', 'O', 'O', 'O', 'O', 'O', 'O', 'O', 'O', 'O', 'O', 'O', 'O', 'O', 'O', 'O', 'O', 'O', 'O', 'O', 'O', 'O', 'O', 'O', 'O', 'B-A0', 'I-A0', 'I-A0', 'I-A0', 'I-A0', 'I-A0', 'O', 'B-V', 'B-A1', 'I-A1', 'I-A1', 'I-A1', 'I-A1', 'O', 'O', 'O', 'O', 'O', 'O', 'O']	['secondly', ',', 'sbp2', 'binding', 'activity', 'is', 'not', 'affected', 'by', 'mutations', 'in', 'the', 'tetra-adenosine', 'element', 'in', 'the', 'terminal', 'region', 'of', 'the', 'phgpx', '3', 'utr', ',', 'yet', 'staurosporin', '(or', 'genestein;', 'data', 'not', 'shown)', 'completely', '#eliminate', 'the', 'stabilization', 'seen', 'with', 'mg132', '(lesoon', 'et', 'al', '.', ',', '1997)', '.']
133	['O', 'O', 'O', 'O', 'O', 'O', 'O', 'O', 'O', 'O', 'O', 'O', 'O', 'O', 'O', 'O', 'O', 'O', 'O', 'O', 'O', 'O', 'O', 'O', 'B-A0', 'I-A0', 'I-A0', 'O', 'O', 'B-V', 'B-A1', 'I-A1', 'O', 'O', 'O', 'O', 'O', 'O', 'O']	['secondly', ',', 'sbp2', 'binding', 'activity', 'is', 'not', 'affected', 'by', 'mutations', 'in', 'the', 'tetra-adenosine', 'element', 'in', 'the', 'terminal', 'region', 'of', 'the', 'phgpx', '3', 'utr', ',', 'these', 'same', 'mutations', 'can', 'completely', '#eliminate', 'sec', 'incorporation', '(lesoon', 'et', 'al', '.', ',', '1997)', '.']
134	['O', 'O', 'O', 'O', 'O', 'O', 'B-A1', 'I-A1', 'I-A1', 'O', 'O', 'B-V', 'O', 'B-A0', 'I-A0', 'O']	['as', 'illustrated', 'in', 'figure', '1', ',', 'the', 'bamhi', 'site', 'was', 'not', '#eliminated', 'by', 'one', 'mutation', '.']
135	['B-A1', 'I-A1', 'I-A1', 'O', 'B-V', 'O', 'B-A0', 'I-A0', 'O', 'B-A2', 'I-A2', 'O']	['the', 'bamhi', 'site', 'was', '#eliminated', 'by', 'one', 'mutation', 'in', 'exon', '7', '.']
136	['O', 'O', 'O', 'O', 'O', 'O', 'B-A1', 'I-A1', 'O', 'O', 'B-V', 'O', 'B-A0', 'I-A0', 'I-A0', 'O']	['as', 'illustrated', 'in', 'figure', '1', ',', 'sec', 'incorporation', 'was', 'not', '#eliminated', 'by', 'these', 'same', 'mutations', '.']
137	['B-A0', 'I-A0', 'O', 'B-V', 'B-A1', 'I-A1', 'I-A1', 'O', 'B-A2', 'I-A2', 'O']	['one', 'mutation', 'can', '#eliminate', 'the', 'bamhi', 'site', 'in', 'exon', '7', '.']
138	['O', 'B-A0', 'I-A0', 'O', 'B-A1', 'I-A1', 'I-A1', 'O', 'O', 'O', 'B-V', 'O', 'O', 'O']	['at', 'one', 'mutation', ',', 'the', 'bamhi', 'site', 'will', 'be', 'completely', '#eliminated', '(figure', '7)', '.']
139	['O', 'B-A0', 'I-A0', 'I-A0', 'I-A0', 'I-A0', 'I-A0', 'O', 'B-A1', 'I-A1', 'I-A1', 'I-A1', 'I-A1', 'O', 'O', 'O', 'B-V', 'O', 'O', 'O']	['at', 'staurosporin', '(or', 'genestein;', 'data', 'not', 'shown)', ',', 'the', 'stabilization', 'seen', 'with', 'mg132', 'can', 'be', 'completely', '#eliminated', '(figure', '7)', '.']
140	['O', 'O', 'O', 'B-A1', 'I-A1', 'I-A1', 'O', 'O', 'O', 'O', 'O', 'O', 'O', 'O', 'O', 'O', 'O', 'O', 'O', 'O', 'O', 'O', 'O', 'O', 'O', 'O', 'B-A0', 'I-A0', 'O', 'O', 'B-V', 'O', 'O', 'O', 'O', 'O', 'O', 'O', 'O']	['secondly', ',', 'sbp2', 'the', 'bamhi', 'site', 'activity', 'is', 'not', 'affected', 'by', 'mutations', 'in', 'the', 'tetra-adenosine', 'element', 'in', 'the', 'terminal', 'region', 'of', 'the', 'phgpx', '3', 'utr', ',', 'one', 'mutation', 'can', 'completely', '#eliminate', 'binding', '(lesoon', 'et', 'al', '.', ',', '1997)', '.']
141	['B-A1', 'I-A1', 'I-A1', 'O', 'B-V', 'O', 'B-A0', 'I-A0', 'O', 'O', 'O', 'O', 'O']	['the', 'bamhi', 'site', 'was', '#eliminated', 'by', 'one', 'mutation', 'at', 'a', '10-fold-higher', 'concentration', '.']
142	['O', 'O', 'O', 'B-A1', 'I-A1', 'I-A1', 'O', 'O', 'O', 'O', 'O', 'O', 'O', 'O', 'O', 'O', 'O', 'O', 'O', 'O', 'O', 'O', 'O', 'O', 'O', 'O', 'O', 'O', 'O', 'B-V', 'O', 'B-A0', 'I-A0', 'O']	['secondly', ',', 'sbp2', 'the', 'bamhi', 'site', 'activity', 'is', 'not', 'affected', 'by', 'mutations', 'in', 'the', 'tetra-adenosine', 'element', 'in', 'the', 'terminal', 'region', 'of', 'the', 'phgpx', '3', 'utr', ',', 'binding', 'was', 'completely', '#eliminated', 'by', 'one', 'mutation', '.']
143	['O', 'B-A0', 'I-A0', 'O', 'B-A1', 'I-A1', 'I-A1', 'O', 'O', 'O', 'O', 'O', 'B-V', 'O', 'O', 'O']	['at', 'one', 'mutation', ',', 'the', 'bamhi', 'site', 'is', 'observed', 'to', 'be', 'completely', '#eliminated', '(figure', '7)', '.']
144	['O', 'O', 'O', 'B-A1', 'I-A1', 'I-A1', 'O', 'O', 'O', 'O', 'O', 'O', 'O', 'O', 'O', 'O', 'O', 'O', 'O', 'O', 'O', 'O', 'O', 'O', 'O', 'O', 'B-A0', 'I-A0', 'O', 'B-V', 'O', 'O']	['secondly', ',', 'sbp2', 'the', 'bamhi', 'site', 'activity', 'is', 'not', 'affected', 'by', 'mutations', 'in', 'the', 'tetra-adenosine', 'element', 'in', 'the', 'terminal', 'region', 'of', 'the', 'phgpx', '3', 'utr', ',', 'one', 'mutation', 'completely', '#eliminated', 'binding', '.']
145	['B-A0', 'I-A0', 'B-V', 'B-A1', 'I-A1', 'I-A1', 'O', 'O', 'O', 'O', 'O', 'O', 'O', 'O', 'O', 'O']	['one', 'mutation', '#eliminates', 'the', 'bamhi', 'site', 'while', 'mutation', 'at', 's494', 'has', 'no', 'effect', '(figure', '2c)', '.']
146	['B-A0', 'I-A0', 'B-V', 'B-A1', 'I-A1', 'I-A1', 'O', 'B-A2', 'I-A2', 'O']	['one', 'mutation', '#eliminates', 'the', 'bamhi', 'site', 'in', 'exon', '7', '.']
147	['O', 'O', 'O', 'O', 'O', 'O', 'B-A0', 'I-A0', 'I-A0', 'O', 'O', 'B-V', 'B-A1', 'I-A1', 'O']	['as', 'illustrated', 'in', 'figure', '1', ',', 'these', 'same', 'mutations', 'did', 'not', '#eliminate', 'sec', 'incorporation', '.']
148	['O', 'O', 'O', 'B-A0', 'I-A0', 'O', 'O', 'O', 'O', 'O', 'O', 'O', 'O', 'O', 'B-V', 'B-A0', 'O', 'I-A1', 'O', 'O', 'O', 'O', 'O', 'O', 'O', 'O', 'O', 'O']	['they', 'establish', 'that', 'the', 'other', ',', 'as', 'may', 'occur', 'following', 'caspase', 'activation', ',', 'could', '#eliminate', 'the', 'hindiii', 'site', 'required', 'for', 'skeletal', 'muscle', 'regeneration', 'during', 'chronic', 'catabolic', 'conditions', '.']
149	['B-A0', 'I-A0', 'I-A0', 'O', 'O', 'O', 'O', 'B-V', 'B-A1', 'I-A1', 'O']	['these', 'same', 'mutations', 'at', 'a', '10-fold-higher', 'concentration', '#eliminate', 'sec', 'incorporation', '.']
150	['O', 'O', 'O', 'O', 'O', 'O', 'O', 'O', 'O', 'O', 'O', 'O', 'O', 'O', 'O', 'O', 'O', 'O', 'O', 'O', 'O', 'O', 'O', 'O', 'B-A1', 'I-A1', 'I-A1', 'I-A1', 'I-A1', 'O', 'O', 'B-V', 'O', 'B-A0', 'I-A0', 'I-A0', 'I-A0', 'I-A0', 'I-A0', 'O']	['secondly', ',', 'sbp2', 'binding', 'activity', 'is', 'not', 'affected', 'by', 'mutations', 'in', 'the', 'tetra-adenosine', 'element', 'in', 'the', 'terminal', 'region', 'of', 'the', 'phgpx', '3', 'utr', ',', 'the', 'stabilization', 'seen', 'with', 'mg132', 'was', 'completely', '#eliminated', 'by', 'staurosporin', '(or', 'genestein;', 'data', 'not', 'shown)', '.']
151	['B-A1', 'I-A1', 'I-A1', 'I-A1', 'I-A1', 'O', 'B-V', 'O', 'B-A0', 'I-A0', 'I-A0', 'I-A0', 'I-A0', 'I-A0', 'O']	['the', 'stabilization', 'seen', 'with', 'mg132', 'is', '#eliminated', 'by', 'staurosporin', '(or', 'genestein;', 'data', 'not', 'shown)', '.']
152	['O', 'O', 'O', 'O', 'O', 'O', 'O', 'O', 'O', 'O', 'O', 'O', 'O', 'O', 'O', 'O', 'O', 'O', 'O', 'O', 'O', 'O', 'O', 'O', 'B-A0', 'I-A0', 'O', 'B-V', 'B-A0', 'O', 'I-A1', 'O']	['secondly', ',', 'sbp2', 'binding', 'activity', 'is', 'not', 'affected', 'by', 'mutations', 'in', 'the', 'tetra-adenosine', 'element', 'in', 'the', 'terminal', 'region', 'of', 'the', 'phgpx', '3', 'utr', ',', 'the', 'other', 'completely', '#eliminate', 'the', 'hindiii', 'site', '.']
153	['O', 'O', 'O', 'O', 'O', 'O', 'B-A0', 'I-A0', 'O', 'O', 'B-V', 'B-A0', 'O', 'I-A1', 'O']	['as', 'illustrated', 'in', 'figure', '1', ',', 'the', 'other', 'does', 'not', '#eliminate', 'the', 'hindiii', 'site', '.']
154	['O', 'O', 'O', 'B-A0', 'I-A0', 'I-A0', 'O', 'O', 'O', 'O', 'O', 'O', 'O', 'O', 'O', 'B-V', 'B-A1', 'I-A1', 'O', 'O', 'O', 'O', 'O', 'O', 'O', 'O', 'O', 'O']	['they', 'establish', 'that', 'these', 'same', 'mutations', ',', 'as', 'may', 'occur', 'following', 'caspase', 'activation', ',', 'can', '#eliminate', 'sec', 'incorporation', 'required', 'for', 'skeletal', 'muscle', 'regeneration', 'during', 'chronic', 'catabolic', 'conditions', '.']
155	['O', 'O', 'O', 'O', 'O', 'O', 'O', 'O', 'O', 'O', 'O', 'O', 'O', 'O', 'O', 'O', 'O', 'O', 'O', 'O', 'O', 'O', 'O', 'O', 'B-A0', 'I-A0', 'I-A0', 'I-A0', 'I-A0', 'I-A0', 'O', 'O', 'B-V', 'B-A1', 'I-A1', 'I-A1', 'I-A1', 'I-A1', 'O', 'O', 'O', 'O', 'O', 'O', 'O']	['secondly', ',', 'sbp2', 'binding', 'activity', 'is', 'not', 'affected', 'by', 'mutations', 'in', 'the', 'tetra-adenosine', 'element', 'in', 'the', 'terminal', 'region', 'of', 'the', 'phgpx', '3', 'utr', ',', 'staurosporin', '(or', 'genestein;', 'data', 'not', 'shown)', 'can', 'completely', '#eliminate', 'the', 'stabilization', 'seen', 'with', 'mg132', '(lesoon', 'et', 'al', '.', ',', '1997)', '.']
156	['O', 'B-A0', 'I-A0', 'I-A0', 'I-A0', 'I-A0', 'I-A0', 'O', 'B-A1', 'I-A1', 'I-A1', 'I-A1', 'I-A1', 'O', 'O', 'O', 'O', 'O', 'B-V', 'O', 'O', 'O']	['at', 'staurosporin', '(or', 'genestein;', 'data', 'not', 'shown)', ',', 'the', 'stabilization', 'seen', 'with', 'mg132', 'is', 'observed', 'to', 'be', 'completely', '#eliminated', '(figure', '7)', '.']
157	['O', 'O', 'O', 'O', 'O', 'O', 'O', 'O', 'O', 'O', 'O', 'O', 'O', 'O', 'O', 'O', 'O', 'O', 'O', 'O', 'O', 'O', 'O', 'O', 'O', 'B-A0', 'I-A0', 'O', 'B-V', 'B-A0', 'O', 'I-A1', 'O', 'O', 'O', 'O', 'O', 'O', 'O']	['secondly', ',', 'sbp2', 'binding', 'activity', 'is', 'not', 'affected', 'by', 'mutations', 'in', 'the', 'tetra-adenosine', 'element', 'in', 'the', 'terminal', 'region', 'of', 'the', 'phgpx', '3', 'utr', ',', 'yet', 'the', 'other', 'completely', '#eliminate', 'the', 'hindiii', 'site', '(lesoon', 'et', 'al', '.', ',', '1997)', '.']
158	['B-A0', 'I-A0', 'I-A0', 'O', 'B-V', 'B-A1', 'I-A1', 'O', 'O', 'O', 'O', 'O', 'O', 'O', 'O', 'O', 'O']	['these', 'same', 'mutations', 'has', '#eliminated', 'sec', 'incorporation', 'while', 'mutation', 'at', 's494', 'had', 'no', 'effect', '(figure', '2c)', '.']
159	['O', 'O', 'O', 'O', 'O', 'O', 'O', 'O', 'O', 'O', 'O', 'O', 'O', 'O', 'O', 'O', 'O', 'O', 'O', 'O', 'O', 'O', 'O', 'O', 'B-A0', 'I-A0', 'O', 'B-V', 'B-A1', 'I-A1', 'I-A1', 'O']	['secondly', ',', 'sbp2', 'binding', 'activity', 'is', 'not', 'affected', 'by', 'mutations', 'in', 'the', 'tetra-adenosine', 'element', 'in', 'the', 'terminal', 'region', 'of', 'the', 'phgpx', '3', 'utr', ',', 'one', 'mutation', 'completely', '#eliminated', 'the', 'bamhi', 'site', '.']
160	['O', 'O', 'O', 'B-A1', 'I-A1', 'I-A1', 'O', 'O', 'O', 'O', 'O', 'O', 'O', 'O', 'O', 'O', 'O', 'O', 'O', 'O', 'O', 'O', 'O', 'O', 'O', 'O', 'O', 'O', 'O', 'B-V', 'O', 'B-A0', 'I-A0', 'O']	['secondly', ',', 'sbp2', 'the', 'hindiii', 'site', 'activity', 'is', 'not', 'affected', 'by', 'mutations', 'in', 'the', 'tetra-adenosine', 'element', 'in', 'the', 'terminal', 'region', 'of', 'the', 'phgpx', '3', 'utr', ',', 'binding', 'is', 'completely', '#eliminated', 'by', 'the', 'other', '.']
161	['B-A0', 'I-A0', 'O', 'O', 'O', 'O', 'O', 'O', 'O', 'O', 'O', 'B-V', 'B-A1', 'I-A1', 'I-A1', 'O', 'O', 'O', 'O', 'O', 'O', 'O', 'O', 'O', 'O', 'O', 'O', 'O', 'O', 'O', 'O']	['one', 'mutation', 'located', 'within', 'o2', 'or', 'between', 'ot', 'and', 'o1', 'has', '#eliminated', 'the', 'bamhi', 'site', ',', 'whereas', 'significant', 'repression', 'was', 'maintained', 'in', 'the', 'case', 'of', 'a', '10-bp', 'insertion', 'within', 'o2', '.']
162	['B-A1', 'I-A1', 'I-A1', 'I-A1', 'I-A1', 'O', 'B-V', 'O', 'B-A0', 'I-A0', 'I-A0', 'I-A0', 'I-A0', 'I-A0', 'O']	['the', 'stabilization', 'seen', 'with', 'mg132', 'was', '#eliminated', 'by', 'staurosporin', '(or', 'genestein;', 'data', 'not', 'shown)', '.']
163	['O', 'O', 'O', 'B-A1', 'I-A1', 'I-A1', 'O', 'O', 'O', 'O', 'O', 'O', 'O', 'O', 'O', 'O', 'O', 'O', 'O', 'O', 'O', 'O', 'O', 'O', 'O', 'O', 'B-A0', 'I-A0', 'O', 'B-V', 'O', 'O']	['secondly', ',', 'sbp2', 'the', 'hindiii', 'site', 'activity', 'is', 'not', 'affected', 'by', 'mutations', 'in', 'the', 'tetra-adenosine', 'element', 'in', 'the', 'terminal', 'region', 'of', 'the', 'phgpx', '3', 'utr', ',', 'the', 'other', 'completely', '#eliminated', 'binding', '.']
164	['B-A0', 'I-A0', 'O', 'O', 'O', 'O', 'O', 'O', 'O', 'O', 'B-V', 'B-A0', 'O', 'I-A1', 'O', 'O', 'O', 'O', 'O', 'O', 'O', 'B-A0', 'O', 'O', 'O', 'O', 'O', 'O', 'O', 'O']	['the', 'other', 'located', 'within', 'o2', 'or', 'between', 'ot', 'and', 'o1', '#eliminated', 'the', 'hindiii', 'site', ',', 'whereas', 'significant', 'repression', 'was', 'maintained', 'in', 'the', 'case', 'of', 'a', '10-bp', 'insertion', 'within', 'o2', '.']
165	['O', 'O', 'O', 'B-A1', 'I-A1', 'I-A1', 'O', 'O', 'O', 'O', 'O', 'O', 'O', 'O', 'O', 'O', 'O', 'O', 'O', 'O', 'O', 'O', 'O', 'O', 'O', 'O', 'O', 'O', 'O', 'B-V', 'O', 'B-A0', 'I-A0', 'O']	['secondly', ',', 'sbp2', 'the', 'bamhi', 'site', 'activity', 'is', 'not', 'affected', 'by', 'mutations', 'in', 'the', 'tetra-adenosine', 'element', 'in', 'the', 'terminal', 'region', 'of', 'the', 'phgpx', '3', 'utr', ',', 'binding', 'is', 'completely', '#eliminated', 'by', 'one', 'mutation', '.']
166	['O', 'O', 'O', 'B-A0', 'I-A0', 'I-A0', 'I-A0', 'I-A0', 'I-A0', 'O', 'O', 'O', 'O', 'O', 'O', 'O', 'O', 'O', 'B-V', 'B-A1', 'I-A1', 'I-A1', 'I-A1', 'I-A1', 'O', 'O', 'O', 'O', 'O', 'O', 'O', 'O', 'O', 'O']	['they', 'establish', 'that', 'staurosporin', '(or', 'genestein;', 'data', 'not', 'shown)', ',', 'as', 'may', 'occur', 'following', 'caspase', 'activation', ',', 'could', '#eliminate', 'the', 'stabilization', 'seen', 'with', 'mg132', 'required', 'for', 'skeletal', 'muscle', 'regeneration', 'during', 'chronic', 'catabolic', 'conditions', '.']
167	['O', 'O', 'O', 'O', 'O', 'O', 'O', 'O', 'O', 'O', 'O', 'O', 'O', 'O', 'O', 'O', 'O', 'O', 'O', 'O', 'O', 'O', 'O', 'O', 'B-A0', 'I-A0', 'O', 'B-V', 'B-A1', 'I-A1', 'I-A1', 'O']	['secondly', ',', 'sbp2', 'binding', 'activity', 'is', 'not', 'affected', 'by', 'mutations', 'in', 'the', 'tetra-adenosine', 'element', 'in', 'the', 'terminal', 'region', 'of', 'the', 'phgpx', '3', 'utr', ',', 'one', 'mutation', 'completely', '#eliminate', 'the', 'bamhi', 'site', '.']
168	['O', 'B-A0', 'I-A0', 'I-A0', 'I-A0', 'I-A0', 'I-A0', 'O', 'B-A1', 'I-A1', 'I-A1', 'I-A1', 'I-A1', 'O', 'O', 'B-V', 'O', 'O', 'O']	['at', 'staurosporin', '(or', 'genestein;', 'data', 'not', 'shown)', ',', 'the', 'stabilization', 'seen', 'with', 'mg132', 'is', 'completely', '#eliminated', '(figure', '7)', '.']
169	['B-A0', 'I-A0', 'O', 'B-V', 'B-A1', 'I-A1', 'I-A1', 'O', 'O', 'O', 'O', 'O', 'O', 'O', 'O', 'O', 'O']	['one', 'mutation', 'can', '#eliminate', 'the', 'bamhi', 'site', 'while', 'mutation', 'at', 's494', 'has', 'no', 'effect', '(figure', '2c)', '.']
170	['O', 'B-A0', 'I-A0', 'O', 'B-A1', 'I-A1', 'I-A1', 'O', 'O', 'O', 'B-V', 'O', 'O', 'O']	['at', 'one', 'mutation', ',', 'the', 'bamhi', 'site', 'can', 'be', 'completely', '#eliminated', '(figure', '7)', '.']
171	['B-A0', 'I-A0', 'O', 'O', 'O', 'O', 'O', 'O', 'O', 'O', 'B-V', 'B-A1', 'I-A1', 'I-A1', 'O', 'O', 'O', 'O', 'O', 'O', 'O', 'O', 'O', 'O', 'O', 'O', 'O', 'O', 'O', 'O']	['one', 'mutation', 'located', 'within', 'o2', 'or', 'between', 'ot', 'and', 'o1', '#eliminated', 'the', 'bamhi', 'site', ',', 'whereas', 'significant', 'repression', 'was', 'maintained', 'in', 'the', 'case', 'of', 'a', '10-bp', 'insertion', 'within', 'o2', '.']
172	['O', 'O', 'O', 'O', 'O', 'O', 'B-A1', 'I-A1', 'I-A1', 'I-A1', 'I-A1', 'O', 'O', 'B-V', 'O', 'B-A0', 'I-A0', 'I-A0', 'I-A0', 'I-A0', 'I-A0', 'O']	['as', 'illustrated', 'in', 'figure', '1', ',', 'the', 'stabilization', 'seen', 'with', 'mg132', 'was', 'not', '#eliminated', 'by', 'staurosporin', '(or', 'genestein;', 'data', 'not', 'shown)', '.']
173	['O', 'O', 'O', 'B-A0', 'I-A0', 'I-A0', 'O', 'O', 'O', 'O', 'O', 'O', 'O', 'O', 'O', 'B-V', 'B-A1', 'I-A1', 'O', 'O', 'O', 'O', 'O', 'O', 'O', 'O', 'O', 'O']	['they', 'establish', 'that', 'these', 'same', 'mutations', ',', 'as', 'may', 'occur', 'following', 'caspase', 'activation', ',', 'could', '#eliminate', 'sec', 'incorporation', 'required', 'for', 'skeletal', 'muscle', 'regeneration', 'during', 'chronic', 'catabolic', 'conditions', '.']
174	['B-A0', 'I-A0', 'O', 'B-V', 'B-A0', 'O', 'I-A1', 'O', 'O', 'O', 'O', 'O', 'O', 'O', 'O', 'O', 'O', 'O', 'O', 'O', 'O', 'O', 'O', 'B-A0', 'O', 'O', 'O', 'O', 'O', 'O', 'O', 'O']	['the', 'other', 'which', '#eliminates', 'the', 'hindiii', 'site', 'is', 'located', 'within', 'o2', 'or', 'between', 'ot', 'and', 'o1', ',', 'whereas', 'significant', 'repression', 'is', 'maintained', 'in', 'the', 'case', 'of', 'a', '10-bp', 'insertion', 'within', 'o2', '.']
175	['B-A0', 'I-A0', 'I-A0', 'I-A0', 'I-A0', 'I-A0', 'O', 'O', 'O', 'O', 'O', 'O', 'O', 'O', 'O', 'B-V', 'B-A1', 'I-A1', 'I-A1', 'I-A1', 'I-A1', 'O', 'O', 'O', 'O', 'O', 'O', 'O', 'O', 'O', 'O', 'O', 'O', 'O', 'O', 'O', 'O']	['staurosporin', '(or', 'genestein;', 'data', 'not', 'shown)', 'located', 'within', 'o2', 'or', 'between', 'ot', 'and', 'o1', 'has', '#eliminated', 'the', 'stabilization', 'seen', 'with', 'mg132', ',', 'whereas', 'significant', 'repression', 'was', 'maintained', 'in', 'the', 'case', 'of', 'a', '10-bp', 'insertion', 'within', 'o2', '.']
176	['B-A0', 'I-A0', 'B-V', 'B-A1', 'I-A1', 'I-A1', 'O', 'O', 'O', 'O', 'O', 'O', 'O', 'O', 'O', 'O']	['one', 'mutation', '#eliminated', 'the', 'bamhi', 'site', 'while', 'mutation', 'at', 's494', 'had', 'no', 'effect', '(figure', '2c)', '.']
177	['B-A0', 'I-A0', 'I-A0', 'I-A0', 'I-A0', 'I-A0', 'O', 'O', 'O', 'O', 'B-V', 'B-A1', 'I-A1', 'I-A1', 'I-A1', 'I-A1', 'O']	['staurosporin', '(or', 'genestein;', 'data', 'not', 'shown)', 'at', 'a', '10-fold-higher', 'concentration', '#eliminated', 'the', 'stabilization', 'seen', 'with', 'mg132', '.']
178	['B-A0', 'I-A0', 'I-A0', 'I-A0', 'I-A0', 'I-A0', 'O', 'B-V', 'B-A1', 'I-A1', 'I-A1', 'I-A1', 'I-A1', 'O', 'O', 'O', 'O', 'O', 'O', 'O', 'O', 'O', 'O', 'O', 'O', 'O', 'O', 'O', 'O', 'O', 'O', 'O', 'O', 'O', 'O', 'O', 'O', 'O']	['staurosporin', '(or', 'genestein;', 'data', 'not', 'shown)', 'which', '#eliminates', 'the', 'stabilization', 'seen', 'with', 'mg132', 'is', 'located', 'within', 'o2', 'or', 'between', 'ot', 'and', 'o1', ',', 'whereas', 'significant', 'repression', 'is', 'maintained', 'in', 'the', 'case', 'of', 'a', '10-bp', 'insertion', 'within', 'o2', '.']
179	['O', 'O', 'O', 'O', 'O', 'O', 'O', 'O', 'O', 'O', 'O', 'O', 'O', 'O', 'O', 'O', 'O', 'O', 'O', 'O', 'O', 'O', 'O', 'O', 'O', 'B-A0', 'I-A0', 'I-A0', 'O', 'B-V', 'B-A1', 'I-A1', 'O', 'O', 'O', 'O', 'O', 'O', 'O']	['secondly', ',', 'sbp2', 'binding', 'activity', 'is', 'not', 'affected', 'by', 'mutations', 'in', 'the', 'tetra-adenosine', 'element', 'in', 'the', 'terminal', 'region', 'of', 'the', 'phgpx', '3', 'utr', ',', 'yet', 'these', 'same', 'mutations', 'completely', '#eliminate', 'sec', 'incorporation', '(lesoon', 'et', 'al', '.', ',', '1997)', '.']
180	['B-A1', 'I-A1', 'I-A1', 'I-A1', 'I-A1', 'O', 'B-V', 'O', 'B-A0', 'I-A0', 'I-A0', 'I-A0', 'I-A0', 'I-A0', 'O', 'O', 'O', 'O', 'O']	['the', 'stabilization', 'seen', 'with', 'mg132', 'was', '#eliminated', 'by', 'staurosporin', '(or', 'genestein;', 'data', 'not', 'shown)', 'at', 'a', '10-fold-higher', 'concentration', '.']
181	['O', 'B-A0', 'I-A0', 'I-A0', 'O', 'B-A1', 'I-A1', 'O', 'O', 'B-V', 'O', 'O', 'O']	['at', 'these', 'same', 'mutations', ',', 'sec', 'incorporation', 'is', 'completely', '#eliminated', '(figure', '7)', '.']
182	['O', 'B-A0', 'I-A0', 'I-A0', 'O', 'B-A1', 'I-A1', 'O', 'O', 'O', 'O', 'O', 'B-V', 'O', 'O', 'O']	['at', 'these', 'same', 'mutations', ',', 'sec', 'incorporation', 'is', 'observed', 'to', 'be', 'completely', '#eliminated', '(figure', '7)', '.']
183	['B-A0', 'I-A0', 'I-A0', 'B-V', 'B-A1', 'I-A1', 'O', 'O', 'O', 'O', 'O', 'O', 'O', 'O', 'O', 'O']	['these', 'same', 'mutations', '#eliminated', 'sec', 'incorporation', 'while', 'mutation', 'at', 's494', 'had', 'no', 'effect', '(figure', '2c)', '.']
184	['B-A1', 'I-A1', 'I-A1', 'I-A1', 'I-A1', 'O', 'B-V', 'O', 'B-A0', 'I-A0', 'I-A0', 'I-A0', 'I-A0', 'I-A0', 'O', 'O', 'O', 'O', 'O']	['the', 'stabilization', 'seen', 'with', 'mg132', 'is', '#eliminated', 'by', 'staurosporin', '(or', 'genestein;', 'data', 'not', 'shown)', 'at', 'a', '10-fold-higher', 'concentration', '.']
185	['O', 'O', 'O', 'O', 'O', 'O', 'B-A0', 'I-A0', 'O', 'O', 'B-V', 'B-A1', 'I-A1', 'I-A1', 'O']	['as', 'illustrated', 'in', 'figure', '1', ',', 'one', 'mutation', 'did', 'not', '#eliminate', 'the', 'bamhi', 'site', '.']
186	['B-A1', 'I-A1', 'O', 'B-V', 'O', 'B-A0', 'I-A0', 'I-A0', 'O', 'O', 'O', 'O', 'O']	['sec', 'incorporation', 'is', '#eliminated', 'by', 'these', 'same', 'mutations', 'at', 'a', '10-fold-higher', 'concentration', '.']
187	['O', 'O', 'O', 'O', 'O', 'O', 'O', 'O', 'O', 'O', 'O', 'O', 'O', 'O', 'O', 'O', 'O', 'O', 'O', 'O', 'O', 'O', 'O', 'O', 'B-A0', 'I-A0', 'I-A0', 'I-A0', 'I-A0', 'I-A0', 'O', 'B-V', 'B-A1', 'I-A1', 'I-A1', 'I-A1', 'I-A1', 'O']	['secondly', ',', 'sbp2', 'binding', 'activity', 'is', 'not', 'affected', 'by', 'mutations', 'in', 'the', 'tetra-adenosine', 'element', 'in', 'the', 'terminal', 'region', 'of', 'the', 'phgpx', '3', 'utr', ',', 'staurosporin', '(or', 'genestein;', 'data', 'not', 'shown)', 'completely', '#eliminate', 'the', 'stabilization', 'seen', 'with', 'mg132', '.']
188	['O', 'O', 'O', 'B-A0', 'I-A0', 'O', 'B-V', 'B-A0', 'O', 'I-A1', 'O']	['this', 'occurs', 'by', 'the', 'other', 'for', '#eliminating', 'the', 'hindiii', 'site', '.']
189	['B-A0', 'I-A0', 'B-V', 'B-A0', 'O', 'I-A1', 'O', 'O', 'O', 'O', 'O', 'O', 'O', 'O', 'O', 'O']	['the', 'other', '#eliminated', 'the', 'hindiii', 'site', 'while', 'mutation', 'at', 's494', 'had', 'no', 'effect', '(figure', '2c)', '.']
190	['O', 'O', 'O', 'O', 'O', 'O', 'B-A1', 'I-A1', 'I-A1', 'O', 'O', 'B-V', 'O', 'B-A0', 'I-A0', 'O']	['as', 'illustrated', 'in', 'figure', '1', ',', 'the', 'hindiii', 'site', 'is', 'not', '#eliminated', 'by', 'the', 'other', '.']
191	['B-A0', 'I-A0', 'I-A0', 'B-V', 'B-A1', 'I-A1', 'O', 'O', 'O', 'O', 'O', 'O', 'O', 'O', 'O', 'O']	['these', 'same', 'mutations', '#eliminates', 'sec', 'incorporation', 'while', 'mutation', 'at', 's494', 'has', 'no', 'effect', '(figure', '2c)', '.']
