0	['O', 'O', 'O', 'O', 'B-A0', 'I-A0', 'I-A0', 'I-A0', 'O', 'O', 'O', 'O', 'O', 'O', 'O', 'O', 'O', 'O', 'O', 'B-V', 'O', 'B-A1', 'I-A1', 'I-A1', 'I-A1', 'I-A1', 'O', 'O', 'O', 'O', 'O', 'O', 'O', 'O', 'O', 'O', 'O', 'O', 'O', 'O', 'O', 'O', 'O', 'O']	['our', 'observations', 'illustrate', 'that', 'adult', 'naive', 't', 'cells', 'has', 'the', 'ability', 'to', 'be', 'endowed', 'with', 'the', 'biochemical', 'machinery', 'to', '#proliferate', 'indefinitely', 'when', 'transferred', 'to', 'lymphopenic', 'hosts', ',', 'yet', ',', 'there', 'are', 'intrinsic', 'mechanisms', 'that', 'effectively', 'circumscribe', 'the', 'extent', 'and', 'duration', 'of', 'trophoblast', 'proliferation', '.']
1	['B-A0', 'I-A0', 'O', 'O', 'O', 'O', 'O', 'O', 'O', 'O', 'O', 'B-V', 'O', 'O', 'O', 'O', 'O', 'O', 'O', 'O', 'O', 'O']	['cancer', 'cells', 'can', 'be', 'characterized', 'by', 'either', 'an', 'increased', 'ability', 'to', '#proliferate', 'or', 'a', 'diminished', 'capacity', 'to', 'undergo', 'programmed', 'cell', 'death', '.']
2	['O', 'O', 'O', 'B-A0', 'I-A0', 'O', 'B-V', 'B-A2', 'I-A2', 'O', 'O', 'O', 'O', 'O', 'O', 'O', 'O', 'O', 'O', 'O', 'O', 'O', 'O', 'O', 'O', 'O', 'O', 'O']	['the', 'ability', 'of', 'ebd', 'cells', 'to', '#proliferate', 'in', 'vivo', 'was', 'examined', 'by', 'injection', 'of', '3', '?', '106', 'lvec', 'cells', 'into', 'the', 'calf', 'muscle', 'of', '3', 'immunocompromised', 'mice', '.']
3	['O', 'O', 'B-A0', 'I-A0', 'I-A0', 'I-A0', 'O', 'O', 'O', 'O', 'O', 'O', 'O', 'O', 'O', 'O', 'O', 'O', 'O', 'O', 'O', 'O', 'O', 'O', 'O', 'O', 'B-V', 'B-A1', 'I-A1', 'I-A1', 'I-A1', 'I-A1', 'O']	['treatment', 'of', 'adult', 'naive', 't', 'cells', 'of', 'different', 'origin', 'with', 'the', 'ganglioside', 'biosynthesis', 'inhibitors', 'fumonisin', 'b1', ',', 'd-threo-1-phenyl-2-decanoylamino-3-morpholino-1-propanol', 'or', 'd-1-threo-1-phenyl-2-hexa-decanoylamino-3-pyrrolidino-1-propanol-hcl', ',', 'has', 'impaired', 'their', 'capacity', 'to', '#proliferate', 'when', 'transferred', 'to', 'lymphopenic', 'hosts', '.']
4	['B-A0', 'I-A0', 'I-A0', 'I-A0', 'O', 'O', 'O', 'O', 'O', 'O', 'B-V', 'B-A1', 'I-A1', 'I-A1', 'I-A1', 'I-A1', 'O', 'O', 'O']	['adult', 'naive', 't', 'cells', 'may', 'have', 'regained', 'the', 'ability', 'to', '#proliferate', 'when', 'transferred', 'to', 'lymphopenic', 'hosts', '(figure', '6b)', '.']
5	['B-A0', 'I-A0', 'I-A0', 'I-A0', 'O', 'O', 'O', 'O', 'O', 'O', 'O', 'O', 'O', 'O', 'B-V', 'O', 'B-A1', 'I-A1', 'I-A1', 'I-A1', 'I-A1', 'O']	['adult', 'naive', 't', 'cells', ',', 'which', 'are', 'at', 'rest', 'in', 'normal', 'conditions', ',', 'will', '#proliferate', 'strongly', 'when', 'transferred', 'to', 'lymphopenic', 'hosts', '.']
6	['O', 'O', 'O', 'O', 'O', 'O', 'O', 'B-A0', 'I-A0', 'O', 'O', 'O', 'O', 'B-V', 'O', 'O', 'O', 'O', 'O', 'O', 'O', 'O']	['after', 'androgen', 'withdrawal', 'and', 'antiandrogen', 'treatment', ',', 'cancer', 'cells', 'that', 'will', 'cease', 'to', '#proliferate', 'and', 'undergo', 'apoptosis', 'will', 'cause', 'tumor', 'regression', '.']
7	['B-A0', 'I-A0', 'I-A0', 'I-A0', 'O', 'O', 'O', 'O', 'O', 'O', 'O', 'B-V', 'O', 'B-A1', 'I-A1', 'I-A1', 'I-A1', 'I-A1', 'O', 'O', 'O']	['adult', 'naive', 't', 'cells', 'are', 'able', 'to', 'regain', 'the', 'ability', 'to', '#proliferate', 'indefinitely', 'when', 'transferred', 'to', 'lymphopenic', 'hosts', '(figure', '6b)', '.']
8	['B-A0', 'I-A0', 'I-A0', 'I-A0', 'O', 'O', 'O', 'O', 'O', 'O', 'O', 'O', 'O', 'O', 'O', 'O', 'B-V', 'B-A1', 'I-A1', 'I-A1', 'I-A1', 'I-A1', 'O']	['adult', 'naive', 't', 'cells', ',', 'which', 'are', 'at', 'rest', 'in', 'normal', 'conditions', ',', 'are', 'observed', 'to', '#proliferate', 'when', 'transferred', 'to', 'lymphopenic', 'hosts', '.']
9	['O', 'O', 'O', 'O', 'O', 'O', 'O', 'B-A0', 'I-A0', 'O', 'O', 'O', 'O', 'O', 'O', 'B-V', 'O', 'O', 'O', 'O', 'O', 'O', 'O', 'O']	['after', 'androgen', 'withdrawal', 'and', 'antiandrogen', 'treatment', ',', 'cancer', 'cells', 'that', 'are', 'able', 'to', 'cease', 'to', '#proliferate', 'and', 'undergo', 'apoptosis', 'will', 'cause', 'tumor', 'regression', '.']
10	['O', 'O', 'O', 'O', 'O', 'O', 'O', 'B-A0', 'I-A0', 'O', 'O', 'O', 'O', 'B-V', 'O', 'O', 'O', 'O', 'O', 'O', 'O', 'O']	['after', 'androgen', 'withdrawal', 'and', 'antiandrogen', 'treatment', ',', 'cancer', 'cells', 'that', 'may', 'cease', 'to', '#proliferate', 'and', 'undergo', 'apoptosis', 'will', 'cause', 'tumor', 'regression', '.']
11	['O', 'O', 'O', 'O', 'B-A0', 'I-A0', 'I-A0', 'I-A0', 'O', 'O', 'O', 'O', 'O', 'O', 'O', 'O', 'O', 'O', 'B-V', 'O', 'B-A1', 'I-A1', 'I-A1', 'I-A1', 'I-A1', 'O', 'O', 'O', 'O', 'O', 'O', 'O', 'O', 'O', 'O', 'O', 'O', 'O', 'O', 'O', 'O', 'O', 'O']	['our', 'observations', 'illustrate', 'that', 'adult', 'naive', 't', 'cells', 'is', 'shown', 'to', 'be', 'endowed', 'with', 'the', 'biochemical', 'machinery', 'to', '#proliferate', 'indefinitely', 'when', 'transferred', 'to', 'lymphopenic', 'hosts', ',', 'yet', ',', 'there', 'are', 'intrinsic', 'mechanisms', 'that', 'effectively', 'circumscribe', 'the', 'extent', 'and', 'duration', 'of', 'trophoblast', 'proliferation', '.']
12	['O', 'O', 'O', 'O', 'B-A0', 'I-A0', 'I-A0', 'I-A0', 'O', 'O', 'O', 'O', 'O', 'O', 'O', 'O', 'B-V', 'B-A1', 'I-A1', 'I-A1', 'I-A1', 'I-A1', 'O', 'O', 'O', 'O', 'O', 'O', 'O', 'O', 'O', 'O', 'O', 'O', 'O', 'O', 'O', 'O', 'O', 'O']	['our', 'observations', 'illustrate', 'that', 'adult', 'naive', 't', 'cells', 'will', 'be', 'endowed', 'with', 'the', 'biochemical', 'machinery', 'to', '#proliferate', 'when', 'transferred', 'to', 'lymphopenic', 'hosts', ',', 'yet', ',', 'there', 'are', 'intrinsic', 'mechanisms', 'that', 'effectively', 'circumscribe', 'the', 'extent', 'and', 'duration', 'of', 'trophoblast', 'proliferation', '.']
13	['B-A0', 'I-A0', 'I-A0', 'I-A0', 'O', 'O', 'O', 'O', 'O', 'O', 'O', 'O', 'O', 'O', 'O', 'O', 'B-V', 'B-A1', 'I-A1', 'I-A1', 'I-A1', 'I-A1', 'O']	['adult', 'naive', 't', 'cells', ',', 'which', 'are', 'at', 'rest', 'in', 'normal', 'conditions', ',', 'could', 'have', 'strongly', '#proliferated', 'when', 'transferred', 'to', 'lymphopenic', 'hosts', '.']
14	['O', 'O', 'B-A0', 'I-A0', 'I-A0', 'I-A0', 'O', 'O', 'O', 'O', 'O', 'O', 'O', 'O', 'O', 'O', 'O', 'O', 'O', 'O', 'O', 'O', 'O', 'O', 'O', 'O', 'B-V', 'B-A1', 'I-A1', 'I-A1', 'I-A1', 'I-A1', 'O']	['treatment', 'of', 'adult', 'naive', 't', 'cells', 'of', 'different', 'origin', 'with', 'the', 'ganglioside', 'biosynthesis', 'inhibitors', 'fumonisin', 'b1', ',', 'd-threo-1-phenyl-2-decanoylamino-3-morpholino-1-propanol', 'or', 'd-1-threo-1-phenyl-2-hexa-decanoylamino-3-pyrrolidino-1-propanol-hcl', ',', 'will', 'impair', 'their', 'capacity', 'to', '#proliferate', 'when', 'transferred', 'to', 'lymphopenic', 'hosts', '.']
15	['O', 'O', 'O', 'B-A0', 'I-A0', 'O', 'O', 'O', 'B-V', 'B-A2', 'I-A2', 'O', 'O', 'O', 'O', 'O', 'O', 'O', 'O', 'O', 'O', 'O', 'O', 'O', 'O', 'O', 'O', 'O', 'O', 'O']	['the', 'ability', 'of', 'ebd', 'cells', 'that', 'have', 'strongly', '#proliferated', 'in', 'vivo', 'was', 'examined', 'by', 'injection', 'of', '3', '?', '106', 'lvec', 'cells', 'into', 'the', 'calf', 'muscle', 'of', '3', 'immunocompromised', 'mice', '.']
16	['O', 'O', 'O', 'B-A0', 'I-A0', 'O', 'O', 'O', 'B-V', 'O', 'B-A2', 'I-A2', 'O', 'O', 'O', 'O', 'O', 'O', 'O', 'O', 'O', 'O', 'O', 'O', 'O', 'O', 'O', 'O', 'O', 'O', 'O']	['the', 'ability', 'of', 'ebd', 'cells', 'being', 'able', 'to', '#proliferate', 'strongly', 'in', 'vivo', 'was', 'examined', 'by', 'injection', 'of', '3', '?', '106', 'lvec', 'cells', 'into', 'the', 'calf', 'muscle', 'of', '3', 'immunocompromised', 'mice', '.']
17	['B-A0', 'I-A0', 'I-A0', 'I-A0', 'O', 'O', 'O', 'O', 'O', 'O', 'O', 'B-V', 'O', 'B-A1', 'I-A1', 'I-A1', 'I-A1', 'I-A1', 'O', 'O', 'O']	['adult', 'naive', 't', 'cells', 'are', 'observed', 'to', 'regain', 'the', 'ability', 'to', '#proliferate', 'indefinitely', 'when', 'transferred', 'to', 'lymphopenic', 'hosts', '(figure', '6b)', '.']
18	['B-A0', 'I-A0', 'O', 'O', 'O', 'O', 'O', 'O', 'O', 'O', 'O', 'O', 'O', 'B-V', 'O', 'O', 'O', 'O', 'O', 'O', 'O', 'O', 'O', 'O']	['cancer', 'cells', 'are', 'believed', 'to', 'be', 'characterized', 'by', 'either', 'an', 'increased', 'ability', 'to', '#proliferate', 'or', 'a', 'diminished', 'capacity', 'to', 'undergo', 'programmed', 'cell', 'death', '.']
19	['O', 'O', 'O', 'O', 'O', 'O', 'O', 'B-A0', 'I-A0', 'O', 'O', 'O', 'O', 'O', 'O', 'B-V', 'O', 'O', 'O', 'O', 'O', 'O', 'O', 'O']	['after', 'androgen', 'withdrawal', 'and', 'antiandrogen', 'treatment', ',', 'cancer', 'cells', 'that', 'are', 'observed', 'to', 'cease', 'to', '#proliferate', 'and', 'undergo', 'apoptosis', 'will', 'cause', 'tumor', 'regression', '.']
20	['B-A0', 'I-A0', 'I-A0', 'I-A0', 'O', 'O', 'O', 'O', 'O', 'O', 'O', 'O', 'O', 'O', 'B-V', 'O', 'B-A1', 'I-A1', 'I-A1', 'I-A1', 'I-A1', 'O']	['adult', 'naive', 't', 'cells', ',', 'which', 'are', 'at', 'rest', 'in', 'normal', 'conditions', ',', 'can', '#proliferate', 'strongly', 'when', 'transferred', 'to', 'lymphopenic', 'hosts', '.']
21	['O', 'O', 'B-A0', 'I-A0', 'I-A0', 'I-A0', 'O', 'O', 'O', 'O', 'O', 'O', 'O', 'O', 'O', 'O', 'O', 'O', 'O', 'O', 'O', 'O', 'O', 'O', 'O', 'O', 'O', 'O', 'O', 'B-V', 'B-A1', 'I-A1', 'I-A1', 'I-A1', 'I-A1', 'O']	['treatment', 'of', 'adult', 'naive', 't', 'cells', 'of', 'different', 'origin', 'with', 'the', 'ganglioside', 'biosynthesis', 'inhibitors', 'fumonisin', 'b1', ',', 'd-threo-1-phenyl-2-decanoylamino-3-morpholino-1-propanol', 'or', 'd-1-threo-1-phenyl-2-hexa-decanoylamino-3-pyrrolidino-1-propanol-hcl', ',', 'is', 'able', 'to', 'significantly', 'impair', 'their', 'capacity', 'to', '#proliferate', 'when', 'transferred', 'to', 'lymphopenic', 'hosts', '.']
22	['O', 'O', 'O', 'O', 'O', 'O', 'O', 'B-A0', 'I-A0', 'O', 'O', 'O', 'O', 'O', 'B-V', 'O', 'O', 'O', 'O', 'O', 'O', 'O', 'O']	['after', 'androgen', 'withdrawal', 'and', 'antiandrogen', 'treatment', ',', 'cancer', 'cells', 'being', 'observed', 'to', 'cease', 'to', '#proliferate', 'and', 'undergo', 'apoptosis', 'will', 'cause', 'tumor', 'regression', '.']
23	['B-A0', 'I-A0', 'I-A0', 'I-A0', 'O', 'O', 'O', 'O', 'O', 'O', 'O', 'O', 'O', 'O', 'B-V', 'B-A1', 'I-A1', 'I-A1', 'I-A1', 'I-A1', 'O']	['adult', 'naive', 't', 'cells', ',', 'which', 'are', 'at', 'rest', 'in', 'normal', 'conditions', ',', 'may', '#proliferate', 'when', 'transferred', 'to', 'lymphopenic', 'hosts', '.']
24	['B-A0', 'I-A0', 'I-A0', 'I-A0', 'O', 'O', 'O', 'O', 'O', 'O', 'O', 'O', 'O', 'B-V', 'O', 'B-A1', 'I-A1', 'I-A1', 'I-A1', 'I-A1', 'O']	['adult', 'naive', 't', 'cells', ',', 'which', 'are', 'at', 'rest', 'in', 'normal', 'conditions', ',', '#proliferated', 'strongly', 'when', 'transferred', 'to', 'lymphopenic', 'hosts', '.']
25	['B-A0', 'I-A0', 'O', 'O', 'O', 'O', 'O', 'O', 'O', 'O', 'B-V', 'O', 'O', 'O', 'O', 'O', 'O', 'O', 'O', 'O', 'O']	['cancer', 'cells', 'are', 'characterized', 'by', 'either', 'an', 'increased', 'ability', 'for', '#proliferating', 'or', 'a', 'diminished', 'capacity', 'to', 'undergo', 'programmed', 'cell', 'death', '.']
26	['B-A0', 'I-A0', 'O', 'O', 'O', 'O', 'O', 'O', 'O', 'O', 'O', 'B-V', 'O', 'O', 'O', 'O', 'O', 'O', 'O', 'O', 'O', 'O']	['cancer', 'cells', 'are', 'characterized', 'by', 'either', 'an', 'increased', 'ability', 'for', 'strong', '#proliferating', 'or', 'a', 'diminished', 'capacity', 'to', 'undergo', 'programmed', 'cell', 'death', '.']
27	['B-A0', 'I-A0', 'I-A0', 'I-A0', 'O', 'O', 'O', 'O', 'B-V', 'O', 'B-A1', 'I-A1', 'I-A1', 'I-A1', 'I-A1', 'O', 'O', 'O']	['adult', 'naive', 't', 'cells', 'regained', 'the', 'ability', 'to', '#proliferate', 'indefinitely', 'when', 'transferred', 'to', 'lymphopenic', 'hosts', '(figure', '6b)', '.']
28	['O', 'O', 'B-A0', 'I-A0', 'I-A0', 'I-A0', 'O', 'O', 'O', 'O', 'O', 'O', 'O', 'O', 'O', 'O', 'O', 'O', 'O', 'O', 'O', 'O', 'O', 'O', 'O', 'O', 'O', 'B-V', 'B-A1', 'I-A1', 'I-A1', 'I-A1', 'I-A1', 'O']	['treatment', 'of', 'adult', 'naive', 't', 'cells', 'of', 'different', 'origin', 'with', 'the', 'ganglioside', 'biosynthesis', 'inhibitors', 'fumonisin', 'b1', ',', 'd-threo-1-phenyl-2-decanoylamino-3-morpholino-1-propanol', 'or', 'd-1-threo-1-phenyl-2-hexa-decanoylamino-3-pyrrolidino-1-propanol-hcl', ',', 'has', 'significantly', 'impaired', 'their', 'capacity', 'to', '#proliferate', 'when', 'transferred', 'to', 'lymphopenic', 'hosts', '.']
29	['O', 'O', 'O', 'B-A0', 'I-A0', 'O', 'O', 'B-V', 'B-A2', 'I-A2', 'O', 'O', 'O', 'O', 'O', 'O', 'O', 'O', 'O', 'O', 'O', 'O', 'O', 'O', 'O', 'O', 'O', 'O', 'O']	['the', 'ability', 'of', 'ebd', 'cells', 'that', 'can', '#proliferate', 'in', 'vivo', 'was', 'examined', 'by', 'injection', 'of', '3', '?', '106', 'lvec', 'cells', 'into', 'the', 'calf', 'muscle', 'of', '3', 'immunocompromised', 'mice', '.']
30	['O', 'O', 'O', 'O', 'B-A0', 'I-A0', 'I-A0', 'I-A0', 'O', 'O', 'O', 'O', 'O', 'O', 'O', 'O', 'O', 'B-V', 'B-A1', 'I-A1', 'I-A1', 'I-A1', 'I-A1', 'O', 'O', 'O', 'O', 'O', 'O', 'O', 'O', 'O', 'O', 'O', 'O', 'O', 'O', 'O', 'O', 'O', 'O']	['our', 'observations', 'illustrate', 'that', 'adult', 'naive', 't', 'cells', 'may', 'have', 'been', 'endowed', 'with', 'the', 'biochemical', 'machinery', 'to', '#proliferate', 'when', 'transferred', 'to', 'lymphopenic', 'hosts', ',', 'yet', ',', 'there', 'are', 'intrinsic', 'mechanisms', 'that', 'effectively', 'circumscribe', 'the', 'extent', 'and', 'duration', 'of', 'trophoblast', 'proliferation', '.']
31	['B-A0', 'I-A0', 'I-A0', 'I-A0', 'O', 'O', 'O', 'O', 'O', 'O', 'O', 'O', 'O', 'O', 'O', 'B-V', 'B-A1', 'I-A1', 'I-A1', 'I-A1', 'I-A1', 'O']	['adult', 'naive', 't', 'cells', ',', 'which', 'are', 'at', 'rest', 'in', 'normal', 'conditions', ',', 'can', 'strongly', '#proliferate', 'when', 'transferred', 'to', 'lymphopenic', 'hosts', '.']
32	['B-A0', 'I-A0', 'I-A0', 'I-A0', 'O', 'O', 'O', 'O', 'O', 'B-V', 'B-A1', 'I-A1', 'I-A1', 'I-A1', 'I-A1', 'O', 'O', 'O']	['adult', 'naive', 't', 'cells', 'have', 'regained', 'the', 'ability', 'to', '#proliferate', 'when', 'transferred', 'to', 'lymphopenic', 'hosts', '(figure', '6b)', '.']
33	['B-A0', 'I-A0', 'I-A0', 'I-A0', 'O', 'O', 'O', 'O', 'B-V', 'B-A1', 'I-A1', 'I-A1', 'I-A1', 'I-A1', 'O', 'O', 'O']	['adult', 'naive', 't', 'cells', 'regained', 'the', 'ability', 'to', '#proliferate', 'when', 'transferred', 'to', 'lymphopenic', 'hosts', '(figure', '6b)', '.']
34	['B-A0', 'I-A0', 'I-A0', 'I-A0', 'O', 'O', 'O', 'O', 'O', 'O', 'O', 'O', 'O', 'O', 'O', 'B-V', 'O', 'B-A1', 'I-A1', 'I-A1', 'I-A1', 'I-A1', 'O']	['adult', 'naive', 't', 'cells', ',', 'which', 'are', 'at', 'rest', 'in', 'normal', 'conditions', ',', 'could', 'have', '#proliferated', 'strongly', 'when', 'transferred', 'to', 'lymphopenic', 'hosts', '.']
35	['B-A0', 'I-A0', 'O', 'O', 'O', 'O', 'O', 'O', 'O', 'O', 'B-V', 'O', 'O', 'O', 'O', 'O', 'O', 'O', 'O', 'O', 'O']	['cancer', 'cells', 'are', 'characterized', 'by', 'either', 'an', 'increased', 'ability', 'to', '#proliferate', 'or', 'a', 'diminished', 'capacity', 'to', 'undergo', 'programmed', 'cell', 'death', '.']
36	['O', 'O', 'B-A0', 'I-A0', 'I-A0', 'I-A0', 'O', 'O', 'O', 'O', 'O', 'O', 'O', 'O', 'O', 'O', 'O', 'O', 'O', 'O', 'O', 'O', 'O', 'O', 'O', 'O', 'O', 'O', 'B-V', 'B-A1', 'I-A1', 'I-A1', 'I-A1', 'I-A1', 'O']	['treatment', 'of', 'adult', 'naive', 't', 'cells', 'of', 'different', 'origin', 'with', 'the', 'ganglioside', 'biosynthesis', 'inhibitors', 'fumonisin', 'b1', ',', 'd-threo-1-phenyl-2-decanoylamino-3-morpholino-1-propanol', 'or', 'd-1-threo-1-phenyl-2-hexa-decanoylamino-3-pyrrolidino-1-propanol-hcl', ',', 'is', 'able', 'to', 'impair', 'their', 'capacity', 'to', '#proliferate', 'when', 'transferred', 'to', 'lymphopenic', 'hosts', '.']
37	['O', 'O', 'O', 'O', 'B-A0', 'I-A0', 'I-A0', 'I-A0', 'O', 'O', 'O', 'O', 'O', 'O', 'O', 'B-V', 'B-A1', 'I-A1', 'I-A1', 'I-A1', 'I-A1', 'O', 'O', 'O', 'O', 'O', 'O', 'O', 'O', 'O', 'O', 'O', 'O', 'O', 'O', 'O', 'O', 'O', 'O']	['our', 'observations', 'illustrate', 'that', 'adult', 'naive', 't', 'cells', 'was', 'endowed', 'with', 'the', 'biochemical', 'machinery', 'to', '#proliferate', 'when', 'transferred', 'to', 'lymphopenic', 'hosts', ',', 'yet', ',', 'there', 'are', 'intrinsic', 'mechanisms', 'that', 'effectively', 'circumscribe', 'the', 'extent', 'and', 'duration', 'of', 'trophoblast', 'proliferation', '.']
38	['B-A0', 'I-A0', 'O', 'O', 'O', 'O', 'O', 'O', 'O', 'O', 'O', 'B-V', 'O', 'O', 'O', 'O', 'O', 'O', 'O', 'O', 'O', 'O']	['cancer', 'cells', 'wil', 'be', 'characterized', 'by', 'either', 'an', 'increased', 'ability', 'for', '#proliferating', 'or', 'a', 'diminished', 'capacity', 'to', 'undergo', 'programmed', 'cell', 'death', '.']
39	['B-A0', 'I-A0', 'I-A0', 'I-A0', 'O', 'O', 'O', 'O', 'O', 'O', 'O', 'O', 'O', 'O', 'O', 'O', 'O', 'B-V', 'O', 'B-A1', 'I-A1', 'I-A1', 'I-A1', 'I-A1', 'O']	['adult', 'naive', 't', 'cells', ',', 'which', 'are', 'at', 'rest', 'in', 'normal', 'conditions', ',', 'have', 'the', 'ability', 'to', '#proliferate', 'strongly', 'when', 'transferred', 'to', 'lymphopenic', 'hosts', '.']
40	['O', 'O', 'O', 'B-A0', 'I-A0', 'O', 'O', 'O', 'O', 'B-V', 'B-A2', 'I-A2', 'O', 'O', 'O', 'O', 'O', 'O', 'O', 'O', 'O', 'O', 'O', 'O', 'O', 'O', 'O', 'O', 'O', 'O', 'O']	['the', 'ability', 'of', 'ebd', 'cells', 'that', 'may', 'have', 'strongly', '#proliferated', 'in', 'vivo', 'was', 'examined', 'by', 'injection', 'of', '3', '?', '106', 'lvec', 'cells', 'into', 'the', 'calf', 'muscle', 'of', '3', 'immunocompromised', 'mice', '.']
41	['B-A0', 'I-A0', 'I-A0', 'I-A0', 'O', 'O', 'O', 'O', 'O', 'O', 'O', 'O', 'O', 'O', 'O', 'B-V', 'B-A1', 'I-A1', 'I-A1', 'I-A1', 'I-A1', 'O']	['adult', 'naive', 't', 'cells', ',', 'which', 'are', 'at', 'rest', 'in', 'normal', 'conditions', ',', 'will', 'strongly', '#proliferate', 'when', 'transferred', 'to', 'lymphopenic', 'hosts', '.']
42	['B-A0', 'I-A0', 'I-A0', 'I-A0', 'O', 'O', 'O', 'O', 'O', 'B-V', 'O', 'B-A1', 'I-A1', 'I-A1', 'I-A1', 'I-A1', 'O', 'O', 'O']	['adult', 'naive', 't', 'cells', 'have', 'regained', 'the', 'ability', 'to', '#proliferate', 'indefinitely', 'when', 'transferred', 'to', 'lymphopenic', 'hosts', '(figure', '6b)', '.']
43	['B-A0', 'I-A0', 'I-A0', 'I-A0', 'O', 'O', 'O', 'O', 'O', 'O', 'O', 'B-V', 'B-A1', 'I-A1', 'I-A1', 'I-A1', 'I-A1', 'O', 'O', 'O']	['adult', 'naive', 't', 'cells', 'are', 'observed', 'to', 'regain', 'the', 'ability', 'to', '#proliferate', 'when', 'transferred', 'to', 'lymphopenic', 'hosts', '(figure', '6b)', '.']
44	['O', 'O', 'O', 'O', 'B-A0', 'I-A0', 'I-A0', 'I-A0', 'O', 'O', 'O', 'O', 'O', 'O', 'O', 'O', 'B-V', 'B-A1', 'I-A1', 'I-A1', 'I-A1', 'I-A1', 'O', 'O', 'O', 'O', 'O', 'O', 'O', 'O', 'O', 'O', 'O', 'O', 'O', 'O', 'O', 'O', 'O', 'O']	['our', 'observations', 'illustrate', 'that', 'adult', 'naive', 't', 'cells', 'can', 'be', 'endowed', 'with', 'the', 'biochemical', 'machinery', 'to', '#proliferate', 'when', 'transferred', 'to', 'lymphopenic', 'hosts', ',', 'yet', ',', 'there', 'are', 'intrinsic', 'mechanisms', 'that', 'effectively', 'circumscribe', 'the', 'extent', 'and', 'duration', 'of', 'trophoblast', 'proliferation', '.']
45	['O', 'O', 'O', 'O', 'O', 'O', 'O', 'B-A0', 'I-A0', 'O', 'O', 'O', 'O', 'B-V', 'O', 'O', 'O', 'O', 'O', 'O', 'O', 'O']	['after', 'androgen', 'withdrawal', 'and', 'antiandrogen', 'treatment', ',', 'cancer', 'cells', 'that', 'can', 'cease', 'to', '#proliferate', 'and', 'undergo', 'apoptosis', 'will', 'cause', 'tumor', 'regression', '.']
46	['B-A0', 'I-A0', 'I-A0', 'I-A0', 'O', 'O', 'O', 'O', 'O', 'O', 'O', 'O', 'O', 'O', 'O', 'B-V', 'B-A1', 'I-A1', 'I-A1', 'I-A1', 'I-A1', 'O']	['adult', 'naive', 't', 'cells', ',', 'which', 'are', 'at', 'rest', 'in', 'normal', 'conditions', ',', 'may', 'strongly', '#proliferate', 'when', 'transferred', 'to', 'lymphopenic', 'hosts', '.']
47	['O', 'O', 'O', 'B-A0', 'I-A0', 'O', 'O', 'O', 'O', 'B-V', 'B-A2', 'I-A2', 'O', 'O', 'O', 'O', 'O', 'O', 'O', 'O', 'O', 'O', 'O', 'O', 'O', 'O', 'O', 'O', 'O', 'O', 'O']	['the', 'ability', 'of', 'ebd', 'cells', 'having', 'the', 'ability', 'to', '#proliferate', 'in', 'vivo', 'was', 'examined', 'by', 'injection', 'of', '3', '?', '106', 'lvec', 'cells', 'into', 'the', 'calf', 'muscle', 'of', '3', 'immunocompromised', 'mice', '.']
48	['B-A0', 'I-A0', 'I-A0', 'I-A0', 'O', 'O', 'O', 'O', 'O', 'B-V', 'B-A1', 'I-A1', 'I-A1', 'I-A1', 'I-A1', 'O', 'O', 'O']	['adult', 'naive', 't', 'cells', 'will', 'regain', 'the', 'ability', 'to', '#proliferate', 'when', 'transferred', 'to', 'lymphopenic', 'hosts', '(figure', '6b)', '.']
49	['O', 'O', 'O', 'O', 'O', 'O', 'O', 'B-A0', 'I-A0', 'O', 'O', 'O', 'B-V', 'O', 'O', 'O', 'O', 'O', 'O', 'O', 'O']	['after', 'androgen', 'withdrawal', 'and', 'antiandrogen', 'treatment', ',', 'cancer', 'cells', 'will', 'cease', 'to', '#proliferate', 'and', 'undergo', 'apoptosis', ',', 'causing', 'tumor', 'regression', '.']
50	['B-A0', 'I-A0', 'I-A0', 'I-A0', 'O', 'O', 'O', 'O', 'O', 'O', 'B-V', 'O', 'B-A1', 'I-A1', 'I-A1', 'I-A1', 'I-A1', 'O', 'O', 'O']	['adult', 'naive', 't', 'cells', 'may', 'have', 'regained', 'the', 'ability', 'to', '#proliferate', 'indefinitely', 'when', 'transferred', 'to', 'lymphopenic', 'hosts', '(figure', '6b)', '.']
51	['O', 'O', 'O', 'B-A0', 'I-A0', 'O', 'O', 'O', 'O', 'B-V', 'B-A2', 'I-A2', 'O', 'O', 'O', 'O', 'O', 'O', 'O', 'O', 'O', 'O', 'O', 'O', 'O', 'O', 'O', 'O', 'O', 'O', 'O']	['the', 'ability', 'of', 'ebd', 'cells', 'that', 'is', 'able', 'to', '#proliferate', 'in', 'vivo', 'was', 'examined', 'by', 'injection', 'of', '3', '?', '106', 'lvec', 'cells', 'into', 'the', 'calf', 'muscle', 'of', '3', 'immunocompromised', 'mice', '.']
52	['O', 'O', 'O', 'O', 'O', 'O', 'O', 'B-A0', 'I-A0', 'O', 'O', 'O', 'B-V', 'O', 'O', 'O', 'O', 'O', 'O', 'O', 'O']	['after', 'androgen', 'withdrawal', 'and', 'antiandrogen', 'treatment', ',', 'cancer', 'cells', 'can', 'cease', 'to', '#proliferate', 'and', 'undergo', 'apoptosis', ',', 'causing', 'tumor', 'regression', '.']
53	['O', 'O', 'B-A0', 'I-A0', 'I-A0', 'I-A0', 'O', 'O', 'O', 'O', 'O', 'O', 'O', 'O', 'O', 'O', 'O', 'O', 'O', 'O', 'O', 'O', 'O', 'O', 'O', 'B-V', 'B-A1', 'I-A1', 'I-A1', 'I-A1', 'I-A1', 'O']	['treatment', 'of', 'adult', 'naive', 't', 'cells', 'of', 'different', 'origin', 'with', 'the', 'ganglioside', 'biosynthesis', 'inhibitors', 'fumonisin', 'b1', ',', 'd-threo-1-phenyl-2-decanoylamino-3-morpholino-1-propanol', 'or', 'd-1-threo-1-phenyl-2-hexa-decanoylamino-3-pyrrolidino-1-propanol-hcl', ',', 'impairs', 'their', 'capacity', 'to', '#proliferate', 'when', 'transferred', 'to', 'lymphopenic', 'hosts', '.']
54	['B-A0', 'I-A0', 'O', 'O', 'O', 'O', 'O', 'O', 'O', 'O', 'O', 'O', 'B-V', 'O', 'O', 'O', 'O', 'O', 'O', 'O', 'O', 'O', 'O']	['cancer', 'cells', 'has', 'been', 'characterized', 'by', 'either', 'an', 'increased', 'ability', 'to', 'strongly', '#proliferate', 'or', 'a', 'diminished', 'capacity', 'to', 'undergo', 'programmed', 'cell', 'death', '.']
55	['O', 'O', 'O', 'O', 'O', 'O', 'O', 'B-A0', 'I-A0', 'O', 'O', 'O', 'O', 'B-V', 'O', 'O', 'O', 'O', 'O', 'O', 'O']	['after', 'androgen', 'withdrawal', 'and', 'antiandrogen', 'treatment', ',', 'cancer', 'cells', 'that', 'have', 'ceased', 'to', '#proliferate', 'and', 'undergo', 'apoptosis', 'caused', 'tumor', 'regression', '.']
56	['O', 'O', 'O', 'B-A0', 'I-A0', 'O', 'B-V', 'B-A2', 'I-A2', 'O', 'O', 'O', 'O', 'O', 'O', 'O', 'O', 'O', 'O', 'O', 'O', 'O', 'O', 'O', 'O', 'O', 'O', 'O']	['the', 'ability', 'of', 'ebd', 'cells', 'having', '#proliferated', 'in', 'vivo', 'was', 'examined', 'by', 'injection', 'of', '3', '?', '106', 'lvec', 'cells', 'into', 'the', 'calf', 'muscle', 'of', '3', 'immunocompromised', 'mice', '.']
57	['O', 'O', 'O', 'O', 'B-A0', 'I-A0', 'I-A0', 'I-A0', 'O', 'O', 'O', 'O', 'O', 'O', 'O', 'O', 'B-V', 'O', 'B-A1', 'I-A1', 'I-A1', 'I-A1', 'I-A1', 'O', 'O', 'O', 'O', 'O', 'O', 'O', 'O', 'O', 'O', 'O', 'O', 'O', 'O', 'O', 'O', 'O', 'O']	['our', 'observations', 'illustrate', 'that', 'adult', 'naive', 't', 'cells', 'will', 'be', 'endowed', 'with', 'the', 'biochemical', 'machinery', 'to', '#proliferate', 'indefinitely', 'when', 'transferred', 'to', 'lymphopenic', 'hosts', ',', 'yet', ',', 'there', 'are', 'intrinsic', 'mechanisms', 'that', 'effectively', 'circumscribe', 'the', 'extent', 'and', 'duration', 'of', 'trophoblast', 'proliferation', '.']
58	['O', 'O', 'O', 'O', 'O', 'O', 'O', 'B-A0', 'I-A0', 'O', 'O', 'O', 'B-V', 'O', 'O', 'O', 'O', 'O', 'O', 'O', 'O']	['after', 'androgen', 'withdrawal', 'and', 'antiandrogen', 'treatment', ',', 'cancer', 'cells', 'have', 'ceased', 'to', '#proliferate', 'and', 'underwent', 'apoptosis', ',', 'causing', 'tumor', 'regression', '.']
59	['B-A0', 'I-A0', 'O', 'O', 'O', 'O', 'O', 'O', 'O', 'O', 'O', 'B-V', 'O', 'O', 'O', 'O', 'O', 'O', 'O', 'O', 'O', 'O']	['cancer', 'cells', 'has', 'been', 'characterized', 'by', 'either', 'an', 'increased', 'ability', 'to', '#proliferate', 'or', 'a', 'diminished', 'capacity', 'to', 'undergo', 'programmed', 'cell', 'death', '.']
60	['O', 'O', 'B-A0', 'I-A0', 'I-A0', 'I-A0', 'O', 'O', 'O', 'O', 'O', 'O', 'O', 'O', 'O', 'O', 'O', 'O', 'O', 'O', 'O', 'O', 'O', 'O', 'O', 'B-V', 'B-A1', 'I-A1', 'I-A1', 'I-A1', 'I-A1', 'O']	['treatment', 'of', 'adult', 'naive', 't', 'cells', 'of', 'different', 'origin', 'with', 'the', 'ganglioside', 'biosynthesis', 'inhibitors', 'fumonisin', 'b1', ',', 'd-threo-1-phenyl-2-decanoylamino-3-morpholino-1-propanol', 'or', 'd-1-threo-1-phenyl-2-hexa-decanoylamino-3-pyrrolidino-1-propanol-hcl', ',', 'impaired', 'their', 'capacity', 'to', '#proliferate', 'when', 'transferred', 'to', 'lymphopenic', 'hosts', '.']
61	['O', 'O', 'O', 'B-A0', 'I-A0', 'O', 'O', 'O', 'B-V', 'B-A2', 'I-A2', 'O', 'O', 'O', 'O', 'O', 'O', 'O', 'O', 'O', 'O', 'O', 'O', 'O', 'O', 'O', 'O', 'O', 'O', 'O']	['the', 'ability', 'of', 'ebd', 'cells', 'that', 'may', 'have', '#proliferated', 'in', 'vivo', 'was', 'examined', 'by', 'injection', 'of', '3', '?', '106', 'lvec', 'cells', 'into', 'the', 'calf', 'muscle', 'of', '3', 'immunocompromised', 'mice', '.']
62	['B-A0', 'I-A0', 'I-A0', 'I-A0', 'O', 'O', 'O', 'O', 'O', 'O', 'O', 'O', 'O', 'O', 'O', 'B-V', 'B-A1', 'I-A1', 'I-A1', 'I-A1', 'I-A1', 'O']	['adult', 'naive', 't', 'cells', ',', 'which', 'are', 'at', 'rest', 'in', 'normal', 'conditions', ',', 'might', 'have', '#proliferated', 'when', 'transferred', 'to', 'lymphopenic', 'hosts', '.']
63	['B-A0', 'I-A0', 'I-A0', 'I-A0', 'O', 'O', 'O', 'O', 'O', 'O', 'O', 'O', 'O', 'O', 'O', 'B-V', 'O', 'B-A1', 'I-A1', 'I-A1', 'I-A1', 'I-A1', 'O']	['adult', 'naive', 't', 'cells', ',', 'which', 'are', 'at', 'rest', 'in', 'normal', 'conditions', ',', 'might', 'have', '#proliferated', 'strongly', 'when', 'transferred', 'to', 'lymphopenic', 'hosts', '.']
64	['O', 'O', 'O', 'O', 'O', 'O', 'O', 'B-A0', 'I-A0', 'O', 'O', 'O', 'B-V', 'O', 'O', 'O', 'O', 'O', 'O', 'O']	['after', 'androgen', 'withdrawal', 'and', 'antiandrogen', 'treatment', ',', 'cancer', 'cells', 'having', 'ceased', 'to', '#proliferate', 'and', 'undergo', 'apoptosis', 'caused', 'tumor', 'regression', '.']
65	['B-A0', 'I-A0', 'I-A0', 'I-A0', 'O', 'O', 'O', 'O', 'O', 'O', 'O', 'O', 'O', 'O', 'O', 'B-V', 'B-A1', 'I-A1', 'I-A1', 'I-A1', 'I-A1', 'O']	['adult', 'naive', 't', 'cells', ',', 'which', 'are', 'at', 'rest', 'in', 'normal', 'conditions', ',', 'have', 'strongly', '#proliferated', 'when', 'transferred', 'to', 'lymphopenic', 'hosts', '.']
66	['O', 'O', 'B-A0', 'I-A0', 'I-A0', 'I-A0', 'O', 'O', 'O', 'O', 'O', 'O', 'O', 'O', 'O', 'O', 'O', 'O', 'O', 'O', 'O', 'O', 'O', 'O', 'O', 'O', 'O', 'O', 'O', 'B-V', 'B-A1', 'I-A1', 'I-A1', 'I-A1', 'I-A1', 'O']	['treatment', 'of', 'adult', 'naive', 't', 'cells', 'of', 'different', 'origin', 'with', 'the', 'ganglioside', 'biosynthesis', 'inhibitors', 'fumonisin', 'b1', ',', 'd-threo-1-phenyl-2-decanoylamino-3-morpholino-1-propanol', 'or', 'd-1-threo-1-phenyl-2-hexa-decanoylamino-3-pyrrolidino-1-propanol-hcl', ',', 'is', 'observed', 'to', 'significantly', 'impair', 'their', 'capacity', 'to', '#proliferate', 'when', 'transferred', 'to', 'lymphopenic', 'hosts', '.']
67	['O', 'O', 'B-A0', 'I-A0', 'I-A0', 'I-A0', 'O', 'O', 'O', 'O', 'O', 'O', 'O', 'O', 'O', 'O', 'O', 'O', 'O', 'O', 'O', 'O', 'O', 'O', 'O', 'O', 'O', 'B-V', 'B-A1', 'I-A1', 'I-A1', 'I-A1', 'I-A1', 'O']	['treatment', 'of', 'adult', 'naive', 't', 'cells', 'of', 'different', 'origin', 'with', 'the', 'ganglioside', 'biosynthesis', 'inhibitors', 'fumonisin', 'b1', ',', 'd-threo-1-phenyl-2-decanoylamino-3-morpholino-1-propanol', 'or', 'd-1-threo-1-phenyl-2-hexa-decanoylamino-3-pyrrolidino-1-propanol-hcl', ',', 'can', 'significantly', 'impair', 'their', 'capacity', 'to', '#proliferate', 'when', 'transferred', 'to', 'lymphopenic', 'hosts', '.']
68	['B-A0', 'I-A0', 'I-A0', 'I-A0', 'O', 'O', 'O', 'O', 'O', 'O', 'O', 'O', 'O', 'O', 'B-V', 'O', 'B-A1', 'I-A1', 'I-A1', 'I-A1', 'I-A1', 'O']	['adult', 'naive', 't', 'cells', ',', 'which', 'are', 'at', 'rest', 'in', 'normal', 'conditions', ',', 'may', '#proliferate', 'strongly', 'when', 'transferred', 'to', 'lymphopenic', 'hosts', '.']
69	['O', 'O', 'B-A0', 'I-A0', 'I-A0', 'O', 'O', 'O', 'O', 'O', 'O', 'O', 'O', 'O', 'O', 'O', 'O', 'O', 'O', 'O', 'O', 'O', 'O', 'O', 'O', 'O', 'B-V', 'B-A1', 'I-A1', 'I-A1', 'I-A1', 'I-A1', 'I-A1', 'O']	['treatment', 'of', 'stat5ab-/-peripheral', 't', 'cells', 'of', 'different', 'origin', 'with', 'the', 'ganglioside', 'biosynthesis', 'inhibitors', 'fumonisin', 'b1', ',', 'd-threo-1-phenyl-2-decanoylamino-3-morpholino-1-propanol', 'or', 'd-1-threo-1-phenyl-2-hexa-decanoylamino-3-pyrrolidino-1-propanol-hcl', ',', 'can', 'significantly', 'impair', 'their', 'capacity', 'to', '#proliferate', 'upon', 'introduction', 'of', 'full-length', 'wild-type', 'stat5a', '.']
70	['O', 'O', 'B-A0', 'I-A0', 'I-A0', 'O', 'O', 'O', 'O', 'O', 'O', 'O', 'O', 'O', 'O', 'O', 'O', 'O', 'O', 'O', 'O', 'O', 'O', 'O', 'O', 'O', 'O', 'O', 'O', 'B-V', 'B-A1', 'I-A1', 'I-A1', 'I-A1', 'I-A1', 'I-A1', 'O']	['treatment', 'of', 'stat5ab-/-peripheral', 't', 'cells', 'of', 'different', 'origin', 'with', 'the', 'ganglioside', 'biosynthesis', 'inhibitors', 'fumonisin', 'b1', ',', 'd-threo-1-phenyl-2-decanoylamino-3-morpholino-1-propanol', 'or', 'd-1-threo-1-phenyl-2-hexa-decanoylamino-3-pyrrolidino-1-propanol-hcl', ',', 'has', 'the', 'ability', 'to', 'significantly', 'impair', 'their', 'capacity', 'to', '#proliferate', 'upon', 'introduction', 'of', 'full-length', 'wild-type', 'stat5a', '.']
71	['B-A0', 'I-A0', 'I-A0', 'O', 'O', 'O', 'O', 'O', 'O', 'O', 'B-V', 'B-A1', 'I-A1', 'I-A1', 'I-A1', 'I-A1', 'I-A1', 'O', 'O', 'O']	['stat5ab-/-peripheral', 't', 'cells', 'are', 'observed', 'to', 'regain', 'the', 'ability', 'to', '#proliferate', 'upon', 'introduction', 'of', 'full-length', 'wild-type', 'stat5a', '(figure', '6b)', '.']
72	['B-A0', 'I-A0', 'I-A0', 'I-A0', 'I-A0', 'I-A0', 'O', 'O', 'O', 'O', 'O', 'O', 'O', 'O', 'B-V', 'O', 'O', 'O', 'O', 'O', 'O', 'O', 'O', 'O', 'O']	['the', 'androgen', 'responsive', 'prostate', 'cancer', 'cells', 'are', 'characterized', 'by', 'either', 'an', 'increased', 'ability', 'to', '#proliferate', 'or', 'a', 'diminished', 'capacity', 'to', 'undergo', 'programmed', 'cell', 'death', '.']
73	['O', 'O', 'B-A0', 'I-A0', 'I-A0', 'O', 'O', 'O', 'O', 'O', 'O', 'O', 'O', 'O', 'O', 'O', 'O', 'O', 'O', 'O', 'O', 'O', 'O', 'O', 'O', 'B-V', 'B-A1', 'I-A1', 'O']	['treatment', 'of', 'the', 'human', 'placenta', 'of', 'different', 'origin', 'with', 'the', 'ganglioside', 'biosynthesis', 'inhibitors', 'fumonisin', 'b1', ',', 'd-threo-1-phenyl-2-decanoylamino-3-morpholino-1-propanol', 'or', 'd-1-threo-1-phenyl-2-hexa-decanoylamino-3-pyrrolidino-1-propanol-hcl', ',', 'has', 'impaired', 'their', 'capacity', 'to', '#proliferate', 'throughout', 'gestation', '.']
74	['B-A0', 'I-A0', 'I-A0', 'O', 'O', 'O', 'O', 'O', 'O', 'O', 'O', 'O', 'O', 'O', 'B-V', 'B-A1', 'I-A1', 'I-A1', 'I-A1', 'I-A1', 'I-A1', 'O']	['stat5ab-/-peripheral', 't', 'cells', ',', 'which', 'are', 'at', 'rest', 'in', 'normal', 'conditions', ',', 'can', 'strongly', '#proliferate', 'upon', 'introduction', 'of', 'full-length', 'wild-type', 'stat5a', '.']
75	['B-A0', 'I-A0', 'I-A0', 'O', 'O', 'O', 'O', 'O', 'O', 'O', 'O', 'O', 'O', 'O', 'O', 'B-V', 'O', 'B-A1', 'I-A1', 'I-A1', 'I-A1', 'I-A1', 'I-A1', 'O']	['stat5ab-/-peripheral', 't', 'cells', ',', 'which', 'are', 'at', 'rest', 'in', 'normal', 'conditions', ',', 'are', 'observed', 'to', '#proliferate', 'strongly', 'upon', 'introduction', 'of', 'full-length', 'wild-type', 'stat5a', '.']
76	['B-A0', 'I-A0', 'I-A0', 'O', 'O', 'O', 'O', 'O', 'O', 'O', 'O', 'O', 'O', 'O', 'B-V', 'O', 'B-A1', 'I-A1', 'I-A1', 'I-A1', 'I-A1', 'I-A1', 'O']	['stat5ab-/-peripheral', 't', 'cells', ',', 'which', 'are', 'at', 'rest', 'in', 'normal', 'conditions', ',', 'could', 'have', '#proliferated', 'strongly', 'upon', 'introduction', 'of', 'full-length', 'wild-type', 'stat5a', '.']
77	['O', 'O', 'B-A0', 'I-A0', 'I-A0', 'O', 'O', 'O', 'O', 'O', 'O', 'O', 'O', 'O', 'O', 'O', 'O', 'O', 'O', 'O', 'O', 'O', 'O', 'O', 'B-V', 'B-A1', 'I-A1', 'O']	['treatment', 'of', 'the', 'human', 'placenta', 'of', 'different', 'origin', 'with', 'the', 'ganglioside', 'biosynthesis', 'inhibitors', 'fumonisin', 'b1', ',', 'd-threo-1-phenyl-2-decanoylamino-3-morpholino-1-propanol', 'or', 'd-1-threo-1-phenyl-2-hexa-decanoylamino-3-pyrrolidino-1-propanol-hcl', ',', 'impaired', 'their', 'capacity', 'to', '#proliferate', 'throughout', 'gestation', '.']
78	['O', 'O', 'B-A0', 'I-A0', 'I-A0', 'O', 'O', 'O', 'O', 'O', 'O', 'O', 'O', 'O', 'O', 'O', 'O', 'O', 'O', 'O', 'O', 'O', 'O', 'O', 'B-V', 'B-A1', 'I-A1', 'I-A1', 'I-A1', 'I-A1', 'I-A1', 'O']	['treatment', 'of', 'stat5ab-/-peripheral', 't', 'cells', 'of', 'different', 'origin', 'with', 'the', 'ganglioside', 'biosynthesis', 'inhibitors', 'fumonisin', 'b1', ',', 'd-threo-1-phenyl-2-decanoylamino-3-morpholino-1-propanol', 'or', 'd-1-threo-1-phenyl-2-hexa-decanoylamino-3-pyrrolidino-1-propanol-hcl', ',', 'impaired', 'their', 'capacity', 'to', '#proliferate', 'upon', 'introduction', 'of', 'full-length', 'wild-type', 'stat5a', '.']
79	['O', 'O', 'B-A0', 'I-A0', 'I-A0', 'O', 'O', 'O', 'O', 'O', 'O', 'O', 'O', 'O', 'O', 'O', 'O', 'O', 'O', 'O', 'O', 'O', 'O', 'O', 'O', 'B-V', 'B-A1', 'I-A1', 'O']	['treatment', 'of', 'the', 'human', 'placenta', 'of', 'different', 'origin', 'with', 'the', 'ganglioside', 'biosynthesis', 'inhibitors', 'fumonisin', 'b1', ',', 'd-threo-1-phenyl-2-decanoylamino-3-morpholino-1-propanol', 'or', 'd-1-threo-1-phenyl-2-hexa-decanoylamino-3-pyrrolidino-1-propanol-hcl', ',', 'will', 'impair', 'their', 'capacity', 'to', '#proliferate', 'throughout', 'gestation', '.']
80	['B-A0', 'I-A0', 'I-A0', 'O', 'O', 'O', 'O', 'O', 'O', 'O', 'O', 'O', 'O', 'O', 'B-V', 'B-A1', 'I-A1', 'I-A1', 'I-A1', 'I-A1', 'I-A1', 'O']	['stat5ab-/-peripheral', 't', 'cells', ',', 'which', 'are', 'at', 'rest', 'in', 'normal', 'conditions', ',', 'might', 'have', '#proliferated', 'upon', 'introduction', 'of', 'full-length', 'wild-type', 'stat5a', '.']
81	['B-A0', 'I-A0', 'I-A0', 'O', 'O', 'O', 'O', 'O', 'O', 'O', 'O', 'O', 'O', 'O', 'O', 'B-V', 'O', 'B-A1', 'I-A1', 'I-A1', 'I-A1', 'I-A1', 'I-A1', 'O']	['stat5ab-/-peripheral', 't', 'cells', ',', 'which', 'are', 'at', 'rest', 'in', 'normal', 'conditions', ',', 'are', 'able', 'to', '#proliferate', 'strongly', 'upon', 'introduction', 'of', 'full-length', 'wild-type', 'stat5a', '.']
82	['O', 'O', 'B-A0', 'I-A0', 'I-A0', 'O', 'O', 'O', 'O', 'O', 'O', 'O', 'O', 'O', 'O', 'O', 'O', 'O', 'O', 'O', 'O', 'O', 'O', 'O', 'O', 'O', 'O', 'B-V', 'B-A1', 'I-A1', 'I-A1', 'I-A1', 'I-A1', 'I-A1', 'O']	['treatment', 'of', 'stat5ab-/-peripheral', 't', 'cells', 'of', 'different', 'origin', 'with', 'the', 'ganglioside', 'biosynthesis', 'inhibitors', 'fumonisin', 'b1', ',', 'd-threo-1-phenyl-2-decanoylamino-3-morpholino-1-propanol', 'or', 'd-1-threo-1-phenyl-2-hexa-decanoylamino-3-pyrrolidino-1-propanol-hcl', ',', 'is', 'observed', 'to', 'impair', 'their', 'capacity', 'to', '#proliferate', 'upon', 'introduction', 'of', 'full-length', 'wild-type', 'stat5a', '.']
83	['B-A0', 'I-A0', 'I-A0', 'O', 'O', 'O', 'O', 'O', 'O', 'O', 'O', 'O', 'O', 'B-V', 'O', 'B-A1', 'I-A1', 'O']	['the', 'human', 'placenta', ',', 'which', 'are', 'at', 'rest', 'in', 'normal', 'conditions', ',', 'will', '#proliferate', 'strongly', 'throughout', 'gestation', '.']
84	['B-A0', 'I-A0', 'I-A0', 'O', 'O', 'O', 'O', 'O', 'O', 'O', 'B-V', 'O', 'B-A1', 'I-A1', 'I-A1', 'I-A1', 'I-A1', 'I-A1', 'O', 'O', 'O']	['stat5ab-/-peripheral', 't', 'cells', 'are', 'able', 'to', 'regain', 'the', 'ability', 'to', '#proliferate', 'indefinitely', 'upon', 'introduction', 'of', 'full-length', 'wild-type', 'stat5a', '(figure', '6b)', '.']
85	['O', 'O', 'O', 'O', 'B-A0', 'I-A0', 'I-A0', 'O', 'O', 'O', 'O', 'O', 'O', 'O', 'O', 'O', 'O', 'O', 'B-V', 'B-A1', 'I-A1', 'I-A1', 'I-A1', 'I-A1', 'I-A1', 'O', 'O', 'O', 'O', 'O', 'O', 'O', 'O', 'O', 'O', 'O', 'O', 'O', 'O', 'O', 'O', 'O', 'O']	['our', 'observations', 'illustrate', 'that', 'stat5ab-/-peripheral', 't', 'cells', 'has', 'the', 'ability', 'to', 'be', 'endowed', 'with', 'the', 'biochemical', 'machinery', 'to', '#proliferate', 'upon', 'introduction', 'of', 'full-length', 'wild-type', 'stat5a', ',', 'yet', ',', 'there', 'are', 'intrinsic', 'mechanisms', 'that', 'effectively', 'circumscribe', 'the', 'extent', 'and', 'duration', 'of', 'trophoblast', 'proliferation', '.']
86	['O', 'O', 'O', 'O', 'B-A0', 'I-A0', 'I-A0', 'O', 'O', 'O', 'O', 'O', 'O', 'O', 'O', 'O', 'B-V', 'B-A1', 'I-A1', 'O', 'O', 'O', 'O', 'O', 'O', 'O', 'O', 'O', 'O', 'O', 'O', 'O', 'O', 'O', 'O', 'O', 'O']	['our', 'observations', 'illustrate', 'that', 'the', 'human', 'placenta', 'may', 'have', 'been', 'endowed', 'with', 'the', 'biochemical', 'machinery', 'to', '#proliferate', 'throughout', 'gestation', ',', 'yet', ',', 'there', 'are', 'intrinsic', 'mechanisms', 'that', 'effectively', 'circumscribe', 'the', 'extent', 'and', 'duration', 'of', 'trophoblast', 'proliferation', '.']
87	['B-A0', 'I-A0', 'I-A0', 'O', 'O', 'O', 'O', 'O', 'O', 'O', 'O', 'O', 'O', 'O', 'O', 'B-V', 'B-A1', 'I-A1', 'O']	['the', 'human', 'placenta', ',', 'which', 'are', 'at', 'rest', 'in', 'normal', 'conditions', ',', 'might', 'have', 'strongly', '#proliferated', 'throughout', 'gestation', '.']
88	['O', 'O', 'O', 'O', 'B-A0', 'I-A0', 'I-A0', 'O', 'O', 'O', 'O', 'O', 'O', 'O', 'B-V', 'B-A1', 'I-A1', 'I-A1', 'I-A1', 'I-A1', 'I-A1', 'O', 'O', 'O', 'O', 'O', 'O', 'O', 'O', 'O', 'O', 'O', 'O', 'O', 'O', 'O', 'O', 'O', 'O']	['our', 'observations', 'illustrate', 'that', 'stat5ab-/-peripheral', 't', 'cells', 'was', 'endowed', 'with', 'the', 'biochemical', 'machinery', 'to', '#proliferate', 'upon', 'introduction', 'of', 'full-length', 'wild-type', 'stat5a', ',', 'yet', ',', 'there', 'are', 'intrinsic', 'mechanisms', 'that', 'effectively', 'circumscribe', 'the', 'extent', 'and', 'duration', 'of', 'trophoblast', 'proliferation', '.']
89	['B-A0', 'I-A0', 'I-A0', 'O', 'O', 'O', 'O', 'O', 'O', 'O', 'O', 'O', 'O', 'O', 'O', 'B-V', 'B-A1', 'I-A1', 'I-A1', 'I-A1', 'I-A1', 'I-A1', 'O']	['stat5ab-/-peripheral', 't', 'cells', ',', 'which', 'are', 'at', 'rest', 'in', 'normal', 'conditions', ',', 'are', 'able', 'to', '#proliferate', 'upon', 'introduction', 'of', 'full-length', 'wild-type', 'stat5a', '.']
90	['O', 'O', 'B-A0', 'I-A0', 'I-A0', 'O', 'O', 'O', 'O', 'O', 'O', 'O', 'O', 'O', 'O', 'O', 'O', 'O', 'O', 'O', 'O', 'O', 'O', 'O', 'O', 'O', 'B-V', 'B-A1', 'I-A1', 'I-A1', 'I-A1', 'I-A1', 'I-A1', 'O']	['treatment', 'of', 'stat5ab-/-peripheral', 't', 'cells', 'of', 'different', 'origin', 'with', 'the', 'ganglioside', 'biosynthesis', 'inhibitors', 'fumonisin', 'b1', ',', 'd-threo-1-phenyl-2-decanoylamino-3-morpholino-1-propanol', 'or', 'd-1-threo-1-phenyl-2-hexa-decanoylamino-3-pyrrolidino-1-propanol-hcl', ',', 'has', 'significantly', 'impaired', 'their', 'capacity', 'to', '#proliferate', 'upon', 'introduction', 'of', 'full-length', 'wild-type', 'stat5a', '.']
91	['B-A0', 'I-A0', 'I-A0', 'O', 'O', 'O', 'O', 'O', 'B-V', 'O', 'B-A1', 'I-A1', 'I-A1', 'I-A1', 'I-A1', 'I-A1', 'O', 'O', 'O']	['stat5ab-/-peripheral', 't', 'cells', 'can', 'regain', 'the', 'ability', 'to', '#proliferate', 'indefinitely', 'upon', 'introduction', 'of', 'full-length', 'wild-type', 'stat5a', '(figure', '6b)', '.']
92	['B-A0', 'I-A0', 'I-A0', 'O', 'O', 'O', 'O', 'O', 'O', 'O', 'O', 'O', 'O', 'B-V', 'B-A1', 'I-A1', 'I-A1', 'I-A1', 'I-A1', 'I-A1', 'O']	['stat5ab-/-peripheral', 't', 'cells', ',', 'which', 'are', 'at', 'rest', 'in', 'normal', 'conditions', ',', 'can', '#proliferate', 'upon', 'introduction', 'of', 'full-length', 'wild-type', 'stat5a', '.']
93	['O', 'O', 'O', 'O', 'O', 'O', 'O', 'B-A0', 'I-A0', 'I-A0', 'I-A0', 'I-A0', 'I-A0', 'O', 'O', 'O', 'O', 'O', 'O', 'B-V', 'O', 'O', 'O', 'O', 'O', 'O', 'O', 'O']	['after', 'androgen', 'withdrawal', 'and', 'antiandrogen', 'treatment', ',', 'the', 'androgen', 'responsive', 'prostate', 'cancer', 'cells', 'that', 'are', 'able', 'to', 'cease', 'to', '#proliferate', 'and', 'undergo', 'apoptosis', 'will', 'cause', 'tumor', 'regression', '.']
94	['B-A0', 'I-A0', 'I-A0', 'O', 'O', 'O', 'O', 'O', 'O', 'O', 'O', 'O', 'O', 'B-V', 'B-A1', 'I-A1', 'O']	['the', 'human', 'placenta', ',', 'which', 'are', 'at', 'rest', 'in', 'normal', 'conditions', ',', 'can', '#proliferate', 'throughout', 'gestation', '.']
95	['O', 'O', 'O', 'O', 'O', 'O', 'O', 'B-A0', 'I-A0', 'I-A0', 'I-A0', 'I-A0', 'I-A0', 'O', 'O', 'O', 'O', 'O', 'B-V', 'O', 'O', 'O', 'O', 'O', 'O', 'O', 'O']	['after', 'androgen', 'withdrawal', 'and', 'antiandrogen', 'treatment', ',', 'the', 'androgen', 'responsive', 'prostate', 'cancer', 'cells', 'are', 'able', 'to', 'cease', 'to', '#proliferate', 'and', 'undergo', 'apoptosis', ',', 'causing', 'tumor', 'regression', '.']
96	['O', 'O', 'O', 'O', 'O', 'O', 'O', 'B-A0', 'I-A0', 'I-A0', 'I-A0', 'I-A0', 'I-A0', 'O', 'O', 'O', 'O', 'O', 'B-V', 'O', 'O', 'O', 'O', 'O', 'O', 'O', 'O']	['after', 'androgen', 'withdrawal', 'and', 'antiandrogen', 'treatment', ',', 'the', 'androgen', 'responsive', 'prostate', 'cancer', 'cells', 'are', 'observed', 'to', 'cease', 'to', '#proliferate', 'and', 'undergo', 'apoptosis', ',', 'causing', 'tumor', 'regression', '.']
97	['O', 'O', 'O', 'O', 'B-A0', 'I-A0', 'I-A0', 'O', 'O', 'O', 'O', 'O', 'O', 'O', 'O', 'O', 'O', 'B-V', 'O', 'B-A1', 'I-A1', 'O', 'O', 'O', 'O', 'O', 'O', 'O', 'O', 'O', 'O', 'O', 'O', 'O', 'O', 'O', 'O', 'O', 'O']	['our', 'observations', 'illustrate', 'that', 'the', 'human', 'placenta', 'is', 'able', 'to', 'be', 'endowed', 'with', 'the', 'biochemical', 'machinery', 'to', '#proliferate', 'indefinitely', 'throughout', 'gestation', ',', 'yet', ',', 'there', 'are', 'intrinsic', 'mechanisms', 'that', 'effectively', 'circumscribe', 'the', 'extent', 'and', 'duration', 'of', 'trophoblast', 'proliferation', '.']
98	['O', 'O', 'O', 'O', 'O', 'O', 'O', 'B-A0', 'I-A0', 'I-A0', 'I-A0', 'I-A0', 'I-A0', 'O', 'O', 'O', 'B-V', 'O', 'O', 'O', 'O', 'O', 'O', 'O', 'O']	['after', 'androgen', 'withdrawal', 'and', 'antiandrogen', 'treatment', ',', 'the', 'androgen', 'responsive', 'prostate', 'cancer', 'cells', 'will', 'cease', 'to', '#proliferate', 'and', 'undergo', 'apoptosis', ',', 'causing', 'tumor', 'regression', '.']
99	['B-A0', 'I-A0', 'I-A0', 'O', 'O', 'O', 'O', 'O', 'O', 'O', 'O', 'O', 'O', 'O', 'O', 'B-V', 'B-A1', 'I-A1', 'O']	['the', 'human', 'placenta', ',', 'which', 'are', 'at', 'rest', 'in', 'normal', 'conditions', ',', 'are', 'able', 'to', '#proliferate', 'throughout', 'gestation', '.']
100	['O', 'O', 'O', 'O', 'B-A0', 'I-A0', 'I-A0', 'O', 'O', 'O', 'O', 'O', 'O', 'O', 'O', 'O', 'O', 'B-V', 'O', 'B-A1', 'I-A1', 'I-A1', 'I-A1', 'I-A1', 'I-A1', 'O', 'O', 'O', 'O', 'O', 'O', 'O', 'O', 'O', 'O', 'O', 'O', 'O', 'O', 'O', 'O', 'O', 'O']	['our', 'observations', 'illustrate', 'that', 'stat5ab-/-peripheral', 't', 'cells', 'is', 'shown', 'to', 'be', 'endowed', 'with', 'the', 'biochemical', 'machinery', 'to', '#proliferate', 'indefinitely', 'upon', 'introduction', 'of', 'full-length', 'wild-type', 'stat5a', ',', 'yet', ',', 'there', 'are', 'intrinsic', 'mechanisms', 'that', 'effectively', 'circumscribe', 'the', 'extent', 'and', 'duration', 'of', 'trophoblast', 'proliferation', '.']
101	['O', 'O', 'O', 'O', 'B-A0', 'I-A0', 'I-A0', 'O', 'O', 'O', 'O', 'O', 'O', 'O', 'B-V', 'O', 'B-A1', 'I-A1', 'O', 'O', 'O', 'O', 'O', 'O', 'O', 'O', 'O', 'O', 'O', 'O', 'O', 'O', 'O', 'O', 'O', 'O']	['our', 'observations', 'illustrate', 'that', 'the', 'human', 'placenta', 'was', 'endowed', 'with', 'the', 'biochemical', 'machinery', 'to', '#proliferate', 'indefinitely', 'throughout', 'gestation', ',', 'yet', ',', 'there', 'are', 'intrinsic', 'mechanisms', 'that', 'effectively', 'circumscribe', 'the', 'extent', 'and', 'duration', 'of', 'trophoblast', 'proliferation', '.']
102	['O', 'O', 'B-A0', 'I-A0', 'I-A0', 'O', 'O', 'O', 'O', 'O', 'O', 'O', 'O', 'O', 'O', 'O', 'O', 'O', 'O', 'O', 'O', 'O', 'O', 'O', 'O', 'O', 'O', 'O', 'B-V', 'B-A1', 'I-A1', 'I-A1', 'I-A1', 'I-A1', 'I-A1', 'O']	['treatment', 'of', 'stat5ab-/-peripheral', 't', 'cells', 'of', 'different', 'origin', 'with', 'the', 'ganglioside', 'biosynthesis', 'inhibitors', 'fumonisin', 'b1', ',', 'd-threo-1-phenyl-2-decanoylamino-3-morpholino-1-propanol', 'or', 'd-1-threo-1-phenyl-2-hexa-decanoylamino-3-pyrrolidino-1-propanol-hcl', ',', 'is', 'able', 'to', 'significantly', 'impair', 'their', 'capacity', 'to', '#proliferate', 'upon', 'introduction', 'of', 'full-length', 'wild-type', 'stat5a', '.']
103	['B-A0', 'I-A0', 'I-A0', 'O', 'O', 'O', 'O', 'O', 'O', 'O', 'O', 'O', 'O', 'O', 'B-V', 'B-A1', 'I-A1', 'I-A1', 'I-A1', 'I-A1', 'I-A1', 'O']	['stat5ab-/-peripheral', 't', 'cells', ',', 'which', 'are', 'at', 'rest', 'in', 'normal', 'conditions', ',', 'may', 'strongly', '#proliferate', 'upon', 'introduction', 'of', 'full-length', 'wild-type', 'stat5a', '.']
104	['O', 'O', 'O', 'O', 'B-A0', 'I-A0', 'I-A0', 'O', 'O', 'O', 'O', 'O', 'O', 'O', 'B-V', 'O', 'B-A1', 'I-A1', 'I-A1', 'I-A1', 'I-A1', 'I-A1', 'O', 'O', 'O', 'O', 'O', 'O', 'O', 'O', 'O', 'O', 'O', 'O', 'O', 'O', 'O', 'O', 'O', 'O']	['our', 'observations', 'illustrate', 'that', 'stat5ab-/-peripheral', 't', 'cells', 'is', 'endowed', 'with', 'the', 'biochemical', 'machinery', 'to', '#proliferate', 'indefinitely', 'upon', 'introduction', 'of', 'full-length', 'wild-type', 'stat5a', ',', 'yet', ',', 'there', 'are', 'intrinsic', 'mechanisms', 'that', 'effectively', 'circumscribe', 'the', 'extent', 'and', 'duration', 'of', 'trophoblast', 'proliferation', '.']
105	['B-A0', 'I-A0', 'I-A0', 'O', 'O', 'O', 'O', 'O', 'O', 'O', 'O', 'O', 'B-V', 'B-A1', 'I-A1', 'I-A1', 'I-A1', 'I-A1', 'I-A1', 'O']	['stat5ab-/-peripheral', 't', 'cells', ',', 'which', 'are', 'at', 'rest', 'in', 'normal', 'conditions', ',', '#proliferated', 'upon', 'introduction', 'of', 'full-length', 'wild-type', 'stat5a', '.']
106	['B-A0', 'I-A0', 'I-A0', 'I-A0', 'I-A0', 'I-A0', 'O', 'O', 'O', 'O', 'O', 'O', 'O', 'O', 'O', 'B-V', 'O', 'O', 'O', 'O', 'O', 'O', 'O', 'O', 'O', 'O']	['the', 'androgen', 'responsive', 'prostate', 'cancer', 'cells', 'can', 'be', 'characterized', 'by', 'either', 'an', 'increased', 'ability', 'to', '#proliferate', 'or', 'a', 'diminished', 'capacity', 'to', 'undergo', 'programmed', 'cell', 'death', '.']
107	['O', 'O', 'O', 'O', 'B-A0', 'I-A0', 'I-A0', 'O', 'O', 'O', 'O', 'O', 'O', 'O', 'O', 'B-V', 'O', 'B-A1', 'I-A1', 'I-A1', 'I-A1', 'I-A1', 'I-A1', 'O', 'O', 'O', 'O', 'O', 'O', 'O', 'O', 'O', 'O', 'O', 'O', 'O', 'O', 'O', 'O', 'O', 'O']	['our', 'observations', 'illustrate', 'that', 'stat5ab-/-peripheral', 't', 'cells', 'can', 'be', 'endowed', 'with', 'the', 'biochemical', 'machinery', 'to', '#proliferate', 'indefinitely', 'upon', 'introduction', 'of', 'full-length', 'wild-type', 'stat5a', ',', 'yet', ',', 'there', 'are', 'intrinsic', 'mechanisms', 'that', 'effectively', 'circumscribe', 'the', 'extent', 'and', 'duration', 'of', 'trophoblast', 'proliferation', '.']
108	['B-A0', 'I-A0', 'I-A0', 'I-A0', 'I-A0', 'I-A0', 'O', 'O', 'O', 'O', 'O', 'O', 'O', 'O', 'O', 'O', 'B-V', 'O', 'O', 'O', 'O', 'O', 'O', 'O', 'O', 'O', 'O']	['the', 'androgen', 'responsive', 'prostate', 'cancer', 'cells', 'has', 'been', 'characterized', 'by', 'either', 'an', 'increased', 'ability', 'to', 'strongly', '#proliferate', 'or', 'a', 'diminished', 'capacity', 'to', 'undergo', 'programmed', 'cell', 'death', '.']
109	['O', 'O', 'O', 'O', 'B-A0', 'I-A0', 'I-A0', 'O', 'O', 'O', 'O', 'O', 'O', 'O', 'O', 'O', 'O', 'B-V', 'B-A1', 'I-A1', 'I-A1', 'I-A1', 'I-A1', 'I-A1', 'O', 'O', 'O', 'O', 'O', 'O', 'O', 'O', 'O', 'O', 'O', 'O', 'O', 'O', 'O', 'O', 'O', 'O']	['our', 'observations', 'illustrate', 'that', 'stat5ab-/-peripheral', 't', 'cells', 'is', 'shown', 'to', 'be', 'endowed', 'with', 'the', 'biochemical', 'machinery', 'to', '#proliferate', 'upon', 'introduction', 'of', 'full-length', 'wild-type', 'stat5a', ',', 'yet', ',', 'there', 'are', 'intrinsic', 'mechanisms', 'that', 'effectively', 'circumscribe', 'the', 'extent', 'and', 'duration', 'of', 'trophoblast', 'proliferation', '.']
110	['B-A0', 'I-A0', 'I-A0', 'I-A0', 'I-A0', 'I-A0', 'O', 'O', 'O', 'O', 'O', 'O', 'O', 'O', 'O', 'B-V', 'O', 'O', 'O', 'O', 'O', 'O', 'O', 'O', 'O', 'O']	['the', 'androgen', 'responsive', 'prostate', 'cancer', 'cells', 'was', 'characterized', 'by', 'either', 'an', 'increased', 'ability', 'to', 'strongly', '#proliferate', 'or', 'a', 'diminished', 'capacity', 'to', 'undergo', 'programmed', 'cell', 'death', '.']
111	['O', 'O', 'O', 'O', 'B-A0', 'I-A0', 'I-A0', 'O', 'O', 'O', 'O', 'O', 'O', 'O', 'B-V', 'O', 'B-A1', 'I-A1', 'I-A1', 'I-A1', 'I-A1', 'I-A1', 'O', 'O', 'O', 'O', 'O', 'O', 'O', 'O', 'O', 'O', 'O', 'O', 'O', 'O', 'O', 'O', 'O', 'O']	['our', 'observations', 'illustrate', 'that', 'stat5ab-/-peripheral', 't', 'cells', 'was', 'endowed', 'with', 'the', 'biochemical', 'machinery', 'to', '#proliferate', 'indefinitely', 'upon', 'introduction', 'of', 'full-length', 'wild-type', 'stat5a', ',', 'yet', ',', 'there', 'are', 'intrinsic', 'mechanisms', 'that', 'effectively', 'circumscribe', 'the', 'extent', 'and', 'duration', 'of', 'trophoblast', 'proliferation', '.']
112	['B-A0', 'I-A0', 'I-A0', 'O', 'O', 'O', 'O', 'O', 'O', 'O', 'O', 'O', 'O', 'B-V', 'B-A1', 'I-A1', 'I-A1', 'I-A1', 'I-A1', 'I-A1', 'O']	['stat5ab-/-peripheral', 't', 'cells', ',', 'which', 'are', 'at', 'rest', 'in', 'normal', 'conditions', ',', 'have', '#proliferated', 'upon', 'introduction', 'of', 'full-length', 'wild-type', 'stat5a', '.']
113	['B-A0', 'I-A0', 'I-A0', 'O', 'O', 'O', 'O', 'O', 'O', 'O', 'O', 'O', 'O', 'B-V', 'B-A1', 'I-A1', 'O']	['the', 'human', 'placenta', ',', 'which', 'are', 'at', 'rest', 'in', 'normal', 'conditions', ',', 'have', '#proliferated', 'throughout', 'gestation', '.']
114	['O', 'O', 'B-A0', 'I-A0', 'I-A0', 'O', 'O', 'O', 'O', 'O', 'O', 'O', 'O', 'O', 'O', 'O', 'O', 'O', 'O', 'O', 'O', 'O', 'O', 'O', 'O', 'O', 'O', 'B-V', 'B-A1', 'I-A1', 'O']	['treatment', 'of', 'the', 'human', 'placenta', 'of', 'different', 'origin', 'with', 'the', 'ganglioside', 'biosynthesis', 'inhibitors', 'fumonisin', 'b1', ',', 'd-threo-1-phenyl-2-decanoylamino-3-morpholino-1-propanol', 'or', 'd-1-threo-1-phenyl-2-hexa-decanoylamino-3-pyrrolidino-1-propanol-hcl', ',', 'is', 'able', 'to', 'impair', 'their', 'capacity', 'to', '#proliferate', 'throughout', 'gestation', '.']
115	['O', 'O', 'B-A0', 'I-A0', 'I-A0', 'O', 'O', 'O', 'O', 'O', 'O', 'O', 'O', 'O', 'O', 'O', 'O', 'O', 'O', 'O', 'O', 'O', 'O', 'O', 'O', 'O', 'B-V', 'B-A1', 'I-A1', 'O']	['treatment', 'of', 'the', 'human', 'placenta', 'of', 'different', 'origin', 'with', 'the', 'ganglioside', 'biosynthesis', 'inhibitors', 'fumonisin', 'b1', ',', 'd-threo-1-phenyl-2-decanoylamino-3-morpholino-1-propanol', 'or', 'd-1-threo-1-phenyl-2-hexa-decanoylamino-3-pyrrolidino-1-propanol-hcl', ',', 'has', 'significantly', 'impaired', 'their', 'capacity', 'to', '#proliferate', 'throughout', 'gestation', '.']
116	['O', 'O', 'O', 'O', 'B-A0', 'I-A0', 'I-A0', 'O', 'O', 'O', 'O', 'O', 'O', 'O', 'O', 'B-V', 'O', 'B-A1', 'I-A1', 'O', 'O', 'O', 'O', 'O', 'O', 'O', 'O', 'O', 'O', 'O', 'O', 'O', 'O', 'O', 'O', 'O', 'O']	['our', 'observations', 'illustrate', 'that', 'the', 'human', 'placenta', 'can', 'be', 'endowed', 'with', 'the', 'biochemical', 'machinery', 'to', '#proliferate', 'indefinitely', 'throughout', 'gestation', ',', 'yet', ',', 'there', 'are', 'intrinsic', 'mechanisms', 'that', 'effectively', 'circumscribe', 'the', 'extent', 'and', 'duration', 'of', 'trophoblast', 'proliferation', '.']
117	['B-A0', 'I-A0', 'I-A0', 'O', 'O', 'O', 'O', 'O', 'O', 'O', 'O', 'B-V', 'O', 'B-A1', 'I-A1', 'I-A1', 'I-A1', 'I-A1', 'I-A1', 'O', 'O', 'O']	['stat5ab-/-peripheral', 't', 'cells', 'have', 'the', 'probability', 'of', 'regaining', 'the', 'ability', 'to', '#proliferate', 'indefinitely', 'upon', 'introduction', 'of', 'full-length', 'wild-type', 'stat5a', '(figure', '6b)', '.']
118	['B-A0', 'I-A0', 'I-A0', 'O', 'O', 'O', 'O', 'O', 'O', 'B-V', 'B-A1', 'I-A1', 'O', 'O', 'O']	['the', 'human', 'placenta', 'may', 'have', 'regained', 'the', 'ability', 'to', '#proliferate', 'throughout', 'gestation', '(figure', '6b)', '.']
119	['O', 'O', 'O', 'O', 'O', 'O', 'O', 'B-A0', 'I-A0', 'I-A0', 'I-A0', 'I-A0', 'I-A0', 'O', 'O', 'O', 'B-V', 'O', 'O', 'O', 'O', 'O', 'O', 'O', 'O']	['after', 'androgen', 'withdrawal', 'and', 'antiandrogen', 'treatment', ',', 'the', 'androgen', 'responsive', 'prostate', 'cancer', 'cells', 'have', 'ceased', 'to', '#proliferate', 'and', 'underwent', 'apoptosis', ',', 'causing', 'tumor', 'regression', '.']
120	['B-A0', 'I-A0', 'I-A0', 'I-A0', 'I-A0', 'I-A0', 'O', 'O', 'O', 'O', 'O', 'O', 'O', 'O', 'O', 'O', 'B-V', 'O', 'O', 'O', 'O', 'O', 'O', 'O', 'O', 'O', 'O']	['the', 'androgen', 'responsive', 'prostate', 'cancer', 'cells', 'wil', 'be', 'characterized', 'by', 'either', 'an', 'increased', 'ability', 'for', 'strong', '#proliferating', 'or', 'a', 'diminished', 'capacity', 'to', 'undergo', 'programmed', 'cell', 'death', '.']
121	['O', 'O', 'B-A0', 'I-A0', 'I-A0', 'O', 'O', 'O', 'O', 'O', 'O', 'O', 'O', 'O', 'O', 'O', 'O', 'O', 'O', 'O', 'O', 'O', 'O', 'O', 'O', 'O', 'O', 'O', 'B-V', 'B-A1', 'I-A1', 'O']	['treatment', 'of', 'the', 'human', 'placenta', 'of', 'different', 'origin', 'with', 'the', 'ganglioside', 'biosynthesis', 'inhibitors', 'fumonisin', 'b1', ',', 'd-threo-1-phenyl-2-decanoylamino-3-morpholino-1-propanol', 'or', 'd-1-threo-1-phenyl-2-hexa-decanoylamino-3-pyrrolidino-1-propanol-hcl', ',', 'is', 'observed', 'to', 'significantly', 'impair', 'their', 'capacity', 'to', '#proliferate', 'throughout', 'gestation', '.']
122	['B-A0', 'I-A0', 'I-A0', 'O', 'O', 'O', 'O', 'O', 'O', 'O', 'O', 'O', 'O', 'O', 'O', 'B-V', 'B-A1', 'I-A1', 'O']	['the', 'human', 'placenta', ',', 'which', 'are', 'at', 'rest', 'in', 'normal', 'conditions', ',', 'could', 'have', 'strongly', '#proliferated', 'throughout', 'gestation', '.']
123	['B-A0', 'I-A0', 'I-A0', 'O', 'O', 'O', 'O', 'O', 'O', 'O', 'O', 'O', 'O', 'O', 'B-V', 'B-A1', 'I-A1', 'I-A1', 'I-A1', 'I-A1', 'I-A1', 'O']	['stat5ab-/-peripheral', 't', 'cells', ',', 'which', 'are', 'at', 'rest', 'in', 'normal', 'conditions', ',', 'will', 'strongly', '#proliferate', 'upon', 'introduction', 'of', 'full-length', 'wild-type', 'stat5a', '.']
124	['B-A0', 'I-A0', 'I-A0', 'O', 'O', 'O', 'O', 'O', 'O', 'O', 'O', 'O', 'B-V', 'O', 'B-A1', 'I-A1', 'O']	['the', 'human', 'placenta', ',', 'which', 'are', 'at', 'rest', 'in', 'normal', 'conditions', ',', '#proliferated', 'strongly', 'throughout', 'gestation', '.']
125	['O', 'O', 'O', 'O', 'B-A0', 'I-A0', 'I-A0', 'O', 'O', 'O', 'O', 'O', 'O', 'O', 'O', 'B-V', 'B-A1', 'I-A1', 'O', 'O', 'O', 'O', 'O', 'O', 'O', 'O', 'O', 'O', 'O', 'O', 'O', 'O', 'O', 'O', 'O', 'O']	['our', 'observations', 'illustrate', 'that', 'the', 'human', 'placenta', 'will', 'be', 'endowed', 'with', 'the', 'biochemical', 'machinery', 'to', '#proliferate', 'throughout', 'gestation', ',', 'yet', ',', 'there', 'are', 'intrinsic', 'mechanisms', 'that', 'effectively', 'circumscribe', 'the', 'extent', 'and', 'duration', 'of', 'trophoblast', 'proliferation', '.']
126	['O', 'O', 'B-A0', 'I-A0', 'I-A0', 'O', 'O', 'O', 'O', 'O', 'O', 'O', 'O', 'O', 'O', 'O', 'O', 'O', 'O', 'O', 'O', 'O', 'O', 'O', 'O', 'O', 'B-V', 'B-A1', 'I-A1', 'O']	['treatment', 'of', 'the', 'human', 'placenta', 'of', 'different', 'origin', 'with', 'the', 'ganglioside', 'biosynthesis', 'inhibitors', 'fumonisin', 'b1', ',', 'd-threo-1-phenyl-2-decanoylamino-3-morpholino-1-propanol', 'or', 'd-1-threo-1-phenyl-2-hexa-decanoylamino-3-pyrrolidino-1-propanol-hcl', ',', 'will', 'significantly', 'impair', 'their', 'capacity', 'to', '#proliferate', 'throughout', 'gestation', '.']
127	['B-A0', 'I-A0', 'I-A0', 'O', 'O', 'O', 'O', 'O', 'B-V', 'O', 'B-A1', 'I-A1', 'O', 'O', 'O']	['the', 'human', 'placenta', 'will', 'regain', 'the', 'ability', 'to', '#proliferate', 'indefinitely', 'throughout', 'gestation', '(figure', '6b)', '.']
128	['B-A0', 'I-A0', 'I-A0', 'O', 'O', 'O', 'O', 'O', 'B-V', 'B-A1', 'I-A1', 'I-A1', 'I-A1', 'I-A1', 'I-A1', 'O', 'O', 'O']	['stat5ab-/-peripheral', 't', 'cells', 'will', 'regain', 'the', 'ability', 'to', '#proliferate', 'upon', 'introduction', 'of', 'full-length', 'wild-type', 'stat5a', '(figure', '6b)', '.']
129	['O', 'O', 'O', 'O', 'B-A0', 'I-A0', 'I-A0', 'O', 'O', 'O', 'O', 'O', 'O', 'O', 'O', 'O', 'B-V', 'O', 'B-A1', 'I-A1', 'O', 'O', 'O', 'O', 'O', 'O', 'O', 'O', 'O', 'O', 'O', 'O', 'O', 'O', 'O', 'O', 'O', 'O']	['our', 'observations', 'illustrate', 'that', 'the', 'human', 'placenta', 'may', 'have', 'been', 'endowed', 'with', 'the', 'biochemical', 'machinery', 'to', '#proliferate', 'indefinitely', 'throughout', 'gestation', ',', 'yet', ',', 'there', 'are', 'intrinsic', 'mechanisms', 'that', 'effectively', 'circumscribe', 'the', 'extent', 'and', 'duration', 'of', 'trophoblast', 'proliferation', '.']
130	['B-A0', 'I-A0', 'I-A0', 'I-A0', 'I-A0', 'I-A0', 'O', 'O', 'O', 'O', 'O', 'O', 'O', 'O', 'O', 'O', 'B-V', 'O', 'O', 'O', 'O', 'O', 'O', 'O', 'O', 'O', 'O']	['the', 'androgen', 'responsive', 'prostate', 'cancer', 'cells', 'can', 'be', 'characterized', 'by', 'either', 'an', 'increased', 'ability', 'to', 'strongly', '#proliferate', 'or', 'a', 'diminished', 'capacity', 'to', 'undergo', 'programmed', 'cell', 'death', '.']
131	['B-A0', 'I-A0', 'I-A0', 'O', 'O', 'O', 'O', 'O', 'O', 'O', 'O', 'O', 'O', 'O', 'B-V', 'O', 'B-A1', 'I-A1', 'I-A1', 'I-A1', 'I-A1', 'I-A1', 'O']	['stat5ab-/-peripheral', 't', 'cells', ',', 'which', 'are', 'at', 'rest', 'in', 'normal', 'conditions', ',', 'might', 'have', '#proliferated', 'strongly', 'upon', 'introduction', 'of', 'full-length', 'wild-type', 'stat5a', '.']
132	['B-A0', 'I-A0', 'I-A0', 'I-A0', 'I-A0', 'I-A0', 'O', 'O', 'O', 'O', 'O', 'O', 'O', 'O', 'O', 'B-V', 'O', 'O', 'O', 'O', 'O', 'O', 'O', 'O', 'O', 'O']	['the', 'androgen', 'responsive', 'prostate', 'cancer', 'cells', 'wil', 'be', 'characterized', 'by', 'either', 'an', 'increased', 'ability', 'for', '#proliferating', 'or', 'a', 'diminished', 'capacity', 'to', 'undergo', 'programmed', 'cell', 'death', '.']
133	['B-A0', 'I-A0', 'I-A0', 'O', 'O', 'O', 'O', 'O', 'O', 'O', 'O', 'B-V', 'B-A1', 'I-A1', 'I-A1', 'I-A1', 'I-A1', 'I-A1', 'O', 'O', 'O']	['stat5ab-/-peripheral', 't', 'cells', 'have', 'the', 'probability', 'of', 'regaining', 'the', 'ability', 'to', '#proliferate', 'upon', 'introduction', 'of', 'full-length', 'wild-type', 'stat5a', '(figure', '6b)', '.']
134	['B-A0', 'I-A0', 'I-A0', 'O', 'O', 'O', 'O', 'O', 'B-V', 'O', 'B-A1', 'I-A1', 'I-A1', 'I-A1', 'I-A1', 'I-A1', 'O', 'O', 'O']	['stat5ab-/-peripheral', 't', 'cells', 'have', 'regained', 'the', 'ability', 'to', '#proliferate', 'indefinitely', 'upon', 'introduction', 'of', 'full-length', 'wild-type', 'stat5a', '(figure', '6b)', '.']
135	['O', 'O', 'O', 'O', 'B-A0', 'I-A0', 'I-A0', 'O', 'O', 'O', 'O', 'O', 'O', 'O', 'O', 'O', 'O', 'B-V', 'O', 'B-A1', 'I-A1', 'O', 'O', 'O', 'O', 'O', 'O', 'O', 'O', 'O', 'O', 'O', 'O', 'O', 'O', 'O', 'O', 'O', 'O']	['our', 'observations', 'illustrate', 'that', 'the', 'human', 'placenta', 'is', 'shown', 'to', 'be', 'endowed', 'with', 'the', 'biochemical', 'machinery', 'to', '#proliferate', 'indefinitely', 'throughout', 'gestation', ',', 'yet', ',', 'there', 'are', 'intrinsic', 'mechanisms', 'that', 'effectively', 'circumscribe', 'the', 'extent', 'and', 'duration', 'of', 'trophoblast', 'proliferation', '.']
136	['B-A0', 'I-A0', 'I-A0', 'O', 'O', 'O', 'O', 'O', 'O', 'O', 'O', 'O', 'O', 'O', 'B-V', 'B-A1', 'I-A1', 'O']	['the', 'human', 'placenta', ',', 'which', 'are', 'at', 'rest', 'in', 'normal', 'conditions', ',', 'have', 'strongly', '#proliferated', 'throughout', 'gestation', '.']
137	['O', 'O', 'O', 'O', 'B-A0', 'I-A0', 'I-A0', 'O', 'O', 'O', 'O', 'O', 'O', 'O', 'O', 'O', 'O', 'O', 'B-V', 'O', 'B-A1', 'I-A1', 'I-A1', 'I-A1', 'I-A1', 'I-A1', 'O', 'O', 'O', 'O', 'O', 'O', 'O', 'O', 'O', 'O', 'O', 'O', 'O', 'O', 'O', 'O', 'O', 'O']	['our', 'observations', 'illustrate', 'that', 'stat5ab-/-peripheral', 't', 'cells', 'has', 'the', 'ability', 'to', 'be', 'endowed', 'with', 'the', 'biochemical', 'machinery', 'to', '#proliferate', 'indefinitely', 'upon', 'introduction', 'of', 'full-length', 'wild-type', 'stat5a', ',', 'yet', ',', 'there', 'are', 'intrinsic', 'mechanisms', 'that', 'effectively', 'circumscribe', 'the', 'extent', 'and', 'duration', 'of', 'trophoblast', 'proliferation', '.']
138	['O', 'O', 'O', 'O', 'B-A0', 'I-A0', 'I-A0', 'O', 'O', 'O', 'O', 'O', 'O', 'O', 'O', 'B-V', 'O', 'B-A1', 'I-A1', 'I-A1', 'I-A1', 'I-A1', 'I-A1', 'O', 'O', 'O', 'O', 'O', 'O', 'O', 'O', 'O', 'O', 'O', 'O', 'O', 'O', 'O', 'O', 'O', 'O']	['our', 'observations', 'illustrate', 'that', 'stat5ab-/-peripheral', 't', 'cells', 'will', 'be', 'endowed', 'with', 'the', 'biochemical', 'machinery', 'to', '#proliferate', 'indefinitely', 'upon', 'introduction', 'of', 'full-length', 'wild-type', 'stat5a', ',', 'yet', ',', 'there', 'are', 'intrinsic', 'mechanisms', 'that', 'effectively', 'circumscribe', 'the', 'extent', 'and', 'duration', 'of', 'trophoblast', 'proliferation', '.']
139	['O', 'O', 'O', 'O', 'B-A0', 'I-A0', 'I-A0', 'O', 'O', 'O', 'O', 'O', 'O', 'O', 'O', 'B-V', 'O', 'B-A1', 'I-A1', 'I-A1', 'I-A1', 'I-A1', 'I-A1', 'O', 'O', 'O', 'O', 'O', 'O', 'O', 'O', 'O', 'O', 'O', 'O', 'O', 'O', 'O', 'O', 'O', 'O']	['our', 'observations', 'illustrate', 'that', 'stat5ab-/-peripheral', 't', 'cells', 'has', 'been', 'endowed', 'with', 'the', 'biochemical', 'machinery', 'to', '#proliferate', 'indefinitely', 'upon', 'introduction', 'of', 'full-length', 'wild-type', 'stat5a', ',', 'yet', ',', 'there', 'are', 'intrinsic', 'mechanisms', 'that', 'effectively', 'circumscribe', 'the', 'extent', 'and', 'duration', 'of', 'trophoblast', 'proliferation', '.']
140	['O', 'O', 'O', 'O', 'O', 'O', 'O', 'B-A0', 'I-A0', 'I-A0', 'I-A0', 'I-A0', 'I-A0', 'O', 'O', 'O', 'O', 'O', 'O', 'B-V', 'O', 'O', 'O', 'O', 'O', 'O', 'O', 'O']	['after', 'androgen', 'withdrawal', 'and', 'antiandrogen', 'treatment', ',', 'the', 'androgen', 'responsive', 'prostate', 'cancer', 'cells', 'have', 'the', 'ability', 'to', 'cease', 'to', '#proliferate', 'and', 'undergo', 'apoptosis', ',', 'causing', 'tumor', 'regression', '.']
141	['B-A0', 'I-A0', 'I-A0', 'O', 'O', 'O', 'O', 'O', 'O', 'O', 'O', 'O', 'O', 'O', 'B-V', 'B-A1', 'I-A1', 'O']	['the', 'human', 'placenta', ',', 'which', 'are', 'at', 'rest', 'in', 'normal', 'conditions', ',', 'might', 'have', '#proliferated', 'throughout', 'gestation', '.']
142	['B-A0', 'I-A0', 'I-A0', 'I-A0', 'I-A0', 'I-A0', 'O', 'O', 'O', 'O', 'O', 'O', 'O', 'O', 'O', 'O', 'O', 'O', 'B-V', 'O', 'O', 'O', 'O', 'O', 'O', 'O', 'O', 'O', 'O']	['the', 'androgen', 'responsive', 'prostate', 'cancer', 'cells', 'are', 'believed', 'to', 'be', 'characterized', 'by', 'either', 'an', 'increased', 'ability', 'to', 'strongly', '#proliferate', 'or', 'a', 'diminished', 'capacity', 'to', 'undergo', 'programmed', 'cell', 'death', '.']
143	['B-A0', 'I-A0', 'I-A0', 'O', 'O', 'O', 'O', 'O', 'O', 'O', 'O', 'O', 'O', 'O', 'B-V', 'B-A1', 'I-A1', 'O']	['the', 'human', 'placenta', ',', 'which', 'are', 'at', 'rest', 'in', 'normal', 'conditions', ',', 'could', 'have', '#proliferated', 'throughout', 'gestation', '.']
144	['O', 'O', 'O', 'O', 'B-A0', 'I-A0', 'I-A0', 'O', 'O', 'O', 'O', 'O', 'O', 'O', 'B-V', 'B-A1', 'I-A1', 'O', 'O', 'O', 'O', 'O', 'O', 'O', 'O', 'O', 'O', 'O', 'O', 'O', 'O', 'O', 'O', 'O', 'O']	['our', 'observations', 'illustrate', 'that', 'the', 'human', 'placenta', 'was', 'endowed', 'with', 'the', 'biochemical', 'machinery', 'to', '#proliferate', 'throughout', 'gestation', ',', 'yet', ',', 'there', 'are', 'intrinsic', 'mechanisms', 'that', 'effectively', 'circumscribe', 'the', 'extent', 'and', 'duration', 'of', 'trophoblast', 'proliferation', '.']
145	['B-A0', 'I-A0', 'I-A0', 'O', 'O', 'O', 'O', 'O', 'B-V', 'B-A1', 'I-A1', 'I-A1', 'I-A1', 'I-A1', 'I-A1', 'O', 'O', 'O']	['stat5ab-/-peripheral', 't', 'cells', 'have', 'regained', 'the', 'ability', 'to', '#proliferate', 'upon', 'introduction', 'of', 'full-length', 'wild-type', 'stat5a', '(figure', '6b)', '.']
146	['O', 'O', 'B-A0', 'I-A0', 'I-A0', 'O', 'O', 'O', 'O', 'O', 'O', 'O', 'O', 'O', 'O', 'O', 'O', 'O', 'O', 'O', 'O', 'O', 'O', 'O', 'O', 'O', 'B-V', 'B-A1', 'I-A1', 'O']	['treatment', 'of', 'the', 'human', 'placenta', 'of', 'different', 'origin', 'with', 'the', 'ganglioside', 'biosynthesis', 'inhibitors', 'fumonisin', 'b1', ',', 'd-threo-1-phenyl-2-decanoylamino-3-morpholino-1-propanol', 'or', 'd-1-threo-1-phenyl-2-hexa-decanoylamino-3-pyrrolidino-1-propanol-hcl', ',', 'can', 'significantly', 'impair', 'their', 'capacity', 'to', '#proliferate', 'throughout', 'gestation', '.']
147	['B-A0', 'I-A0', 'I-A0', 'I-A0', 'I-A0', 'I-A0', 'O', 'O', 'O', 'O', 'O', 'O', 'O', 'O', 'B-V', 'O', 'O', 'O', 'O', 'O', 'O', 'O', 'O', 'O', 'O']	['the', 'androgen', 'responsive', 'prostate', 'cancer', 'cells', 'was', 'characterized', 'by', 'either', 'an', 'increased', 'ability', 'to', '#proliferate', 'or', 'a', 'diminished', 'capacity', 'to', 'undergo', 'programmed', 'cell', 'death', '.']
148	['B-A0', 'I-A0', 'I-A0', 'O', 'O', 'O', 'O', 'O', 'B-V', 'O', 'B-A1', 'I-A1', 'O', 'O', 'O']	['the', 'human', 'placenta', 'can', 'regain', 'the', 'ability', 'to', '#proliferate', 'indefinitely', 'throughout', 'gestation', '(figure', '6b)', '.']
149	['O', 'O', 'O', 'O', 'B-A0', 'I-A0', 'I-A0', 'O', 'O', 'O', 'O', 'O', 'O', 'O', 'O', 'B-V', 'O', 'B-A1', 'I-A1', 'O', 'O', 'O', 'O', 'O', 'O', 'O', 'O', 'O', 'O', 'O', 'O', 'O', 'O', 'O', 'O', 'O', 'O']	['our', 'observations', 'illustrate', 'that', 'the', 'human', 'placenta', 'will', 'be', 'endowed', 'with', 'the', 'biochemical', 'machinery', 'to', '#proliferate', 'indefinitely', 'throughout', 'gestation', ',', 'yet', ',', 'there', 'are', 'intrinsic', 'mechanisms', 'that', 'effectively', 'circumscribe', 'the', 'extent', 'and', 'duration', 'of', 'trophoblast', 'proliferation', '.']
150	['B-A0', 'I-A0', 'I-A0', 'O', 'O', 'O', 'O', 'B-V', 'O', 'B-A1', 'I-A1', 'O', 'O', 'O']	['the', 'human', 'placenta', 'regained', 'the', 'ability', 'to', '#proliferate', 'indefinitely', 'throughout', 'gestation', '(figure', '6b)', '.']
151	['O', 'O', 'B-A0', 'I-A0', 'I-A0', 'O', 'O', 'O', 'O', 'O', 'O', 'O', 'O', 'O', 'O', 'O', 'O', 'O', 'O', 'O', 'O', 'O', 'O', 'O', 'O', 'B-V', 'B-A1', 'I-A1', 'O']	['treatment', 'of', 'the', 'human', 'placenta', 'of', 'different', 'origin', 'with', 'the', 'ganglioside', 'biosynthesis', 'inhibitors', 'fumonisin', 'b1', ',', 'd-threo-1-phenyl-2-decanoylamino-3-morpholino-1-propanol', 'or', 'd-1-threo-1-phenyl-2-hexa-decanoylamino-3-pyrrolidino-1-propanol-hcl', ',', 'can', 'impair', 'their', 'capacity', 'to', '#proliferate', 'throughout', 'gestation', '.']
152	['B-A0', 'I-A0', 'I-A0', 'O', 'O', 'O', 'O', 'O', 'O', 'O', 'O', 'O', 'O', 'O', 'O', 'O', 'B-V', 'O', 'B-A1', 'I-A1', 'O']	['the', 'human', 'placenta', ',', 'which', 'are', 'at', 'rest', 'in', 'normal', 'conditions', ',', 'have', 'the', 'ability', 'to', '#proliferate', 'strongly', 'throughout', 'gestation', '.']
153	['O', 'O', 'O', 'O', 'O', 'O', 'O', 'B-A0', 'I-A0', 'I-A0', 'I-A0', 'I-A0', 'I-A0', 'O', 'O', 'O', 'B-V', 'O', 'O', 'O', 'O', 'O', 'O', 'O', 'O']	['after', 'androgen', 'withdrawal', 'and', 'antiandrogen', 'treatment', ',', 'the', 'androgen', 'responsive', 'prostate', 'cancer', 'cells', 'may', 'cease', 'to', '#proliferate', 'and', 'undergo', 'apoptosis', ',', 'causing', 'tumor', 'regression', '.']
154	['O', 'O', 'O', 'O', 'O', 'O', 'O', 'B-A0', 'I-A0', 'I-A0', 'I-A0', 'I-A0', 'I-A0', 'O', 'O', 'O', 'O', 'O', 'O', 'O', 'B-V', 'O', 'O', 'O', 'O', 'O', 'O', 'O', 'O']	['after', 'androgen', 'withdrawal', 'and', 'antiandrogen', 'treatment', ',', 'the', 'androgen', 'responsive', 'prostate', 'cancer', 'cells', 'that', 'have', 'the', 'ability', 'to', 'cease', 'to', '#proliferate', 'and', 'undergo', 'apoptosis', 'will', 'cause', 'tumor', 'regression', '.']
155	['O', 'O', 'O', 'O', 'O', 'O', 'O', 'B-A0', 'I-A0', 'I-A0', 'I-A0', 'I-A0', 'I-A0', 'O', 'O', 'O', 'B-V', 'O', 'O', 'O', 'O', 'O', 'O', 'O']	['after', 'androgen', 'withdrawal', 'and', 'antiandrogen', 'treatment', ',', 'the', 'androgen', 'responsive', 'prostate', 'cancer', 'cells', 'having', 'ceased', 'to', '#proliferate', 'and', 'undergo', 'apoptosis', 'caused', 'tumor', 'regression', '.']
156	['O', 'O', 'B-A0', 'I-A0', 'I-A0', 'O', 'O', 'O', 'O', 'O', 'O', 'O', 'O', 'O', 'O', 'O', 'O', 'O', 'O', 'O', 'O', 'O', 'O', 'O', 'B-V', 'B-A1', 'I-A1', 'O']	['treatment', 'of', 'the', 'human', 'placenta', 'of', 'different', 'origin', 'with', 'the', 'ganglioside', 'biosynthesis', 'inhibitors', 'fumonisin', 'b1', ',', 'd-threo-1-phenyl-2-decanoylamino-3-morpholino-1-propanol', 'or', 'd-1-threo-1-phenyl-2-hexa-decanoylamino-3-pyrrolidino-1-propanol-hcl', ',', 'impairs', 'their', 'capacity', 'to', '#proliferate', 'throughout', 'gestation', '.']
157	['O', 'O', 'O', 'O', 'O', 'O', 'O', 'B-A0', 'I-A0', 'I-A0', 'I-A0', 'I-A0', 'I-A0', 'O', 'O', 'O', 'O', 'B-V', 'O', 'O', 'O', 'O', 'O', 'O', 'O', 'O']	['after', 'androgen', 'withdrawal', 'and', 'antiandrogen', 'treatment', ',', 'the', 'androgen', 'responsive', 'prostate', 'cancer', 'cells', 'that', 'may', 'cease', 'to', '#proliferate', 'and', 'undergo', 'apoptosis', 'will', 'cause', 'tumor', 'regression', '.']
158	['B-A0', 'I-A0', 'I-A0', 'O', 'O', 'O', 'O', 'O', 'O', 'O', 'O', 'O', 'O', 'B-V', 'O', 'B-A1', 'I-A1', 'I-A1', 'I-A1', 'I-A1', 'I-A1', 'O']	['stat5ab-/-peripheral', 't', 'cells', ',', 'which', 'are', 'at', 'rest', 'in', 'normal', 'conditions', ',', 'can', '#proliferate', 'strongly', 'upon', 'introduction', 'of', 'full-length', 'wild-type', 'stat5a', '.']
159	['B-A0', 'I-A0', 'I-A0', 'O', 'O', 'O', 'O', 'O', 'O', 'O', 'O', 'O', 'B-V', 'O', 'B-A1', 'I-A1', 'I-A1', 'I-A1', 'I-A1', 'I-A1', 'O']	['stat5ab-/-peripheral', 't', 'cells', ',', 'which', 'are', 'at', 'rest', 'in', 'normal', 'conditions', ',', '#proliferated', 'strongly', 'upon', 'introduction', 'of', 'full-length', 'wild-type', 'stat5a', '.']
160	['B-A0', 'I-A0', 'I-A0', 'O', 'O', 'O', 'O', 'O', 'O', 'O', 'O', 'O', 'O', 'O', 'O', 'O', 'B-V', 'O', 'B-A1', 'I-A1', 'I-A1', 'I-A1', 'I-A1', 'I-A1', 'O']	['stat5ab-/-peripheral', 't', 'cells', ',', 'which', 'are', 'at', 'rest', 'in', 'normal', 'conditions', ',', 'have', 'the', 'ability', 'to', '#proliferate', 'strongly', 'upon', 'introduction', 'of', 'full-length', 'wild-type', 'stat5a', '.']
161	['O', 'O', 'B-A0', 'I-A0', 'I-A0', 'O', 'O', 'O', 'O', 'O', 'O', 'O', 'O', 'O', 'O', 'O', 'O', 'O', 'O', 'O', 'O', 'O', 'O', 'O', 'O', 'O', 'O', 'O', 'B-V', 'B-A1', 'I-A1', 'O']	['treatment', 'of', 'the', 'human', 'placenta', 'of', 'different', 'origin', 'with', 'the', 'ganglioside', 'biosynthesis', 'inhibitors', 'fumonisin', 'b1', ',', 'd-threo-1-phenyl-2-decanoylamino-3-morpholino-1-propanol', 'or', 'd-1-threo-1-phenyl-2-hexa-decanoylamino-3-pyrrolidino-1-propanol-hcl', ',', 'is', 'able', 'to', 'significantly', 'impair', 'their', 'capacity', 'to', '#proliferate', 'throughout', 'gestation', '.']
