0	['B-A1', 'I-A1', 'I-A1', 'I-A1', 'O', 'B-V', 'O', 'B-A2', 'I-A2', 'I-A2', 'O', 'O', 'O', 'O', 'O', 'O', 'O', 'O']	['spinach', 'sown', 'in', 'october', 'would', '#develop', 'into', 'he', 'rosette', 'stage', 'and', 'grew', 'through', 'the', 'end', 'of', 'november', '.']
1	['B-A1', 'I-A1', 'I-A1', 'I-A1', 'O', 'O', 'O', 'B-V', 'O', 'B-A2', 'I-A2', 'I-A2', 'O', 'O', 'O', 'O', 'O', 'O', 'O', 'O']	['spinach', 'sown', 'in', 'october', 'is', 'predicted', 'to', '#develop', 'into', 'the', 'rosette', 'stage', 'and', 'grow', 'through', 'the', 'end', 'of', 'november', '.']
2	['B-A1', 'I-A1', 'I-A1', 'I-A1', 'O', 'O', 'O', 'B-V', 'O', 'B-A2', 'I-A2', 'I-A2', 'O', 'O', 'O', 'O', 'O', 'O', 'O', 'O']	['spinach', 'sown', 'in', 'october', 'is', 'found', 'to', '#develop', 'into', 'the', 'rosette', 'stage', 'and', 'grow', 'through', 'the', 'end', 'of', 'november', '.']
3	['B-A1', 'I-A1', 'I-A1', 'I-A1', 'O', 'O', 'B-V', 'O', 'B-A2', 'I-A2', 'I-A2', 'O', 'O', 'O', 'O', 'O', 'O', 'O', 'O', 'O']	['spinach', 'sown', 'in', 'october', 'has', 'been', '#developing', 'into', 'he', 'rosette', 'stage', 'and', 'can', 'grow', 'through', 'the', 'end', 'of', 'november', '.']
4	['B-A1', 'I-A1', 'I-A1', 'I-A1', 'O', 'O', 'O', 'O', 'B-V', 'O', 'B-A2', 'I-A2', 'I-A2', 'O', 'O', 'O', 'O', 'O', 'O', 'O', 'O']	['spinach', 'sown', 'in', 'october', 'had', 'the', 'ability', 'to', '#develop', 'into', 'the', 'rosette', 'stage', 'and', 'grew', 'through', 'the', 'end', 'of', 'november', '.']
5	['B-A1', 'I-A1', 'I-A1', 'I-A1', 'O', 'O', 'O', 'O', 'B-V', 'O', 'B-A2', 'I-A2', 'I-A2', 'O', 'O', 'O', 'O', 'O', 'O', 'O']	['spinach', 'sown', 'in', 'october', 'which', 'is', 'able', 'to', '#develop', 'into', 'he', 'rosette', 'stage', 'grows', 'through', 'the', 'end', 'of', 'november', '.']
6	['B-A1', 'I-A1', 'I-A1', 'I-A1', 'O', 'O', 'B-V', 'O', 'B-A2', 'I-A2', 'I-A2', 'O', 'O', 'O', 'O', 'O', 'O', 'O']	['spinach', 'sown', 'in', 'october', 'which', 'can', '#develop', 'into', 'the', 'rosette', 'stage', 'grows', 'through', 'the', 'end', 'of', 'november', '.']
7	['B-A1', 'I-A1', 'I-A1', 'I-A1', 'B-V', 'O', 'B-A2', 'I-A2', 'I-A2', 'O', 'O', 'O', 'O', 'O', 'O', 'O', 'O']	['spinach', 'sown', 'in', 'october', '#developed', 'into', 'the', 'rosette', 'stage', 'and', 'grew', 'through', 'the', 'end', 'of', 'november', '.']
8	['B-A1', 'I-A1', 'I-A1', 'I-A1', 'O', 'O', 'O', 'B-V', 'O', 'B-A2', 'I-A2', 'I-A2', 'O', 'O', 'O', 'O', 'O', 'O', 'O', 'O']	['spinach', 'sown', 'in', 'october', 'was', 'believed', 'to', '#develop', 'into', 'the', 'rosette', 'stage', 'and', 'grew', 'through', 'the', 'end', 'of', 'november', '.']
9	['B-A1', 'I-A1', 'I-A1', 'I-A1', 'O', 'O', 'O', 'O', 'B-V', 'O', 'B-A2', 'I-A2', 'I-A2', 'O', 'O', 'O', 'O', 'O', 'O', 'O']	['spinach', 'sown', 'in', 'october', 'that', 'is', 'able', 'to', '#develop', 'into', 'he', 'rosette', 'stage', 'grows', 'through', 'the', 'end', 'of', 'november', '.']
10	['B-A1', 'I-A1', 'I-A1', 'I-A1', 'O', 'O', 'O', 'B-V', 'O', 'B-A2', 'I-A2', 'I-A2', 'O', 'O', 'O', 'O', 'O', 'O', 'O']	['spinach', 'sown', 'in', 'october', 'being', 'able', 'to', '#develop', 'into', 'he', 'rosette', 'stage', 'grows', 'through', 'the', 'end', 'of', 'november', '.']
11	['B-A1', 'I-A1', 'I-A1', 'I-A1', 'O', 'O', 'O', 'B-V', 'O', 'B-A2', 'I-A2', 'I-A2', 'O', 'O', 'O', 'O', 'O', 'O', 'O', 'O']	['spinach', 'sown', 'in', 'october', 'is', 'shown', 'to', '#develop', 'into', 'he', 'rosette', 'stage', 'and', 'grow', 'through', 'the', 'end', 'of', 'november', '.']
12	['B-A1', 'I-A1', 'I-A1', 'I-A1', 'B-V', 'O', 'O', 'O', 'I-A2', 'O', 'O', 'O', 'O', 'O', 'O', 'O', 'O']	['spinach', 'sown', 'in', 'october', '#develops', 'into', 'the', 'rosette', 'stage', 'and', 'grows', 'through', 'the', 'end', 'of', 'november', '.']
13	['B-A1', 'I-A1', 'I-A1', 'I-A1', 'O', 'B-V', 'O', 'B-A2', 'I-A2', 'I-A2', 'O', 'O', 'O', 'O', 'O', 'O', 'O', 'O']	['spinach', 'sown', 'in', 'october', 'can', '#develop', 'into', 'he', 'rosette', 'stage', 'and', 'grow', 'through', 'the', 'end', 'of', 'november', '.']
14	['B-A1', 'I-A1', 'I-A1', 'I-A1', 'O', 'B-V', 'O', 'B-A2', 'I-A2', 'I-A2', 'O', 'O', 'O', 'O', 'O', 'O', 'O', 'O']	['spinach', 'sown', 'in', 'october', 'may', '#develop', 'into', 'he', 'rosette', 'stage', 'and', 'grow', 'through', 'the', 'end', 'of', 'november', '.']
15	['B-A1', 'I-A1', 'I-A1', 'I-A1', 'O', 'B-V', 'O', 'B-A2', 'I-A2', 'I-A2', 'O', 'O', 'O', 'O', 'O', 'O', 'O', 'O']	['spinach', 'sown', 'in', 'october', 'may', '#develop', 'into', 'the', 'rosette', 'stage', 'and', 'grow', 'through', 'the', 'end', 'of', 'november', '.']
16	['B-A1', 'I-A1', 'I-A1', 'I-A1', 'O', 'O', 'O', 'O', 'B-V', 'O', 'B-A2', 'I-A2', 'I-A2', 'O', 'O', 'O', 'O', 'O', 'O', 'O', 'O']	['spinach', 'sown', 'in', 'october', 'has', 'the', 'ability', 'to', '#develop', 'into', 'he', 'rosette', 'stage', 'and', 'grow', 'through', 'the', 'end', 'of', 'november', '.']
17	['B-A1', 'I-A1', 'I-A1', 'I-A1', 'O', 'O', 'B-V', 'O', 'B-A2', 'I-A2', 'I-A2', 'O', 'O', 'O', 'O', 'O', 'O', 'O']	['spinach', 'sown', 'in', 'october', 'that', 'can', '#develop', 'into', 'he', 'rosette', 'stage', 'grows', 'through', 'the', 'end', 'of', 'november', '.']
18	['B-A1', 'I-A1', 'I-A1', 'I-A1', 'O', 'O', 'O', 'O', 'B-V', 'O', 'B-A2', 'I-A2', 'I-A2', 'O', 'O', 'O', 'O', 'O', 'O', 'O']	['spinach', 'sown', 'in', 'october', 'which', 'is', 'able', 'to', '#develop', 'into', 'the', 'rosette', 'stage', 'grows', 'through', 'the', 'end', 'of', 'november', '.']
19	['B-A1', 'I-A1', 'I-A1', 'I-A1', 'O', 'B-V', 'O', 'B-A2', 'I-A2', 'I-A2', 'O', 'O', 'O', 'O', 'O', 'O', 'O']	['spinach', 'sown', 'in', 'october', 'that', '#develops', 'into', 'the', 'rosette', 'stage', 'grows', 'through', 'the', 'end', 'of', 'november', '.']
20	['B-A1', 'I-A1', 'I-A1', 'I-A1', 'O', 'B-V', 'O', 'B-A2', 'I-A2', 'I-A2', 'O', 'O', 'O', 'O', 'O', 'O', 'O']	['spinach', 'sown', 'in', 'october', 'which', '#develops', 'into', 'he', 'rosette', 'stage', 'grows', 'through', 'the', 'end', 'of', 'november', '.']
21	['B-A1', 'I-A1', 'I-A1', 'I-A1', 'O', 'O', 'O', 'O', 'B-V', 'O', 'B-A2', 'I-A2', 'I-A2', 'O', 'O', 'O', 'O', 'O', 'O', 'O', 'O']	['spinach', 'sown', 'in', 'october', 'has', 'the', 'ability', 'to', '#develop', 'into', 'the', 'rosette', 'stage', 'and', 'grow', 'through', 'the', 'end', 'of', 'november', '.']
22	['B-A1', 'I-A1', 'I-A1', 'I-A1', 'O', 'O', 'B-V', 'O', 'B-A2', 'I-A2', 'I-A2', 'O', 'O', 'O', 'O', 'O', 'O', 'O', 'O']	['spinach', 'sown', 'in', 'october', 'may', 'have', '#developed', 'into', 'the', 'rosette', 'stage', 'and', 'grow', 'through', 'the', 'end', 'of', 'november', '.']
23	['B-A1', 'I-A1', 'I-A1', 'I-A1', 'O', 'O', 'O', 'B-V', 'O', 'B-A2', 'I-A2', 'I-A2', 'O', 'O', 'O', 'O', 'O', 'O', 'O', 'O']	['spinach', 'sown', 'in', 'october', 'was', 'shown', 'to', '#develop', 'into', 'the', 'rosette', 'stage', 'and', 'grew', 'through', 'the', 'end', 'of', 'november', '.']
24	['B-A1', 'I-A1', 'I-A1', 'I-A1', 'O', 'B-V', 'O', 'B-A2', 'I-A2', 'I-A2', 'O', 'O', 'O', 'O', 'O', 'O', 'O', 'O']	['spinach', 'sown', 'in', 'october', 'will', '#develop', 'into', 'the', 'rosette', 'stage', 'and', 'grow', 'through', 'the', 'end', 'of', 'november', '.']
25	['B-A1', 'I-A1', 'I-A1', 'I-A1', 'O', 'O', 'O', 'B-V', 'O', 'B-A2', 'I-A2', 'I-A2', 'O', 'O', 'O', 'O', 'O', 'O', 'O', 'O']	['spinach', 'sown', 'in', 'october', 'was', 'shown', 'to', '#develop', 'into', 'he', 'rosette', 'stage', 'and', 'grew', 'through', 'the', 'end', 'of', 'november', '.']
26	['B-A1', 'I-A1', 'I-A1', 'I-A1', 'O', 'O', 'O', 'B-V', 'O', 'B-A2', 'I-A2', 'I-A2', 'O', 'O', 'O', 'O', 'O', 'O', 'O', 'O']	['spinach', 'sown', 'in', 'october', 'was', 'able', 'to', '#develop', 'into', 'the', 'rosette', 'stage', 'and', 'grew', 'through', 'the', 'end', 'of', 'november', '.']
27	['B-A1', 'I-A1', 'I-A1', 'I-A1', 'O', 'O', 'B-V', 'O', 'B-A2', 'I-A2', 'I-A2', 'O', 'O', 'O', 'O', 'O', 'O', 'O', 'O']	['spinach', 'sown', 'in', 'october', 'can', 'have', '#developed', 'into', 'the', 'rosette', 'stage', 'and', 'grow', 'through', 'the', 'end', 'of', 'november', '.']
28	['B-A1', 'I-A1', 'I-A1', 'I-A1', 'O', 'O', 'B-V', 'O', 'B-A2', 'I-A2', 'I-A2', 'O', 'O', 'O', 'O', 'O', 'O', 'O', 'O', 'O']	['spinach', 'sown', 'in', 'october', 'has', 'been', '#developing', 'into', 'the', 'rosette', 'stage', 'and', 'can', 'grow', 'through', 'the', 'end', 'of', 'november', '.']
29	['B-A1', 'I-A1', 'I-A1', 'I-A1', 'O', 'O', 'B-V', 'O', 'B-A2', 'I-A2', 'I-A2', 'O', 'O', 'O', 'O', 'O', 'O', 'O', 'O']	['spinach', 'sown', 'in', 'october', 'may', 'have', '#developed', 'into', 'he', 'rosette', 'stage', 'and', 'grow', 'through', 'the', 'end', 'of', 'november', '.']
30	['B-A1', 'I-A1', 'I-A1', 'I-A1', 'O', 'O', 'O', 'B-V', 'O', 'B-A2', 'I-A2', 'I-A2', 'O', 'O', 'O', 'O', 'O', 'O', 'O']	['spinach', 'sown', 'in', 'october', 'being', 'able', 'to', '#develop', 'into', 'the', 'rosette', 'stage', 'grows', 'through', 'the', 'end', 'of', 'november', '.']
31	['B-A1', 'I-A1', 'I-A1', 'I-A1', 'O', 'O', 'O', 'B-V', 'O', 'B-A2', 'I-A2', 'I-A2', 'O', 'O', 'O', 'O', 'O', 'O', 'O', 'O']	['spinach', 'sown', 'in', 'october', 'is', 'believed', 'to', '#develop', 'into', 'he', 'rosette', 'stage', 'and', 'grow', 'through', 'the', 'end', 'of', 'november', '.']
32	['B-A1', 'I-A1', 'I-A1', 'I-A1', 'B-V', 'O', 'O', 'O', 'I-A2', 'O', 'O', 'O', 'O', 'O', 'O', 'O', 'O']	['spinach', 'sown', 'in', 'october', '#develops', 'into', 'tthe', 'rosette', 'stage', 'and', 'grows', 'through', 'the', 'end', 'of', 'november', '.']
33	['B-A1', 'I-A1', 'I-A1', 'I-A1', 'O', 'O', 'O', 'B-V', 'O', 'B-A2', 'I-A2', 'I-A2', 'O', 'O', 'O', 'O', 'O', 'O', 'O', 'O']	['spinach', 'sown', 'in', 'october', 'was', 'found', 'to', '#develop', 'into', 'the', 'rosette', 'stage', 'and', 'grew', 'through', 'the', 'end', 'of', 'november', '.']
34	['O', 'O', 'O', 'O', 'O', 'O', 'O', 'O', 'O', 'O', 'O', 'O', 'O', 'O', 'O', 'O', 'O', 'O', 'O', 'B-A0', 'O', 'O', 'B-V', 'B-A1', 'I-A1', 'I-A1', 'I-A1', 'O']	['to', 'isolate', 'cdna', 'clones', 'that', 'dominantly', 'inhibit', 'the', 'dna-binding', 'activity', 'of', 'oct-2', ',', 'chosen', 'as', 'a', 'representative', 'factor', ',', 'we', 'chose', 'to', '#develop', 'a', 'novel', 'screening', 'system', '.']
35	['O', 'O', 'O', 'O', 'O', 'O', 'O', 'O', 'O', 'O', 'O', 'O', 'O', 'O', 'O', 'O', 'O', 'O', 'O', 'B-A0', 'O', 'O', 'O', 'B-V', 'B-A1', 'I-A1', 'I-A1', 'I-A1', 'O']	['to', 'isolate', 'cdna', 'clones', 'that', 'dominantly', 'inhibit', 'the', 'dna-binding', 'activity', 'of', 'oct-2', ',', 'chosen', 'as', 'a', 'representative', 'factor', ',', 'we', 'have', 'chosen', 'to', '#develop', 'a', 'novel', 'screening', 'system', '.']
36	['O', 'O', 'O', 'O', 'O', 'O', 'O', 'O', 'O', 'O', 'O', 'O', 'O', 'O', 'O', 'O', 'O', 'O', 'O', 'B-A0', 'O', 'O', 'O', 'O', 'B-V', 'B-A1', 'I-A1', 'I-A1', 'I-A1', 'O']	['to', 'isolate', 'cdna', 'clones', 'that', 'dominantly', 'inhibit', 'the', 'dna-binding', 'activity', 'of', 'oct-2', ',', 'chosen', 'as', 'a', 'representative', 'factor', ',', 'we', 'have', 'the', 'ability', 'to', '#develop', 'a', 'novel', 'screening', 'system', '.']
37	['O', 'O', 'O', 'O', 'O', 'O', 'O', 'O', 'O', 'O', 'O', 'O', 'O', 'O', 'O', 'O', 'O', 'O', 'O', 'O', 'O', 'O', 'O', 'O', 'O', 'O', 'O', 'O', 'B-A0', 'I-A0', 'O', 'O', 'O', 'B-V', 'B-A1', 'I-A1', 'I-A1', 'I-A1', 'I-A1', 'I-A1', 'O']	['a', 'c-to-t', 'transition', 'in', 'codon', '214', 'creating', 'a', 'new', 'rsai', 'recognition', 'site', 'in', 'exon', '6', 'and', 'substituting', 'tyrosine', 'for', 'histidine', '(h214y)', 'is', 'identified', 'in', 'an', 'asymptomatic', 'female', 'carrier', 'whose', 'son', 'is', 'predicted', 'to', '#develop', 'acute', 'neonatal', 'onset', 'of', 'otc', 'deficiency', '.']
38	['O', 'O', 'O', 'O', 'O', 'O', 'O', 'O', 'O', 'O', 'O', 'O', 'O', 'O', 'O', 'O', 'O', 'O', 'O', 'B-A0', 'O', 'O', 'O', 'B-V', 'B-A1', 'I-A1', 'I-A1', 'I-A1', 'O']	['to', 'isolate', 'cdna', 'clones', 'that', 'dominantly', 'inhibit', 'the', 'dna-binding', 'activity', 'of', 'oct-2', ',', 'chosen', 'as', 'a', 'representative', 'factor', ',', 'we', 'have', 'decided', 'to', '#develop', 'a', 'novel', 'screening', 'system', '.']
39	['O', 'O', 'O', 'O', 'O', 'O', 'O', 'O', 'O', 'O', 'O', 'O', 'O', 'O', 'O', 'O', 'O', 'O', 'O', 'O', 'O', 'O', 'O', 'O', 'O', 'O', 'O', 'O', 'B-A0', 'I-A0', 'O', 'B-V', 'B-A1', 'I-A1', 'I-A1', 'I-A1', 'I-A1', 'I-A1', 'O']	['a', 'c-to-t', 'transition', 'in', 'codon', '214', 'creating', 'a', 'new', 'rsai', 'recognition', 'site', 'in', 'exon', '6', 'and', 'substituting', 'tyrosine', 'for', 'histidine', '(h214y)', 'is', 'identified', 'in', 'an', 'asymptomatic', 'female', 'carrier', 'whose', 'son', 'may', '#develop', 'acute', 'neonatal', 'onset', 'of', 'otc', 'deficiency', '.']
40	['O', 'O', 'O', 'O', 'O', 'O', 'O', 'O', 'O', 'O', 'O', 'O', 'O', 'O', 'O', 'O', 'O', 'O', 'O', 'O', 'O', 'O', 'O', 'O', 'O', 'O', 'O', 'O', 'B-A0', 'I-A0', 'O', 'O', 'O', 'O', 'B-V', 'B-A1', 'I-A1', 'I-A1', 'I-A1', 'I-A1', 'I-A1', 'O']	['a', 'c-to-t', 'transition', 'in', 'codon', '214', 'creating', 'a', 'new', 'rsai', 'recognition', 'site', 'in', 'exon', '6', 'and', 'substituting', 'tyrosine', 'for', 'histidine', '(h214y)', 'was', 'identified', 'in', 'an', 'asymptomatic', 'female', 'carrier', 'whose', 'son', 'had', 'the', 'risk', 'of', '#developing', 'acute', 'neonatal', 'onset', 'of', 'otc', 'deficiency', '.']
41	['O', 'O', 'O', 'O', 'O', 'O', 'O', 'O', 'O', 'O', 'O', 'O', 'O', 'O', 'O', 'O', 'O', 'O', 'O', 'B-A0', 'O', 'O', 'B-V', 'B-A1', 'I-A1', 'I-A1', 'I-A1', 'O']	['to', 'isolate', 'cdna', 'clones', 'that', 'dominantly', 'inhibit', 'the', 'dna-binding', 'activity', 'of', 'oct-2', ',', 'chosen', 'as', 'a', 'representative', 'factor', ',', 'we', 'decide', 'to', '#develop', 'a', 'novel', 'screening', 'system', '.']
42	['O', 'O', 'O', 'O', 'O', 'O', 'O', 'O', 'O', 'O', 'O', 'O', 'O', 'O', 'O', 'O', 'O', 'O', 'O', 'O', 'O', 'O', 'O', 'O', 'O', 'O', 'O', 'O', 'B-A0', 'I-A0', 'O', 'O', 'O', 'O', 'B-V', 'B-A1', 'I-A1', 'I-A1', 'I-A1', 'I-A1', 'I-A1', 'O']	['a', 'c-to-t', 'transition', 'in', 'codon', '214', 'creating', 'a', 'new', 'rsai', 'recognition', 'site', 'in', 'exon', '6', 'and', 'substituting', 'tyrosine', 'for', 'histidine', '(h214y)', 'is', 'identified', 'in', 'an', 'asymptomatic', 'female', 'carrier', 'whose', 'son', 'has', 'the', 'ability', 'to', '#develop', 'acute', 'neonatal', 'onset', 'of', 'otc', 'deficiency', '.']
43	['O', 'O', 'O', 'O', 'O', 'O', 'O', 'O', 'O', 'O', 'O', 'O', 'O', 'O', 'O', 'O', 'O', 'O', 'O', 'O', 'O', 'O', 'O', 'O', 'O', 'O', 'O', 'O', 'B-A0', 'I-A0', 'O', 'O', 'O', 'B-V', 'B-A1', 'I-A1', 'I-A1', 'I-A1', 'I-A1', 'I-A1', 'O']	['a', 'c-to-t', 'transition', 'in', 'codon', '214', 'creating', 'a', 'new', 'rsai', 'recognition', 'site', 'in', 'exon', '6', 'and', 'substituting', 'tyrosine', 'for', 'histidine', '(h214y)', 'was', 'identified', 'in', 'an', 'asymptomatic', 'female', 'carrier', 'whose', 'son', 'was', 'found', 'to', '#develop', 'acute', 'neonatal', 'onset', 'of', 'otc', 'deficiency', '.']
44	['O', 'O', 'O', 'O', 'O', 'O', 'O', 'O', 'O', 'O', 'O', 'O', 'O', 'O', 'O', 'O', 'O', 'O', 'O', 'O', 'O', 'O', 'O', 'O', 'O', 'O', 'O', 'O', 'B-A0', 'I-A0', 'O', 'B-V', 'B-A1', 'I-A1', 'I-A1', 'I-A1', 'I-A1', 'I-A1', 'O']	['a', 'c-to-t', 'transition', 'in', 'codon', '214', 'creating', 'a', 'new', 'rsai', 'recognition', 'site', 'in', 'exon', '6', 'and', 'substituting', 'tyrosine', 'for', 'histidine', '(h214y)', 'was', 'identified', 'in', 'an', 'asymptomatic', 'female', 'carrier', 'whose', 'son', 'could', '#develop', 'acute', 'neonatal', 'onset', 'of', 'otc', 'deficiency', '.']
45	['O', 'O', 'O', 'O', 'O', 'O', 'O', 'O', 'O', 'O', 'O', 'O', 'O', 'O', 'O', 'O', 'O', 'O', 'O', 'O', 'O', 'O', 'O', 'O', 'O', 'O', 'O', 'O', 'B-A0', 'I-A0', 'O', 'O', 'B-V', 'B-A1', 'I-A1', 'I-A1', 'I-A1', 'I-A1', 'I-A1', 'O']	['a', 'c-to-t', 'transition', 'in', 'codon', '214', 'creating', 'a', 'new', 'rsai', 'recognition', 'site', 'in', 'exon', '6', 'and', 'substituting', 'tyrosine', 'for', 'histidine', '(h214y)', 'is', 'identified', 'in', 'an', 'asymptomatic', 'female', 'carrier', 'whose', 'son', 'will', 'have', '#developed', 'acute', 'neonatal', 'onset', 'of', 'otc', 'deficiency', '.']
46	['O', 'O', 'O', 'O', 'O', 'O', 'O', 'O', 'O', 'O', 'O', 'O', 'O', 'O', 'O', 'O', 'O', 'O', 'O', 'O', 'O', 'O', 'O', 'O', 'O', 'O', 'O', 'O', 'B-A0', 'I-A0', 'O', 'O', 'O', 'B-V', 'B-A1', 'I-A1', 'I-A1', 'I-A1', 'I-A1', 'I-A1', 'O']	['a', 'c-to-t', 'transition', 'in', 'codon', '214', 'creating', 'a', 'new', 'rsai', 'recognition', 'site', 'in', 'exon', '6', 'and', 'substituting', 'tyrosine', 'for', 'histidine', '(h214y)', 'is', 'identified', 'in', 'an', 'asymptomatic', 'female', 'carrier', 'whose', 'son', 'is', 'observed', 'to', '#develop', 'acute', 'neonatal', 'onset', 'of', 'otc', 'deficiency', '.']
47	['O', 'O', 'O', 'O', 'O', 'O', 'O', 'O', 'O', 'O', 'O', 'O', 'O', 'O', 'O', 'O', 'O', 'O', 'O', 'O', 'O', 'O', 'O', 'O', 'O', 'O', 'O', 'O', 'B-A0', 'I-A0', 'O', 'O', 'O', 'O', 'B-V', 'B-A1', 'I-A1', 'I-A1', 'I-A1', 'I-A1', 'I-A1', 'O']	['a', 'c-to-t', 'transition', 'in', 'codon', '214', 'creating', 'a', 'new', 'rsai', 'recognition', 'site', 'in', 'exon', '6', 'and', 'substituting', 'tyrosine', 'for', 'histidine', '(h214y)', 'was', 'identified', 'in', 'an', 'asymptomatic', 'female', 'carrier', 'whose', 'son', 'had', 'the', 'ability', 'to', '#develop', 'acute', 'neonatal', 'onset', 'of', 'otc', 'deficiency', '.']
48	['O', 'O', 'O', 'O', 'O', 'O', 'O', 'O', 'O', 'O', 'O', 'O', 'O', 'O', 'O', 'O', 'O', 'O', 'O', 'B-A0', 'O', 'O', 'O', 'B-V', 'B-A1', 'I-A1', 'I-A1', 'I-A1', 'O']	['to', 'isolate', 'cdna', 'clones', 'that', 'dominantly', 'inhibit', 'the', 'dna-binding', 'activity', 'of', 'oct-2', ',', 'chosen', 'as', 'a', 'representative', 'factor', ',', 'we', 'were', 'ready', 'to', '#develop', 'a', 'novel', 'screening', 'system', '.']
49	['O', 'O', 'O', 'O', 'O', 'O', 'O', 'O', 'O', 'O', 'O', 'O', 'O', 'O', 'O', 'O', 'O', 'O', 'O', 'O', 'O', 'O', 'O', 'O', 'O', 'O', 'O', 'O', 'B-A0', 'I-A0', 'O', 'O', 'B-V', 'B-A1', 'I-A1', 'I-A1', 'I-A1', 'I-A1', 'I-A1', 'O']	['a', 'c-to-t', 'transition', 'in', 'codon', '214', 'creating', 'a', 'new', 'rsai', 'recognition', 'site', 'in', 'exon', '6', 'and', 'substituting', 'tyrosine', 'for', 'histidine', '(h214y)', 'is', 'identified', 'in', 'an', 'asymptomatic', 'female', 'carrier', 'whose', 'son', 'can', 'have', '#developed', 'acute', 'neonatal', 'onset', 'of', 'otc', 'deficiency', '.']
50	['O', 'O', 'O', 'O', 'O', 'O', 'O', 'O', 'O', 'O', 'O', 'O', 'O', 'O', 'O', 'O', 'O', 'O', 'O', 'O', 'O', 'O', 'O', 'O', 'O', 'O', 'O', 'O', 'B-A0', 'I-A0', 'O', 'B-V', 'B-A1', 'I-A1', 'I-A1', 'I-A1', 'I-A1', 'I-A1', 'O']	['a', 'c-to-t', 'transition', 'in', 'codon', '214', 'creating', 'a', 'new', 'rsai', 'recognition', 'site', 'in', 'exon', '6', 'and', 'substituting', 'tyrosine', 'for', 'histidine', '(h214y)', 'was', 'identified', 'in', 'an', 'asymptomatic', 'female', 'carrier', 'whose', 'son', 'was', '#developing', 'acute', 'neonatal', 'onset', 'of', 'otc', 'deficiency', '.']
51	['O', 'O', 'O', 'O', 'O', 'O', 'O', 'O', 'O', 'O', 'O', 'O', 'O', 'O', 'O', 'O', 'O', 'O', 'O', 'O', 'O', 'O', 'O', 'O', 'O', 'O', 'O', 'O', 'B-A0', 'I-A0', 'O', 'O', 'O', 'B-V', 'B-A1', 'I-A1', 'I-A1', 'I-A1', 'I-A1', 'I-A1', 'O']	['a', 'c-to-t', 'transition', 'in', 'codon', '214', 'creating', 'a', 'new', 'rsai', 'recognition', 'site', 'in', 'exon', '6', 'and', 'substituting', 'tyrosine', 'for', 'histidine', '(h214y)', 'is', 'identified', 'in', 'an', 'asymptomatic', 'female', 'carrier', 'whose', 'son', 'is', 'believed', 'to', '#develop', 'acute', 'neonatal', 'onset', 'of', 'otc', 'deficiency', '.']
52	['O', 'O', 'O', 'O', 'O', 'O', 'O', 'O', 'O', 'O', 'O', 'O', 'O', 'O', 'O', 'O', 'O', 'O', 'O', 'B-A0', 'O', 'O', 'O', 'O', 'B-V', 'B-A1', 'I-A1', 'I-A1', 'I-A1', 'O']	['to', 'isolate', 'cdna', 'clones', 'that', 'dominantly', 'inhibit', 'the', 'dna-binding', 'activity', 'of', 'oct-2', ',', 'chosen', 'as', 'a', 'representative', 'factor', ',', 'we', 'have', 'been', 'ready', 'to', '#develop', 'a', 'novel', 'screening', 'system', '.']
53	['O', 'O', 'O', 'O', 'O', 'O', 'O', 'O', 'O', 'O', 'O', 'O', 'O', 'O', 'O', 'O', 'O', 'O', 'O', 'B-A0', 'O', 'O', 'O', 'O', 'B-V', 'B-A1', 'I-A1', 'I-A1', 'I-A1', 'O']	['to', 'isolate', 'cdna', 'clones', 'that', 'dominantly', 'inhibit', 'the', 'dna-binding', 'activity', 'of', 'oct-2', ',', 'chosen', 'as', 'a', 'representative', 'factor', ',', 'we', 'had', 'the', 'ability', 'to', '#develop', 'a', 'novel', 'screening', 'system', '.']
54	['O', 'O', 'O', 'O', 'O', 'O', 'O', 'O', 'O', 'O', 'O', 'O', 'O', 'O', 'O', 'O', 'O', 'O', 'O', 'O', 'O', 'O', 'O', 'O', 'O', 'O', 'O', 'O', 'B-A0', 'I-A0', 'O', 'O', 'O', 'B-V', 'B-A1', 'I-A1', 'I-A1', 'I-A1', 'I-A1', 'I-A1', 'O']	['a', 'c-to-t', 'transition', 'in', 'codon', '214', 'creating', 'a', 'new', 'rsai', 'recognition', 'site', 'in', 'exon', '6', 'and', 'substituting', 'tyrosine', 'for', 'histidine', '(h214y)', 'was', 'identified', 'in', 'an', 'asymptomatic', 'female', 'carrier', 'whose', 'son', 'was', 'predicted', 'to', '#develop', 'acute', 'neonatal', 'onset', 'of', 'otc', 'deficiency', '.']
55	['O', 'O', 'O', 'O', 'O', 'O', 'O', 'O', 'O', 'O', 'O', 'O', 'O', 'O', 'O', 'O', 'O', 'O', 'O', 'O', 'O', 'O', 'O', 'O', 'O', 'O', 'O', 'O', 'B-A0', 'I-A0', 'O', 'O', 'O', 'B-V', 'B-A1', 'I-A1', 'I-A1', 'I-A1', 'I-A1', 'I-A1', 'O']	['a', 'c-to-t', 'transition', 'in', 'codon', '214', 'creating', 'a', 'new', 'rsai', 'recognition', 'site', 'in', 'exon', '6', 'and', 'substituting', 'tyrosine', 'for', 'histidine', '(h214y)', 'was', 'identified', 'in', 'an', 'asymptomatic', 'female', 'carrier', 'whose', 'son', 'was', 'shown', 'to', '#develop', 'acute', 'neonatal', 'onset', 'of', 'otc', 'deficiency', '.']
56	['O', 'O', 'O', 'O', 'O', 'O', 'O', 'O', 'O', 'O', 'O', 'O', 'O', 'O', 'O', 'O', 'O', 'O', 'O', 'O', 'O', 'O', 'O', 'O', 'O', 'O', 'O', 'O', 'B-A0', 'I-A0', 'O', 'B-V', 'B-A1', 'I-A1', 'I-A1', 'I-A1', 'I-A1', 'I-A1', 'O']	['a', 'c-to-t', 'transition', 'in', 'codon', '214', 'creating', 'a', 'new', 'rsai', 'recognition', 'site', 'in', 'exon', '6', 'and', 'substituting', 'tyrosine', 'for', 'histidine', '(h214y)', 'was', 'identified', 'in', 'an', 'asymptomatic', 'female', 'carrier', 'whose', 'son', 'might', '#develop', 'acute', 'neonatal', 'onset', 'of', 'otc', 'deficiency', '.']
57	['O', 'O', 'O', 'O', 'O', 'O', 'O', 'O', 'O', 'O', 'O', 'O', 'O', 'O', 'O', 'O', 'O', 'O', 'O', 'B-A0', 'O', 'B-V', 'B-A1', 'I-A1', 'I-A1', 'I-A1', 'O']	['to', 'isolate', 'cdna', 'clones', 'that', 'dominantly', 'inhibit', 'the', 'dna-binding', 'activity', 'of', 'oct-2', ',', 'chosen', 'as', 'a', 'representative', 'factor', ',', 'we', 'might', '#develop', 'a', 'novel', 'screening', 'system', '.']
58	['O', 'O', 'O', 'O', 'O', 'O', 'O', 'O', 'O', 'O', 'O', 'O', 'O', 'O', 'O', 'O', 'O', 'O', 'O', 'B-A0', 'O', 'B-V', 'B-A1', 'I-A1', 'I-A1', 'I-A1', 'O']	['to', 'isolate', 'cdna', 'clones', 'that', 'dominantly', 'inhibit', 'the', 'dna-binding', 'activity', 'of', 'oct-2', ',', 'chosen', 'as', 'a', 'representative', 'factor', ',', 'we', 'can', '#develop', 'a', 'novel', 'screening', 'system', '.']
59	['O', 'O', 'O', 'O', 'O', 'O', 'O', 'O', 'O', 'O', 'O', 'O', 'O', 'O', 'O', 'O', 'O', 'O', 'O', 'B-A0', 'B-V', 'B-A1', 'I-A1', 'I-A1', 'I-A1', 'O']	['to', 'isolate', 'cdna', 'clones', 'that', 'dominantly', 'inhibit', 'the', 'dna-binding', 'activity', 'of', 'oct-2', ',', 'chosen', 'as', 'a', 'representative', 'factor', ',', 'we', '#developed', 'a', 'novel', 'screening', 'system', '.']
60	['O', 'O', 'O', 'O', 'O', 'O', 'O', 'O', 'O', 'O', 'O', 'O', 'O', 'O', 'O', 'O', 'O', 'O', 'O', 'O', 'O', 'O', 'O', 'O', 'O', 'O', 'O', 'O', 'B-A0', 'I-A0', 'O', 'O', 'O', 'B-V', 'B-A1', 'I-A1', 'I-A1', 'I-A1', 'I-A1', 'I-A1', 'O']	['a', 'c-to-t', 'transition', 'in', 'codon', '214', 'creating', 'a', 'new', 'rsai', 'recognition', 'site', 'in', 'exon', '6', 'and', 'substituting', 'tyrosine', 'for', 'histidine', '(h214y)', 'was', 'identified', 'in', 'an', 'asymptomatic', 'female', 'carrier', 'whose', 'son', 'was', 'observed', 'to', '#develop', 'acute', 'neonatal', 'onset', 'of', 'otc', 'deficiency', '.']
61	['O', 'O', 'O', 'O', 'O', 'O', 'O', 'O', 'O', 'O', 'O', 'O', 'O', 'O', 'O', 'O', 'O', 'O', 'O', 'O', 'O', 'O', 'O', 'O', 'O', 'O', 'O', 'O', 'B-A0', 'I-A0', 'O', 'O', 'O', 'B-V', 'B-A1', 'I-A1', 'I-A1', 'I-A1', 'I-A1', 'I-A1', 'O']	['a', 'c-to-t', 'transition', 'in', 'codon', '214', 'creating', 'a', 'new', 'rsai', 'recognition', 'site', 'in', 'exon', '6', 'and', 'substituting', 'tyrosine', 'for', 'histidine', '(h214y)', 'is', 'identified', 'in', 'an', 'asymptomatic', 'female', 'carrier', 'whose', 'son', 'is', 'able', 'to', '#develop', 'acute', 'neonatal', 'onset', 'of', 'otc', 'deficiency', '.']
