0	['O', 'O', 'O', 'O', 'O', 'B-A0', 'I-A0', 'I-A0', 'O', 'O', 'O', 'B-V', 'B-A1', 'O', 'O', 'O', 'O', 'B-A1', 'I-A1', 'O', 'O', 'O', 'O', 'O', 'O']	['quantitative', 'single-unit', 'electrophysiology', 'revealed', 'that', 'arg99', 'and', 'arg253', 'is', 'able', 'to', '#disrupt', 'the', 'pairing', 'hydrogen', 'bonds', 'in', 'the', 'model', 'while', 'preserving', 'robust', 'visual', 'responses', '.']
1	['O', 'B-A1', 'I-A1', 'O', 'O', 'B-V', 'O', 'B-A2', 'I-A2', 'I-A2', 'I-A2', 'I-A2', 'O']	['when', 'both', 'genes', 'has', 'been', '#disrupted', ',', 'gals', 'expression', 'is', 'further', 'elevated', '.']
2	['O', 'B-A1', 'I-A1', 'O', 'O', 'O', 'O', 'B-V', 'O', 'B-A2', 'I-A2', 'I-A2', 'I-A2', 'I-A2', 'O']	['when', 'both', 'genes', 'are', 'shown', 'to', 'be', '#disrupted', ',', 'gals', 'expression', 'was', 'further', 'elevated', '.']
3	['O', 'O', 'O', 'O', 'O', 'B-A0', 'I-A0', 'I-A0', 'O', 'B-V', 'B-A1', 'O', 'O', 'O', 'O', 'B-A1', 'I-A1', 'O', 'O', 'O', 'O', 'O', 'O']	['quantitative', 'single-unit', 'electrophysiology', 'revealed', 'that', 'arg99', 'and', 'arg253', 'has', '#disrupted', 'the', 'pairing', 'hydrogen', 'bonds', 'in', 'the', 'model', 'while', 'preserving', 'robust', 'visual', 'responses', '.']
4	['O', 'O', 'O', 'O', 'O', 'B-A0', 'I-A0', 'I-A0', 'O', 'O', 'O', 'O', 'B-V', 'B-A1', 'I-A1', 'I-A1', 'O', 'O', 'O', 'O', 'O', 'O']	['quantitative', 'single-unit', 'electrophysiology', 'revealed', 'that', 'inhibition', 'of', 'inflammation', 'has', 'been', 'shown', 'to', '#disrupt', 'protective', 'physiologic', 'responses', 'while', 'preserving', 'robust', 'visual', 'responses', '.']
5	['O', 'O', 'O', 'O', 'O', 'O', 'O', 'B-A0', 'I-A0', 'O', 'O', 'O', 'O', 'B-V', 'B-A1', 'I-A1', 'I-A1', 'O']	['importantly', ',', 'the', 'findings', 'show', 'that', 'the', 'alcohol', 'exposure', 'is', 'not', 'able', 'to', '#disrupt', 'ocular', 'dominance', 'plasticity', '.']
6	['O', 'O', 'O', 'O', 'O', 'O', 'O', 'O', 'O', 'O', 'O', 'I-A0', 'B-V', 'B-A1', 'O', 'O', 'O', 'O', 'B-A1', 'I-A1', 'O', 'O', 'O', 'O', 'O', 'O', 'O', 'O', 'O', 'O', 'O', 'O', 'O', 'O', 'O', 'O', 'O', 'O', 'O', 'O', 'O', 'O', 'O', 'O', 'O', 'O', 'O', 'O', 'O', 'O', 'O', 'O', 'O', 'O', 'O', 'O', 'O']	['studies', 'using', 'polymerase', 'chain', 'reaction', ',', 'restriction', 'enzyme', 'digestion', '(arg99', 'and', 'arg253', '#disrupts', 'the', 'pairing', 'hydrogen', 'bonds', 'in', 'the', 'model', ',', 'the', 'arg243----his', 'mutation', ',', 'a', 'hha', 'i', 'site', ',', 'and', 'the', 'asp250----asn', 'mutation', ',', 'a', 'taq', 'i', 'site)', ',', 'and', 'allele-specific', 'oligonucleotide', 'hybridization', 'confirmed', 'that', 'the', 'patients', 'were', 'indeed', 'compound', 'heterozygous', 'for', 'the', 'respective', 'mutations', '.']
7	['O', 'O', 'O', 'O', 'O', 'O', 'O', 'O', 'O', 'O', 'O', 'I-A0', 'O', 'O', 'B-V', 'B-A1', 'O', 'O', 'O', 'O', 'O', 'O', 'O', 'O', 'O', 'O', 'O', 'O', 'O', 'O', 'O', 'O', 'O', 'O', 'O', 'O', 'O', 'O', 'O', 'O', 'O', 'O', 'O', 'O', 'O', 'O', 'O', 'O', 'O', 'O', 'O', 'O', 'O']	['studies', 'using', 'polymerase', 'chain', 'reaction', ',', 'restriction', 'enzyme', 'digestion', '(a', 'homozygous', 'mutation', 'which', 'have', '#disrupted', 'splicing', ',', 'the', 'arg243----his', 'mutation', ',', 'a', 'hha', 'i', 'site', ',', 'and', 'the', 'asp250----asn', 'mutation', ',', 'a', 'taq', 'i', 'site)', ',', 'and', 'allele-specific', 'oligonucleotide', 'hybridization', 'confirmed', 'that', 'the', 'patients', 'were', 'indeed', 'compound', 'heterozygous', 'for', 'the', 'respective', 'mutations', '.']
8	['O', 'O', 'O', 'O', 'O', 'O', 'O', 'O', 'O', 'O', 'O', 'O', 'O', 'O', 'B-V', 'B-A1', 'I-A1', 'I-A1', 'O', 'O', 'O', 'O', 'O', 'O', 'O', 'O', 'O', 'O', 'O', 'O', 'O', 'O', 'O', 'O', 'O', 'O', 'O', 'O', 'O', 'O', 'O', 'O', 'O', 'O', 'O', 'O', 'O', 'O', 'O', 'O', 'O', 'O', 'O', 'O', 'O']	['studies', 'using', 'polymerase', 'chain', 'reaction', ',', 'restriction', 'enzyme', 'digestion', '(alcohol', 'exposure', 'being', 'able', 'to', '#disrupt', 'ocular', 'dominance', 'plasticity', ',', 'the', 'arg243----his', 'mutation', ',', 'a', 'hha', 'i', 'site', ',', 'and', 'the', 'asp250----asn', 'mutation', ',', 'a', 'taq', 'i', 'site)', ',', 'and', 'allele-specific', 'oligonucleotide', 'hybridization', 'confirmed', 'that', 'the', 'patients', 'were', 'indeed', 'compound', 'heterozygous', 'for', 'the', 'respective', 'mutations', '.']
9	['O', 'O', 'O', 'O', 'O', 'O', 'O', 'B-A0', 'I-A0', 'I-A0', 'O', 'O', 'B-V', 'B-A1', 'O']	['importantly', ',', 'the', 'findings', 'show', 'that', 'the', 'a', 'homozygous', 'mutation', 'will', 'not', '#disrupt', 'splicing', '.']
10	['O', 'O', 'O', 'O', 'O', 'O', 'O', 'O', 'O', 'O', 'O', 'O', 'O', 'O', 'O', 'B-A0', 'I-A0', 'I-A0', 'O', 'O', 'O', 'B-V', 'B-A1', 'I-A1', 'I-A1', 'O', 'O', 'O', 'O', 'O']	['treatment', 'of', 'the', 'systemic', 'inflammatory', 'response', 'to', 'cpb', 'is', 'also', 'confounded', 'by', 'the', 'fact', 'that', 'inhibition', 'of', 'inflammation', 'is', 'able', 'to', '#disrupt', 'protective', 'physiologic', 'responses', 'or', 'result', 'in', 'immunosuppression', '.']
11	['O', 'B-A1', 'I-A1', 'O', 'O', 'O', 'O', 'O', 'B-V', 'O', 'B-A2', 'I-A2', 'I-A2', 'I-A2', 'I-A2', 'O']	['when', 'both', 'genes', 'has', 'been', 'observed', 'to', 'be', '#disrupted', ',', 'gals', 'expression', 'is', 'further', 'elevated', '.']
12	['B-A0', 'I-A0', 'I-A0', 'O', 'O', 'O', 'O', 'O', 'O', 'I-A0', 'O', 'O', 'O', 'O', 'O', 'O', 'O', 'O', 'O', 'I-A0', 'O', 'O', 'B-V', 'B-A1', 'I-A1', 'I-A1', 'O']	['inhibition', 'of', 'inflammation', 'can', 'interact', 'with', 'the', 'keto', 'groups', 'of', 'the', 'go', 'and', 'c', 'base', 'pair(blue)', 'in', 'both', 'sides', 'of', 'dsdna', 'to', '#disrupt', 'protective', 'physiologic', 'responses', '.']
13	['O', 'O', 'O', 'O', 'O', 'O', 'O', 'B-A0', 'I-A0', 'I-A0', 'O', 'O', 'B-V', 'B-A1', 'I-A1', 'I-A1', 'O']	['importantly', ',', 'the', 'findings', 'show', 'that', 'the', 'inhibition', 'of', 'inflammation', 'could', 'not', '#disrupt', 'protective', 'physiologic', 'responses', '.']
14	['B-A0', 'I-A0', 'I-A0', 'O', 'O', 'O', 'O', 'O', 'O', 'O', 'O', 'O', 'I-A0', 'O', 'O', 'O', 'O', 'O', 'O', 'O', 'O', 'O', 'B-V', 'B-A1', 'O', 'O', 'O', 'O', 'B-A1', 'I-A1', 'O']	['arg99', 'and', 'arg253', 'can', 'interact', 'with', 'the', 'keto', 'groups', 'of', 'the', 'go', 'and', 'c', 'base', 'pair(blue)', 'in', 'both', 'sides', 'of', 'dsdna', 'to', '#disrupt', 'the', 'pairing', 'hydrogen', 'bonds', 'in', 'the', 'model', '.']
15	['B-A0', 'I-A0', 'I-A0', 'O', 'B-V', 'B-A1', 'O', 'O', 'O', 'O', 'O', 'O', 'O', 'O', 'O', 'O']	['a', 'homozygous', 'mutation', 'having', '#disrupted', 'splicing', 'will', 'be', 'identified', 'in', 'affected', 'siblings', 'with', 'classical', 'abetalipoproteinemia', '.']
16	['O', 'O', 'O', 'O', 'O', 'O', 'O', 'O', 'O', 'O', 'O', 'B-V', 'B-A1', 'I-A1', 'I-A1', 'O', 'O', 'O', 'O', 'O', 'O', 'O', 'O', 'O', 'O', 'O', 'O', 'O', 'O', 'O', 'O', 'O', 'O', 'O', 'O', 'O', 'O', 'O', 'O', 'O', 'O', 'O', 'O', 'O', 'O', 'O', 'O', 'O', 'O', 'O', 'O', 'O']	['studies', 'using', 'polymerase', 'chain', 'reaction', ',', 'restriction', 'enzyme', 'digestion', '(alcohol', 'exposure', '#disrupts', 'ocular', 'dominance', 'plasticity', ',', 'the', 'arg243----his', 'mutation', ',', 'a', 'hha', 'i', 'site', ',', 'and', 'the', 'asp250----asn', 'mutation', ',', 'a', 'taq', 'i', 'site)', ',', 'and', 'allele-specific', 'oligonucleotide', 'hybridization', 'confirmed', 'that', 'the', 'patients', 'were', 'indeed', 'compound', 'heterozygous', 'for', 'the', 'respective', 'mutations', '.']
17	['O', 'O', 'O', 'O', 'O', 'O', 'O', 'B-A0', 'I-A0', 'I-A0', 'O', 'O', 'B-V', 'B-A1', 'O', 'O', 'O', 'O', 'B-A1', 'I-A1', 'O']	['importantly', ',', 'the', 'findings', 'show', 'that', 'the', 'arg99', 'and', 'arg253', 'could', 'not', '#disrupt', 'the', 'pairing', 'hydrogen', 'bonds', 'in', 'the', 'model', '.']
18	['O', 'O', 'O', 'O', 'O', 'O', 'O', 'O', 'O', 'O', 'O', 'O', 'O', 'O', 'O', 'O', 'O', 'O', 'O', 'O', 'O', 'O', 'O', 'O', 'B-A0', 'I-A0', 'I-A0', 'B-V', 'B-A1', 'I-A1', 'I-A1', 'O']	['sequencing', 'of', 'cloned', 'polymerase', 'chain', 'reaction', 'amplified', 'fragments', 'of', 'the', 'amh', 'gene', 'revealed', 'a', '14-bp', 'deletion', 'in', 'the', 'second', 'exon', 'of', 'the', 'maternal', 'allele;', 'inhibition', 'of', 'inflammation', '#disrupts', 'protective', 'physiologic', 'responses', '.']
19	['O', 'B-A1', 'I-A1', 'O', 'B-V', 'O', 'B-A2', 'I-A2', 'I-A2', 'I-A2', 'I-A2', 'O']	['when', 'both', 'genes', 'are', '#disrupted', ',', 'gals', 'expression', 'was', 'further', 'elevated', '.']
20	['O', 'O', 'O', 'O', 'O', 'O', 'O', 'O', 'O', 'O', 'O', 'O', 'O', 'O', 'O', 'B-A0', 'I-A0', 'I-A0', 'O', 'O', 'B-V', 'B-A1', 'I-A1', 'I-A1', 'O', 'O', 'O', 'O', 'O']	['treatment', 'of', 'the', 'systemic', 'inflammatory', 'response', 'to', 'cpb', 'is', 'also', 'confounded', 'by', 'the', 'fact', 'that', 'inhibition', 'of', 'inflammation', 'will', 'possibly', '#disrupt', 'protective', 'physiologic', 'responses', 'or', 'result', 'in', 'immunosuppression', '.']
21	['O', 'O', 'O', 'O', 'O', 'O', 'O', 'O', 'O', 'O', 'O', 'O', 'O', 'O', 'O', 'O', 'O', 'O', 'O', 'O', 'O', 'O', 'O', 'O', 'B-A0', 'I-A0', 'I-A0', 'B-V', 'B-A1', 'O', 'O', 'O', 'O', 'B-A1', 'I-A1', 'O']	['sequencing', 'of', 'cloned', 'polymerase', 'chain', 'reaction', 'amplified', 'fragments', 'of', 'the', 'amh', 'gene', 'revealed', 'a', '14-bp', 'deletion', 'in', 'the', 'second', 'exon', 'of', 'the', 'maternal', 'allele;', 'arg99', 'and', 'arg253', '#disrupts', 'the', 'pairing', 'hydrogen', 'bonds', 'in', 'the', 'model', '.']
22	['O', 'B-A1', 'I-A1', 'O', 'O', 'O', 'B-V', 'O', 'B-A2', 'I-A2', 'I-A2', 'I-A2', 'I-A2', 'O']	['when', 'both', 'genes', 'has', 'already', 'been', '#disrupted', ',', 'gals', 'expression', 'was', 'further', 'elevated', '.']
23	['O', 'O', 'O', 'O', 'O', 'B-A0', 'I-A0', 'B-V', 'B-A1', 'I-A1', 'I-A1', 'O', 'O', 'O', 'O', 'O', 'O']	['quantitative', 'single-unit', 'electrophysiology', 'revealed', 'that', 'alcohol', 'exposure', '#disrupted', 'ocular', 'dominance', 'plasticity', 'while', 'preserving', 'robust', 'visual', 'responses', '.']
24	['B-A0', 'I-A0', 'I-A0', 'O', 'O', 'O', 'O', 'O', 'O', 'O', 'O', 'O', 'O', 'O', 'O', 'O', 'O', 'O', 'O', 'O', 'O', 'O', 'B-V', 'B-A1', 'O']	['a', 'homozygous', 'mutation', 'can', 'interact', 'with', 'the', 'keto', 'groups', 'of', 'the', 'go', 'and', 'c', 'base', 'pair(blue)', 'in', 'both', 'sides', 'of', 'dsdna', 'and', '#disrupt', 'splicing', '.']
25	['O', 'O', 'O', 'O', 'O', 'O', 'O', 'O', 'O', 'O', 'O', 'O', 'O', 'O', 'O', 'O', 'O', 'O', 'O', 'O', 'O', 'O', 'O', 'O', 'B-A0', 'I-A0', 'I-A0', 'O', 'O', 'B-V', 'B-A1', 'I-A1', 'I-A1', 'O']	['sequencing', 'of', 'cloned', 'polymerase', 'chain', 'reaction', 'amplified', 'fragments', 'of', 'the', 'amh', 'gene', 'revealed', 'a', '14-bp', 'deletion', 'in', 'the', 'second', 'exon', 'of', 'the', 'maternal', 'allele;', 'inhibition', 'of', 'inflammation', 'may', 'have', '#disrupted', 'protective', 'physiologic', 'responses', '.']
26	['O', 'B-A1', 'I-A1', 'O', 'O', 'O', 'O', 'O', 'B-V', 'O', 'B-A2', 'I-A2', 'I-A2', 'I-A2', 'I-A2', 'O']	['when', 'both', 'genes', 'has', 'been', 'observed', 'to', 'be', '#disrupted', ',', 'gals', 'expression', 'was', 'further', 'elevated', '.']
27	['O', 'O', 'O', 'O', 'O', 'B-A0', 'I-A0', 'B-V', 'B-A1', 'I-A1', 'I-A1', 'O', 'O', 'O', 'O', 'O', 'O']	['quantitative', 'single-unit', 'electrophysiology', 'revealed', 'that', 'alcohol', 'exposure', '#disrupts', 'ocular', 'dominance', 'plasticity', 'while', 'preserving', 'robust', 'visual', 'responses', '.']
28	['O', 'B-A1', 'I-A1', 'O', 'O', 'O', 'B-V', 'O', 'B-A2', 'I-A2', 'I-A2', 'I-A2', 'I-A2', 'O']	['when', 'both', 'genes', 'has', 'already', 'been', '#disrupted', ',', 'gals', 'expression', 'is', 'further', 'elevated', '.']
29	['O', 'O', 'O', 'O', 'O', 'O', 'O', 'B-A0', 'I-A0', 'I-A0', 'O', 'O', 'B-V', 'B-A1', 'I-A1', 'I-A1', 'O']	['importantly', ',', 'the', 'findings', 'show', 'that', 'the', 'inhibition', 'of', 'inflammation', 'will', 'not', '#disrupt', 'protective', 'physiologic', 'responses', '.']
30	['O', 'O', 'O', 'O', 'O', 'O', 'O', 'O', 'O', 'O', 'O', 'O', 'O', 'O', 'O', 'O', 'O', 'O', 'O', 'O', 'O', 'O', 'O', 'O', 'B-A0', 'I-A0', 'I-A0', 'O', 'O', 'O', 'O', 'B-V', 'B-A1', 'O', 'O', 'O', 'O', 'B-A1', 'I-A1', 'O']	['sequencing', 'of', 'cloned', 'polymerase', 'chain', 'reaction', 'amplified', 'fragments', 'of', 'the', 'amh', 'gene', 'revealed', 'a', '14-bp', 'deletion', 'in', 'the', 'second', 'exon', 'of', 'the', 'maternal', 'allele;', 'arg99', 'and', 'arg253', 'has', 'been', 'shown', 'to', '#disrupt', 'the', 'pairing', 'hydrogen', 'bonds', 'in', 'the', 'model', '.']
31	['O', 'O', 'O', 'O', 'O', 'O', 'O', 'O', 'O', 'O', 'O', 'O', 'O', 'O', 'O', 'O', 'O', 'O', 'O', 'O', 'O', 'O', 'O', 'O', 'B-A0', 'I-A0', 'I-A0', 'O', 'O', 'O', 'B-V', 'B-A1', 'O', 'O', 'O', 'O', 'B-A1', 'I-A1', 'O']	['sequencing', 'of', 'cloned', 'polymerase', 'chain', 'reaction', 'amplified', 'fragments', 'of', 'the', 'amh', 'gene', 'revealed', 'a', '14-bp', 'deletion', 'in', 'the', 'second', 'exon', 'of', 'the', 'maternal', 'allele;', 'arg99', 'and', 'arg253', 'is', 'able', 'to', '#disrupt', 'the', 'pairing', 'hydrogen', 'bonds', 'in', 'the', 'model', '.']
32	['O', 'O', 'O', 'O', 'O', 'O', 'O', 'B-A0', 'I-A0', 'I-A0', 'O', 'O', 'B-V', 'B-A1', 'I-A1', 'I-A1', 'O']	['importantly', ',', 'the', 'findings', 'show', 'that', 'the', 'inhibition', 'of', 'inflammation', 'has', 'not', '#disrupt', 'protective', 'physiologic', 'responses', '.']
33	['O', 'O', 'O', 'O', 'O', 'O', 'O', 'O', 'O', 'O', 'O', 'O', 'O', 'O', 'O', 'O', 'O', 'O', 'O', 'O', 'O', 'O', 'O', 'O', 'B-A0', 'I-A0', 'I-A0', 'O', 'B-V', 'B-A1', 'O']	['sequencing', 'of', 'cloned', 'polymerase', 'chain', 'reaction', 'amplified', 'fragments', 'of', 'the', 'amh', 'gene', 'revealed', 'a', '14-bp', 'deletion', 'in', 'the', 'second', 'exon', 'of', 'the', 'maternal', 'allele;', 'a', 'homozygous', 'mutation', 'has', '#disrupted', 'splicing', '.']
34	['O', 'O', 'O', 'O', 'O', 'O', 'O', 'O', 'O', 'O', 'O', 'O', 'O', 'O', 'O', 'O', 'O', 'O', 'O', 'O', 'O', 'O', 'O', 'O', 'B-A0', 'I-A0', 'I-A0', 'O', 'O', 'O', 'B-V', 'B-A1', 'O']	['sequencing', 'of', 'cloned', 'polymerase', 'chain', 'reaction', 'amplified', 'fragments', 'of', 'the', 'amh', 'gene', 'revealed', 'a', '14-bp', 'deletion', 'in', 'the', 'second', 'exon', 'of', 'the', 'maternal', 'allele;', 'a', 'homozygous', 'mutation', 'is', 'able', 'to', '#disrupt', 'splicing', '.']
35	['O', 'O', 'O', 'O', 'O', 'B-A0', 'I-A0', 'I-A0', 'O', 'O', 'O', 'O', 'B-V', 'B-A1', 'O', 'O', 'O', 'O', 'O', 'O']	['quantitative', 'single-unit', 'electrophysiology', 'revealed', 'that', 'a', 'homozygous', 'mutation', 'has', 'been', 'shown', 'to', '#disrupt', 'splicing', 'while', 'preserving', 'robust', 'visual', 'responses', '.']
36	['B-A0', 'I-A0', 'I-A0', 'O', 'O', 'O', 'O', 'O', 'O', 'O', 'O', 'O', 'I-A0', 'O', 'O', 'O', 'O', 'O', 'O', 'O', 'O', 'I-A0', 'B-V', 'B-A1', 'O', 'O', 'O', 'O', 'B-A1', 'I-A1', 'O']	['arg99', 'and', 'arg253', 'can', 'interact', 'with', 'the', 'keto', 'groups', 'of', 'the', 'go', 'and', 'c', 'base', 'pair(blue)', 'in', 'both', 'sides', 'of', 'dsdna', 'and', '#disrupt', 'the', 'pairing', 'hydrogen', 'bonds', 'in', 'the', 'model', '.']
37	['O', 'O', 'O', 'O', 'O', 'O', 'O', 'B-A0', 'I-A0', 'I-A0', 'O', 'O', 'B-V', 'B-A1', 'O', 'O', 'O', 'O', 'B-A1', 'I-A1', 'O']	['importantly', ',', 'the', 'findings', 'show', 'that', 'the', 'arg99', 'and', 'arg253', 'does', 'not', '#disrupt', 'the', 'pairing', 'hydrogen', 'bonds', 'in', 'the', 'model', '.']
38	['O', 'O', 'O', 'O', 'O', 'O', 'O', 'O', 'O', 'O', 'O', 'I-A0', 'O', 'O', 'B-V', 'B-A1', 'O', 'O', 'O', 'O', 'O', 'O', 'O', 'O', 'O', 'O', 'O', 'O', 'O', 'O', 'O', 'O', 'O', 'O', 'O', 'O', 'O', 'O', 'O', 'O', 'O', 'O', 'O', 'O', 'O', 'O', 'O', 'O', 'O', 'O', 'O', 'O', 'O']	['studies', 'using', 'polymerase', 'chain', 'reaction', ',', 'restriction', 'enzyme', 'digestion', '(a', 'homozygous', 'mutation', 'that', 'can', '#disrupt', 'splicing', ',', 'the', 'arg243----his', 'mutation', ',', 'a', 'hha', 'i', 'site', ',', 'and', 'the', 'asp250----asn', 'mutation', ',', 'a', 'taq', 'i', 'site)', ',', 'and', 'allele-specific', 'oligonucleotide', 'hybridization', 'confirmed', 'that', 'the', 'patients', 'were', 'indeed', 'compound', 'heterozygous', 'for', 'the', 'respective', 'mutations', '.']
39	['O', 'O', 'O', 'O', 'O', 'O', 'O', 'O', 'O', 'O', 'O', 'O', 'O', 'O', 'O', 'O', 'O', 'O', 'O', 'O', 'O', 'O', 'O', 'O', 'B-A0', 'I-A0', 'O', 'O', 'O', 'O', 'B-V', 'B-A1', 'I-A1', 'I-A1', 'O']	['sequencing', 'of', 'cloned', 'polymerase', 'chain', 'reaction', 'amplified', 'fragments', 'of', 'the', 'amh', 'gene', 'revealed', 'a', '14-bp', 'deletion', 'in', 'the', 'second', 'exon', 'of', 'the', 'maternal', 'allele;', 'alcohol', 'exposure', 'has', 'been', 'shown', 'to', '#disrupt', 'ocular', 'dominance', 'plasticity', '.']
40	['O', 'O', 'O', 'O', 'O', 'O', 'O', 'O', 'O', 'O', 'O', 'I-A0', 'O', 'O', 'B-V', 'B-A1', 'I-A1', 'I-A1', 'O', 'O', 'O', 'O', 'O', 'O', 'O', 'O', 'O', 'O', 'O', 'O', 'O', 'O', 'O', 'O', 'O', 'O', 'O', 'O', 'O', 'O', 'O', 'O', 'O', 'O', 'O', 'O', 'O', 'O', 'O', 'O', 'O', 'O', 'O', 'O', 'O']	['studies', 'using', 'polymerase', 'chain', 'reaction', ',', 'restriction', 'enzyme', 'digestion', '(inhibition', 'of', 'inflammation', 'which', 'have', '#disrupted', 'protective', 'physiologic', 'responses', ',', 'the', 'arg243----his', 'mutation', ',', 'a', 'hha', 'i', 'site', ',', 'and', 'the', 'asp250----asn', 'mutation', ',', 'a', 'taq', 'i', 'site)', ',', 'and', 'allele-specific', 'oligonucleotide', 'hybridization', 'confirmed', 'that', 'the', 'patients', 'were', 'indeed', 'compound', 'heterozygous', 'for', 'the', 'respective', 'mutations', '.']
41	['O', 'O', 'O', 'O', 'O', 'B-A0', 'I-A0', 'I-A0', 'O', 'O', 'O', 'O', 'B-V', 'B-A1', 'O', 'O', 'O', 'O', 'B-A1', 'I-A1', 'O', 'O', 'O', 'O', 'O', 'O']	['quantitative', 'single-unit', 'electrophysiology', 'revealed', 'that', 'arg99', 'and', 'arg253', 'has', 'been', 'shown', 'to', '#disrupt', 'the', 'pairing', 'hydrogen', 'bonds', 'in', 'the', 'model', 'while', 'preserving', 'robust', 'visual', 'responses', '.']
42	['O', 'O', 'O', 'O', 'O', 'B-A0', 'I-A0', 'I-A0', 'B-V', 'B-A1', 'O', 'O', 'O', 'O', 'B-A1', 'I-A1', 'O', 'O', 'O', 'O', 'O', 'O']	['quantitative', 'single-unit', 'electrophysiology', 'revealed', 'that', 'arg99', 'and', 'arg253', '#disrupted', 'the', 'pairing', 'hydrogen', 'bonds', 'in', 'the', 'model', 'while', 'preserving', 'robust', 'visual', 'responses', '.']
43	['O', 'O', 'O', 'O', 'O', 'O', 'O', 'O', 'O', 'O', 'O', 'I-A0', 'O', 'B-V', 'B-A1', 'I-A1', 'I-A1', 'O', 'O', 'O', 'O', 'O', 'O', 'O', 'O', 'O', 'O', 'O', 'O', 'O', 'O', 'O', 'O', 'O', 'O', 'O', 'O', 'O', 'O', 'O', 'O', 'O', 'O', 'O', 'O', 'O', 'O', 'O', 'O', 'O', 'O', 'O', 'O', 'O']	['studies', 'using', 'polymerase', 'chain', 'reaction', ',', 'restriction', 'enzyme', 'digestion', '(inhibition', 'of', 'inflammation', 'having', '#disrupted', 'protective', 'physiologic', 'responses', ',', 'the', 'arg243----his', 'mutation', ',', 'a', 'hha', 'i', 'site', ',', 'and', 'the', 'asp250----asn', 'mutation', ',', 'a', 'taq', 'i', 'site)', ',', 'and', 'allele-specific', 'oligonucleotide', 'hybridization', 'confirmed', 'that', 'the', 'patients', 'were', 'indeed', 'compound', 'heterozygous', 'for', 'the', 'respective', 'mutations', '.']
44	['O', 'O', 'O', 'O', 'O', 'O', 'O', 'O', 'O', 'O', 'O', 'I-A0', 'O', 'O', 'O', 'B-V', 'B-A1', 'I-A1', 'I-A1', 'O', 'O', 'O', 'O', 'O', 'O', 'O', 'O', 'O', 'O', 'O', 'O', 'O', 'O', 'O', 'O', 'O', 'O', 'O', 'O', 'O', 'O', 'O', 'O', 'O', 'O', 'O', 'O', 'O', 'O', 'O', 'O', 'O', 'O', 'O', 'O', 'O']	['studies', 'using', 'polymerase', 'chain', 'reaction', ',', 'restriction', 'enzyme', 'digestion', '(inhibition', 'of', 'inflammation', 'being', 'able', 'to', '#disrupt', 'protective', 'physiologic', 'responses', ',', 'the', 'arg243----his', 'mutation', ',', 'a', 'hha', 'i', 'site', ',', 'and', 'the', 'asp250----asn', 'mutation', ',', 'a', 'taq', 'i', 'site)', ',', 'and', 'allele-specific', 'oligonucleotide', 'hybridization', 'confirmed', 'that', 'the', 'patients', 'were', 'indeed', 'compound', 'heterozygous', 'for', 'the', 'respective', 'mutations', '.']
45	['O', 'O', 'O', 'O', 'O', 'O', 'O', 'B-A0', 'I-A0', 'I-A0', 'O', 'O', 'B-V', 'B-A1', 'O']	['importantly', ',', 'the', 'findings', 'show', 'that', 'the', 'a', 'homozygous', 'mutation', 'could', 'not', '#disrupt', 'splicing', '.']
46	['O', 'O', 'O', 'O', 'O', 'O', 'O', 'O', 'O', 'O', 'O', 'O', 'O', 'O', 'O', 'B-A0', 'I-A0', 'I-A0', 'O', 'B-V', 'B-A1', 'I-A1', 'I-A1', 'O', 'O', 'O', 'O', 'O']	['treatment', 'of', 'the', 'systemic', 'inflammatory', 'response', 'to', 'cpb', 'is', 'also', 'confounded', 'by', 'the', 'fact', 'that', 'inhibition', 'of', 'inflammation', 'might', '#disrupt', 'protective', 'physiologic', 'responses', 'or', 'result', 'in', 'immunosuppression', '.']
47	['O', 'O', 'O', 'O', 'O', 'O', 'O', 'B-A0', 'I-A0', 'I-A0', 'O', 'O', 'B-V', 'B-A1', 'O', 'O', 'O', 'O', 'B-A1', 'I-A1', 'O']	['importantly', ',', 'the', 'findings', 'show', 'that', 'the', 'arg99', 'and', 'arg253', 'will', 'not', '#disrupt', 'the', 'pairing', 'hydrogen', 'bonds', 'in', 'the', 'model', '.']
48	['O', 'O', 'O', 'O', 'O', 'B-A0', 'I-A0', 'I-A0', 'B-V', 'B-A1', 'I-A1', 'I-A1', 'O', 'O', 'O', 'O', 'O', 'O']	['quantitative', 'single-unit', 'electrophysiology', 'revealed', 'that', 'inhibition', 'of', 'inflammation', '#disrupted', 'protective', 'physiologic', 'responses', 'while', 'preserving', 'robust', 'visual', 'responses', '.']
49	['B-A0', 'I-A0', 'I-A0', 'O', 'O', 'O', 'O', 'O', 'O', 'O', 'O', 'O', 'O', 'O', 'O', 'O', 'O', 'O', 'O', 'O', 'O', 'O', 'B-V', 'B-A1', 'O']	['a', 'homozygous', 'mutation', 'can', 'interact', 'with', 'the', 'keto', 'groups', 'of', 'the', 'go', 'and', 'c', 'base', 'pair(blue)', 'in', 'both', 'sides', 'of', 'dsdna', 'to', '#disrupt', 'splicing', '.']
50	['O', 'O', 'O', 'O', 'O', 'O', 'O', 'B-A0', 'I-A0', 'I-A0', 'O', 'O', 'B-V', 'B-A1', 'O']	['importantly', ',', 'the', 'findings', 'show', 'that', 'the', 'a', 'homozygous', 'mutation', 'did', 'not', '#disrupt', 'splicing', '.']
51	['O', 'O', 'O', 'O', 'O', 'O', 'O', 'B-A0', 'I-A0', 'I-A0', 'O', 'O', 'B-V', 'B-A1', 'O']	['importantly', ',', 'the', 'findings', 'show', 'that', 'the', 'a', 'homozygous', 'mutation', 'has', 'not', '#disrupt', 'splicing', '.']
52	['O', 'O', 'O', 'O', 'O', 'O', 'O', 'O', 'O', 'O', 'O', 'I-A0', 'O', 'B-V', 'B-A1', 'O', 'O', 'O', 'O', 'O', 'O', 'O', 'O', 'O', 'O', 'O', 'O', 'O', 'O', 'O', 'O', 'O', 'O', 'O', 'O', 'O', 'O', 'O', 'O', 'O', 'O', 'O', 'O', 'O', 'O', 'O', 'O', 'O', 'O', 'O', 'O', 'O']	['studies', 'using', 'polymerase', 'chain', 'reaction', ',', 'restriction', 'enzyme', 'digestion', '(a', 'homozygous', 'mutation', 'having', '#disrupted', 'splicing', ',', 'the', 'arg243----his', 'mutation', ',', 'a', 'hha', 'i', 'site', ',', 'and', 'the', 'asp250----asn', 'mutation', ',', 'a', 'taq', 'i', 'site)', ',', 'and', 'allele-specific', 'oligonucleotide', 'hybridization', 'confirmed', 'that', 'the', 'patients', 'were', 'indeed', 'compound', 'heterozygous', 'for', 'the', 'respective', 'mutations', '.']
53	['O', 'O', 'O', 'O', 'O', 'B-A0', 'I-A0', 'I-A0', 'O', 'B-V', 'B-A1', 'O', 'O', 'O', 'O', 'O', 'O']	['quantitative', 'single-unit', 'electrophysiology', 'revealed', 'that', 'a', 'homozygous', 'mutation', 'has', '#disrupted', 'splicing', 'while', 'preserving', 'robust', 'visual', 'responses', '.']
54	['O', 'B-A1', 'I-A1', 'O', 'B-V', 'O', 'B-A2', 'I-A2', 'I-A2', 'I-A2', 'I-A2', 'O']	['when', 'both', 'genes', 'were', '#disrupted', ',', 'gals', 'expression', 'is', 'further', 'elevated', '.']
55	['O', 'O', 'O', 'O', 'O', 'O', 'O', 'O', 'O', 'O', 'O', 'I-A0', 'O', 'B-V', 'B-A1', 'O', 'O', 'O', 'O', 'B-A1', 'I-A1', 'O', 'O', 'O', 'O', 'O', 'O', 'O', 'O', 'O', 'O', 'O', 'O', 'O', 'O', 'O', 'O', 'O', 'O', 'O', 'O', 'O', 'O', 'O', 'O', 'O', 'O', 'O', 'O', 'O', 'O', 'O', 'O', 'O', 'O', 'O', 'O', 'O']	['studies', 'using', 'polymerase', 'chain', 'reaction', ',', 'restriction', 'enzyme', 'digestion', '(arg99', 'and', 'arg253', 'having', '#disrupted', 'the', 'pairing', 'hydrogen', 'bonds', 'in', 'the', 'model', ',', 'the', 'arg243----his', 'mutation', ',', 'a', 'hha', 'i', 'site', ',', 'and', 'the', 'asp250----asn', 'mutation', ',', 'a', 'taq', 'i', 'site)', ',', 'and', 'allele-specific', 'oligonucleotide', 'hybridization', 'confirmed', 'that', 'the', 'patients', 'were', 'indeed', 'compound', 'heterozygous', 'for', 'the', 'respective', 'mutations', '.']
56	['O', 'O', 'O', 'O', 'O', 'O', 'O', 'B-A0', 'I-A0', 'I-A0', 'O', 'O', 'B-V', 'B-A1', 'O', 'O', 'O', 'O', 'B-A1', 'I-A1', 'O']	['importantly', ',', 'the', 'findings', 'show', 'that', 'the', 'arg99', 'and', 'arg253', 'did', 'not', '#disrupt', 'the', 'pairing', 'hydrogen', 'bonds', 'in', 'the', 'model', '.']
57	['O', 'O', 'O', 'O', 'O', 'O', 'O', 'O', 'O', 'O', 'O', 'O', 'O', 'O', 'O', 'O', 'O', 'O', 'O', 'O', 'O', 'O', 'O', 'O', 'B-A0', 'I-A0', 'I-A0', 'O', 'O', 'O', 'O', 'B-V', 'B-A1', 'I-A1', 'I-A1', 'O']	['sequencing', 'of', 'cloned', 'polymerase', 'chain', 'reaction', 'amplified', 'fragments', 'of', 'the', 'amh', 'gene', 'revealed', 'a', '14-bp', 'deletion', 'in', 'the', 'second', 'exon', 'of', 'the', 'maternal', 'allele;', 'inhibition', 'of', 'inflammation', 'has', 'been', 'shown', 'to', '#disrupt', 'protective', 'physiologic', 'responses', '.']
58	['B-A0', 'I-A0', 'O', 'O', 'O', 'O', 'O', 'O', 'O', 'O', 'O', 'O', 'O', 'O', 'O', 'O', 'O', 'O', 'O', 'O', 'O', 'B-V', 'B-A1', 'I-A1', 'I-A1', 'O']	['alcohol', 'exposure', 'that', 'interact', 'with', 'the', 'keto', 'groups', 'of', 'the', 'go', 'and', 'c', 'base', 'pair(blue)', 'in', 'both', 'sides', 'of', 'dsdna', 'can', '#disrupt', 'ocular', 'dominance', 'plasticity', '.']
59	['O', 'O', 'O', 'O', 'O', 'O', 'O', 'O', 'O', 'O', 'O', 'O', 'O', 'B-V', 'B-A1', 'I-A1', 'I-A1', 'O', 'O', 'O', 'O', 'O', 'O', 'O', 'O', 'O', 'O', 'O', 'O', 'O', 'O', 'O', 'O', 'O', 'O', 'O', 'O', 'O', 'O', 'O', 'O', 'O', 'O', 'O', 'O', 'O', 'O', 'O', 'O', 'O', 'O', 'O', 'O', 'O']	['studies', 'using', 'polymerase', 'chain', 'reaction', ',', 'restriction', 'enzyme', 'digestion', '(alcohol', 'exposure', 'that', 'can', '#disrupt', 'ocular', 'dominance', 'plasticity', ',', 'the', 'arg243----his', 'mutation', ',', 'a', 'hha', 'i', 'site', ',', 'and', 'the', 'asp250----asn', 'mutation', ',', 'a', 'taq', 'i', 'site)', ',', 'and', 'allele-specific', 'oligonucleotide', 'hybridization', 'confirmed', 'that', 'the', 'patients', 'were', 'indeed', 'compound', 'heterozygous', 'for', 'the', 'respective', 'mutations', '.']
60	['O', 'O', 'O', 'O', 'O', 'O', 'O', 'O', 'O', 'O', 'O', 'O', 'O', 'O', 'O', 'B-A0', 'I-A0', 'I-A0', 'O', 'O', 'B-V', 'B-A1', 'I-A1', 'I-A1', 'O', 'O', 'O', 'O', 'O']	['treatment', 'of', 'the', 'systemic', 'inflammatory', 'response', 'to', 'cpb', 'is', 'also', 'confounded', 'by', 'the', 'fact', 'that', 'inhibition', 'of', 'inflammation', 'has', 'been', '#disrupting', 'protective', 'physiologic', 'responses', 'or', 'result', 'in', 'immunosuppression', '.']
61	['O', 'O', 'O', 'O', 'O', 'B-A0', 'I-A0', 'O', 'O', 'O', 'O', 'B-V', 'B-A1', 'I-A1', 'I-A1', 'O', 'O', 'O', 'O', 'O', 'O']	['quantitative', 'single-unit', 'electrophysiology', 'revealed', 'that', 'alcohol', 'exposure', 'has', 'been', 'shown', 'to', '#disrupt', 'ocular', 'dominance', 'plasticity', 'while', 'preserving', 'robust', 'visual', 'responses', '.']
62	['O', 'O', 'O', 'O', 'O', 'O', 'O', 'O', 'O', 'O', 'O', 'O', 'B-V', 'B-A1', 'I-A1', 'I-A1', 'O', 'O', 'O', 'O', 'O', 'O', 'O', 'O', 'O', 'O', 'O', 'O', 'O', 'O', 'O', 'O', 'O', 'O', 'O', 'O', 'O', 'O', 'O', 'O', 'O', 'O', 'O', 'O', 'O', 'O', 'O', 'O', 'O', 'O', 'O', 'O', 'O']	['studies', 'using', 'polymerase', 'chain', 'reaction', ',', 'restriction', 'enzyme', 'digestion', '(these', 'mutations', 'having', '#disrupted', 'the', 'ubiquitin-binding', 'function', ',', 'the', 'arg243----his', 'mutation', ',', 'a', 'hha', 'i', 'site', ',', 'and', 'the', 'asp250----asn', 'mutation', ',', 'a', 'taq', 'i', 'site)', ',', 'and', 'allele-specific', 'oligonucleotide', 'hybridization', 'confirmed', 'that', 'the', 'patients', 'were', 'indeed', 'compound', 'heterozygous', 'for', 'the', 'respective', 'mutations', '.']
63	['O', 'O', 'O', 'O', 'O', 'O', 'O', 'O', 'O', 'O', 'O', 'B-V', 'B-A1', 'I-A1', 'I-A1', 'I-A1', 'I-A1', 'O', 'O', 'O', 'O', 'O', 'O', 'O', 'O', 'O', 'O', 'O', 'O', 'O', 'O', 'O', 'O', 'O', 'O', 'O', 'O', 'O', 'O', 'O', 'O', 'O', 'O', 'O', 'O', 'O', 'O', 'O', 'O', 'O', 'O', 'O', 'O', 'O']	['studies', 'using', 'polymerase', 'chain', 'reaction', ',', 'restriction', 'enzyme', 'digestion', '(this', 'deletion', '#disrupts', 'the', 'consensus', '5', 'splice', 'signal', ',', 'the', 'arg243----his', 'mutation', ',', 'a', 'hha', 'i', 'site', ',', 'and', 'the', 'asp250----asn', 'mutation', ',', 'a', 'taq', 'i', 'site)', ',', 'and', 'allele-specific', 'oligonucleotide', 'hybridization', 'confirmed', 'that', 'the', 'patients', 'were', 'indeed', 'compound', 'heterozygous', 'for', 'the', 'respective', 'mutations', '.']
64	['O', 'O', 'O', 'O', 'O', 'O', 'O', 'B-A0', 'I-A0', 'O', 'O', 'O', 'O', 'B-V', 'B-A1', 'I-A1', 'I-A1', 'O']	['importantly', ',', 'the', 'findings', 'show', 'that', 'the', 'these', 'mutations', 'is', 'not', 'able', 'to', '#disrupt', 'the', 'ubiquitin-binding', 'function', '.']
65	['O', 'O', 'O', 'O', 'O', 'O', 'O', 'O', 'O', 'O', 'O', 'O', 'O', 'O', 'O', 'O', 'O', 'O', 'O', 'O', 'O', 'O', 'O', 'O', 'B-A0', 'I-A0', 'I-A0', 'O', 'B-V', 'B-A1', 'I-A1', 'O']	['sequencing', 'of', 'cloned', 'polymerase', 'chain', 'reaction', 'amplified', 'fragments', 'of', 'the', 'amh', 'gene', 'revealed', 'a', '14-bp', 'deletion', 'in', 'the', 'second', 'exon', 'of', 'the', 'maternal', 'allele;', 'the', 'lys147ala', 'substitution', 'has', '#disrupted', 'the', 'interaction', '.']
66	['O', 'O', 'O', 'O', 'O', 'O', 'O', 'O', 'O', 'O', 'O', 'O', 'O', 'O', 'O', 'O', 'O', 'O', 'O', 'O', 'O', 'O', 'O', 'O', 'B-A0', 'I-A0', 'O', 'O', 'O', 'B-V', 'B-A1', 'I-A1', 'I-A1', 'I-A1', 'O']	['sequencing', 'of', 'cloned', 'polymerase', 'chain', 'reaction', 'amplified', 'fragments', 'of', 'the', 'amh', 'gene', 'revealed', 'a', '14-bp', 'deletion', 'in', 'the', 'second', 'exon', 'of', 'the', 'maternal', 'allele;', 'this', 'deletion', 'is', 'able', 'to', '#disrupt', 'the', 'open', 'reading', 'frame', '.']
67	['O', 'O', 'O', 'O', 'O', 'B-A0', 'I-A0', 'O', 'B-V', 'B-A1', 'I-A1', 'I-A1', 'O', 'O', 'O', 'O', 'O', 'O']	['quantitative', 'single-unit', 'electrophysiology', 'revealed', 'that', 'these', 'mutations', 'has', '#disrupted', 'the', 'ubiquitin-binding', 'function', 'while', 'preserving', 'robust', 'visual', 'responses', '.']
68	['O', 'O', 'O', 'O', 'O', 'O', 'O', 'O', 'O', 'O', 'O', 'O', 'O', 'O', 'O', 'O', 'O', 'O', 'O', 'O', 'O', 'O', 'O', 'O', 'B-A0', 'I-A0', 'O', 'O', 'O', 'B-V', 'B-A1', 'I-A1', 'I-A1', 'I-A1', 'I-A1', 'O']	['sequencing', 'of', 'cloned', 'polymerase', 'chain', 'reaction', 'amplified', 'fragments', 'of', 'the', 'amh', 'gene', 'revealed', 'a', '14-bp', 'deletion', 'in', 'the', 'second', 'exon', 'of', 'the', 'maternal', 'allele;', 'this', 'deletion', 'is', 'able', 'to', '#disrupt', 'the', 'consensus', '5', 'splice', 'signal', '.']
69	['O', 'O', 'O', 'O', 'O', 'O', 'O', 'B-A0', 'I-A0', 'O', 'O', 'B-V', 'B-A1', 'I-A1', 'I-A1', 'I-A1', 'I-A1', 'O']	['importantly', ',', 'the', 'findings', 'show', 'that', 'the', 'this', 'deletion', 'will', 'not', '#disrupt', 'the', 'consensus', '5', 'splice', 'signal', '.']
70	['O', 'O', 'O', 'O', 'O', 'O', 'O', 'O', 'O', 'O', 'O', 'O', 'O', 'O', 'O', 'O', 'O', 'O', 'O', 'O', 'O', 'O', 'O', 'O', 'B-A0', 'I-A0', 'I-A0', 'O', 'O', 'B-V', 'B-A1', 'I-A1', 'O']	['sequencing', 'of', 'cloned', 'polymerase', 'chain', 'reaction', 'amplified', 'fragments', 'of', 'the', 'amh', 'gene', 'revealed', 'a', '14-bp', 'deletion', 'in', 'the', 'second', 'exon', 'of', 'the', 'maternal', 'allele;', 'the', 'lys147ala', 'substitution', 'may', 'have', '#disrupted', 'the', 'interaction', '.']
71	['O', 'O', 'O', 'O', 'O', 'O', 'O', 'B-A0', 'I-A0', 'O', 'O', 'B-V', 'B-A1', 'I-A1', 'I-A1', 'O']	['importantly', ',', 'the', 'findings', 'show', 'that', 'the', 'these', 'mutations', 'has', 'not', '#disrupt', 'the', 'ubiquitin-binding', 'function', '.']
72	['O', 'O', 'O', 'O', 'O', 'B-A0', 'I-A0', 'O', 'O', 'O', 'B-V', 'B-A1', 'I-A1', 'I-A1', 'I-A1', 'I-A1', 'O', 'O', 'O', 'O', 'O', 'O']	['quantitative', 'single-unit', 'electrophysiology', 'revealed', 'that', 'this', 'deletion', 'is', 'able', 'to', '#disrupt', 'the', 'consensus', '5', 'splice', 'signal', 'while', 'preserving', 'robust', 'visual', 'responses', '.']
73	['O', 'O', 'O', 'O', 'O', 'O', 'O', 'B-A0', 'I-A0', 'O', 'O', 'O', 'O', 'B-V', 'B-A1', 'I-A1', 'I-A1', 'I-A1', 'O']	['importantly', ',', 'the', 'findings', 'show', 'that', 'the', 'this', 'deletion', 'is', 'not', 'able', 'to', '#disrupt', 'the', 'open', 'reading', 'frame', '.']
74	['B-A0', 'I-A0', 'O', 'O', 'O', 'O', 'O', 'O', 'O', 'O', 'B-V', 'B-A1', 'I-A1', 'I-A1', 'O', 'O', 'O', 'O', 'O', 'O', 'O', 'O', 'O', 'O', 'O', 'O', 'O', 'O', 'O', 'O', 'O', 'O', 'O']	['these', 'mutations', 'may', 'be', 'acting', 'in', 'a', 'dominant-negative', 'fashion', 'to', '#disrupt', 'the', 'ubiquitin-binding', 'function', ',', 'which', 'could', 'result', 'in', 'abnormal', 'activation', 'of', 'the', 'nf-kappab', 'pathway', 'and', 'the', 'subsequent', 'activation', 'of', 'the', 'osteoclasts', '.']
75	['O', 'O', 'O', 'O', 'O', 'O', 'O', 'B-A0', 'I-A0', 'O', 'O', 'B-V', 'B-A1', 'I-A1', 'I-A1', 'I-A1', 'I-A1', 'O']	['importantly', ',', 'the', 'findings', 'show', 'that', 'the', 'this', 'deletion', 'has', 'not', '#disrupt', 'the', 'consensus', '5', 'splice', 'signal', '.']
76	['O', 'O', 'O', 'O', 'O', 'O', 'O', 'O', 'O', 'O', 'O', 'O', 'O', 'O', 'O', 'O', 'O', 'O', 'O', 'O', 'O', 'O', 'O', 'O', 'O', 'O', 'O', 'O', 'B-A0', 'I-A0', 'I-A0', 'O', 'B-V', 'B-A1', 'I-A1', 'O', 'O', 'O', 'O', 'O', 'O', 'O', 'O', 'O', 'O', 'O', 'O']	['the', 'zinc', 'finger', 'motif', ',', 'which', 'specifically', 'recognizes', 'the', 'go:c', 'pair', ',', 'is', 'firmly', 'fixed', 'with', 'respect', 'to', 'the', 'c-terminal', 'domain', 'by', 'the', 'hydrogen', 'bond', 'network', ',', 'so', 'the', 'lys147ala', 'substitution', 'would', '#disrupt', 'the', 'interaction', ',', 'resulting', 'in', 'a', 'drastic', 'decrease', 'of', 'activity', 'against', 'go:c', 'substrates', '.']
77	['O', 'O', 'O', 'O', 'O', 'B-A0', 'I-A0', 'B-V', 'B-A1', 'I-A1', 'I-A1', 'I-A1', 'I-A1', 'O', 'O', 'O', 'O', 'O', 'O']	['quantitative', 'single-unit', 'electrophysiology', 'revealed', 'that', 'this', 'deletion', '#disrupted', 'the', 'consensus', '5', 'splice', 'signal', 'while', 'preserving', 'robust', 'visual', 'responses', '.']
78	['O', 'O', 'O', 'O', 'O', 'O', 'O', 'B-A0', 'I-A0', 'O', 'O', 'B-V', 'B-A1', 'I-A1', 'I-A1', 'O']	['importantly', ',', 'the', 'findings', 'show', 'that', 'the', 'these', 'mutations', 'did', 'not', '#disrupt', 'the', 'ubiquitin-binding', 'function', '.']
79	['B-A0', 'I-A0', 'O', 'O', 'O', 'O', 'B-V', 'B-A1', 'I-A1', 'I-A1', 'I-A1', 'I-A1', 'O', 'O', 'O', 'O', 'O', 'O']	['this', 'deletion', 'has', 'been', 'shown', 'to', '#disrupt', 'the', 'consensus', '5', 'splice', 'signal', 'and', 'led', 'to', 'exon', 'skipping', '.']
80	['O', 'O', 'O', 'O', 'O', 'O', 'B-A0', 'O', 'I-A0', 'I-A0', 'O', 'O', 'B-V', 'B-A1', 'I-A1', 'O']	['importantly', ',', 'the', 'findings', 'show', 'that', 'the', 'the', 'lys147ala', 'substitution', 'did', 'not', '#disrupt', 'the', 'interaction', '.']
81	['O', 'O', 'O', 'O', 'O', 'B-A0', 'I-A0', 'B-V', 'B-A1', 'I-A1', 'I-A1', 'O', 'O', 'O', 'O', 'O', 'O']	['quantitative', 'single-unit', 'electrophysiology', 'revealed', 'that', 'these', 'mutations', '#disrupted', 'the', 'ubiquitin-binding', 'function', 'while', 'preserving', 'robust', 'visual', 'responses', '.']
82	['O', 'O', 'O', 'O', 'O', 'O', 'O', 'O', 'O', 'O', 'O', 'O', 'O', 'B-V', 'B-A1', 'I-A1', 'I-A1', 'O', 'O', 'O', 'O', 'O', 'O', 'O', 'O', 'O', 'O', 'O', 'O', 'O', 'O', 'O', 'O', 'O', 'O', 'O', 'O', 'O', 'O', 'O', 'O', 'O', 'O', 'O', 'O', 'O', 'O', 'O', 'O', 'O', 'O', 'O', 'O', 'O']	['studies', 'using', 'polymerase', 'chain', 'reaction', ',', 'restriction', 'enzyme', 'digestion', '(these', 'mutations', 'that', 'can', '#disrupt', 'the', 'ubiquitin-binding', 'function', ',', 'the', 'arg243----his', 'mutation', ',', 'a', 'hha', 'i', 'site', ',', 'and', 'the', 'asp250----asn', 'mutation', ',', 'a', 'taq', 'i', 'site)', ',', 'and', 'allele-specific', 'oligonucleotide', 'hybridization', 'confirmed', 'that', 'the', 'patients', 'were', 'indeed', 'compound', 'heterozygous', 'for', 'the', 'respective', 'mutations', '.']
83	['B-A0', 'I-A0', 'O', 'O', 'O', 'O', 'O', 'O', 'O', 'O', 'O', 'O', 'O', 'O', 'O', 'O', 'O', 'O', 'O', 'O', 'O', 'B-V', 'B-A1', 'I-A1', 'I-A1', 'I-A1', 'O']	['this', 'deletion', 'can', 'interact', 'with', 'the', 'keto', 'groups', 'of', 'the', 'go', 'and', 'c', 'base', 'pair(blue)', 'in', 'both', 'sides', 'of', 'dsdna', 'and', '#disrupt', 'the', 'open', 'reading', 'frame', '.']
84	['O', 'O', 'O', 'O', 'O', 'O', 'O', 'B-A0', 'I-A0', 'O', 'O', 'B-V', 'B-A1', 'I-A1', 'I-A1', 'I-A1', 'O']	['importantly', ',', 'the', 'findings', 'show', 'that', 'the', 'this', 'deletion', 'could', 'not', '#disrupt', 'the', 'open', 'reading', 'frame', '.']
85	['O', 'O', 'O', 'O', 'O', 'O', 'O', 'O', 'O', 'O', 'O', 'O', 'O', 'O', 'O', 'O', 'O', 'O', 'O', 'O', 'O', 'O', 'O', 'O', 'B-A0', 'I-A0', 'I-A0', 'O', 'O', 'O', 'B-V', 'B-A1', 'I-A1', 'O']	['sequencing', 'of', 'cloned', 'polymerase', 'chain', 'reaction', 'amplified', 'fragments', 'of', 'the', 'amh', 'gene', 'revealed', 'a', '14-bp', 'deletion', 'in', 'the', 'second', 'exon', 'of', 'the', 'maternal', 'allele;', 'the', 'lys147ala', 'substitution', 'is', 'able', 'to', '#disrupt', 'the', 'interaction', '.']
86	['O', 'O', 'O', 'O', 'O', 'B-A0', 'I-A0', 'I-A0', 'B-V', 'B-A1', 'I-A1', 'O', 'O', 'O', 'O', 'O', 'O']	['quantitative', 'single-unit', 'electrophysiology', 'revealed', 'that', 'the', 'lys147ala', 'substitution', '#disrupts', 'the', 'interaction', 'while', 'preserving', 'robust', 'visual', 'responses', '.']
87	['O', 'O', 'O', 'O', 'O', 'O', 'O', 'B-A0', 'I-A0', 'O', 'O', 'B-V', 'B-A1', 'I-A1', 'I-A1', 'O']	['importantly', ',', 'the', 'findings', 'show', 'that', 'the', 'these', 'mutations', 'could', 'not', '#disrupt', 'the', 'ubiquitin-binding', 'function', '.']
88	['B-A0', 'I-A0', 'O', 'O', 'O', 'B-V', 'B-A1', 'I-A1', 'I-A1', 'I-A1', 'I-A1', 'O', 'O', 'O', 'O', 'O', 'O']	['this', 'deletion', 'will', 'have', 'been', '#disrupting', 'the', 'consensus', '5', 'splice', 'signal', 'and', 'led', 'to', 'exon', 'skipping', '.']
89	['B-A0', 'I-A0', 'O', 'B-V', 'B-A1', 'I-A1', 'I-A1', 'I-A1', 'I-A1', 'O', 'O', 'O', 'O', 'O', 'O']	['this', 'deletion', 'can', '#disrupt', 'the', 'consensus', '5', 'splice', 'signal', 'and', 'led', 'to', 'exon', 'skipping', '.']
90	['O', 'O', 'O', 'O', 'O', 'O', 'O', 'B-A0', 'I-A0', 'O', 'O', 'O', 'O', 'B-V', 'B-A1', 'I-A1', 'I-A1', 'I-A1', 'I-A1', 'O']	['importantly', ',', 'the', 'findings', 'show', 'that', 'the', 'this', 'deletion', 'is', 'not', 'able', 'to', '#disrupt', 'the', 'consensus', '5', 'splice', 'signal', '.']
91	['B-A0', 'I-A0', 'O', 'O', 'O', 'O', 'O', 'O', 'O', 'O', 'O', 'O', 'O', 'O', 'O', 'O', 'O', 'O', 'O', 'O', 'O', 'B-V', 'B-A1', 'I-A1', 'I-A1', 'I-A1', 'I-A1', 'O']	['this', 'deletion', 'that', 'interact', 'with', 'the', 'keto', 'groups', 'of', 'the', 'go', 'and', 'c', 'base', 'pair(blue)', 'in', 'both', 'sides', 'of', 'dsdna', 'can', '#disrupt', 'the', 'consensus', '5', 'splice', 'signal', '.']
92	['O', 'O', 'O', 'O', 'O', 'O', 'B-A0', 'O', 'I-A0', 'I-A0', 'O', 'O', 'B-V', 'B-A1', 'I-A1', 'O']	['importantly', ',', 'the', 'findings', 'show', 'that', 'the', 'the', 'lys147ala', 'substitution', 'does', 'not', '#disrupt', 'the', 'interaction', '.']
93	['O', 'O', 'O', 'O', 'O', 'O', 'O', 'O', 'O', 'O', 'O', 'O', 'O', 'O', 'B-V', 'B-A1', 'I-A1', 'I-A1', 'O', 'O', 'O', 'O', 'O', 'O', 'O', 'O', 'O', 'O', 'O', 'O', 'O', 'O', 'O', 'O', 'O', 'O', 'O', 'O', 'O', 'O', 'O', 'O', 'O', 'O', 'O', 'O', 'O', 'O', 'O', 'O', 'O', 'O', 'O', 'O', 'O']	['studies', 'using', 'polymerase', 'chain', 'reaction', ',', 'restriction', 'enzyme', 'digestion', '(these', 'mutations', 'being', 'able', 'to', '#disrupt', 'the', 'ubiquitin-binding', 'function', ',', 'the', 'arg243----his', 'mutation', ',', 'a', 'hha', 'i', 'site', ',', 'and', 'the', 'asp250----asn', 'mutation', ',', 'a', 'taq', 'i', 'site)', ',', 'and', 'allele-specific', 'oligonucleotide', 'hybridization', 'confirmed', 'that', 'the', 'patients', 'were', 'indeed', 'compound', 'heterozygous', 'for', 'the', 'respective', 'mutations', '.']
94	['O', 'O', 'O', 'O', 'O', 'O', 'O', 'O', 'O', 'O', 'O', 'O', 'O', 'O', 'O', 'O', 'O', 'O', 'O', 'O', 'O', 'O', 'O', 'O', 'B-A0', 'I-A0', 'I-A0', 'O', 'O', 'O', 'O', 'B-V', 'B-A1', 'I-A1', 'O']	['sequencing', 'of', 'cloned', 'polymerase', 'chain', 'reaction', 'amplified', 'fragments', 'of', 'the', 'amh', 'gene', 'revealed', 'a', '14-bp', 'deletion', 'in', 'the', 'second', 'exon', 'of', 'the', 'maternal', 'allele;', 'the', 'lys147ala', 'substitution', 'has', 'been', 'shown', 'to', '#disrupt', 'the', 'interaction', '.']
95	['O', 'O', 'O', 'O', 'O', 'B-A0', 'I-A0', 'O', 'O', 'O', 'O', 'B-V', 'B-A1', 'I-A1', 'I-A1', 'I-A1', 'O', 'O', 'O', 'O', 'O', 'O']	['quantitative', 'single-unit', 'electrophysiology', 'revealed', 'that', 'this', 'deletion', 'has', 'been', 'shown', 'to', '#disrupt', 'the', 'open', 'reading', 'frame', 'while', 'preserving', 'robust', 'visual', 'responses', '.']
96	['O', 'O', 'O', 'O', 'O', 'B-A0', 'I-A0', 'B-V', 'B-A1', 'I-A1', 'I-A1', 'I-A1', 'O', 'O', 'O', 'O', 'O', 'O']	['quantitative', 'single-unit', 'electrophysiology', 'revealed', 'that', 'this', 'deletion', '#disrupts', 'the', 'open', 'reading', 'frame', 'while', 'preserving', 'robust', 'visual', 'responses', '.']
97	['O', 'O', 'O', 'O', 'O', 'O', 'O', 'O', 'O', 'O', 'O', 'O', 'O', 'O', 'O', 'O', 'O', 'O', 'O', 'O', 'O', 'O', 'O', 'O', 'B-A0', 'I-A0', 'O', 'O', 'O', 'B-V', 'B-A1', 'I-A1', 'I-A1', 'O']	['sequencing', 'of', 'cloned', 'polymerase', 'chain', 'reaction', 'amplified', 'fragments', 'of', 'the', 'amh', 'gene', 'revealed', 'a', '14-bp', 'deletion', 'in', 'the', 'second', 'exon', 'of', 'the', 'maternal', 'allele;', 'these', 'mutations', 'is', 'able', 'to', '#disrupt', 'the', 'ubiquitin-binding', 'function', '.']
98	['O', 'O', 'O', 'O', 'O', 'O', 'O', 'B-A0', 'I-A0', 'O', 'O', 'B-V', 'B-A1', 'I-A1', 'I-A1', 'I-A1', 'O']	['importantly', ',', 'the', 'findings', 'show', 'that', 'the', 'this', 'deletion', 'does', 'not', '#disrupt', 'the', 'open', 'reading', 'frame', '.']
99	['O', 'O', 'O', 'O', 'O', 'B-A0', 'I-A0', 'O', 'O', 'O', 'O', 'B-V', 'B-A1', 'I-A1', 'I-A1', 'I-A1', 'I-A1', 'O', 'O', 'O', 'O', 'O', 'O']	['quantitative', 'single-unit', 'electrophysiology', 'revealed', 'that', 'this', 'deletion', 'has', 'been', 'shown', 'to', '#disrupt', 'the', 'consensus', '5', 'splice', 'signal', 'while', 'preserving', 'robust', 'visual', 'responses', '.']
100	['O', 'O', 'O', 'O', 'O', 'O', 'O', 'O', 'O', 'O', 'O', 'O', 'O', 'O', 'O', 'O', 'O', 'O', 'O', 'O', 'O', 'O', 'O', 'O', 'B-A0', 'I-A0', 'B-V', 'B-A1', 'I-A1', 'I-A1', 'I-A1', 'I-A1', 'O']	['sequencing', 'of', 'cloned', 'polymerase', 'chain', 'reaction', 'amplified', 'fragments', 'of', 'the', 'amh', 'gene', 'revealed', 'a', '14-bp', 'deletion', 'in', 'the', 'second', 'exon', 'of', 'the', 'maternal', 'allele;', 'this', 'deletion', '#disrupts', 'the', 'consensus', '5', 'splice', 'signal', '.']
101	['O', 'O', 'O', 'O', 'O', 'O', 'O', 'O', 'O', 'O', 'O', 'O', 'O', 'O', 'O', 'O', 'O', 'O', 'O', 'O', 'O', 'O', 'O', 'O', 'B-A0', 'I-A0', 'B-V', 'B-A1', 'I-A1', 'I-A1', 'I-A1', 'O']	['sequencing', 'of', 'cloned', 'polymerase', 'chain', 'reaction', 'amplified', 'fragments', 'of', 'the', 'amh', 'gene', 'revealed', 'a', '14-bp', 'deletion', 'in', 'the', 'second', 'exon', 'of', 'the', 'maternal', 'allele;', 'this', 'deletion', '#disrupted', 'the', 'open', 'reading', 'frame', '.']
102	['O', 'O', 'O', 'O', 'O', 'O', 'O', 'O', 'O', 'O', 'O', 'O', 'O', 'B-V', 'B-A1', 'I-A1', 'I-A1', 'I-A1', 'O', 'O', 'O', 'O', 'O', 'O', 'O', 'O', 'O', 'O', 'O', 'O', 'O', 'O', 'O', 'O', 'O', 'O', 'O', 'O', 'O', 'O', 'O', 'O', 'O', 'O', 'O', 'O', 'O', 'O', 'O', 'O', 'O', 'O', 'O', 'O', 'O']	['studies', 'using', 'polymerase', 'chain', 'reaction', ',', 'restriction', 'enzyme', 'digestion', '(this', 'deletion', 'that', 'can', '#disrupt', 'the', 'open', 'reading', 'frame', ',', 'the', 'arg243----his', 'mutation', ',', 'a', 'hha', 'i', 'site', ',', 'and', 'the', 'asp250----asn', 'mutation', ',', 'a', 'taq', 'i', 'site)', ',', 'and', 'allele-specific', 'oligonucleotide', 'hybridization', 'confirmed', 'that', 'the', 'patients', 'were', 'indeed', 'compound', 'heterozygous', 'for', 'the', 'respective', 'mutations', '.']
103	['B-A0', 'I-A0', 'I-A0', 'O', 'O', 'O', 'O', 'O', 'O', 'O', 'O', 'O', 'O', 'O', 'O', 'O', 'O', 'O', 'O', 'O', 'O', 'O', 'B-V', 'B-A1', 'I-A1', 'O']	['the', 'lys147ala', 'substitution', 'that', 'interact', 'with', 'the', 'keto', 'groups', 'of', 'the', 'go', 'and', 'c', 'base', 'pair(blue)', 'in', 'both', 'sides', 'of', 'dsdna', 'can', '#disrupt', 'the', 'interaction', '.']
104	['O', 'O', 'O', 'O', 'O', 'B-A0', 'I-A0', 'B-V', 'B-A1', 'I-A1', 'I-A1', 'O', 'O', 'O', 'O', 'O', 'O']	['quantitative', 'single-unit', 'electrophysiology', 'revealed', 'that', 'these', 'mutations', '#disrupts', 'the', 'ubiquitin-binding', 'function', 'while', 'preserving', 'robust', 'visual', 'responses', '.']
105	['B-A0', 'I-A0', 'O', 'B-V', 'B-A1', 'I-A1', 'I-A1', 'I-A1', 'I-A1', 'O', 'O', 'O', 'O', 'O', 'O']	['this', 'deletion', 'has', '#disrupted', 'the', 'consensus', '5', 'splice', 'signal', 'and', 'led', 'to', 'exon', 'skipping', '.']
106	['B-A0', 'I-A0', 'O', 'O', 'O', 'O', 'O', 'O', 'O', 'O', 'O', 'O', 'O', 'B-V', 'B-A1', 'I-A1', 'I-A1', 'O', 'O', 'O', 'O', 'O', 'O', 'O', 'O', 'O', 'O', 'O', 'O', 'O', 'O', 'O', 'O', 'O', 'O', 'O']	['these', 'mutations', 'may', 'be', 'acting', 'in', 'a', 'dominant-negative', 'fashion', 'with', 'the', 'ability', 'to', '#disrupt', 'the', 'ubiquitin-binding', 'function', ',', 'which', 'could', 'result', 'in', 'abnormal', 'activation', 'of', 'the', 'nf-kappab', 'pathway', 'and', 'the', 'subsequent', 'activation', 'of', 'the', 'osteoclasts', '.']
107	['O', 'O', 'O', 'O', 'O', 'O', 'O', 'O', 'O', 'O', 'O', 'O', 'O', 'O', 'O', 'O', 'O', 'O', 'O', 'O', 'O', 'O', 'O', 'O', 'B-A0', 'I-A0', 'B-V', 'B-A1', 'I-A1', 'I-A1', 'O']	['sequencing', 'of', 'cloned', 'polymerase', 'chain', 'reaction', 'amplified', 'fragments', 'of', 'the', 'amh', 'gene', 'revealed', 'a', '14-bp', 'deletion', 'in', 'the', 'second', 'exon', 'of', 'the', 'maternal', 'allele;', 'these', 'mutations', '#disrupts', 'the', 'ubiquitin-binding', 'function', '.']
108	['O', 'O', 'O', 'O', 'O', 'O', 'O', 'O', 'O', 'O', 'O', 'O', 'O', 'O', 'O', 'O', 'O', 'O', 'O', 'O', 'O', 'O', 'O', 'O', 'B-A0', 'I-A0', 'O', 'O', 'B-V', 'B-A1', 'I-A1', 'I-A1', 'I-A1', 'I-A1', 'O']	['sequencing', 'of', 'cloned', 'polymerase', 'chain', 'reaction', 'amplified', 'fragments', 'of', 'the', 'amh', 'gene', 'revealed', 'a', '14-bp', 'deletion', 'in', 'the', 'second', 'exon', 'of', 'the', 'maternal', 'allele;', 'this', 'deletion', 'may', 'have', '#disrupted', 'the', 'consensus', '5', 'splice', 'signal', '.']
109	['O', 'O', 'O', 'O', 'O', 'O', 'O', 'B-A0', 'I-A0', 'O', 'O', 'B-V', 'B-A1', 'I-A1', 'I-A1', 'I-A1', 'I-A1', 'O']	['importantly', ',', 'the', 'findings', 'show', 'that', 'the', 'this', 'deletion', 'did', 'not', '#disrupt', 'the', 'consensus', '5', 'splice', 'signal', '.']
110	['O', 'O', 'O', 'O', 'O', 'O', 'O', 'O', 'O', 'O', 'O', 'O', 'O', 'O', 'O', 'O', 'O', 'O', 'O', 'O', 'O', 'O', 'O', 'O', 'B-A0', 'I-A0', 'B-V', 'B-A1', 'I-A1', 'I-A1', 'I-A1', 'I-A1', 'O']	['sequencing', 'of', 'cloned', 'polymerase', 'chain', 'reaction', 'amplified', 'fragments', 'of', 'the', 'amh', 'gene', 'revealed', 'a', '14-bp', 'deletion', 'in', 'the', 'second', 'exon', 'of', 'the', 'maternal', 'allele;', 'this', 'deletion', '#disrupted', 'the', 'consensus', '5', 'splice', 'signal', '.']
111	['O', 'O', 'O', 'O', 'O', 'O', 'O', 'O', 'O', 'O', 'O', 'O', 'O', 'O', 'O', 'O', 'O', 'O', 'O', 'O', 'O', 'O', 'O', 'O', 'O', 'O', 'O', 'O', 'B-A0', 'I-A0', 'I-A0', 'O', 'O', 'O', 'O', 'B-V', 'B-A1', 'I-A1', 'O', 'O', 'O', 'O', 'O', 'O', 'O', 'O', 'O', 'O', 'O', 'O']	['the', 'zinc', 'finger', 'motif', ',', 'which', 'specifically', 'recognizes', 'the', 'go:c', 'pair', ',', 'is', 'firmly', 'fixed', 'with', 'respect', 'to', 'the', 'c-terminal', 'domain', 'by', 'the', 'hydrogen', 'bond', 'network', ',', 'so', 'the', 'lys147ala', 'substitution', 'has', 'the', 'ability', 'to', '#disrupt', 'the', 'interaction', ',', 'resulting', 'in', 'a', 'drastic', 'decrease', 'of', 'activity', 'against', 'go:c', 'substrates', '.']
112	['O', 'O', 'O', 'O', 'O', 'O', 'O', 'O', 'O', 'O', 'O', 'I-A0', 'O', 'O', 'B-V', 'B-A1', 'I-A1', 'O', 'B-A1', 'O', 'O', 'O', 'O', 'O', 'O', 'O', 'O', 'O', 'B-A1', 'O', 'O', 'O', 'O', 'O', 'O', 'O', 'O', 'O', 'O', 'O', 'O', 'O', 'O', 'B-A1', 'O', 'O', 'O', 'O', 'O', 'O', 'B-A1', 'O', 'O', 'O']	['studies', 'using', 'polymerase', 'chain', 'reaction', ',', 'restriction', 'enzyme', 'digestion', '(the', 'lys147ala', 'substitution', 'which', 'have', '#disrupted', 'the', 'interaction', ',', 'the', 'arg243----his', 'mutation', ',', 'a', 'hha', 'i', 'site', ',', 'and', 'the', 'asp250----asn', 'mutation', ',', 'a', 'taq', 'i', 'site)', ',', 'and', 'allele-specific', 'oligonucleotide', 'hybridization', 'confirmed', 'that', 'the', 'patients', 'were', 'indeed', 'compound', 'heterozygous', 'for', 'the', 'respective', 'mutations', '.']
113	['O', 'O', 'O', 'O', 'O', 'O', 'O', 'O', 'O', 'O', 'O', 'I-A0', 'O', 'B-V', 'B-A1', 'I-A1', 'O', 'B-A1', 'O', 'O', 'O', 'O', 'O', 'O', 'O', 'O', 'O', 'B-A1', 'O', 'O', 'O', 'O', 'O', 'O', 'O', 'O', 'O', 'O', 'O', 'O', 'O', 'O', 'B-A1', 'O', 'O', 'O', 'O', 'O', 'O', 'B-A1', 'O', 'O', 'O']	['studies', 'using', 'polymerase', 'chain', 'reaction', ',', 'restriction', 'enzyme', 'digestion', '(the', 'lys147ala', 'substitution', 'having', '#disrupted', 'the', 'interaction', ',', 'the', 'arg243----his', 'mutation', ',', 'a', 'hha', 'i', 'site', ',', 'and', 'the', 'asp250----asn', 'mutation', ',', 'a', 'taq', 'i', 'site)', ',', 'and', 'allele-specific', 'oligonucleotide', 'hybridization', 'confirmed', 'that', 'the', 'patients', 'were', 'indeed', 'compound', 'heterozygous', 'for', 'the', 'respective', 'mutations', '.']
114	['B-A0', 'I-A0', 'O', 'O', 'O', 'O', 'O', 'O', 'O', 'O', 'O', 'O', 'B-V', 'B-A1', 'I-A1', 'I-A1', 'O', 'O', 'O', 'O', 'O', 'O', 'O', 'O', 'O', 'O', 'O', 'O', 'O', 'O', 'O', 'O', 'O', 'O', 'O']	['these', 'mutations', 'may', 'be', 'acting', 'in', 'a', 'dominant-negative', 'fashion', 'in', 'order', 'to', '#disrupt', 'the', 'ubiquitin-binding', 'function', ',', 'which', 'could', 'result', 'in', 'abnormal', 'activation', 'of', 'the', 'nf-kappab', 'pathway', 'and', 'the', 'subsequent', 'activation', 'of', 'the', 'osteoclasts', '.']
115	['B-A0', 'I-A0', 'O', 'O', 'O', 'O', 'O', 'O', 'O', 'O', 'O', 'O', 'B-V', 'B-A1', 'I-A1', 'I-A1', 'O', 'O', 'O', 'O', 'O', 'O', 'O', 'O', 'O', 'O', 'O', 'O', 'O', 'O', 'O', 'O', 'O', 'O', 'O']	['these', 'mutations', 'may', 'be', 'acting', 'in', 'a', 'dominant-negative', 'fashion', 'and', 'may', 'also', '#disrupt', 'the', 'ubiquitin-binding', 'function', ',', 'which', 'could', 'result', 'in', 'abnormal', 'activation', 'of', 'the', 'nf-kappab', 'pathway', 'and', 'the', 'subsequent', 'activation', 'of', 'the', 'osteoclasts', '.']
116	['B-A0', 'I-A0', 'O', 'O', 'O', 'O', 'O', 'O', 'O', 'O', 'O', 'O', 'O', 'O', 'O', 'O', 'O', 'O', 'O', 'O', 'O', 'B-V', 'B-A1', 'I-A1', 'I-A1', 'I-A1', 'O']	['this', 'deletion', 'can', 'interact', 'with', 'the', 'keto', 'groups', 'of', 'the', 'go', 'and', 'c', 'base', 'pair(blue)', 'in', 'both', 'sides', 'of', 'dsdna', 'to', '#disrupt', 'the', 'open', 'reading', 'frame', '.']
117	['O', 'O', 'O', 'O', 'O', 'O', 'O', 'O', 'O', 'O', 'O', 'O', 'O', 'B-V', 'B-A1', 'I-A1', 'I-A1', 'O', 'O', 'O', 'O', 'O', 'O', 'O', 'O', 'O', 'O', 'O', 'O', 'O', 'O', 'O', 'O', 'O', 'O', 'O', 'O', 'O', 'O', 'O', 'O', 'O', 'O', 'O', 'O', 'O', 'O', 'O', 'O', 'O', 'O', 'O', 'O', 'O']	['studies', 'using', 'polymerase', 'chain', 'reaction', ',', 'restriction', 'enzyme', 'digestion', '(these', 'mutations', 'which', 'have', '#disrupted', 'the', 'ubiquitin-binding', 'function', ',', 'the', 'arg243----his', 'mutation', ',', 'a', 'hha', 'i', 'site', ',', 'and', 'the', 'asp250----asn', 'mutation', ',', 'a', 'taq', 'i', 'site)', ',', 'and', 'allele-specific', 'oligonucleotide', 'hybridization', 'confirmed', 'that', 'the', 'patients', 'were', 'indeed', 'compound', 'heterozygous', 'for', 'the', 'respective', 'mutations', '.']
118	['O', 'O', 'O', 'O', 'O', 'O', 'O', 'B-A0', 'I-A0', 'O', 'O', 'B-V', 'B-A1', 'I-A1', 'I-A1', 'I-A1', 'O']	['importantly', ',', 'the', 'findings', 'show', 'that', 'the', 'this', 'deletion', 'will', 'not', '#disrupt', 'the', 'open', 'reading', 'frame', '.']
119	['B-A0', 'I-A0', 'O', 'O', 'O', 'O', 'O', 'O', 'O', 'O', 'O', 'O', 'O', 'O', 'O', 'O', 'O', 'O', 'O', 'O', 'O', 'B-V', 'B-A1', 'I-A1', 'I-A1', 'O']	['these', 'mutations', 'that', 'interact', 'with', 'the', 'keto', 'groups', 'of', 'the', 'go', 'and', 'c', 'base', 'pair(blue)', 'in', 'both', 'sides', 'of', 'dsdna', 'can', '#disrupt', 'the', 'ubiquitin-binding', 'function', '.']
