0	['B-A1', 'I-A1', 'I-A1', 'I-A1', 'O', 'O', 'O', 'O', 'B-V', 'O', 'B-A2', 'I-A2', 'I-A2', 'I-A2', 'O', 'O', 'O', 'O', 'O', 'O', 'O', 'O', 'O', 'O']	['i', 'kappa', 'b-epsilon', 'translation', 'is', 'able', 'to', 'be', '#initiated', 'from', 'an', 'internal', 'atg', 'codon', 'at', 'the', 'g', 'residue', 'of', 'the', 'upstream', 'gatc', 'sequence', '.']
1	['B-A1', 'O', 'O', 'B-V', 'O', 'B-A2', 'I-A2', 'I-A2', 'I-A2', 'O', 'O', 'O', 'O', 'O', 'O', 'O', 'O', 'O', 'O']	['transcription', 'will', 'be', '#initiated', 'from', 'a', 'sigma', '(70)-dependent', 'promoter', 'at', 'the', 'g', 'residue', 'of', 'the', 'upstream', 'gatc', 'sequence', '.']
2	['O', 'B-A3', 'I-A3', 'O', 'O', 'O', 'O', 'O', 'O', 'B-V', 'B-A1', 'O', 'B-A2', 'I-A2', 'I-A2', 'I-A2', 'I-A2', 'I-A2', 'O', 'O', 'O', 'O', 'O', 'O', 'O', 'O', 'O', 'O', 'O', 'O', 'O', 'O']	['apparently', 'hela', 'cells', 'may', 'have', 'the', 'ability', 'to', 'either', '#initiate', 'transcription', 'at', 'multiple', 'sites', 'within', 'rps14', 'exon', '1', ',', 'or', 'cap', '5', 'oligonucleotides', 'which', 'were', 'removed', 'from', 'most', 's14', 'mrnas', 'posttranscription', '.']
3	['B-A1', 'I-A1', 'I-A1', 'I-A1', 'I-A1', 'I-A1', 'I-A1', 'I-A1', 'I-A1', 'O', 'O', 'B-V', 'O', 'B-A2', 'I-A2', 'I-A2', 'I-A2', 'I-A2', 'I-A2', 'I-A2', 'I-A2', 'I-A2', 'O', 'O', 'O', 'O', 'O', 'I-A2', 'O', 'O', 'O', 'O', 'O', 'O', 'O', 'O', 'O', 'O', 'O', 'O', 'O']	['transcription', 'of', 'the', 'divergently', 'transcribed', 'glptq', 'and', 'glpacb', 'operons', 'which', 'is', '#initiated', 'from', 'sites', 'separated', 'by', '132', 'base', 'pairs', '(bp)', 'of', 'dna', 'gives', 'rise', 'to', 'a', 'protein', 'of', '45', 'kda', ',', 'which', 'existed', 'as', 'multiple', 'phosphorylated', 'isoforms', 'in', 'resting', 'cells', '.']
4	['O', 'O', 'O', 'O', 'O', 'O', 'O', 'O', 'O', 'O', 'O', 'O', 'B-A1', 'I-A1', 'O', 'O', 'B-V', 'O', 'O', 'B-A3', 'I-A3', 'I-A3', 'O']	['sxl', 'was', 'a', 'key', 'regulator', 'of', 'sex', 'determination', 'and', 'dosage', 'compensation', ',', 'whose', 'transcription', 'can', 'be', '#initiated', 'only', 'in', 'female', 'blastoderm', 'embryos', '.']
5	['B-A1', 'I-A1', 'I-A1', 'I-A1', 'I-A1', 'I-A1', 'I-A1', 'I-A1', 'I-A1', 'O', 'B-V', 'O', 'B-A2', 'I-A2', 'I-A2', 'I-A2', 'I-A2', 'I-A2', 'I-A2', 'I-A2', 'I-A2', 'O', 'O', 'O', 'O', 'I-A2', 'O', 'O', 'O', 'O', 'O']	['transcription', 'of', 'the', 'divergently', 'transcribed', 'glptq', 'and', 'glpacb', 'operons', 'is', '#initiated', 'from', 'sites', 'separated', 'by', '132', 'base', 'pairs', '(bp)', 'of', 'dna', 'at', 'the', 'g', 'residue', 'of', 'the', 'upstream', 'gatc', 'sequence', '.']
6	['B-A1', 'I-A1', 'I-A1', 'I-A1', 'O', 'O', 'B-V', 'O', 'B-A2', 'I-A2', 'I-A2', 'I-A2', 'O', 'O', 'O', 'O', 'O', 'O', 'O', 'O', 'O', 'O', 'O', 'O', 'O', 'O', 'O', 'O', 'O', 'O', 'O']	['i', 'kappa', 'b-epsilon', 'translation', 'which', 'is', '#initiated', 'from', 'an', 'internal', 'atg', 'codon', 'gives', 'rise', 'to', 'a', 'protein', 'of', '45', 'kda', ',', 'which', 'existed', 'as', 'multiple', 'phosphorylated', 'isoforms', 'in', 'resting', 'cells', '.']
7	['O', 'B-A3', 'I-A3', 'O', 'B-V', 'B-A1', 'O', 'B-A2', 'I-A2', 'I-A2', 'I-A2', 'I-A2', 'I-A2', 'O', 'O', 'O', 'O', 'O', 'O', 'O', 'O', 'O', 'O', 'O', 'O', 'O']	['apparently', 'hela', 'cells', 'either', '#initiate', 'transcription', 'at', 'multiple', 'sites', 'within', 'rps14', 'exon', '1', ',', 'or', 'capped', '5', 'oligonucleotides', 'are', 'removed', 'from', 'most', 's14', 'mrnas', 'posttranscription', '.']
8	['B-A1', 'I-A1', 'I-A1', 'O', 'B-V', 'O', 'B-A2', 'I-A2', 'O', 'O', 'O', 'O', 'O', 'O', 'O', 'O', 'O', 'O']	['altered', 'c-myc', 'mrnas', 'was', '#initiated', 'from', 'intron', '1', 'at', 'the', 'g', 'residue', 'of', 'the', 'upstream', 'gatc', 'sequence', '.']
9	['B-A1', 'I-A1', 'I-A1', 'O', 'O', 'B-V', 'O', 'B-A2', 'I-A2', 'O', 'O', 'O', 'O', 'O', 'O', 'O', 'O', 'O', 'O']	['altered', 'c-myc', 'mrnas', 'will', 'be', '#initiated', 'from', 'intron', '1', 'at', 'the', 'g', 'residue', 'of', 'the', 'upstream', 'gatc', 'sequence', '.']
10	['B-A1', 'I-A1', 'I-A1', 'I-A1', 'O', 'O', 'B-V', 'O', 'B-A2', 'I-A2', 'I-A2', 'I-A2', 'O', 'O', 'O', 'O', 'O', 'O', 'O', 'O', 'O', 'O', 'O', 'O', 'O', 'O', 'O', 'O', 'O', 'O', 'O', 'O']	['i', 'kappa', 'b-epsilon', 'translation', 'may', 'be', '#initiated', 'from', 'an', 'internal', 'atg', 'codon', 'to', 'give', 'rise', 'to', 'a', 'protein', 'of', '45', 'kda', ',', 'which', 'existed', 'as', 'multiple', 'phosphorylated', 'isoforms', 'in', 'resting', 'cells', '.']
11	['B-A1', 'I-A1', 'I-A1', 'O', 'B-V', 'O', 'B-A2', 'I-A2', 'O', 'O', 'O', 'O', 'O', 'O', 'O', 'O', 'O', 'O']	['altered', 'c-myc', 'mrnas', 'is', '#initiated', 'from', 'intron', '1', 'at', 'the', 'g', 'residue', 'of', 'the', 'upstream', 'gatc', 'sequence', '.']
12	['O', 'B-A3', 'I-A3', 'O', 'O', 'O', 'O', 'B-V', 'B-A1', 'O', 'B-A2', 'I-A2', 'I-A2', 'I-A2', 'I-A2', 'I-A2', 'O', 'O', 'O', 'O', 'O', 'O', 'O', 'O', 'O', 'O', 'O', 'O', 'O', 'O']	['apparently', 'hela', 'cells', 'may', 'have', 'been', 'either', '#initiating', 'transcription', 'at', 'multiple', 'sites', 'within', 'rps14', 'exon', '1', ',', 'or', 'capping', '5', 'oligonucleotides', 'which', 'were', 'removed', 'from', 'most', 's14', 'mrnas', 'posttranscription', '.']
13	['B-A1', 'I-A1', 'I-A1', 'I-A1', 'O', 'B-V', 'O', 'B-A2', 'I-A2', 'I-A2', 'I-A2', 'O', 'O', 'O', 'O', 'O', 'O', 'O', 'O', 'O', 'O', 'O', 'O', 'O', 'O', 'O', 'O', 'O', 'O', 'O']	['i', 'kappa', 'b-epsilon', 'translation', 'being', '#initiated', 'from', 'an', 'internal', 'atg', 'codon', 'gives', 'rise', 'to', 'a', 'protein', 'of', '45', 'kda', ',', 'which', 'existed', 'as', 'multiple', 'phosphorylated', 'isoforms', 'in', 'resting', 'cells', '.']
14	['B-A1', 'I-A1', 'O', 'O', 'B-V', 'O', 'B-A2', 'I-A2', 'O', 'O', 'O', 'O', 'O', 'O', 'O', 'O', 'O', 'O', 'O', 'O', 'O', 'O', 'O', 'O', 'O', 'O', 'O', 'O']	['c-myc', 'mrnas', 'will', 'be', '#initiated', 'from', 'intron', '1', 'to', 'give', 'rise', 'to', 'a', 'protein', 'of', '45', 'kda', ',', 'which', 'existed', 'as', 'multiple', 'phosphorylated', 'isoforms', 'in', 'resting', 'cells', '.']
15	['B-A1', 'I-A1', 'I-A1', 'I-A1', 'I-A1', 'I-A1', 'O', 'O', 'O', 'O', 'O', 'O', 'B-A3', 'I-A3', 'O', 'O', 'B-V', 'O', 'B-A2', 'I-A2', 'I-A2', 'I-A2', 'I-A2', 'I-A2', 'O']	['transcription', 'of', 'ptsg', 'encoding', 'glucose-specific', 'permease', ',', 'enzyme', 'iicb', '(glc)', ',', 'in', 'escherichia', 'coli', 'may', 'be', '#initiated', 'from', 'two', 'promoters', ',', 'p1', 'and', 'p2', '.']
16	['O', 'B-A3', 'I-A3', 'O', 'O', 'B-V', 'B-A1', 'O', 'B-A2', 'I-A2', 'I-A2', 'I-A2', 'I-A2', 'I-A2', 'O', 'O', 'O', 'O', 'O', 'O', 'O', 'O', 'O', 'O', 'O', 'O', 'O', 'O']	['apparently', 'hela', 'cells', 'will', 'either', '#initiate', 'transcription', 'at', 'multiple', 'sites', 'within', 'rps14', 'exon', '1', ',', 'or', 'cap', '5', 'oligonucleotides', 'which', 'were', 'removed', 'from', 'most', 's14', 'mrnas', 'posttranscription', '.']
17	['O', 'B-A3', 'I-A3', 'O', 'O', 'O', 'O', 'B-V', 'B-A1', 'O', 'B-A2', 'I-A2', 'I-A2', 'I-A2', 'I-A2', 'I-A2', 'O', 'O', 'O', 'O', 'O', 'O', 'O', 'O', 'O', 'O', 'O', 'O', 'O', 'O']	['apparently', 'hela', 'cells', 'are', 'observed', 'to', 'either', '#initiate', 'transcription', 'at', 'multiple', 'sites', 'within', 'rps14', 'exon', '1', ',', 'or', 'cap', '5', 'oligonucleotides', 'which', 'were', 'removed', 'from', 'most', 's14', 'mrnas', 'posttranscription', '.']
18	['B-A1', 'I-A1', 'I-A1', 'I-A1', 'O', 'O', 'O', 'O', 'B-V', 'O', 'B-A2', 'I-A2', 'I-A2', 'I-A2', 'O', 'O', 'O', 'O', 'O', 'O', 'O', 'O', 'O', 'O', 'O', 'O', 'O', 'O', 'O', 'O', 'O', 'O', 'O', 'O']	['i', 'kappa', 'b-epsilon', 'translation', 'is', 'observed', 'to', 'be', '#initiated', 'from', 'an', 'internal', 'atg', 'codon', 'to', 'give', 'rise', 'to', 'a', 'protein', 'of', '45', 'kda', ',', 'which', 'existed', 'as', 'multiple', 'phosphorylated', 'isoforms', 'in', 'resting', 'cells', '.']
19	['B-A1', 'I-A1', 'I-A1', 'I-A1', 'O', 'O', 'O', 'O', 'B-V', 'O', 'B-A2', 'I-A2', 'I-A2', 'I-A2', 'O', 'O', 'O', 'O', 'O', 'O', 'O', 'O', 'O', 'O']	['i', 'kappa', 'b-epsilon', 'translation', 'is', 'observed', 'to', 'be', '#initiated', 'from', 'an', 'internal', 'atg', 'codon', 'at', 'the', 'g', 'residue', 'of', 'the', 'upstream', 'gatc', 'sequence', '.']
20	['B-A1', 'I-A1', 'I-A1', 'I-A1', 'I-A1', 'I-A1', 'B-V', 'B-A2', 'O', 'I-A2', 'I-A2', 'I-A2', 'I-A2', 'I-A2', 'I-A2', 'O', 'O', 'O', 'O', 'O', 'O', 'O', 'O', 'O', 'O', 'O', 'O', 'O', 'O', 'O', 'O', 'O', 'O', 'O']	['transcription', 'of', 'ptsg', 'encoding', 'glucose-specific', 'permease', '#initiated', 'from', 'from', 'two', 'promoters', ',', 'p1', 'and', 'p2', 'gives', 'rise', 'to', 'a', 'protein', 'of', '45', 'kda', ',', 'which', 'existed', 'as', 'multiple', 'phosphorylated', 'isoforms', 'in', 'resting', 'cells', '.']
21	['O', 'O', 'O', 'O', 'O', 'O', 'O', 'O', 'O', 'O', 'O', 'O', 'O', 'O', 'O', 'O', 'B-A1', 'I-A1', 'O', 'O', 'O', 'O', 'O', 'O', 'O', 'O', 'O', 'O', 'O', 'O', 'O', 'O', 'O', 'O', 'O', 'O', 'O', 'O', 'O', 'O', 'O', 'B-A2', 'I-A2', 'O', 'B-A1', 'O', 'O', 'O', 'O', 'O', 'O', 'O', 'O', 'O', 'O', 'B-V', 'O', 'B-A2', 'O', 'O']	['tumours', 'with', 'breakpoints', 'just', '5', 'to', 'exon', '1', ',', 'or', 'distant', 'from', 'c-myc', ',', 'have', 'normal', 'c-myc', 'mrnas', 'of', '2', '.25', 'and', '2', '.4', 'kb', ',', 'which', 'differ', 'at', 'their', '5', 'ends', ',', 'while', 'tumours', 'with', 'breakpoints', 'within', 'exon', '1', 'or', 'intron', '1', 'alter', 'c-myc', 'mrnas', '(2', '.1-2', '.7', 'kb', 'in', 'burkitt', 'lines)', ',', 'being', '#initiated', 'within', 'intron', '1', '.']
22	['O', 'O', 'O', 'O', 'O', 'O', 'O', 'O', 'O', 'O', 'O', 'O', 'O', 'O', 'O', 'O', 'B-A1', 'I-A1', 'O', 'O', 'O', 'O', 'O', 'O', 'O', 'O', 'O', 'O', 'O', 'O', 'O', 'O', 'O', 'O', 'O', 'O', 'O', 'O', 'O', 'O', 'O', 'B-A2', 'I-A2', 'O', 'B-A1', 'O', 'O', 'O', 'O', 'O', 'O', 'O', 'O', 'O', 'O', 'O', 'O', 'O', 'O', 'B-V', 'O', 'B-A2', 'O', 'O']	['tumours', 'with', 'breakpoints', 'just', '5', 'to', 'exon', '1', ',', 'or', 'distant', 'from', 'c-myc', ',', 'have', 'normal', 'c-myc', 'mrnas', 'of', '2', '.25', 'and', '2', '.4', 'kb', ',', 'which', 'differ', 'at', 'their', '5', 'ends', ',', 'while', 'tumours', 'with', 'breakpoints', 'within', 'exon', '1', 'or', 'intron', '1', 'alter', 'c-myc', 'mrnas', '(2', '.1-2', '.7', 'kb', 'in', 'burkitt', 'lines)', ',', 'which', 'is', 'observed', 'to', 'be', '#initiated', 'within', 'intron', '1', '.']
23	['B-A1', 'I-A1', 'I-A1', 'I-A1', 'I-A1', 'I-A1', 'O', 'O', 'O', 'O', 'B-V', 'O', 'B-A2', 'I-A2', 'I-A2', 'I-A2', 'I-A2', 'I-A2', 'O', 'O', 'O', 'O', 'O', 'O', 'O', 'O', 'O', 'O']	['transcription', 'of', 'ptsg', 'encoding', 'glucose-specific', 'permease', 'is', 'able', 'to', 'be', '#initiated', 'from', 'two', 'promoters', ',', 'p1', 'and', 'p2', 'at', 'the', 'g', 'residue', 'of', 'the', 'upstream', 'gatc', 'sequence', '.']
24	['B-A1', 'I-A1', 'I-A1', 'I-A1', 'I-A1', 'I-A1', 'I-A1', 'I-A1', 'I-A1', 'O', 'O', 'B-V', 'O', 'B-A2', 'I-A2', 'I-A2', 'I-A2', 'I-A2', 'I-A2', 'I-A2', 'I-A2', 'I-A2', 'O', 'O', 'O', 'O', 'I-A2', 'O', 'O', 'O', 'O', 'O']	['transcription', 'of', 'the', 'divergently', 'transcribed', 'glptq', 'and', 'glpacb', 'operons', 'may', 'be', '#initiated', 'from', 'sites', 'separated', 'by', '132', 'base', 'pairs', '(bp)', 'of', 'dna', 'at', 'the', 'g', 'residue', 'of', 'the', 'upstream', 'gatc', 'sequence', '.']
25	['B-A1', 'O', 'O', 'B-V', 'O', 'B-A2', 'I-A2', 'I-A2', 'I-A2', 'O', 'O', 'O', 'O', 'O', 'O', 'O', 'O', 'O', 'O']	['transcription', 'may', 'be', '#initiated', 'from', 'a', 'sigma', '(70)-dependent', 'promoter', 'at', 'the', 'g', 'residue', 'of', 'the', 'upstream', 'gatc', 'sequence', '.']
26	['B-A1', 'I-A1', 'I-A1', 'I-A1', 'I-A1', 'I-A1', 'O', 'O', 'O', 'O', 'B-V', 'O', 'B-A2', 'I-A2', 'I-A2', 'I-A2', 'I-A2', 'I-A2', 'O', 'O', 'O', 'O', 'O', 'O', 'O', 'O', 'O', 'O', 'O', 'O', 'O', 'O', 'O', 'O', 'O', 'O', 'O', 'O']	['transcription', 'of', 'ptsg', 'encoding', 'glucose-specific', 'permease', 'is', 'observed', 'to', 'be', '#initiated', 'from', 'two', 'promoters', ',', 'p1', 'and', 'p2', 'to', 'give', 'rise', 'to', 'a', 'protein', 'of', '45', 'kda', ',', 'which', 'existed', 'as', 'multiple', 'phosphorylated', 'isoforms', 'in', 'resting', 'cells', '.']
27	['B-A1', 'I-A1', 'I-A1', 'O', 'O', 'B-V', 'O', 'B-A2', 'I-A2', 'O', 'O', 'O', 'O', 'O', 'O', 'O', 'O', 'O', 'O']	['altered', 'c-myc', 'mrnas', 'may', 'be', '#initiated', 'from', 'intron', '1', 'at', 'the', 'g', 'residue', 'of', 'the', 'upstream', 'gatc', 'sequence', '.']
28	['B-A1', 'B-V', 'O', 'B-A2', 'I-A2', 'I-A2', 'I-A2', 'O', 'O', 'O', 'O', 'O', 'O', 'O', 'O', 'O', 'O', 'O', 'O', 'O', 'O', 'O', 'O', 'O', 'O', 'O']	['transcription', '#initiated', 'from', 'a', 'sigma', '(70)-dependent', 'promoter', 'gives', 'rise', 'to', 'a', 'protein', 'of', '45', 'kda', ',', 'which', 'existed', 'as', 'multiple', 'phosphorylated', 'isoforms', 'in', 'resting', 'cells', '.']
29	['B-A1', 'I-A1', 'I-A1', 'I-A1', 'O', 'B-V', 'O', 'B-A2', 'I-A2', 'I-A2', 'I-A2', 'O', 'O', 'O', 'O', 'O', 'O', 'O', 'O', 'O', 'O', 'O', 'O', 'O', 'O', 'O', 'O', 'O', 'O', 'O', 'O']	['i', 'kappa', 'b-epsilon', 'translation', 'was', '#initiated', 'from', 'an', 'internal', 'atg', 'codon', 'to', 'give', 'rise', 'to', 'a', 'protein', 'of', '45', 'kda', ',', 'which', 'existed', 'as', 'multiple', 'phosphorylated', 'isoforms', 'in', 'resting', 'cells', '.']
30	['O', 'O', 'O', 'O', 'O', 'O', 'O', 'O', 'O', 'O', 'O', 'O', 'O', 'O', 'O', 'O', 'B-A1', 'I-A1', 'O', 'O', 'O', 'O', 'O', 'O', 'O', 'O', 'O', 'O', 'O', 'O', 'O', 'O', 'O', 'O', 'O', 'O', 'O', 'O', 'O', 'O', 'O', 'B-A2', 'I-A2', 'O', 'B-A1', 'O', 'O', 'O', 'O', 'O', 'O', 'B-V', 'O', 'B-A2', 'O', 'O']	['tumours', 'with', 'breakpoints', 'just', '5', 'to', 'exon', '1', ',', 'or', 'distant', 'from', 'c-myc', ',', 'have', 'normal', 'c-myc', 'mrnas', 'of', '2', '.25', 'and', '2', '.4', 'kb', ',', 'which', 'differ', 'at', 'their', '5', 'ends', ',', 'while', 'tumours', 'with', 'breakpoints', 'within', 'exon', '1', 'or', 'intron', '1', 'alter', 'c-myc', 'mrnas', 'that', 'is', 'observed', 'to', 'be', '#initiated', 'within', 'intron', '1', '.']
31	['O', 'O', 'O', 'O', 'O', 'O', 'O', 'O', 'O', 'O', 'O', 'O', 'B-A1', 'I-A1', 'O', 'O', 'B-V', 'O', 'O', 'B-A3', 'I-A3', 'I-A3', 'O']	['sxl', 'is', 'a', 'key', 'regulator', 'of', 'sex', 'determination', 'and', 'dosage', 'compensation', ',', 'whose', 'transcription', 'has', 'been', '#initiated', 'only', 'in', 'female', 'blastoderm', 'embryos', '.']
32	['O', 'O', 'O', 'O', 'O', 'O', 'O', 'O', 'O', 'O', 'O', 'O', 'O', 'O', 'O', 'O', 'O', 'I-A1', 'O', 'O', 'O', 'O', 'O', 'O', 'O', 'O', 'O', 'O', 'O', 'O', 'O', 'O', 'O', 'O', 'O', 'O', 'O', 'O', 'O', 'O', 'O', 'B-A2', 'I-A2', 'O', 'B-A1', 'I-A1', 'O', 'O', 'O', 'O', 'O', 'O', 'O', 'O', 'O', 'B-V', 'O', 'B-A2', 'O', 'O']	['tumours', 'with', 'breakpoints', 'just', '5', 'to', 'exon', '1', ',', 'or', 'distant', 'from', 'c-myc', ',', 'had', 'normal', 'c-myc', 'mrnas', 'of', '2', '.25', 'and', '2', '.4', 'kb', ',', 'which', 'differ', 'at', 'their', '5', 'ends', ',', 'while', 'tumours', 'with', 'breakpoints', 'within', 'exon', '1', 'or', 'intron', '1', 'had', 'altered', 'c-myc', 'mrnas', '(2', '.1-2', '.7', 'kb', 'in', 'burkitt', 'lines)', ',', '#initiated', 'within', 'intron', '1', '.']
33	['O', 'O', 'O', 'O', 'O', 'O', 'O', 'O', 'O', 'O', 'O', 'O', 'O', 'O', 'O', 'O', 'B-A1', 'I-A1', 'O', 'O', 'O', 'O', 'O', 'O', 'O', 'O', 'O', 'O', 'O', 'O', 'O', 'O', 'O', 'O', 'O', 'O', 'O', 'O', 'O', 'O', 'O', 'B-A2', 'I-A2', 'O', 'B-A1', 'O', 'B-V', 'O', 'B-A2', 'O', 'O']	['tumours', 'with', 'breakpoints', 'just', '5', 'to', 'exon', '1', ',', 'or', 'distant', 'from', 'c-myc', ',', 'have', 'normal', 'c-myc', 'mrnas', 'of', '2', '.25', 'and', '2', '.4', 'kb', ',', 'which', 'differ', 'at', 'their', '5', 'ends', ',', 'while', 'tumours', 'with', 'breakpoints', 'within', 'exon', '1', 'or', 'intron', '1', 'alter', 'c-myc', 'mrnas', '#initiated', 'within', 'intron', '1', '.']
34	['B-A1', 'I-A1', 'I-A1', 'I-A1', 'I-A1', 'I-A1', 'O', 'O', 'O', 'O', 'O', 'B-V', 'B-A2', 'O', 'I-A2', 'I-A2', 'I-A2', 'I-A2', 'I-A2', 'I-A2', 'O', 'O', 'O', 'O', 'O', 'O', 'O', 'O', 'O', 'O']	['transcription', 'of', 'ptsg', 'encoding', 'glucose-specific', 'permease', 'has', 'the', 'ability', 'to', 'be', '#initiated', 'from', 'from', 'two', 'promoters', ',', 'p1', 'and', 'p2', 'at', 'the', 'g', 'residue', 'of', 'the', 'upstream', 'gatc', 'sequence', '.']
35	['B-A1', 'I-A1', 'O', 'O', 'O', 'O', 'B-V', 'O', 'B-A2', 'I-A2', 'O', 'O', 'O', 'O', 'O', 'O', 'O', 'O', 'O', 'O']	['c-myc', 'mrnas', 'is', 'observed', 'to', 'be', '#initiated', 'from', 'intron', '1', 'at', 'the', 'g', 'residue', 'of', 'the', 'upstream', 'gatc', 'sequence', '.']
36	['O', 'O', 'O', 'O', 'O', 'O', 'O', 'O', 'O', 'O', 'O', 'O', 'O', 'O', 'O', 'O', 'B-A1', 'I-A1', 'O', 'O', 'O', 'O', 'O', 'O', 'O', 'O', 'O', 'O', 'O', 'O', 'O', 'O', 'O', 'O', 'O', 'O', 'O', 'O', 'O', 'O', 'O', 'B-A2', 'I-A2', 'O', 'B-A1', 'O', 'O', 'O', 'O', 'B-V', 'O', 'B-A2', 'O', 'O']	['tumours', 'with', 'breakpoints', 'just', '5', 'to', 'exon', '1', ',', 'or', 'distant', 'from', 'c-myc', ',', 'have', 'normal', 'c-myc', 'mrnas', 'of', '2', '.25', 'and', '2', '.4', 'kb', ',', 'which', 'differ', 'at', 'their', '5', 'ends', ',', 'while', 'tumours', 'with', 'breakpoints', 'within', 'exon', '1', 'or', 'intron', '1', 'alter', 'c-myc', 'mrnas', 'that', 'has', 'been', '#initiated', 'within', 'intron', '1', '.']
37	['B-A1', 'I-A1', 'I-A1', 'O', 'O', 'B-V', 'O', 'B-A2', 'I-A2', 'O', 'O', 'O', 'O', 'O', 'O', 'O', 'O', 'O', 'O', 'O', 'O', 'O', 'O', 'O', 'O', 'O', 'O', 'O', 'O']	['altered', 'c-myc', 'mrnas', 'has', 'been', '#initiated', 'from', 'intron', '1', 'to', 'give', 'rise', 'to', 'a', 'protein', 'of', '45', 'kda', ',', 'which', 'existed', 'as', 'multiple', 'phosphorylated', 'isoforms', 'in', 'resting', 'cells', '.']
38	['O', 'O', 'O', 'O', 'O', 'O', 'O', 'O', 'O', 'O', 'O', 'O', 'O', 'O', 'O', 'O', 'B-A1', 'I-A1', 'O', 'O', 'O', 'O', 'O', 'O', 'O', 'O', 'O', 'O', 'O', 'O', 'O', 'O', 'O', 'O', 'O', 'O', 'O', 'O', 'O', 'O', 'O', 'B-A2', 'I-A2', 'O', 'B-A1', 'O', 'O', 'O', 'O', 'O', 'O', 'O', 'O', 'O', 'O', 'O', 'O', 'B-V', 'O', 'B-A2', 'O', 'O']	['tumours', 'with', 'breakpoints', 'just', '5', 'to', 'exon', '1', ',', 'or', 'distant', 'from', 'c-myc', ',', 'have', 'normal', 'c-myc', 'mrnas', 'of', '2', '.25', 'and', '2', '.4', 'kb', ',', 'which', 'differ', 'at', 'their', '5', 'ends', ',', 'while', 'tumours', 'with', 'breakpoints', 'within', 'exon', '1', 'or', 'intron', '1', 'alter', 'c-myc', 'mrnas', '(2', '.1-2', '.7', 'kb', 'in', 'burkitt', 'lines)', ',', 'which', 'may', 'be', '#initiated', 'within', 'intron', '1', '.']
39	['B-A1', 'I-A1', 'I-A1', 'I-A1', 'I-A1', 'I-A1', 'I-A1', 'I-A1', 'I-A1', 'O', 'O', 'O', 'O', 'B-V', 'O', 'B-A2', 'I-A2', 'I-A2', 'I-A2', 'I-A2', 'I-A2', 'I-A2', 'I-A2', 'I-A2', 'O', 'O', 'O', 'O', 'O', 'O', 'I-A2', 'O', 'O', 'O', 'O', 'O', 'O', 'O', 'O', 'O', 'O', 'O', 'O', 'O']	['transcription', 'of', 'the', 'divergently', 'transcribed', 'glptq', 'and', 'glpacb', 'operons', 'is', 'observed', 'to', 'be', '#initiated', 'from', 'sites', 'separated', 'by', '132', 'base', 'pairs', '(bp)', 'of', 'dna', 'to', 'give', 'rise', 'to', 'a', 'protein', 'of', '45', 'kda', ',', 'which', 'existed', 'as', 'multiple', 'phosphorylated', 'isoforms', 'in', 'resting', 'cells', '.']
40	['B-A1', 'I-A1', 'I-A1', 'I-A1', 'I-A1', 'I-A1', 'O', 'B-V', 'O', 'B-A2', 'I-A2', 'I-A2', 'I-A2', 'I-A2', 'I-A2', 'O', 'O', 'O', 'O', 'O', 'O', 'O', 'O', 'O', 'O', 'O', 'O', 'O', 'O', 'O', 'O', 'O', 'O', 'O', 'O']	['transcription', 'of', 'ptsg', 'encoding', 'glucose-specific', 'permease', 'is', '#initiated', 'from', 'two', 'promoters', ',', 'p1', 'and', 'p2', 'to', 'give', 'rise', 'to', 'a', 'protein', 'of', '45', 'kda', ',', 'which', 'exists', 'as', 'multiple', 'phosphorylated', 'isoforms', 'in', 'resting', 'cells', '.']
41	['B-A1', 'I-A1', 'O', 'O', 'B-V', 'O', 'B-A2', 'I-A2', 'O', 'O', 'O', 'O', 'O', 'O', 'O', 'O', 'O', 'O']	['c-myc', 'mrnas', 'may', 'be', '#initiated', 'from', 'intron', '1', 'at', 'the', 'g', 'residue', 'of', 'the', 'upstream', 'gatc', 'sequence', '.']
42	['B-A1', 'I-A1', 'O', 'O', 'O', 'B-V', 'O', 'B-A2', 'I-A2', 'O', 'O', 'O', 'O', 'O', 'O', 'O', 'O', 'O', 'O', 'O', 'O', 'O', 'O', 'O', 'O', 'O', 'O', 'O', 'O']	['c-myc', 'mrnas', 'which', 'may', 'be', '#initiated', 'from', 'intron', '1', 'to', 'give', 'rise', 'to', 'a', 'protein', 'of', '45', 'kda', ',', 'which', 'existed', 'as', 'multiple', 'phosphorylated', 'isoforms', 'in', 'resting', 'cells', '.']
43	['B-A1', 'I-A1', 'I-A1', 'I-A1', 'I-A1', 'I-A1', 'O', 'O', 'O', 'O', 'O', 'O', 'B-A3', 'I-A3', 'O', 'O', 'B-V', 'O', 'B-A2', 'I-A2', 'I-A2', 'I-A2', 'I-A2', 'I-A2', 'O']	['transcription', 'of', 'ptsg', 'encoding', 'glucose-specific', 'permease', ',', 'enzyme', 'iicb', '(glc)', ',', 'in', 'escherichia', 'coli', 'has', 'been', '#initiated', 'from', 'two', 'promoters', ',', 'p1', 'and', 'p2', '.']
44	['B-A1', 'I-A1', 'I-A1', 'I-A1', 'I-A1', 'I-A1', 'O', 'O', 'B-V', 'B-A2', 'O', 'I-A2', 'I-A2', 'I-A2', 'I-A2', 'I-A2', 'I-A2', 'O', 'O', 'O', 'O', 'O', 'O', 'O', 'O', 'O', 'O', 'O', 'O', 'O', 'O', 'O', 'O', 'O', 'O', 'O']	['transcription', 'of', 'ptsg', 'encoding', 'glucose-specific', 'permease', 'that', 'is', '#initiated', 'from', 'from', 'two', 'promoters', ',', 'p1', 'and', 'p2', 'gives', 'rise', 'to', 'a', 'protein', 'of', '45', 'kda', ',', 'which', 'existed', 'as', 'multiple', 'phosphorylated', 'isoforms', 'in', 'resting', 'cells', '.']
45	['B-A1', 'I-A1', 'O', 'O', 'B-V', 'O', 'B-A2', 'I-A2', 'O', 'O', 'O', 'O', 'O', 'O', 'O', 'O', 'O', 'O']	['c-myc', 'mrnas', 'has', 'been', '#initiated', 'from', 'intron', '1', 'at', 'the', 'g', 'residue', 'of', 'the', 'upstream', 'gatc', 'sequence', '.']
46	['B-A1', 'O', 'O', 'O', 'O', 'O', 'B-V', 'O', 'B-A2', 'I-A2', 'I-A2', 'I-A2', 'O', 'O', 'O', 'O', 'O', 'O', 'O', 'O', 'O', 'O']	['transcription', 'has', 'the', 'ability', 'to', 'be', '#initiated', 'from', 'a', 'sigma', '(70)-dependent', 'promoter', 'at', 'the', 'g', 'residue', 'of', 'the', 'upstream', 'gatc', 'sequence', '.']
47	['B-A1', 'I-A1', 'I-A1', 'I-A1', 'I-A1', 'I-A1', 'O', 'O', 'B-V', 'B-A2', 'O', 'I-A2', 'I-A2', 'I-A2', 'I-A2', 'I-A2', 'I-A2', 'O', 'O', 'O', 'O', 'O', 'O', 'O', 'O', 'O', 'O']	['transcription', 'of', 'ptsg', 'encoding', 'glucose-specific', 'permease', 'has', 'been', '#initiated', 'from', 'from', 'two', 'promoters', ',', 'p1', 'and', 'p2', 'at', 'the', 'g', 'residue', 'of', 'the', 'upstream', 'gatc', 'sequence', '.']
48	['B-A1', 'I-A1', 'I-A1', 'I-A1', 'I-A1', 'I-A1', 'O', 'O', 'O', 'B-V', 'B-A2', 'O', 'I-A2', 'I-A2', 'I-A2', 'I-A2', 'I-A2', 'I-A2', 'O', 'O', 'O', 'O', 'O', 'O', 'O', 'O', 'O', 'O', 'O', 'O', 'O', 'O', 'O', 'O', 'O', 'O', 'O']	['transcription', 'of', 'ptsg', 'encoding', 'glucose-specific', 'permease', 'which', 'has', 'been', '#initiated', 'from', 'from', 'two', 'promoters', ',', 'p1', 'and', 'p2', 'gives', 'rise', 'to', 'a', 'protein', 'of', '45', 'kda', ',', 'which', 'existed', 'as', 'multiple', 'phosphorylated', 'isoforms', 'in', 'resting', 'cells', '.']
49	['B-A1', 'O', 'O', 'B-V', 'O', 'B-A2', 'I-A2', 'I-A2', 'I-A2', 'O', 'O', 'O', 'O', 'O', 'O', 'O', 'O', 'O', 'O', 'O', 'O', 'O', 'O', 'O', 'O', 'O', 'O', 'O']	['transcription', 'that', 'is', '#initiated', 'from', 'a', 'sigma', '(70)-dependent', 'promoter', 'gives', 'rise', 'to', 'a', 'protein', 'of', '45', 'kda', ',', 'which', 'existed', 'as', 'multiple', 'phosphorylated', 'isoforms', 'in', 'resting', 'cells', '.']
50	['B-A1', 'I-A1', 'I-A1', 'I-A1', 'O', 'O', 'B-V', 'O', 'B-A2', 'I-A2', 'I-A2', 'I-A2', 'O', 'O', 'O', 'O', 'O', 'O', 'O', 'O', 'O', 'O']	['i', 'kappa', 'b-epsilon', 'translation', 'has', 'been', '#initiated', 'from', 'an', 'internal', 'atg', 'codon', 'at', 'the', 'g', 'residue', 'of', 'the', 'upstream', 'gatc', 'sequence', '.']
51	['O', 'O', 'O', 'O', 'O', 'O', 'O', 'O', 'O', 'O', 'O', 'O', 'O', 'O', 'O', 'O', 'B-A1', 'I-A1', 'O', 'O', 'O', 'O', 'O', 'O', 'O', 'O', 'O', 'O', 'O', 'O', 'O', 'O', 'O', 'O', 'O', 'O', 'O', 'O', 'O', 'O', 'O', 'B-A2', 'I-A2', 'O', 'B-A1', 'O', 'O', 'O', 'O', 'O', 'O', 'O', 'O', 'O', 'O', 'O', 'O', 'O', 'O', 'B-V', 'O', 'B-A2', 'O', 'O']	['tumours', 'with', 'breakpoints', 'just', '5', 'to', 'exon', '1', ',', 'or', 'distant', 'from', 'c-myc', ',', 'have', 'normal', 'c-myc', 'mrnas', 'of', '2', '.25', 'and', '2', '.4', 'kb', ',', 'which', 'differ', 'at', 'their', '5', 'ends', ',', 'while', 'tumours', 'with', 'breakpoints', 'within', 'exon', '1', 'or', 'intron', '1', 'alter', 'c-myc', 'mrnas', '(2', '.1-2', '.7', 'kb', 'in', 'burkitt', 'lines)', ',', 'which', 'is', 'able', 'to', 'be', '#initiated', 'within', 'intron', '1', '.']
52	['B-A1', 'I-A1', 'I-A1', 'I-A1', 'I-A1', 'I-A1', 'O', 'O', 'O', 'B-V', 'O', 'B-A2', 'I-A2', 'I-A2', 'I-A2', 'I-A2', 'I-A2', 'O', 'O', 'O', 'O', 'O', 'O', 'O', 'O', 'O', 'O', 'O', 'O', 'O', 'O', 'O', 'O', 'O', 'O', 'O']	['transcription', 'of', 'ptsg', 'encoding', 'glucose-specific', 'permease', 'which', 'has', 'been', '#initiated', 'from', 'two', 'promoters', ',', 'p1', 'and', 'p2', 'gives', 'rise', 'to', 'a', 'protein', 'of', '45', 'kda', ',', 'which', 'existed', 'as', 'multiple', 'phosphorylated', 'isoforms', 'in', 'resting', 'cells', '.']
53	['B-A1', 'I-A1', 'I-A1', 'I-A1', 'I-A1', 'I-A1', 'I-A1', 'I-A1', 'I-A1', 'O', 'O', 'B-V', 'O', 'B-A2', 'I-A2', 'I-A2', 'I-A2', 'I-A2', 'I-A2', 'I-A2', 'I-A2', 'I-A2', 'O']	['transcription', 'of', 'the', 'divergently', 'transcribed', 'glptq', 'and', 'glpacb', 'operons', 'will', 'be', '#initiated', 'at', 'sites', 'separated', 'by', '132', 'base', 'pairs', '(bp)', 'of', 'dna', '.']
54	['B-A1', 'I-A1', 'I-A1', 'I-A1', 'I-A1', 'I-A1', 'I-A1', 'I-A1', 'I-A1', 'B-V', 'O', 'B-A2', 'I-A2', 'I-A2', 'I-A2', 'I-A2', 'I-A2', 'I-A2', 'I-A2', 'I-A2', 'O', 'O', 'O', 'O', 'O', 'I-A2', 'O', 'O', 'O', 'O', 'O', 'O', 'O', 'O', 'O', 'O', 'O', 'O', 'O']	['transcription', 'of', 'the', 'divergently', 'transcribed', 'glptq', 'and', 'glpacb', 'operons', '#initiated', 'from', 'sites', 'separated', 'by', '132', 'base', 'pairs', '(bp)', 'of', 'dna', 'gives', 'rise', 'to', 'a', 'protein', 'of', '45', 'kda', ',', 'which', 'existed', 'as', 'multiple', 'phosphorylated', 'isoforms', 'in', 'resting', 'cells', '.']
55	['B-A1', 'I-A1', 'O', 'O', 'B-V', 'O', 'B-A2', 'I-A2', 'O', 'O', 'O', 'O', 'O', 'O', 'O', 'O', 'O', 'O', 'O', 'O', 'O', 'O', 'O', 'O', 'O', 'O', 'O', 'O']	['c-myc', 'mrnas', 'has', 'been', '#initiated', 'from', 'intron', '1', 'to', 'give', 'rise', 'to', 'a', 'protein', 'of', '45', 'kda', ',', 'which', 'existed', 'as', 'multiple', 'phosphorylated', 'isoforms', 'in', 'resting', 'cells', '.']
56	['B-A1', 'O', 'B-V', 'O', 'B-A2', 'I-A2', 'I-A2', 'I-A2', 'O', 'O', 'O', 'O', 'O', 'O', 'O', 'O', 'O', 'O', 'O', 'O', 'O', 'O', 'O', 'O', 'O', 'O', 'O', 'O']	['transcription', 'was', '#initiated', 'from', 'a', 'sigma', '(70)-dependent', 'promoter', 'to', 'give', 'rise', 'to', 'a', 'protein', 'of', '45', 'kda', ',', 'which', 'existed', 'as', 'multiple', 'phosphorylated', 'isoforms', 'in', 'resting', 'cells', '.']
57	['B-A1', 'I-A1', 'I-A1', 'I-A1', 'O', 'O', 'B-V', 'O', 'B-A2', 'I-A2', 'I-A2', 'I-A2', 'O', 'O', 'O', 'O', 'O', 'O', 'O', 'O', 'O', 'O', 'O', 'O', 'O', 'O', 'O', 'O', 'O', 'O', 'O', 'O']	['i', 'kappa', 'b-epsilon', 'translation', 'will', 'be', '#initiated', 'from', 'an', 'internal', 'atg', 'codon', 'to', 'give', 'rise', 'to', 'a', 'protein', 'of', '45', 'kda', ',', 'which', 'existed', 'as', 'multiple', 'phosphorylated', 'isoforms', 'in', 'resting', 'cells', '.']
58	['B-A1', 'I-A1', 'I-A1', 'I-A1', 'B-V', 'O', 'B-A2', 'I-A2', 'I-A2', 'I-A2', 'O', 'O', 'O', 'O', 'O', 'O', 'O', 'O', 'O', 'O', 'O', 'O', 'O', 'O', 'O', 'O', 'O', 'O', 'O']	['i', 'kappa', 'b-epsilon', 'translation', '#initiated', 'from', 'an', 'internal', 'atg', 'codon', 'gives', 'rise', 'to', 'a', 'protein', 'of', '45', 'kda', ',', 'which', 'existed', 'as', 'multiple', 'phosphorylated', 'isoforms', 'in', 'resting', 'cells', '.']
59	['O', 'B-A3', 'I-A3', 'O', 'O', 'O', 'B-V', 'B-A1', 'O', 'B-A2', 'I-A2', 'I-A2', 'I-A2', 'I-A2', 'I-A2', 'O', 'O', 'O', 'O', 'O', 'O', 'O', 'O', 'O', 'O', 'O', 'O', 'O', 'O']	['apparently', 'hela', 'cells', 'have', 'been', 'either', '#initiating', 'transcription', 'at', 'multiple', 'sites', 'within', 'rps14', 'exon', '1', ',', 'or', 'capping', '5', 'oligonucleotides', 'which', 'were', 'removed', 'from', 'most', 's14', 'mrnas', 'posttranscription', '.']
60	['O', 'O', 'O', 'O', 'O', 'O', 'O', 'O', 'O', 'O', 'O', 'O', 'B-A1', 'I-A1', 'O', 'O', 'O', 'O', 'B-V', 'O', 'O', 'B-A3', 'I-A3', 'I-A3', 'O']	['sxl', 'was', 'a', 'key', 'regulator', 'of', 'sex', 'determination', 'and', 'dosage', 'compensation', ',', 'whose', 'transcription', 'was', 'observed', 'to', 'be', '#initiated', 'only', 'in', 'female', 'blastoderm', 'embryos', '.']
61	['O', 'O', 'O', 'O', 'O', 'O', 'O', 'O', 'O', 'O', 'O', 'O', 'O', 'O', 'B-A4', 'I-A4', 'I-A4', 'I-A4', 'I-A4', 'I-A4', 'I-A4', 'I-A4', 'I-A4', 'I-A4', 'I-A4', 'O', 'O', 'O', 'O', 'B-V', 'B-A1', 'I-A1', 'I-A1', 'I-A1', 'I-A1', 'I-A1', 'I-A1', 'I-A1', 'I-A1', 'I-A1', 'O']	['this', 'has', 'led', 'to', 'the', 'prevailing', 'interpretation', 'that', 'genetic', 'changes', ',', 'in', 'addition', 'to', 'those', 'present', 'in', 'the', 'most', 'advanced', 'clone', 'of', 'the', 'primary', 'tumor', ',', 'are', 'required', 'for', '#initiating', 'invasion', ',', 'dissemination', ',', 'and', 'growth', 'at', 'anatomically', 'distant', 'sites', '.']
62	['B-A1', 'I-A1', 'I-A1', 'O', 'O', 'B-V', 'O', 'B-A2', 'I-A2', 'O', 'O', 'O', 'O', 'O', 'O', 'O', 'O', 'O', 'O']	['altered', 'c-myc', 'mrnas', 'has', 'been', '#initiated', 'from', 'intron', '1', 'at', 'the', 'g', 'residue', 'of', 'the', 'upstream', 'gatc', 'sequence', '.']
63	['O', 'O', 'O', 'O', 'O', 'O', 'O', 'O', 'O', 'O', 'O', 'O', 'B-A1', 'I-A1', 'O', 'O', 'B-V', 'O', 'O', 'B-A3', 'I-A3', 'I-A3', 'O']	['sxl', 'was', 'a', 'key', 'regulator', 'of', 'sex', 'determination', 'and', 'dosage', 'compensation', ',', 'whose', 'transcription', 'may', 'be', '#initiated', 'only', 'in', 'female', 'blastoderm', 'embryos', '.']
64	['B-A1', 'I-A1', 'B-V', 'O', 'B-A2', 'I-A2', 'O', 'O', 'O', 'O', 'O', 'O', 'O', 'O', 'O', 'O', 'O', 'O', 'O', 'O', 'O', 'O', 'O', 'O', 'O']	['c-myc', 'mrnas', '#initiated', 'from', 'intron', '1', 'gives', 'rise', 'to', 'a', 'protein', 'of', '45', 'kda', ',', 'which', 'existed', 'as', 'multiple', 'phosphorylated', 'isoforms', 'in', 'resting', 'cells', '.']
65	['B-A1', 'I-A1', 'I-A1', 'I-A1', 'I-A1', 'I-A1', 'O', 'O', 'B-V', 'B-A2', 'O', 'I-A2', 'I-A2', 'I-A2', 'I-A2', 'I-A2', 'I-A2', 'O', 'O', 'O', 'O', 'O', 'O', 'O', 'O', 'O', 'O', 'O', 'O', 'O', 'O', 'O', 'O', 'O', 'O', 'O', 'O']	['transcription', 'of', 'ptsg', 'encoding', 'glucose-specific', 'permease', 'will', 'be', '#initiated', 'from', 'from', 'two', 'promoters', ',', 'p1', 'and', 'p2', 'to', 'give', 'rise', 'to', 'a', 'protein', 'of', '45', 'kda', ',', 'which', 'existed', 'as', 'multiple', 'phosphorylated', 'isoforms', 'in', 'resting', 'cells', '.']
66	['B-A1', 'I-A1', 'I-A1', 'I-A1', 'O', 'O', 'B-V', 'O', 'B-A2', 'I-A2', 'I-A2', 'I-A2', 'O', 'O', 'O', 'O', 'O', 'O', 'O', 'O', 'O', 'O', 'O', 'O', 'O', 'O', 'O', 'O', 'O', 'O', 'O']	['i', 'kappa', 'b-epsilon', 'translation', 'which', 'was', '#initiated', 'from', 'an', 'internal', 'atg', 'codon', 'gives', 'rise', 'to', 'a', 'protein', 'of', '45', 'kda', ',', 'which', 'existed', 'as', 'multiple', 'phosphorylated', 'isoforms', 'in', 'resting', 'cells', '.']
67	['O', 'O', 'O', 'O', 'O', 'O', 'O', 'O', 'O', 'O', 'O', 'O', 'O', 'O', 'O', 'O', 'B-A1', 'I-A1', 'O', 'O', 'O', 'O', 'O', 'O', 'O', 'O', 'O', 'O', 'O', 'O', 'O', 'O', 'O', 'O', 'O', 'O', 'O', 'O', 'O', 'O', 'O', 'B-A2', 'I-A2', 'O', 'B-A1', 'O', 'O', 'O', 'O', 'O', 'O', 'B-V', 'O', 'B-A2', 'O', 'O']	['tumours', 'with', 'breakpoints', 'just', '5', 'to', 'exon', '1', ',', 'or', 'distant', 'from', 'c-myc', ',', 'have', 'normal', 'c-myc', 'mrnas', 'of', '2', '.25', 'and', '2', '.4', 'kb', ',', 'which', 'differ', 'at', 'their', '5', 'ends', ',', 'while', 'tumours', 'with', 'breakpoints', 'within', 'exon', '1', 'or', 'intron', '1', 'alter', 'c-myc', 'mrnas', 'that', 'is', 'believed', 'to', 'be', '#initiated', 'within', 'intron', '1', '.']
68	['B-A1', 'I-A1', 'I-A1', 'I-A1', 'I-A1', 'I-A1', 'O', 'O', 'B-V', 'B-A2', 'O', 'I-A2', 'I-A2', 'I-A2', 'I-A2', 'I-A2', 'I-A2', 'O', 'O', 'O', 'O', 'O', 'O', 'O', 'O', 'O', 'O', 'O', 'O', 'O', 'O', 'O', 'O', 'O', 'O', 'O', 'O']	['transcription', 'of', 'ptsg', 'encoding', 'glucose-specific', 'permease', 'can', 'be', '#initiated', 'from', 'from', 'two', 'promoters', ',', 'p1', 'and', 'p2', 'to', 'give', 'rise', 'to', 'a', 'protein', 'of', '45', 'kda', ',', 'which', 'existed', 'as', 'multiple', 'phosphorylated', 'isoforms', 'in', 'resting', 'cells', '.']
69	['O', 'O', 'O', 'O', 'O', 'O', 'O', 'O', 'O', 'O', 'O', 'O', 'O', 'O', 'O', 'O', 'B-A1', 'I-A1', 'O', 'O', 'O', 'O', 'O', 'O', 'O', 'O', 'O', 'O', 'O', 'O', 'O', 'O', 'O', 'O', 'O', 'O', 'O', 'O', 'O', 'O', 'O', 'B-A2', 'I-A2', 'O', 'B-A1', 'O', 'O', 'O', 'O', 'O', 'O', 'O', 'O', 'O', 'O', 'O', 'O', 'O', 'B-V', 'O', 'B-A2', 'O', 'O']	['tumours', 'with', 'breakpoints', 'just', '5', 'to', 'exon', '1', ',', 'or', 'distant', 'from', 'c-myc', ',', 'have', 'normal', 'c-myc', 'mrnas', 'of', '2', '.25', 'and', '2', '.4', 'kb', ',', 'which', 'differ', 'at', 'their', '5', 'ends', ',', 'while', 'tumours', 'with', 'breakpoints', 'within', 'exon', '1', 'or', 'intron', '1', 'alter', 'c-myc', 'mrnas', '(2', '.1-2', '.7', 'kb', 'in', 'burkitt', 'lines)', ',', 'which', 'may', 'have', 'been', '#initiated', 'within', 'intron', '1', '.']
70	['B-A1', 'O', 'O', 'B-V', 'O', 'B-A2', 'I-A2', 'I-A2', 'I-A2', 'O', 'O', 'O', 'O', 'O', 'O', 'O', 'O', 'O', 'O', 'O', 'O', 'O', 'O', 'O', 'O', 'O', 'O', 'O']	['transcription', 'which', 'is', '#initiated', 'from', 'a', 'sigma', '(70)-dependent', 'promoter', 'gives', 'rise', 'to', 'a', 'protein', 'of', '45', 'kda', ',', 'which', 'existed', 'as', 'multiple', 'phosphorylated', 'isoforms', 'in', 'resting', 'cells', '.']
71	['B-A1', 'I-A1', 'I-A1', 'I-A1', 'I-A1', 'I-A1', 'I-A1', 'I-A1', 'I-A1', 'O', 'O', 'O', 'B-V', 'O', 'B-A2', 'I-A2', 'I-A2', 'I-A2', 'I-A2', 'I-A2', 'I-A2', 'I-A2', 'I-A2', 'O', 'O', 'O', 'O', 'O', 'O', 'I-A2', 'O', 'O', 'O', 'O', 'O', 'O', 'O', 'O', 'O', 'O', 'O', 'O', 'O']	['transcription', 'of', 'the', 'divergently', 'transcribed', 'glptq', 'and', 'glpacb', 'operons', 'which', 'may', 'be', '#initiated', 'from', 'sites', 'separated', 'by', '132', 'base', 'pairs', '(bp)', 'of', 'dna', 'to', 'give', 'rise', 'to', 'a', 'protein', 'of', '45', 'kda', ',', 'which', 'existed', 'as', 'multiple', 'phosphorylated', 'isoforms', 'in', 'resting', 'cells', '.']
72	['B-A1', 'I-A1', 'I-A1', 'I-A1', 'I-A1', 'I-A1', 'O', 'O', 'B-V', 'O', 'B-A2', 'I-A2', 'I-A2', 'I-A2', 'I-A2', 'I-A2', 'O', 'O', 'O', 'O', 'O', 'O', 'O', 'O', 'O', 'O', 'O', 'O', 'O', 'O', 'O', 'O', 'O', 'O', 'O', 'O']	['transcription', 'of', 'ptsg', 'encoding', 'glucose-specific', 'permease', 'has', 'been', '#initiated', 'from', 'two', 'promoters', ',', 'p1', 'and', 'p2', 'to', 'give', 'rise', 'to', 'a', 'protein', 'of', '45', 'kda', ',', 'which', 'existed', 'as', 'multiple', 'phosphorylated', 'isoforms', 'in', 'resting', 'cells', '.']
73	['B-A1', 'O', 'O', 'O', 'O', 'B-V', 'O', 'B-A2', 'I-A2', 'I-A2', 'I-A2', 'O', 'O', 'O', 'O', 'O', 'O', 'O', 'O', 'O', 'O']	['transcription', 'is', 'observed', 'to', 'be', '#initiated', 'from', 'a', 'sigma', '(70)-dependent', 'promoter', 'at', 'the', 'g', 'residue', 'of', 'the', 'upstream', 'gatc', 'sequence', '.']
74	['B-A1', 'I-A1', 'I-A1', 'I-A1', 'I-A1', 'I-A1', 'O', 'O', 'B-V', 'O', 'B-A2', 'I-A2', 'I-A2', 'I-A2', 'I-A2', 'I-A2', 'O', 'O', 'O', 'O', 'O', 'O', 'O', 'O', 'O', 'O']	['transcription', 'of', 'ptsg', 'encoding', 'glucose-specific', 'permease', 'can', 'be', '#initiated', 'from', 'two', 'promoters', ',', 'p1', 'and', 'p2', 'at', 'the', 'g', 'residue', 'of', 'the', 'upstream', 'gatc', 'sequence', '.']
75	['B-A1', 'I-A1', 'I-A1', 'I-A1', 'I-A1', 'I-A1', 'O', 'O', 'O', 'O', 'B-V', 'B-A2', 'O', 'I-A2', 'I-A2', 'I-A2', 'I-A2', 'I-A2', 'I-A2', 'O', 'O', 'O', 'O', 'O', 'O', 'O', 'O', 'O', 'O', 'O', 'O', 'O', 'O', 'O', 'O', 'O', 'O', 'O', 'O']	['transcription', 'of', 'ptsg', 'encoding', 'glucose-specific', 'permease', 'is', 'observed', 'to', 'be', '#initiated', 'from', 'from', 'two', 'promoters', ',', 'p1', 'and', 'p2', 'to', 'give', 'rise', 'to', 'a', 'protein', 'of', '45', 'kda', ',', 'which', 'existed', 'as', 'multiple', 'phosphorylated', 'isoforms', 'in', 'resting', 'cells', '.']
76	['B-A1', 'I-A1', 'I-A1', 'O', 'B-V', 'O', 'B-A2', 'I-A2', 'O', 'O', 'O', 'O', 'O', 'O', 'O', 'O', 'O', 'O', 'O', 'O', 'O', 'O', 'O', 'O', 'O', 'O', 'O', 'O']	['altered', 'c-myc', 'mrnas', 'was', '#initiated', 'from', 'intron', '1', 'to', 'give', 'rise', 'to', 'a', 'protein', 'of', '45', 'kda', ',', 'which', 'existed', 'as', 'multiple', 'phosphorylated', 'isoforms', 'in', 'resting', 'cells', '.']
77	['B-A1', 'I-A1', 'O', 'O', 'B-V', 'O', 'B-A2', 'I-A2', 'O', 'O', 'O', 'O', 'O', 'O', 'O', 'O', 'O', 'O', 'O', 'O', 'O', 'O', 'O', 'O', 'O', 'O', 'O']	['c-myc', 'mrnas', 'which', 'was', '#initiated', 'from', 'intron', '1', 'gives', 'rise', 'to', 'a', 'protein', 'of', '45', 'kda', ',', 'which', 'existed', 'as', 'multiple', 'phosphorylated', 'isoforms', 'in', 'resting', 'cells', '.']
78	['B-A1', 'O', 'O', 'O', 'O', 'B-V', 'O', 'B-A2', 'I-A2', 'I-A2', 'I-A2', 'O', 'O', 'O', 'O', 'O', 'O', 'O', 'O', 'O', 'O']	['transcription', 'is', 'able', 'to', 'be', '#initiated', 'from', 'a', 'sigma', '(70)-dependent', 'promoter', 'at', 'the', 'g', 'residue', 'of', 'the', 'upstream', 'gatc', 'sequence', '.']
79	['B-A1', 'I-A1', 'O', 'B-V', 'O', 'B-A2', 'I-A2', 'O', 'O', 'O', 'O', 'O', 'O', 'O', 'O', 'O', 'O', 'O', 'O', 'O', 'O', 'O', 'O', 'O', 'O', 'O', 'O']	['c-myc', 'mrnas', 'was', '#initiated', 'from', 'intron', '1', 'to', 'give', 'rise', 'to', 'a', 'protein', 'of', '45', 'kda', ',', 'which', 'existed', 'as', 'multiple', 'phosphorylated', 'isoforms', 'in', 'resting', 'cells', '.']
80	['B-A1', 'I-A1', 'I-A1', 'I-A1', 'I-A1', 'I-A1', 'O', 'O', 'B-V', 'B-A2', 'O', 'I-A2', 'I-A2', 'I-A2', 'I-A2', 'I-A2', 'I-A2', 'O', 'O', 'O', 'O', 'O', 'O', 'O', 'O', 'O', 'O', 'O', 'O', 'O', 'O', 'O', 'O', 'O', 'O', 'O', 'O']	['transcription', 'of', 'ptsg', 'encoding', 'glucose-specific', 'permease', 'has', 'been', '#initiated', 'from', 'from', 'two', 'promoters', ',', 'p1', 'and', 'p2', 'to', 'give', 'rise', 'to', 'a', 'protein', 'of', '45', 'kda', ',', 'which', 'existed', 'as', 'multiple', 'phosphorylated', 'isoforms', 'in', 'resting', 'cells', '.']
81	['B-A1', 'I-A1', 'I-A1', 'I-A1', 'I-A1', 'I-A1', 'O', 'O', 'O', 'O', 'O', 'O', 'B-A3', 'I-A3', 'O', 'O', 'B-V', 'O', 'B-A2', 'I-A2', 'I-A2', 'I-A2', 'I-A2', 'I-A2', 'O']	['transcription', 'of', 'ptsg', 'encoding', 'glucose-specific', 'permease', ',', 'enzyme', 'iicb', '(glc)', ',', 'in', 'escherichia', 'coli', 'will', 'be', '#initiated', 'from', 'two', 'promoters', ',', 'p1', 'and', 'p2', '.']
82	['B-A1', 'O', 'O', 'B-V', 'O', 'B-A2', 'I-A2', 'I-A2', 'I-A2', 'O', 'O', 'O', 'O', 'O', 'O', 'O', 'O', 'O', 'O']	['transcription', 'has', 'been', '#initiated', 'from', 'a', 'sigma', '(70)-dependent', 'promoter', 'at', 'the', 'g', 'residue', 'of', 'the', 'upstream', 'gatc', 'sequence', '.']
83	['B-A1', 'I-A1', 'O', 'B-V', 'O', 'B-A2', 'I-A2', 'O', 'O', 'O', 'O', 'O', 'O', 'O', 'O', 'O', 'O', 'O', 'O', 'O', 'O', 'O', 'O', 'O', 'O', 'O', 'O']	['c-myc', 'mrnas', 'is', '#initiated', 'from', 'intron', '1', 'to', 'give', 'rise', 'to', 'a', 'protein', 'of', '45', 'kda', ',', 'which', 'exists', 'as', 'multiple', 'phosphorylated', 'isoforms', 'in', 'resting', 'cells', '.']
84	['O', 'O', 'O', 'O', 'O', 'O', 'O', 'O', 'O', 'O', 'O', 'O', 'O', 'O', 'O', 'O', 'B-A1', 'I-A1', 'O', 'O', 'O', 'O', 'O', 'O', 'O', 'O', 'O', 'O', 'O', 'O', 'O', 'O', 'O', 'O', 'O', 'O', 'O', 'O', 'O', 'O', 'O', 'B-A2', 'I-A2', 'O', 'B-A1', 'O', 'O', 'O', 'B-V', 'O', 'B-A2', 'O', 'O']	['tumours', 'with', 'breakpoints', 'just', '5', 'to', 'exon', '1', ',', 'or', 'distant', 'from', 'c-myc', ',', 'have', 'normal', 'c-myc', 'mrnas', 'of', '2', '.25', 'and', '2', '.4', 'kb', ',', 'which', 'differ', 'at', 'their', '5', 'ends', ',', 'while', 'tumours', 'with', 'breakpoints', 'within', 'exon', '1', 'or', 'intron', '1', 'alter', 'c-myc', 'mrnas', 'that', 'was', '#initiated', 'within', 'intron', '1', '.']
85	['O', 'B-A3', 'I-A3', 'O', 'O', 'B-V', 'B-A1', 'O', 'B-A2', 'I-A2', 'I-A2', 'I-A2', 'I-A2', 'I-A2', 'O', 'O', 'O', 'O', 'O', 'O', 'O', 'O', 'O', 'O', 'O', 'O', 'O', 'O']	['apparently', 'hela', 'cells', 'are', 'either', '#initiating', 'transcription', 'at', 'multiple', 'sites', 'within', 'rps14', 'exon', '1', ',', 'or', 'capping', '5', 'oligonucleotides', 'which', 'were', 'removed', 'from', 'most', 's14', 'mrnas', 'posttranscription', '.']
86	['O', 'O', 'O', 'O', 'O', 'O', 'O', 'O', 'O', 'O', 'O', 'O', 'B-A1', 'I-A1', 'O', 'B-V', 'O', 'O', 'B-A3', 'I-A3', 'I-A3', 'O']	['sxl', 'is', 'a', 'key', 'regulator', 'of', 'sex', 'determination', 'and', 'dosage', 'compensation', ',', 'whose', 'transcription', 'is', '#initiated', 'only', 'in', 'female', 'blastoderm', 'embryos', '.']
87	['B-A1', 'I-A1', 'I-A1', 'I-A1', 'I-A1', 'I-A1', 'O', 'O', 'B-V', 'O', 'B-A2', 'I-A2', 'I-A2', 'I-A2', 'I-A2', 'I-A2', 'O', 'O', 'O', 'O', 'O', 'O', 'O', 'O', 'O', 'O', 'O', 'O', 'O', 'O', 'O', 'O', 'O', 'O', 'O', 'O']	['transcription', 'of', 'ptsg', 'encoding', 'glucose-specific', 'permease', 'may', 'be', '#initiated', 'from', 'two', 'promoters', ',', 'p1', 'and', 'p2', 'to', 'give', 'rise', 'to', 'a', 'protein', 'of', '45', 'kda', ',', 'which', 'existed', 'as', 'multiple', 'phosphorylated', 'isoforms', 'in', 'resting', 'cells', '.']
88	['B-A1', 'I-A1', 'I-A1', 'I-A1', 'I-A1', 'I-A1', 'O', 'O', 'O', 'O', 'O', 'B-V', 'O', 'B-A2', 'I-A2', 'I-A2', 'I-A2', 'I-A2', 'I-A2', 'O', 'O', 'O', 'O', 'O', 'O', 'O', 'O', 'O', 'O']	['transcription', 'of', 'ptsg', 'encoding', 'glucose-specific', 'permease', 'has', 'the', 'ability', 'to', 'be', '#initiated', 'from', 'two', 'promoters', ',', 'p1', 'and', 'p2', 'at', 'the', 'g', 'residue', 'of', 'the', 'upstream', 'gatc', 'sequence', '.']
89	['B-A1', 'I-A1', 'O', 'O', 'O', 'O', 'B-V', 'O', 'B-A2', 'I-A2', 'O', 'O', 'O', 'O', 'O', 'O', 'O', 'O', 'O', 'O', 'O', 'O', 'O', 'O', 'O', 'O', 'O', 'O', 'O', 'O']	['c-myc', 'mrnas', 'is', 'observed', 'to', 'be', '#initiated', 'from', 'intron', '1', 'to', 'give', 'rise', 'to', 'a', 'protein', 'of', '45', 'kda', ',', 'which', 'existed', 'as', 'multiple', 'phosphorylated', 'isoforms', 'in', 'resting', 'cells', '.']
90	['B-A1', 'I-A1', 'I-A1', 'I-A1', 'I-A1', 'I-A1', 'O', 'O', 'B-V', 'O', 'B-A2', 'I-A2', 'I-A2', 'I-A2', 'I-A2', 'I-A2', 'O', 'O', 'O', 'O', 'O', 'O', 'O', 'O', 'O', 'O', 'O', 'O', 'O', 'O', 'O', 'O', 'O', 'O', 'O', 'O']	['transcription', 'of', 'ptsg', 'encoding', 'glucose-specific', 'permease', 'can', 'be', '#initiated', 'from', 'two', 'promoters', ',', 'p1', 'and', 'p2', 'to', 'give', 'rise', 'to', 'a', 'protein', 'of', '45', 'kda', ',', 'which', 'existed', 'as', 'multiple', 'phosphorylated', 'isoforms', 'in', 'resting', 'cells', '.']
91	['B-A1', 'I-A1', 'I-A1', 'I-A1', 'O', 'B-V', 'O', 'B-A2', 'I-A2', 'I-A2', 'I-A2', 'O', 'O', 'O', 'O', 'O', 'O', 'O', 'O', 'O', 'O']	['i', 'kappa', 'b-epsilon', 'translation', 'was', '#initiated', 'from', 'an', 'internal', 'atg', 'codon', 'at', 'the', 'g', 'residue', 'of', 'the', 'upstream', 'gatc', 'sequence', '.']
92	['B-A1', 'I-A1', 'I-A1', 'I-A1', 'I-A1', 'I-A1', 'O', 'O', 'O', 'O', 'O', 'O', 'B-A3', 'I-A3', 'O', 'O', 'O', 'O', 'O', 'B-V', 'O', 'B-A2', 'I-A2', 'I-A2', 'I-A2', 'I-A2', 'I-A2', 'O']	['transcription', 'of', 'ptsg', 'encoding', 'glucose-specific', 'permease', ',', 'enzyme', 'iicb', '(glc)', ',', 'in', 'escherichia', 'coli', 'has', 'the', 'ability', 'to', 'be', '#initiated', 'from', 'two', 'promoters', ',', 'p1', 'and', 'p2', '.']
93	['B-A1', 'I-A1', 'I-A1', 'I-A1', 'O', 'B-V', 'O', 'B-A2', 'I-A2', 'I-A2', 'I-A2', 'O', 'O', 'O', 'O', 'O', 'O', 'O', 'O', 'O', 'O', 'O', 'O', 'O', 'O', 'O', 'O', 'O', 'O', 'O', 'O']	['i', 'kappa', 'b-epsilon', 'translation', 'is', '#initiated', 'from', 'an', 'internal', 'atg', 'codon', 'to', 'give', 'rise', 'to', 'a', 'protein', 'of', '45', 'kda', ',', 'which', 'exists', 'as', 'multiple', 'phosphorylated', 'isoforms', 'in', 'resting', 'cells', '.']
94	['B-A1', 'I-A1', 'I-A1', 'I-A1', 'I-A1', 'I-A1', 'I-A1', 'I-A1', 'I-A1', 'O', 'O', 'B-V', 'O', 'B-A2', 'I-A2', 'I-A2', 'I-A2', 'I-A2', 'I-A2', 'I-A2', 'I-A2', 'I-A2', 'O']	['transcription', 'of', 'the', 'divergently', 'transcribed', 'glptq', 'and', 'glpacb', 'operons', 'may', 'be', '#initiated', 'at', 'sites', 'separated', 'by', '132', 'base', 'pairs', '(bp)', 'of', 'dna', '.']
95	['B-A1', 'O', 'O', 'B-V', 'O', 'B-A2', 'I-A2', 'I-A2', 'I-A2', 'O', 'O', 'O', 'O', 'O', 'O', 'O', 'O', 'O', 'O', 'O', 'O', 'O', 'O', 'O', 'O', 'O', 'O', 'O', 'O']	['transcription', 'may', 'be', '#initiated', 'from', 'a', 'sigma', '(70)-dependent', 'promoter', 'to', 'give', 'rise', 'to', 'a', 'protein', 'of', '45', 'kda', ',', 'which', 'existed', 'as', 'multiple', 'phosphorylated', 'isoforms', 'in', 'resting', 'cells', '.']
96	['B-A1', 'I-A1', 'I-A1', 'I-A1', 'I-A1', 'I-A1', 'I-A1', 'I-A1', 'I-A1', 'O', 'B-V', 'O', 'B-A2', 'I-A2', 'I-A2', 'I-A2', 'I-A2', 'I-A2', 'I-A2', 'I-A2', 'I-A2', 'O', 'O', 'O', 'O', 'O', 'O', 'I-A2', 'O', 'O', 'O', 'O', 'O', 'O', 'O', 'O', 'O', 'O', 'O', 'O', 'O']	['transcription', 'of', 'the', 'divergently', 'transcribed', 'glptq', 'and', 'glpacb', 'operons', 'is', '#initiated', 'from', 'sites', 'separated', 'by', '132', 'base', 'pairs', '(bp)', 'of', 'dna', 'to', 'give', 'rise', 'to', 'a', 'protein', 'of', '45', 'kda', ',', 'which', 'exists', 'as', 'multiple', 'phosphorylated', 'isoforms', 'in', 'resting', 'cells', '.']
97	['B-A1', 'I-A1', 'O', 'O', 'B-V', 'O', 'B-A2', 'I-A2', 'O', 'O', 'O', 'O', 'O', 'O', 'O', 'O', 'O', 'O', 'O', 'O', 'O', 'O', 'O', 'O', 'O', 'O', 'O']	['c-myc', 'mrnas', 'that', 'is', '#initiated', 'from', 'intron', '1', 'gives', 'rise', 'to', 'a', 'protein', 'of', '45', 'kda', ',', 'which', 'existed', 'as', 'multiple', 'phosphorylated', 'isoforms', 'in', 'resting', 'cells', '.']
98	['B-A1', 'I-A1', 'I-A1', 'I-A1', 'I-A1', 'I-A1', 'I-A1', 'I-A1', 'I-A1', 'O', 'O', 'B-V', 'O', 'B-A2', 'I-A2', 'I-A2', 'I-A2', 'I-A2', 'I-A2', 'I-A2', 'I-A2', 'I-A2', 'O', 'O', 'O', 'O', 'O', 'I-A2', 'O', 'O', 'O', 'O', 'O', 'O', 'O', 'O', 'O', 'O', 'O', 'O', 'O']	['transcription', 'of', 'the', 'divergently', 'transcribed', 'glptq', 'and', 'glpacb', 'operons', 'that', 'is', '#initiated', 'from', 'sites', 'separated', 'by', '132', 'base', 'pairs', '(bp)', 'of', 'dna', 'gives', 'rise', 'to', 'a', 'protein', 'of', '45', 'kda', ',', 'which', 'existed', 'as', 'multiple', 'phosphorylated', 'isoforms', 'in', 'resting', 'cells', '.']
99	['B-A1', 'I-A1', 'O', 'O', 'O', 'O', 'O', 'B-V', 'O', 'B-A2', 'I-A2', 'O', 'O', 'O', 'O', 'O', 'O', 'O', 'O', 'O', 'O']	['c-myc', 'mrnas', 'has', 'the', 'ability', 'to', 'be', '#initiated', 'from', 'intron', '1', 'at', 'the', 'g', 'residue', 'of', 'the', 'upstream', 'gatc', 'sequence', '.']
100	['O', 'O', 'O', 'O', 'O', 'O', 'O', 'O', 'O', 'O', 'O', 'O', 'O', 'O', 'O', 'O', 'B-A1', 'I-A1', 'O', 'O', 'O', 'O', 'O', 'O', 'O', 'O', 'O', 'O', 'O', 'O', 'O', 'O', 'O', 'O', 'O', 'O', 'O', 'O', 'O', 'O', 'O', 'B-A2', 'I-A2', 'O', 'B-A1', 'O', 'O', 'O', 'O', 'O', 'O', 'O', 'O', 'O', 'O', 'O', 'O', 'B-V', 'O', 'B-A2', 'O', 'O']	['tumours', 'with', 'breakpoints', 'just', '5', 'to', 'exon', '1', ',', 'or', 'distant', 'from', 'c-myc', ',', 'have', 'normal', 'c-myc', 'mrnas', 'of', '2', '.25', 'and', '2', '.4', 'kb', ',', 'which', 'differ', 'at', 'their', '5', 'ends', ',', 'while', 'tumours', 'with', 'breakpoints', 'within', 'exon', '1', 'or', 'intron', '1', 'alter', 'c-myc', 'mrnas', '(2', '.1-2', '.7', 'kb', 'in', 'burkitt', 'lines)', ',', 'which', 'will', 'be', '#initiated', 'within', 'intron', '1', '.']
101	['B-A1', 'I-A1', 'I-A1', 'I-A1', 'I-A1', 'I-A1', 'O', 'B-V', 'O', 'B-A2', 'I-A2', 'I-A2', 'I-A2', 'I-A2', 'I-A2', 'O', 'O', 'O', 'O', 'O', 'O', 'O', 'O', 'O', 'O']	['transcription', 'of', 'ptsg', 'encoding', 'glucose-specific', 'permease', 'was', '#initiated', 'from', 'two', 'promoters', ',', 'p1', 'and', 'p2', 'at', 'the', 'g', 'residue', 'of', 'the', 'upstream', 'gatc', 'sequence', '.']
102	['B-A1', 'O', 'B-V', 'O', 'B-A2', 'I-A2', 'I-A2', 'I-A2', 'O', 'O', 'O', 'O', 'O', 'O', 'O', 'O', 'O', 'O', 'O', 'O', 'O', 'O', 'O', 'O', 'O', 'O', 'O', 'O']	['transcription', 'is', '#initiated', 'from', 'a', 'sigma', '(70)-dependent', 'promoter', 'to', 'give', 'rise', 'to', 'a', 'protein', 'of', '45', 'kda', ',', 'which', 'exists', 'as', 'multiple', 'phosphorylated', 'isoforms', 'in', 'resting', 'cells', '.']
103	['B-A1', 'I-A1', 'I-A1', 'O', 'O', 'B-V', 'O', 'B-A2', 'I-A2', 'O', 'O', 'O', 'O', 'O', 'O', 'O', 'O', 'O', 'O']	['altered', 'c-myc', 'mrnas', 'can', 'be', '#initiated', 'from', 'intron', '1', 'at', 'the', 'g', 'residue', 'of', 'the', 'upstream', 'gatc', 'sequence', '.']
104	['B-A1', 'I-A1', 'I-A1', 'I-A1', 'I-A1', 'I-A1', 'I-A1', 'I-A1', 'I-A1', 'O', 'O', 'O', 'O', 'B-V', 'O', 'B-A2', 'I-A2', 'I-A2', 'I-A2', 'I-A2', 'I-A2', 'I-A2', 'I-A2', 'I-A2', 'O']	['transcription', 'of', 'the', 'divergently', 'transcribed', 'glptq', 'and', 'glpacb', 'operons', 'is', 'able', 'to', 'be', '#initiated', 'at', 'sites', 'separated', 'by', '132', 'base', 'pairs', '(bp)', 'of', 'dna', '.']
105	['B-A1', 'I-A1', 'I-A1', 'I-A1', 'I-A1', 'I-A1', 'O', 'B-V', 'O', 'B-A2', 'I-A2', 'I-A2', 'I-A2', 'I-A2', 'I-A2', 'O', 'O', 'O', 'O', 'O', 'O', 'O', 'O', 'O', 'O', 'O', 'O', 'O', 'O', 'O', 'O', 'O', 'O', 'O', 'O']	['transcription', 'of', 'ptsg', 'encoding', 'glucose-specific', 'permease', 'was', '#initiated', 'from', 'two', 'promoters', ',', 'p1', 'and', 'p2', 'to', 'give', 'rise', 'to', 'a', 'protein', 'of', '45', 'kda', ',', 'which', 'existed', 'as', 'multiple', 'phosphorylated', 'isoforms', 'in', 'resting', 'cells', '.']
106	['B-A1', 'O', 'B-V', 'O', 'B-A2', 'I-A2', 'I-A2', 'I-A2', 'O', 'O', 'O', 'O', 'O', 'O', 'O', 'O', 'O', 'O', 'O', 'O', 'O', 'O', 'O', 'O', 'O', 'O', 'O']	['transcription', 'being', '#initiated', 'from', 'a', 'sigma', '(70)-dependent', 'promoter', 'gives', 'rise', 'to', 'a', 'protein', 'of', '45', 'kda', ',', 'which', 'existed', 'as', 'multiple', 'phosphorylated', 'isoforms', 'in', 'resting', 'cells', '.']
107	['B-A1', 'I-A1', 'I-A1', 'O', 'O', 'O', 'O', 'B-V', 'O', 'B-A2', 'I-A2', 'O', 'O', 'O', 'O', 'O', 'O', 'O', 'O', 'O', 'O']	['altered', 'c-myc', 'mrnas', 'is', 'observed', 'to', 'be', '#initiated', 'from', 'intron', '1', 'at', 'the', 'g', 'residue', 'of', 'the', 'upstream', 'gatc', 'sequence', '.']
108	['B-A1', 'I-A1', 'I-A1', 'I-A1', 'I-A1', 'I-A1', 'I-A1', 'I-A1', 'I-A1', 'O', 'B-V', 'O', 'B-A2', 'I-A2', 'I-A2', 'I-A2', 'I-A2', 'I-A2', 'I-A2', 'I-A2', 'I-A2', 'O']	['transcription', 'of', 'the', 'divergently', 'transcribed', 'glptq', 'and', 'glpacb', 'operons', 'is', '#initiated', 'at', 'sites', 'separated', 'by', '132', 'base', 'pairs', '(bp)', 'of', 'dna', '.']
109	['B-A1', 'I-A1', 'I-A1', 'I-A1', 'I-A1', 'I-A1', 'O', 'B-V', 'B-A2', 'O', 'I-A2', 'I-A2', 'I-A2', 'I-A2', 'I-A2', 'I-A2', 'O', 'O', 'O', 'O', 'O', 'O', 'O', 'O', 'O', 'O', 'O', 'O', 'O', 'O', 'O', 'O', 'O', 'O', 'O', 'O']	['transcription', 'of', 'ptsg', 'encoding', 'glucose-specific', 'permease', 'is', '#initiated', 'from', 'from', 'two', 'promoters', ',', 'p1', 'and', 'p2', 'to', 'give', 'rise', 'to', 'a', 'protein', 'of', '45', 'kda', ',', 'which', 'exists', 'as', 'multiple', 'phosphorylated', 'isoforms', 'in', 'resting', 'cells', '.']
110	['B-A1', 'O', 'O', 'B-V', 'O', 'B-A2', 'I-A2', 'I-A2', 'I-A2', 'O', 'O', 'O', 'O', 'O', 'O', 'O', 'O', 'O', 'O', 'O', 'O', 'O', 'O', 'O', 'O', 'O', 'O', 'O', 'O']	['transcription', 'will', 'be', '#initiated', 'from', 'a', 'sigma', '(70)-dependent', 'promoter', 'to', 'give', 'rise', 'to', 'a', 'protein', 'of', '45', 'kda', ',', 'which', 'existed', 'as', 'multiple', 'phosphorylated', 'isoforms', 'in', 'resting', 'cells', '.']
111	['B-A1', 'I-A1', 'I-A1', 'I-A1', 'O', 'O', 'O', 'B-V', 'O', 'B-A2', 'I-A2', 'I-A2', 'I-A2', 'O', 'O', 'O', 'O', 'O', 'O', 'O', 'O', 'O', 'O', 'O', 'O', 'O', 'O', 'O', 'O', 'O', 'O', 'O', 'O']	['i', 'kappa', 'b-epsilon', 'translation', 'which', 'may', 'be', '#initiated', 'from', 'an', 'internal', 'atg', 'codon', 'to', 'give', 'rise', 'to', 'a', 'protein', 'of', '45', 'kda', ',', 'which', 'existed', 'as', 'multiple', 'phosphorylated', 'isoforms', 'in', 'resting', 'cells', '.']
112	['B-A1', 'I-A1', 'O', 'O', 'O', 'B-V', 'O', 'B-A2', 'I-A2', 'O', 'O', 'O', 'O', 'O', 'O', 'O', 'O', 'O', 'O']	['c-myc', 'mrnas', 'may', 'have', 'been', '#initiated', 'from', 'intron', '1', 'at', 'the', 'g', 'residue', 'of', 'the', 'upstream', 'gatc', 'sequence', '.']
113	['O', 'B-A3', 'I-A3', 'O', 'O', 'B-V', 'B-A1', 'O', 'B-A2', 'I-A2', 'I-A2', 'I-A2', 'I-A2', 'I-A2', 'O', 'O', 'O', 'O', 'O', 'O', 'O', 'O', 'O', 'O', 'O', 'O', 'O', 'O']	['apparently', 'hela', 'cells', 'can', 'either', '#initiate', 'transcription', 'at', 'multiple', 'sites', 'within', 'rps14', 'exon', '1', ',', 'or', 'cap', '5', 'oligonucleotides', 'which', 'were', 'removed', 'from', 'most', 's14', 'mrnas', 'posttranscription', '.']
114	['B-A1', 'I-A1', 'I-A1', 'I-A1', 'I-A1', 'I-A1', 'I-A1', 'I-A1', 'I-A1', 'O', 'O', 'O', 'B-V', 'O', 'B-A2', 'I-A2', 'I-A2', 'I-A2', 'I-A2', 'I-A2', 'I-A2', 'I-A2', 'I-A2', 'O']	['transcription', 'of', 'the', 'divergently', 'transcribed', 'glptq', 'and', 'glpacb', 'operons', 'may', 'have', 'been', '#initiated', 'at', 'sites', 'separated', 'by', '132', 'base', 'pairs', '(bp)', 'of', 'dna', '.']
115	['B-A1', 'I-A1', 'I-A1', 'I-A1', 'I-A1', 'I-A1', 'O', 'O', 'O', 'B-V', 'O', 'B-A2', 'I-A2', 'I-A2', 'I-A2', 'I-A2', 'I-A2', 'O', 'O', 'O', 'O', 'O', 'O', 'O', 'O', 'O', 'O']	['transcription', 'of', 'ptsg', 'encoding', 'glucose-specific', 'permease', 'may', 'have', 'been', '#initiated', 'from', 'two', 'promoters', ',', 'p1', 'and', 'p2', 'at', 'the', 'g', 'residue', 'of', 'the', 'upstream', 'gatc', 'sequence', '.']
116	['B-A1', 'I-A1', 'I-A1', 'O', 'O', 'O', 'B-V', 'O', 'B-A2', 'I-A2', 'O', 'O', 'O', 'O', 'O', 'O', 'O', 'O', 'O', 'O', 'O', 'O', 'O', 'O', 'O', 'O', 'O', 'O', 'O']	['altered', 'c-myc', 'mrnas', 'which', 'has', 'been', '#initiated', 'from', 'intron', '1', 'gives', 'rise', 'to', 'a', 'protein', 'of', '45', 'kda', ',', 'which', 'existed', 'as', 'multiple', 'phosphorylated', 'isoforms', 'in', 'resting', 'cells', '.']
117	['O', 'O', 'O', 'O', 'O', 'O', 'O', 'O', 'O', 'O', 'O', 'O', 'O', 'O', 'O', 'O', 'O', 'O', 'O', 'B-A0', 'O', 'O', 'B-V', 'B-A1', 'I-A1', 'O']	['ligand', 'binding', 'induces', 'cell', 'surface', 'receptor', 'complex', 'formation', 'and', 'activates', 'a', 'cascade', 'of', 'phosphorylation', 'events', 'of', 'intracellular', 'intermediaries', 'termed', 'scf', 'that', 'can', '#initiate', 'signal', 'transduction', '.']
118	['O', 'O', 'O', 'O', 'O', 'O', 'O', 'O', 'O', 'O', 'O', 'O', 'O', 'O', 'O', 'O', 'O', 'O', 'O', 'B-A0', 'O', 'O', 'O', 'B-V', 'B-A1', 'I-A1', 'O']	['ligand', 'binding', 'induced', 'cell', 'surface', 'receptor', 'complex', 'formation', 'and', 'activates', 'a', 'cascade', 'of', 'phosphorylation', 'events', 'of', 'intracellular', 'intermediaries', 'termed', 'smads', ',', 'which', 'may', '#initiate', 'transcriptional', 'regulation', '.']
119	['O', 'O', 'O', 'O', 'O', 'O', 'O', 'O', 'O', 'O', 'O', 'O', 'O', 'O', 'O', 'O', 'O', 'O', 'O', 'O', 'O', 'O', 'O', 'O', 'O', 'O', 'B-A0', 'I-A0', 'O', 'O', 'O', 'O', 'O', 'O', 'O', 'O', 'O', 'O', 'O', 'B-V', 'B-A1', 'I-A1', 'I-A1', 'O']	['scf', ',', 'like', 'the', 'other', 'dimeric', 'ligands', ',', 'initates', 'signal', 'transduction', 'by', 'direct', 'dimerization', 'of', 'its', 'receptor', ',', 'kit', ',', 'and', 'the', 'two', 'juxtaposed', 'receptors', 'undergo', 'tyrosine', 'autophosphorylation', '(heldin', ',', '1995;', 'broudy', ',', '1997)', ',', 'which', 'is', 'observed', 'to', '#initiate', 'downstream', 'intracellular', 'signaling', '.']
120	['B-A0', 'B-V', 'B-A1', 'I-A1', 'B-A4', 'O', 'I-A4', 'I-A4', 'I-A4', 'I-A4', 'I-A4', 'O', 'O', 'O', 'O', 'O', 'O', 'O', 'O']	['scf', '#initiate', 'signal', 'transduction', 'by', 'by', 'direct', 'dimerization', 'of', 'its', 'receptor', ',', 'thereby', 'raising', 'cytosolic', 'ca(2+)', ',', '[ca(2+)](i)', '.']
121	['B-A0', 'B-V', 'B-A1', 'I-A1', 'B-A4', 'O', 'I-A4', 'I-A4', 'I-A4', 'I-A4', 'I-A4', 'O', 'O', 'O', 'O', 'O', 'O', 'O', 'O']	['scf', '#initiated', 'signal', 'transduction', 'by', 'by', 'direct', 'dimerization', 'of', 'its', 'receptor', ',', 'thereby', 'raising', 'cytosolic', 'ca(2+)', ',', '[ca(2+)](i)', '.']
122	['O', 'O', 'O', 'O', 'O', 'O', 'O', 'O', 'O', 'O', 'O', 'O', 'O', 'O', 'O', 'O', 'O', 'O', 'O', 'B-A0', 'I-A0', 'O', 'O', 'O', 'B-V', 'B-A1', 'I-A1', 'I-A1', 'O']	['ligand', 'binding', 'induced', 'cell', 'surface', 'receptor', 'complex', 'formation', 'and', 'activates', 'a', 'cascade', 'of', 'phosphorylation', 'events', 'of', 'intracellular', 'intermediaries', 'termed', 'tyrosine', 'autophosphorylation', ',', 'which', 'have', '#initiated', 'downstream', 'intracellular', 'signaling', '.']
123	['B-A1', 'I-A1', 'I-A1', 'O', 'O', 'B-V', 'O', 'B-A0', 'I-A0', 'O', 'O', 'O', 'O', 'O', 'O', 'O', 'O', 'O', 'O', 'O']	['downstream', 'intracellular', 'signaling', 'can', 'be', '#initiated', 'by', 'tyrosine', 'autophosphorylation', ',', 'followed', 'by', 'phosphoryl', 'group', 'transfer', 'to', 'the', 'regulator', 'arca', '.']
124	['B-A1', 'I-A1', 'O', 'O', 'O', 'O', 'B-V', 'O', 'B-A0', 'B-A4', 'I-A4', 'I-A4', 'I-A4', 'I-A4', 'I-A4', 'O', 'O', 'O', 'O', 'O', 'O', 'O', 'O', 'O', 'O', 'O', 'O', 'O', 'O', 'O', 'O', 'O', 'O', 'B-V', 'O', 'O', 'O', 'O']	['signal', 'transduction', 'is', 'able', 'to', 'be', '#initiated', 'by', 'scf', 'by', 'direct', 'dimerization', 'of', 'its', 'receptor', ',', 'kit', ',and', 'the', 'two', 'juxtaposed', 'receptors', 'undergo', 'tyrosine', 'autophosphorylation', '(heldin', ',', '1995;', 'broudy', ',', '1997)', ',', 'which', '#initiated', 'downstream', 'intracellular', 'signaling', '.']
125	['B-A0', 'O', 'O', 'O', 'B-V', 'B-A1', 'O', 'B-A4', 'I-A4', 'I-A4', 'I-A4', 'I-A4', 'I-A4', 'I-A4', 'O', 'O', 'O', 'O', 'O', 'O', 'O', 'O']	['rtks', 'are', 'observed', 'to', '#initiate', 'signaling', 'by', 'recruiting', 'downstream', 'components', 'to', 'the', 'activated', 'receptor', ',', 'thereby', 'raising', 'cytosolic', 'ca(2+)', ',', '[ca(2+)](i)', '.']
126	['B-A0', 'O', 'O', 'O', 'O', 'O', 'O', 'O', 'O', 'B-A1', 'I-A1', 'O', 'O', 'O', 'O', 'O', 'O', 'O', 'O', 'O', 'O', 'O', 'O', 'O', 'O', 'O', 'B-A0', 'O', 'O', 'O', 'O', 'O', 'O', 'O', 'O', 'O', 'O', 'O', 'B-V', 'B-A1', 'O', 'O']	['scf', ',', 'like', 'the', 'other', 'dimeric', 'ligands', ',', 'initates', 'signal', 'transduction', 'by', 'direct', 'dimerization', 'of', 'its', 'receptor', ',', 'kit', ',', 'and', 'the', 'two', 'juxtaposed', 'receptors', 'undergo', 'scf', '(heldin', ',', '1995;', 'broudy', ',', '1997)', ',', 'which', 'is', 'able', 'to', '#initiate', 'signal', 'transduction', '.']
127	['O', 'O', 'O', 'O', 'O', 'O', 'O', 'O', 'O', 'O', 'O', 'O', 'O', 'O', 'O', 'O', 'O', 'O', 'O', 'B-A0', 'I-A0', 'O', 'B-V', 'B-A1', 'I-A1', 'I-A1', 'O']	['ligand', 'binding', 'induced', 'cell', 'surface', 'receptor', 'complex', 'formation', 'and', 'activates', 'a', 'cascade', 'of', 'phosphorylation', 'events', 'of', 'intracellular', 'intermediaries', 'termed', 'tyrosine', 'autophosphorylation', 'that', '#initiated', 'downstream', 'intracellular', 'signaling', '.']
128	['B-A1', 'I-A1', 'I-A1', 'O', 'O', 'O', 'O', 'B-V', 'O', 'B-A0', 'I-A0', 'O', 'O', 'O', 'O', 'O', 'O', 'O', 'O', 'O', 'O', 'O']	['downstream', 'intracellular', 'signaling', 'is', 'able', 'to', 'be', '#initiated', 'by', 'tyrosine', 'autophosphorylation', ',', 'followed', 'by', 'phosphoryl', 'group', 'transfer', 'to', 'the', 'regulator', 'arca', '.']
129	['O', 'O', 'O', 'O', 'O', 'O', 'O', 'O', 'O', 'O', 'O', 'O', 'O', 'O', 'O', 'O', 'O', 'O', 'O', 'B-A0', 'O', 'O', 'B-V', 'B-A1', 'I-A1', 'O']	['ligand', 'binding', 'induces', 'cell', 'surface', 'receptor', 'complex', 'formation', 'and', 'activates', 'a', 'cascade', 'of', 'phosphorylation', 'events', 'of', 'intracellular', 'intermediaries', 'termed', 'scf', ',', 'which', '#initiate', 'signal', 'transduction', '.']
130	['O', 'O', 'O', 'O', 'O', 'O', 'O', 'O', 'O', 'O', 'O', 'O', 'O', 'O', 'O', 'O', 'O', 'O', 'O', 'B-A0', 'O', 'O', 'B-V', 'B-A1', 'I-A1', 'O']	['ligand', 'binding', 'induces', 'cell', 'surface', 'receptor', 'complex', 'formation', 'and', 'activates', 'a', 'cascade', 'of', 'phosphorylation', 'events', 'of', 'intracellular', 'intermediaries', 'termed', 'smads', 'that', 'may', '#initiate', 'transcriptional', 'regulation', '.']
131	['O', 'O', 'O', 'O', 'O', 'O', 'O', 'O', 'O', 'O', 'O', 'O', 'O', 'O', 'O', 'O', 'O', 'O', 'O', 'B-A0', 'O', 'O', 'O', 'O', 'O', 'B-V', 'B-A1', 'I-A1', 'O']	['ligand', 'binding', 'induced', 'cell', 'surface', 'receptor', 'complex', 'formation', 'and', 'activates', 'a', 'cascade', 'of', 'phosphorylation', 'events', 'of', 'intracellular', 'intermediaries', 'termed', 'smads', ',', 'which', 'are', 'able', 'to', '#initiate', 'transcriptional', 'regulation', '.']
132	['B-A1', 'I-A1', 'O', 'O', 'B-V', 'O', 'B-A0', 'B-A4', 'I-A4', 'I-A4', 'I-A4', 'I-A4', 'I-A4', 'O', 'O', 'O', 'O', 'O', 'O', 'O', 'O', 'O', 'O', 'O', 'O', 'O', 'O', 'O', 'O', 'O', 'O', 'B-V', 'O', 'O', 'O', 'O']	['signal', 'transduction', 'can', 'be', '#initiated', 'by', 'scf', 'by', 'direct', 'dimerization', 'of', 'its', 'receptor', ',', 'kit', ',and', 'the', 'two', 'juxtaposed', 'receptors', 'undergo', 'tyrosine', 'autophosphorylation', '(heldin', ',', '1995;', 'broudy', ',', '1997)', ',', 'which', '#initiated', 'downstream', 'intracellular', 'signaling', '.']
133	['O', 'O', 'O', 'O', 'O', 'O', 'O', 'O', 'O', 'O', 'O', 'O', 'O', 'O', 'O', 'O', 'O', 'O', 'O', 'B-A0', 'O', 'O', 'O', 'O', 'O', 'B-V', 'B-A1', 'I-A1', 'O']	['ligand', 'binding', 'induced', 'cell', 'surface', 'receptor', 'complex', 'formation', 'and', 'activates', 'a', 'cascade', 'of', 'phosphorylation', 'events', 'of', 'intracellular', 'intermediaries', 'termed', 'scf', ',', 'which', 'are', 'able', 'to', '#initiate', 'signal', 'transduction', '.']
134	['B-A1', 'I-A1', 'O', 'O', 'B-V', 'O', 'B-A0', 'B-A4', 'I-A4', 'I-A4', 'I-A4', 'I-A4', 'I-A4', 'O', 'O', 'O', 'O', 'O', 'O', 'O', 'O', 'O', 'O', 'O', 'O', 'O', 'O', 'O', 'O', 'O', 'O', 'B-V', 'O', 'O', 'O', 'O']	['signal', 'transduction', 'has', 'been', '#initiated', 'by', 'scf', 'by', 'direct', 'dimerization', 'of', 'its', 'receptor', ',', 'kit', ',and', 'the', 'two', 'juxtaposed', 'receptors', 'undergo', 'tyrosine', 'autophosphorylation', '(heldin', ',', '1995;', 'broudy', ',', '1997)', ',', 'which', '#initiated', 'downstream', 'intracellular', 'signaling', '.']
135	['B-A0', 'O', 'O', 'O', 'O', 'O', 'O', 'O', 'O', 'B-A1', 'I-A1', 'O', 'O', 'O', 'O', 'O', 'O', 'O', 'O', 'O', 'O', 'O', 'O', 'O', 'O', 'O', 'B-A0', 'O', 'O', 'O', 'O', 'O', 'O', 'O', 'O', 'B-V', 'B-A1', 'O', 'O']	['scf', ',', 'like', 'the', 'other', 'dimeric', 'ligands', ',', 'initates', 'signal', 'transduction', 'by', 'direct', 'dimerization', 'of', 'its', 'receptor', ',', 'kit', ',', 'and', 'the', 'two', 'juxtaposed', 'receptors', 'undergo', 'scf', '(heldin', ',', '1995;', 'broudy', ',', '1997)', ',', 'which', '#initiated', 'signal', 'transduction', '.']
136	['O', 'B-A1', 'I-A1', 'O', 'O', 'B-V', 'O', 'B-A0', 'B-A4', 'O', 'I-A4', 'I-A4', 'I-A4', 'I-A4', 'I-A4', 'O', 'O', 'O', 'O', 'O', 'O', 'O', 'O', 'O', 'O', 'O', 'O', 'O', 'O', 'O', 'O', 'O', 'O', 'O', 'O', 'O', 'O', 'O', 'O', 'O', 'O', 'O', 'O', 'O', 'O', 'O', 'O', 'O', 'O', 'O', 'O']	['since', 'signal', 'transduction', 'may', 'be', '#initiated', 'by', 'scf', 'by', 'by', 'direct', 'dimerization', 'of', 'its', 'receptor', ',', 'proteins', 'that', 'are', 'immediately', 'downstream', 'of', 'an', 'activated', 'rtk', 'can', 'be', 'identified', 'by', 'first', 'identifying', 'sequences', 'in', 'the', 'rtk', 'that', 'are', 'necessary', 'to', 'activate', 'downstream', 'signaling', '(schlessinger', 'and', 'ullrich', ',', '1992;', 'pawson', ',', '1995)', '.']
137	['O', 'O', 'O', 'O', 'O', 'O', 'O', 'O', 'O', 'O', 'O', 'O', 'O', 'O', 'O', 'O', 'O', 'O', 'O', 'B-A0', 'O', 'O', 'B-V', 'B-A1', 'I-A1', 'O']	['ligand', 'binding', 'induces', 'cell', 'surface', 'receptor', 'complex', 'formation', 'and', 'activates', 'a', 'cascade', 'of', 'phosphorylation', 'events', 'of', 'intracellular', 'intermediaries', 'termed', 'smads', ',', 'which', '#initiate', 'transcriptional', 'regulation', '.']
138	['O', 'O', 'O', 'O', 'O', 'O', 'O', 'O', 'O', 'O', 'O', 'O', 'O', 'O', 'O', 'O', 'O', 'O', 'O', 'O', 'O', 'O', 'O', 'O', 'O', 'O', 'B-A0', 'I-A0', 'O', 'O', 'O', 'O', 'O', 'O', 'O', 'O', 'O', 'O', 'O', 'B-V', 'B-A1', 'I-A1', 'I-A1', 'O']	['scf', ',', 'like', 'the', 'other', 'dimeric', 'ligands', ',', 'initates', 'signal', 'transduction', 'by', 'direct', 'dimerization', 'of', 'its', 'receptor', ',', 'kit', ',', 'and', 'the', 'two', 'juxtaposed', 'receptors', 'undergo', 'tyrosine', 'autophosphorylation', '(heldin', ',', '1995;', 'broudy', ',', '1997)', ',', 'which', 'is', 'able', 'to', '#initiate', 'downstream', 'intracellular', 'signaling', '.']
139	['O', 'B-A0', 'O', 'B-V', 'B-A1', 'I-A1', 'B-A4', 'O', 'I-A4', 'I-A4', 'I-A4', 'I-A4', 'I-A4', 'O', 'O', 'O', 'O', 'O', 'O', 'O', 'O', 'O', 'O', 'O', 'O', 'O', 'O', 'O', 'O', 'O', 'O', 'O', 'O', 'O', 'O', 'O', 'O', 'O', 'O', 'O', 'O', 'O', 'O', 'O', 'O', 'O', 'O', 'O', 'O']	['since', 'scf', 'will', '#initiate', 'signal', 'transduction', 'by', 'by', 'direct', 'dimerization', 'of', 'its', 'receptor', ',', 'proteins', 'that', 'are', 'immediately', 'downstream', 'of', 'an', 'activated', 'rtk', 'can', 'be', 'identified', 'by', 'first', 'identifying', 'sequences', 'in', 'the', 'rtk', 'that', 'are', 'necessary', 'to', 'activate', 'downstream', 'signaling', '(schlessinger', 'and', 'ullrich', ',', '1992;', 'pawson', ',', '1995)', '.']
140	['O', 'O', 'O', 'O', 'O', 'O', 'O', 'O', 'O', 'O', 'O', 'O', 'O', 'O', 'O', 'O', 'O', 'O', 'O', 'B-A0', 'B-V', 'B-A1', 'I-A1', 'O']	['ligand', 'binding', 'induced', 'cell', 'surface', 'receptor', 'complex', 'formation', 'and', 'activates', 'a', 'cascade', 'of', 'phosphorylation', 'events', 'of', 'intracellular', 'intermediaries', 'termed', 'smads', '#initiating', 'transcriptional', 'regulation', '.']
141	['O', 'O', 'O', 'O', 'O', 'O', 'O', 'O', 'O', 'O', 'O', 'O', 'O', 'O', 'O', 'O', 'O', 'O', 'O', 'B-A0', 'I-A0', 'O', 'O', 'B-V', 'B-A1', 'I-A1', 'I-A1', 'O']	['ligand', 'binding', 'induces', 'cell', 'surface', 'receptor', 'complex', 'formation', 'and', 'activates', 'a', 'cascade', 'of', 'phosphorylation', 'events', 'of', 'intracellular', 'intermediaries', 'termed', 'tyrosine', 'autophosphorylation', ',', 'which', '#initiate', 'downstream', 'intracellular', 'signaling', '.']
142	['B-A1', 'I-A1', 'O', 'O', 'O', 'O', 'B-V', 'O', 'B-A0', 'O', 'O', 'O', 'O', 'O', 'O', 'O', 'O', 'O', 'O', 'O']	['transcriptional', 'regulation', 'is', 'able', 'to', 'be', '#initiated', 'by', 'smads', ',', 'followed', 'by', 'phosphoryl', 'group', 'transfer', 'to', 'the', 'regulator', 'arca', '.']
143	['O', 'O', 'O', 'O', 'O', 'O', 'O', 'O', 'O', 'O', 'O', 'O', 'O', 'O', 'O', 'O', 'O', 'O', 'O', 'O', 'O', 'O', 'O', 'O', 'O', 'B-A0', 'O', 'O', 'O', 'O', 'O', 'O', 'O', 'O', 'B-V', 'B-A1', 'I-A1', 'O']	['scf', ',', 'like', 'the', 'other', 'dimeric', 'ligands', ',', 'initates', 'signal', 'transduction', 'by', 'direct', 'dimerization', 'of', 'its', 'receptor', ',', 'kit', ',and', 'the', 'two', 'juxtaposed', 'receptors', 'undergo', 'smads', '(heldin', ',', '1995;', 'broudy', ',', '1997)', ',', 'which', '#initiates', 'transcriptional', 'regulation', '.']
144	['O', 'B-A0', 'B-V', 'B-A1', 'I-A1', 'B-A4', 'O', 'I-A4', 'I-A4', 'I-A4', 'I-A4', 'I-A4', 'O', 'O', 'O', 'O', 'O', 'O', 'O', 'O', 'O', 'O', 'O', 'O', 'O', 'O', 'O', 'O', 'O', 'O', 'O', 'O', 'O', 'O', 'O', 'O', 'O', 'O', 'O', 'O', 'O', 'O', 'O', 'O', 'O', 'O', 'O', 'O']	['since', 'scf', '#initiate', 'signal', 'transduction', 'by', 'by', 'direct', 'dimerization', 'of', 'its', 'receptor', ',', 'proteins', 'that', 'are', 'immediately', 'downstream', 'of', 'an', 'activated', 'rtk', 'can', 'be', 'identified', 'by', 'first', 'identifying', 'sequences', 'in', 'the', 'rtk', 'that', 'are', 'necessary', 'to', 'activate', 'downstream', 'signaling', '(schlessinger', 'and', 'ullrich', ',', '1992;', 'pawson', ',', '1995)', '.']
145	['O', 'B-A1', 'O', 'O', 'B-V', 'O', 'B-A0', 'O', 'B-A4', 'I-A4', 'I-A4', 'I-A4', 'I-A4', 'I-A4', 'I-A4', 'O', 'O', 'O', 'O', 'O', 'O', 'O', 'O', 'I-A4', 'O', 'O', 'O', 'O', 'O', 'O', 'O', 'O', 'O', 'O', 'O', 'O', 'O', 'O', 'O', 'O', 'O', 'B-A1', 'O', 'O', 'O', 'O', 'O', 'O', 'O', 'O', 'O']	['since', 'signaling', 'may', 'be', '#initiated', 'by', 'rtks', 'by', 'recruiting', 'downstream', 'components', 'to', 'the', 'activated', 'receptor', ',', 'proteins', 'that', 'are', 'immediately', 'downstream', 'of', 'an', 'activated', 'rtk', 'can', 'be', 'identified', 'by', 'first', 'identifying', 'sequences', 'in', 'the', 'rtk', 'that', 'are', 'necessary', 'to', 'activate', 'downstream', 'signaling', '(schlessinger', 'and', 'ullrich', ',', '1992;', 'pawson', ',', '1995)', '.']
146	['O', 'B-A1', 'O', 'B-V', 'O', 'B-A0', 'O', 'B-A4', 'I-A4', 'I-A4', 'I-A4', 'I-A4', 'I-A4', 'I-A4', 'O', 'O', 'O', 'O', 'O', 'O', 'O', 'O', 'I-A4', 'O', 'O', 'O', 'O', 'O', 'O', 'O', 'O', 'O', 'O', 'O', 'O', 'O', 'O', 'O', 'O', 'O', 'B-A1', 'O', 'O', 'O', 'O', 'O', 'O', 'O', 'O', 'O']	['since', 'signaling', 'is', '#initiated', 'by', 'rtks', 'by', 'recruiting', 'downstream', 'components', 'to', 'the', 'activated', 'receptor', ',', 'proteins', 'that', 'are', 'immediately', 'downstream', 'of', 'an', 'activated', 'rtk', 'can', 'be', 'identified', 'by', 'first', 'identifying', 'sequences', 'in', 'the', 'rtk', 'that', 'are', 'necessary', 'to', 'activate', 'downstream', 'signaling', '(schlessinger', 'and', 'ullrich', ',', '1992;', 'pawson', ',', '1995)', '.']
147	['O', 'B-A0', 'O', 'B-V', 'B-A1', 'O', 'B-A4', 'I-A4', 'I-A4', 'I-A4', 'I-A4', 'I-A4', 'I-A4', 'O', 'O', 'O', 'O', 'O', 'O', 'O', 'O', 'I-A4', 'O', 'O', 'O', 'O', 'O', 'O', 'O', 'O', 'O', 'O', 'O', 'O', 'O', 'O', 'O', 'O', 'O', 'B-A1', 'O', 'O', 'O', 'O', 'O', 'O', 'O', 'O', 'O']	['since', 'rtks', 'are', '#initiating', 'signaling', 'by', 'recruiting', 'downstream', 'components', 'to', 'the', 'activated', 'receptor', ',', 'proteins', 'that', 'are', 'immediately', 'downstream', 'of', 'an', 'activated', 'rtk', 'can', 'be', 'identified', 'by', 'first', 'identifying', 'sequences', 'in', 'the', 'rtk', 'that', 'are', 'necessary', 'to', 'activate', 'downstream', 'signaling', '(schlessinger', 'and', 'ullrich', ',', '1992;', 'pawson', ',', '1995)', '.']
148	['B-A1', 'I-A1', 'O', 'B-V', 'O', 'B-A0', 'O', 'O', 'O', 'O', 'O', 'O', 'O', 'O', 'O', 'O', 'O']	['signal', 'transduction', 'is', '#initiated', 'by', 'scf', ',', 'followed', 'by', 'phosphoryl', 'group', 'transfer', 'to', 'the', 'regulator', 'arca', '.']
149	['O', 'O', 'O', 'O', 'O', 'O', 'O', 'O', 'O', 'O', 'O', 'O', 'O', 'O', 'O', 'O', 'O', 'O', 'O', 'B-A0', 'O', 'O', 'B-V', 'B-A1', 'I-A1', 'O']	['ligand', 'binding', 'induces', 'cell', 'surface', 'receptor', 'complex', 'formation', 'and', 'activates', 'a', 'cascade', 'of', 'phosphorylation', 'events', 'of', 'intracellular', 'intermediaries', 'termed', 'scf', 'that', 'may', '#initiate', 'signal', 'transduction', '.']
150	['B-A0', 'O', 'O', 'O', 'O', 'B-V', 'B-A1', 'I-A1', 'B-A4', 'O', 'I-A4', 'I-A4', 'I-A4', 'I-A4', 'I-A4', 'O', 'O', 'O', 'O', 'O', 'O', 'O', 'O']	['scf', 'have', 'the', 'ability', 'to', '#initiate', 'signal', 'transduction', 'by', 'by', 'direct', 'dimerization', 'of', 'its', 'receptor', ',', 'thereby', 'raising', 'cytosolic', 'ca(2+)', ',', '[ca(2+)](i)', '.']
151	['B-A1', 'I-A1', 'O', 'O', 'B-V', 'O', 'B-A0', 'O', 'O', 'O', 'O', 'O', 'O', 'O', 'O', 'O', 'O', 'O']	['signal', 'transduction', 'could', 'be', '#initiated', 'by', 'scf', ',', 'followed', 'by', 'phosphoryl', 'group', 'transfer', 'to', 'the', 'regulator', 'arca', '.']
152	['B-A1', 'I-A1', 'I-A1', 'O', 'O', 'B-V', 'O', 'B-A0', 'I-A0', 'O', 'O', 'O', 'O', 'O', 'O', 'O', 'O', 'O', 'O', 'O']	['downstream', 'intracellular', 'signaling', 'may', 'be', '#initiated', 'by', 'tyrosine', 'autophosphorylation', ',', 'followed', 'by', 'phosphoryl', 'group', 'transfer', 'to', 'the', 'regulator', 'arca', '.']
153	['O', 'O', 'O', 'O', 'O', 'O', 'O', 'O', 'O', 'O', 'O', 'O', 'O', 'O', 'O', 'O', 'O', 'O', 'O', 'O', 'O', 'O', 'O', 'O', 'O', 'B-A0', 'I-A0', 'O', 'O', 'O', 'O', 'O', 'O', 'O', 'O', 'B-V', 'B-A1', 'I-A1', 'I-A1', 'O']	['scf', ',', 'like', 'the', 'other', 'dimeric', 'ligands', ',', 'initates', 'signal', 'transduction', 'by', 'direct', 'dimerization', 'of', 'its', 'receptor', ',', 'kit', ',and', 'the', 'two', 'juxtaposed', 'receptors', 'undergo', 'tyrosine', 'autophosphorylation', '(heldin', ',', '1995;', 'broudy', ',', '1997)', ',', 'which', '#initiates', 'downstream', 'intracellular', 'signaling', '.']
154	['B-A0', 'O', 'O', 'B-V', 'B-A1', 'O', 'B-A4', 'I-A4', 'I-A4', 'I-A4', 'I-A4', 'I-A4', 'I-A4', 'O', 'O', 'O', 'O', 'O', 'O', 'O', 'O']	['rtks', 'may', 'have', '#initiated', 'signaling', 'by', 'recruiting', 'downstream', 'components', 'to', 'the', 'activated', 'receptor', ',', 'thereby', 'raising', 'cytosolic', 'ca(2+)', ',', '[ca(2+)](i)', '.']
155	['B-A0', 'O', 'B-V', 'B-A1', 'O', 'B-A4', 'I-A4', 'I-A4', 'I-A4', 'I-A4', 'I-A4', 'I-A4', 'O', 'O', 'O', 'O', 'O', 'O', 'O', 'O']	['rtks', 'have', '#initiated', 'signaling', 'by', 'recruiting', 'downstream', 'components', 'to', 'the', 'activated', 'receptor', ',', 'thereby', 'raising', 'cytosolic', 'ca(2+)', ',', '[ca(2+)](i)', '.']
156	['O', 'O', 'O', 'O', 'O', 'O', 'O', 'O', 'O', 'O', 'O', 'O', 'O', 'O', 'O', 'O', 'O', 'O', 'O', 'B-A0', 'O', 'O', 'B-V', 'B-A1', 'I-A1', 'O']	['ligand', 'binding', 'induces', 'cell', 'surface', 'receptor', 'complex', 'formation', 'and', 'activates', 'a', 'cascade', 'of', 'phosphorylation', 'events', 'of', 'intracellular', 'intermediaries', 'termed', 'smads', 'that', 'have', '#initiated', 'transcriptional', 'regulation', '.']
157	['B-A1', 'I-A1', 'O', 'O', 'O', 'O', 'B-V', 'O', 'B-A0', 'O', 'O', 'O', 'O', 'O', 'O', 'O', 'O', 'O', 'O', 'O']	['signal', 'transduction', 'is', 'observed', 'to', 'be', '#initiated', 'by', 'scf', ',', 'followed', 'by', 'phosphoryl', 'group', 'transfer', 'to', 'the', 'regulator', 'arca', '.']
158	['O', 'O', 'O', 'O', 'O', 'O', 'O', 'O', 'O', 'O', 'O', 'O', 'O', 'O', 'O', 'O', 'O', 'O', 'O', 'B-A0', 'I-A0', 'O', 'O', 'O', 'O', 'O', 'B-V', 'B-A1', 'I-A1', 'I-A1', 'O']	['ligand', 'binding', 'induced', 'cell', 'surface', 'receptor', 'complex', 'formation', 'and', 'activates', 'a', 'cascade', 'of', 'phosphorylation', 'events', 'of', 'intracellular', 'intermediaries', 'termed', 'tyrosine', 'autophosphorylation', ',', 'which', 'are', 'able', 'to', '#initiate', 'downstream', 'intracellular', 'signaling', '.']
159	['O', 'O', 'O', 'O', 'O', 'O', 'O', 'O', 'O', 'O', 'O', 'O', 'O', 'O', 'O', 'O', 'O', 'O', 'O', 'B-A0', 'I-A0', 'O', 'O', 'B-V', 'B-A1', 'I-A1', 'I-A1', 'O']	['ligand', 'binding', 'induced', 'cell', 'surface', 'receptor', 'complex', 'formation', 'and', 'activates', 'a', 'cascade', 'of', 'phosphorylation', 'events', 'of', 'intracellular', 'intermediaries', 'termed', 'tyrosine', 'autophosphorylation', ',', 'which', '#initiated', 'downstream', 'intracellular', 'signaling', '.']
160	['O', 'O', 'O', 'O', 'O', 'O', 'O', 'O', 'O', 'O', 'O', 'O', 'O', 'O', 'O', 'O', 'O', 'O', 'O', 'O', 'O', 'O', 'O', 'O', 'O', 'O', 'B-A0', 'I-A0', 'O', 'O', 'O', 'O', 'O', 'O', 'O', 'O', 'O', 'B-V', 'B-A1', 'I-A1', 'I-A1', 'O']	['scf', ',', 'like', 'the', 'other', 'dimeric', 'ligands', ',', 'initates', 'signal', 'transduction', 'by', 'direct', 'dimerization', 'of', 'its', 'receptor', ',', 'kit', ',', 'and', 'the', 'two', 'juxtaposed', 'receptors', 'undergo', 'tyrosine', 'autophosphorylation', '(heldin', ',', '1995;', 'broudy', ',', '1997)', ',', 'which', 'can', '#initiate', 'downstream', 'intracellular', 'signaling', '.']
161	['B-A1', 'I-A1', 'O', 'B-V', 'O', 'B-A0', 'O', 'O', 'O', 'O', 'O', 'O', 'O', 'O', 'O', 'O', 'O']	['transcriptional', 'regulation', 'was', '#initiated', 'by', 'smads', ',', 'followed', 'by', 'phosphoryl', 'group', 'transfer', 'to', 'the', 'regulator', 'arca', '.']
162	['B-A1', 'I-A1', 'I-A1', 'O', 'O', 'O', 'B-V', 'O', 'B-A0', 'I-A0', 'O', 'O', 'O', 'O', 'O', 'O', 'O', 'O', 'O', 'O', 'O']	['downstream', 'intracellular', 'signaling', 'may', 'have', 'been', '#initiated', 'by', 'tyrosine', 'autophosphorylation', ',', 'followed', 'by', 'phosphoryl', 'group', 'transfer', 'to', 'the', 'regulator', 'arca', '.']
163	['B-A0', 'O', 'O', 'O', 'O', 'O', 'O', 'O', 'O', 'B-A1', 'B-A4', 'I-A4', 'I-A4', 'I-A4', 'I-A4', 'I-A4', 'I-A4', 'O', 'O', 'O', 'O', 'O', 'O', 'O', 'O', 'O', 'O', 'O', 'O', 'O', 'O', 'O', 'O', 'O', 'O', 'B-V', 'O', 'O', 'B-A1', 'O']	['rtks', ',', 'like', 'the', 'other', 'dimeric', 'ligands', ',', 'initates', 'signaling', 'recruiting', 'downstream', 'components', 'to', 'the', 'activated', 'receptor', ',', 'kit', ',and', 'the', 'two', 'juxtaposed', 'receptors', 'undergo', 'tyrosine', 'autophosphorylation', '(heldin', ',', '1995;', 'broudy', ',', '1997)', ',', 'which', '#initiates', 'downstream', 'intracellular', 'signaling', '.']
164	['O', 'B-A0', 'O', 'O', 'B-V', 'B-A1', 'O', 'B-A4', 'I-A4', 'I-A4', 'I-A4', 'I-A4', 'I-A4', 'I-A4', 'O', 'O', 'O', 'O', 'O', 'O', 'O', 'O', 'I-A4', 'O', 'O', 'O', 'O', 'O', 'O', 'O', 'O', 'O', 'O', 'O', 'O', 'O', 'O', 'O', 'O', 'O', 'B-A1', 'O', 'O', 'O', 'O', 'O', 'O', 'O', 'O', 'O']	['since', 'rtks', 'may', 'have', '#initiated', 'signaling', 'by', 'recruiting', 'downstream', 'components', 'to', 'the', 'activated', 'receptor', ',', 'proteins', 'that', 'are', 'immediately', 'downstream', 'of', 'an', 'activated', 'rtk', 'can', 'be', 'identified', 'by', 'first', 'identifying', 'sequences', 'in', 'the', 'rtk', 'that', 'are', 'necessary', 'to', 'activate', 'downstream', 'signaling', '(schlessinger', 'and', 'ullrich', ',', '1992;', 'pawson', ',', '1995)', '.']
165	['O', 'O', 'O', 'O', 'O', 'O', 'O', 'O', 'O', 'O', 'O', 'O', 'O', 'O', 'O', 'O', 'O', 'O', 'O', 'B-A0', 'O', 'O', 'O', 'O', 'B-V', 'B-A1', 'I-A1', 'O']	['ligand', 'binding', 'induces', 'cell', 'surface', 'receptor', 'complex', 'formation', 'and', 'activates', 'a', 'cascade', 'of', 'phosphorylation', 'events', 'of', 'intracellular', 'intermediaries', 'termed', 'smads', 'that', 'are', 'observed', 'to', '#initiate', 'transcriptional', 'regulation', '.']
166	['B-A0', 'O', 'O', 'O', 'B-V', 'B-A1', 'O', 'B-A4', 'I-A4', 'I-A4', 'I-A4', 'I-A4', 'I-A4', 'I-A4', 'O', 'O', 'O', 'O', 'O', 'O', 'O', 'O']	['rtks', 'are', 'believed', 'to', '#initiate', 'signaling', 'by', 'recruiting', 'downstream', 'components', 'to', 'the', 'activated', 'receptor', ',', 'thereby', 'raising', 'cytosolic', 'ca(2+)', ',', '[ca(2+)](i)', '.']
167	['B-A1', 'I-A1', 'O', 'B-V', 'O', 'B-A0', 'B-A4', 'I-A4', 'I-A4', 'I-A4', 'I-A4', 'I-A4', 'O', 'O', 'O', 'O', 'O', 'O', 'O', 'O', 'O', 'O', 'O', 'O', 'O', 'O', 'O', 'O', 'O', 'O', 'B-V', 'O', 'O', 'O', 'O']	['signal', 'transduction', 'is', '#initiated', 'by', 'scf', 'by', 'direct', 'dimerization', 'of', 'its', 'receptor', ',', 'kit', ',and', 'the', 'two', 'juxtaposed', 'receptors', 'undergo', 'tyrosine', 'autophosphorylation', '(heldin', ',', '1995;', 'broudy', ',', '1997)', ',', 'which', '#initiated', 'downstream', 'intracellular', 'signaling', '.']
168	['B-A0', 'O', 'B-V', 'B-A1', 'I-A1', 'B-A4', 'O', 'I-A4', 'I-A4', 'I-A4', 'I-A4', 'I-A4', 'O', 'O', 'O', 'O', 'O', 'O', 'O', 'O']	['scf', 'have', '#initiated', 'signal', 'transduction', 'by', 'by', 'direct', 'dimerization', 'of', 'its', 'receptor', ',', 'thereby', 'raising', 'cytosolic', 'ca(2+)', ',', '[ca(2+)](i)', '.']
169	['O', 'B-A1', 'I-A1', 'O', 'O', 'O', 'O', 'B-V', 'O', 'B-A0', 'B-A4', 'O', 'I-A4', 'I-A4', 'I-A4', 'I-A4', 'I-A4', 'O', 'O', 'O', 'O', 'O', 'O', 'O', 'O', 'O', 'O', 'O', 'O', 'O', 'O', 'O', 'O', 'O', 'O', 'O', 'O', 'O', 'O', 'O', 'O', 'O', 'O', 'O', 'O', 'O', 'O', 'O', 'O', 'O', 'O', 'O', 'O']	['since', 'signal', 'transduction', 'is', 'able', 'to', 'be', '#initiated', 'by', 'scf', 'by', 'by', 'direct', 'dimerization', 'of', 'its', 'receptor', ',', 'proteins', 'that', 'are', 'immediately', 'downstream', 'of', 'an', 'activated', 'rtk', 'can', 'be', 'identified', 'by', 'first', 'identifying', 'sequences', 'in', 'the', 'rtk', 'that', 'are', 'necessary', 'to', 'activate', 'downstream', 'signaling', '(schlessinger', 'and', 'ullrich', ',', '1992;', 'pawson', ',', '1995)', '.']
170	['B-A0', 'O', 'O', 'O', 'O', 'O', 'O', 'O', 'O', 'B-A1', 'I-A1', 'B-A4', 'I-A4', 'I-A4', 'I-A4', 'I-A4', 'I-A4', 'O', 'O', 'O', 'O', 'O', 'O', 'O', 'O', 'O', 'O', 'O', 'O', 'O', 'O', 'O', 'O', 'O', 'O', 'B-V', 'O', 'O', 'O', 'O']	['scf', ',', 'like', 'the', 'other', 'dimeric', 'ligands', ',', 'initates', 'signal', 'transduction', 'by', 'direct', 'dimerization', 'of', 'its', 'receptor', ',', 'kit', ',and', 'the', 'two', 'juxtaposed', 'receptors', 'undergo', 'tyrosine', 'autophosphorylation', '(heldin', ',', '1995;', 'broudy', ',', '1997)', ',', 'which', '#initiates', 'downstream', 'intracellular', 'signaling', '.']
171	['O', 'O', 'O', 'O', 'O', 'O', 'O', 'O', 'O', 'O', 'O', 'O', 'O', 'O', 'O', 'O', 'O', 'O', 'O', 'B-A0', 'O', 'O', 'O', 'B-V', 'B-A1', 'I-A1', 'O']	['ligand', 'binding', 'induced', 'cell', 'surface', 'receptor', 'complex', 'formation', 'and', 'activates', 'a', 'cascade', 'of', 'phosphorylation', 'events', 'of', 'intracellular', 'intermediaries', 'termed', 'smads', ',', 'which', 'will', '#initiate', 'transcriptional', 'regulation', '.']
172	['O', 'B-A0', 'O', 'O', 'O', 'B-V', 'B-A1', 'I-A1', 'B-A4', 'O', 'I-A4', 'I-A4', 'I-A4', 'I-A4', 'I-A4', 'O', 'O', 'O', 'O', 'O', 'O', 'O', 'O', 'O', 'O', 'O', 'O', 'O', 'O', 'O', 'O', 'O', 'O', 'O', 'O', 'O', 'O', 'O', 'O', 'O', 'O', 'O', 'O', 'O', 'O', 'O', 'O', 'O', 'O', 'O', 'O']	['since', 'scf', 'is', 'observed', 'to', '#initiate', 'signal', 'transduction', 'by', 'by', 'direct', 'dimerization', 'of', 'its', 'receptor', ',', 'proteins', 'that', 'are', 'immediately', 'downstream', 'of', 'an', 'activated', 'rtk', 'can', 'be', 'identified', 'by', 'first', 'identifying', 'sequences', 'in', 'the', 'rtk', 'that', 'are', 'necessary', 'to', 'activate', 'downstream', 'signaling', '(schlessinger', 'and', 'ullrich', ',', '1992;', 'pawson', ',', '1995)', '.']
173	['B-A1', 'I-A1', 'O', 'O', 'B-V', 'O', 'B-A0', 'O', 'O', 'O', 'O', 'O', 'O', 'O', 'O', 'O', 'O', 'O']	['signal', 'transduction', 'will', 'be', '#initiated', 'by', 'scf', ',', 'followed', 'by', 'phosphoryl', 'group', 'transfer', 'to', 'the', 'regulator', 'arca', '.']
174	['O', 'O', 'O', 'O', 'O', 'O', 'O', 'O', 'O', 'O', 'O', 'O', 'O', 'O', 'O', 'O', 'O', 'O', 'O', 'B-A0', 'O', 'B-V', 'B-A1', 'I-A1', 'O']	['ligand', 'binding', 'induced', 'cell', 'surface', 'receptor', 'complex', 'formation', 'and', 'activates', 'a', 'cascade', 'of', 'phosphorylation', 'events', 'of', 'intracellular', 'intermediaries', 'termed', 'scf', 'that', '#initiated', 'signal', 'transduction', '.']
175	['B-A0', 'O', 'O', 'O', 'O', 'O', 'O', 'O', 'O', 'O', 'B-A1', 'B-A4', 'I-A4', 'I-A4', 'I-A4', 'I-A4', 'I-A4', 'I-A4', 'O', 'O', 'O', 'O', 'O', 'O', 'O', 'O', 'O', 'O', 'O', 'O', 'O', 'O', 'O', 'O', 'O', 'O', 'B-V', 'O', 'O', 'B-A1', 'O']	['rtks', ',', 'like', 'the', 'other', 'dimeric', 'ligands', ',', 'can', 'initate', 'signaling', 'recruiting', 'downstream', 'components', 'to', 'the', 'activated', 'receptor', ',', 'kit', ',and', 'the', 'two', 'juxtaposed', 'receptors', 'undergo', 'tyrosine', 'autophosphorylation', '(heldin', ',', '1995;', 'broudy', ',', '1997)', ',', 'which', '#initiates', 'downstream', 'intracellular', 'signaling', '.']
176	['O', 'B-A1', 'O', 'O', 'O', 'O', 'B-V', 'O', 'B-A0', 'O', 'B-A4', 'I-A4', 'I-A4', 'I-A4', 'I-A4', 'I-A4', 'I-A4', 'O', 'O', 'O', 'O', 'O', 'O', 'O', 'O', 'I-A4', 'O', 'O', 'O', 'O', 'O', 'O', 'O', 'O', 'O', 'O', 'O', 'O', 'O', 'O', 'O', 'O', 'O', 'B-A1', 'O', 'O', 'O', 'O', 'O', 'O', 'O', 'O', 'O']	['since', 'signaling', 'is', 'observed', 'to', 'be', '#initiated', 'by', 'rtks', 'by', 'recruiting', 'downstream', 'components', 'to', 'the', 'activated', 'receptor', ',', 'proteins', 'that', 'are', 'immediately', 'downstream', 'of', 'an', 'activated', 'rtk', 'can', 'be', 'identified', 'by', 'first', 'identifying', 'sequences', 'in', 'the', 'rtk', 'that', 'are', 'necessary', 'to', 'activate', 'downstream', 'signaling', '(schlessinger', 'and', 'ullrich', ',', '1992;', 'pawson', ',', '1995)', '.']
177	['B-A0', 'O', 'O', 'O', 'B-V', 'B-A1', 'O', 'B-A4', 'I-A4', 'I-A4', 'I-A4', 'I-A4', 'I-A4', 'I-A4', 'O', 'O', 'O', 'O', 'O', 'O', 'O', 'O']	['rtks', 'are', 'able', 'to', '#initiate', 'signaling', 'by', 'recruiting', 'downstream', 'components', 'to', 'the', 'activated', 'receptor', ',', 'thereby', 'raising', 'cytosolic', 'ca(2+)', ',', '[ca(2+)](i)', '.']
178	['O', 'B-A1', 'I-A1', 'O', 'O', 'B-V', 'O', 'B-A0', 'B-A4', 'O', 'I-A4', 'I-A4', 'I-A4', 'I-A4', 'I-A4', 'O', 'O', 'O', 'O', 'O', 'O', 'O', 'O', 'O', 'O', 'O', 'O', 'O', 'O', 'O', 'O', 'O', 'O', 'O', 'O', 'O', 'O', 'O', 'O', 'O', 'O', 'O', 'O', 'O', 'O', 'O', 'O', 'O', 'O', 'O', 'O']	['since', 'signal', 'transduction', 'can', 'be', '#initiated', 'by', 'scf', 'by', 'by', 'direct', 'dimerization', 'of', 'its', 'receptor', ',', 'proteins', 'that', 'are', 'immediately', 'downstream', 'of', 'an', 'activated', 'rtk', 'can', 'be', 'identified', 'by', 'first', 'identifying', 'sequences', 'in', 'the', 'rtk', 'that', 'are', 'necessary', 'to', 'activate', 'downstream', 'signaling', '(schlessinger', 'and', 'ullrich', ',', '1992;', 'pawson', ',', '1995)', '.']
179	['B-A0', 'O', 'O', 'O', 'B-V', 'B-A1', 'I-A1', 'B-A4', 'O', 'I-A4', 'I-A4', 'I-A4', 'I-A4', 'I-A4', 'O', 'O', 'O', 'O', 'O', 'O', 'O', 'O']	['scf', 'are', 'observed', 'to', '#initiate', 'signal', 'transduction', 'by', 'by', 'direct', 'dimerization', 'of', 'its', 'receptor', ',', 'thereby', 'raising', 'cytosolic', 'ca(2+)', ',', '[ca(2+)](i)', '.']
180	['O', 'B-A0', 'O', 'B-V', 'B-A1', 'O', 'B-A4', 'I-A4', 'I-A4', 'I-A4', 'I-A4', 'I-A4', 'I-A4', 'O', 'O', 'O', 'O', 'O', 'O', 'O', 'O', 'I-A4', 'O', 'O', 'O', 'O', 'O', 'O', 'O', 'O', 'O', 'O', 'O', 'O', 'O', 'O', 'O', 'O', 'O', 'B-A1', 'O', 'O', 'O', 'O', 'O', 'O', 'O', 'O', 'O']	['since', 'rtks', 'may', '#initiate', 'signaling', 'by', 'recruiting', 'downstream', 'components', 'to', 'the', 'activated', 'receptor', ',', 'proteins', 'that', 'are', 'immediately', 'downstream', 'of', 'an', 'activated', 'rtk', 'can', 'be', 'identified', 'by', 'first', 'identifying', 'sequences', 'in', 'the', 'rtk', 'that', 'are', 'necessary', 'to', 'activate', 'downstream', 'signaling', '(schlessinger', 'and', 'ullrich', ',', '1992;', 'pawson', ',', '1995)', '.']
181	['O', 'O', 'O', 'O', 'O', 'O', 'O', 'O', 'O', 'O', 'O', 'O', 'O', 'O', 'O', 'O', 'O', 'O', 'O', 'O', 'O', 'O', 'O', 'O', 'O', 'O', 'B-A0', 'O', 'O', 'O', 'O', 'O', 'O', 'O', 'O', 'O', 'B-V', 'B-A1', 'I-A1', 'O']	['scf', ',', 'like', 'the', 'other', 'dimeric', 'ligands', ',', 'initates', 'signal', 'transduction', 'by', 'direct', 'dimerization', 'of', 'its', 'receptor', ',', 'kit', ',', 'and', 'the', 'two', 'juxtaposed', 'receptors', 'undergo', 'smads', '(heldin', ',', '1995;', 'broudy', ',', '1997)', ',', 'which', 'can', '#initiate', 'transcriptional', 'regulation', '.']
182	['B-A1', 'I-A1', 'I-A1', 'O', 'B-V', 'O', 'B-A0', 'I-A0', 'O', 'O', 'O', 'O', 'O', 'O', 'O', 'O', 'O', 'O', 'O']	['downstream', 'intracellular', 'signaling', 'is', '#initiated', 'by', 'tyrosine', 'autophosphorylation', ',', 'followed', 'by', 'phosphoryl', 'group', 'transfer', 'to', 'the', 'regulator', 'arca', '.']
183	['B-A0', 'B-V', 'B-A1', 'O', 'B-A4', 'I-A4', 'I-A4', 'I-A4', 'I-A4', 'I-A4', 'I-A4', 'O', 'O', 'O', 'O', 'O', 'O', 'O', 'O']	['rtks', '#initiated', 'signaling', 'by', 'recruiting', 'downstream', 'components', 'to', 'the', 'activated', 'receptor', ',', 'thereby', 'raising', 'cytosolic', 'ca(2+)', ',', '[ca(2+)](i)', '.']
184	['B-A0', 'O', 'O', 'O', 'O', 'O', 'O', 'O', 'O', 'B-A1', 'B-A4', 'I-A4', 'I-A4', 'I-A4', 'I-A4', 'I-A4', 'I-A4', 'O', 'O', 'O', 'O', 'O', 'O', 'O', 'O', 'O', 'O', 'O', 'O', 'O', 'O', 'O', 'O', 'O', 'O', 'B-V', 'O', 'O', 'B-A1', 'O']	['rtks', ',', 'like', 'the', 'other', 'dimeric', 'ligands', ',', 'initated', 'signaling', 'recruiting', 'downstream', 'components', 'to', 'the', 'activated', 'receptor', ',', 'kit', ',and', 'the', 'two', 'juxtaposed', 'receptors', 'undergo', 'tyrosine', 'autophosphorylation', '(heldin', ',', '1995;', 'broudy', ',', '1997)', ',', 'which', '#initiated', 'downstream', 'intracellular', 'signaling', '.']
185	['B-A0', 'O', 'O', 'O', 'O', 'O', 'O', 'O', 'O', 'B-A1', 'I-A1', 'O', 'O', 'O', 'O', 'O', 'O', 'O', 'O', 'O', 'O', 'O', 'O', 'O', 'O', 'B-A0', 'O', 'O', 'O', 'O', 'O', 'O', 'O', 'O', 'B-V', 'B-A1', 'O', 'O']	['scf', ',', 'like', 'the', 'other', 'dimeric', 'ligands', ',', 'initates', 'signal', 'transduction', 'by', 'direct', 'dimerization', 'of', 'its', 'receptor', ',', 'kit', ',and', 'the', 'two', 'juxtaposed', 'receptors', 'undergo', 'scf', '(heldin', ',', '1995;', 'broudy', ',', '1997)', ',', 'which', '#initiates', 'signal', 'transduction', '.']
186	['O', 'O', 'O', 'O', 'O', 'O', 'O', 'O', 'O', 'O', 'O', 'O', 'O', 'O', 'O', 'O', 'O', 'O', 'O', 'B-A0', 'O', 'O', 'O', 'O', 'B-V', 'B-A1', 'I-A1', 'O']	['ligand', 'binding', 'induces', 'cell', 'surface', 'receptor', 'complex', 'formation', 'and', 'activates', 'a', 'cascade', 'of', 'phosphorylation', 'events', 'of', 'intracellular', 'intermediaries', 'termed', 'scf', 'that', 'are', 'observed', 'to', '#initiate', 'signal', 'transduction', '.']
187	['B-A0', 'O', 'O', 'O', 'O', 'O', 'O', 'O', 'O', 'O', 'B-A1', 'B-A4', 'I-A4', 'I-A4', 'I-A4', 'I-A4', 'I-A4', 'I-A4', 'O', 'O', 'O', 'O', 'O', 'O', 'O', 'O', 'O', 'O', 'O', 'O', 'O', 'O', 'O', 'O', 'O', 'O', 'B-V', 'O', 'O', 'B-A1', 'O']	['rtks', ',', 'like', 'the', 'other', 'dimeric', 'ligands', ',', 'will', 'initate', 'signaling', 'recruiting', 'downstream', 'components', 'to', 'the', 'activated', 'receptor', ',', 'kit', ',and', 'the', 'two', 'juxtaposed', 'receptors', 'undergo', 'tyrosine', 'autophosphorylation', '(heldin', ',', '1995;', 'broudy', ',', '1997)', ',', 'which', '#initiates', 'downstream', 'intracellular', 'signaling', '.']
188	['O', 'B-A0', 'O', 'B-V', 'B-A1', 'I-A1', 'B-A4', 'O', 'I-A4', 'I-A4', 'I-A4', 'I-A4', 'I-A4', 'O', 'O', 'O', 'O', 'O', 'O', 'O', 'O', 'O', 'O', 'O', 'O', 'O', 'O', 'O', 'O', 'O', 'O', 'O', 'O', 'O', 'O', 'O', 'O', 'O', 'O', 'O', 'O', 'O', 'O', 'O', 'O', 'O', 'O', 'O', 'O']	['since', 'scf', 'are', '#initiating', 'signal', 'transduction', 'by', 'by', 'direct', 'dimerization', 'of', 'its', 'receptor', ',', 'proteins', 'that', 'are', 'immediately', 'downstream', 'of', 'an', 'activated', 'rtk', 'can', 'be', 'identified', 'by', 'first', 'identifying', 'sequences', 'in', 'the', 'rtk', 'that', 'are', 'necessary', 'to', 'activate', 'downstream', 'signaling', '(schlessinger', 'and', 'ullrich', ',', '1992;', 'pawson', ',', '1995)', '.']
189	['O', 'O', 'O', 'O', 'O', 'O', 'O', 'O', 'O', 'O', 'O', 'O', 'O', 'O', 'O', 'O', 'O', 'O', 'O', 'B-A0', 'O', 'O', 'O', 'B-V', 'B-A1', 'I-A1', 'O']	['ligand', 'binding', 'induced', 'cell', 'surface', 'receptor', 'complex', 'formation', 'and', 'activates', 'a', 'cascade', 'of', 'phosphorylation', 'events', 'of', 'intracellular', 'intermediaries', 'termed', 'smads', ',', 'which', 'have', '#initiated', 'transcriptional', 'regulation', '.']
190	['O', 'O', 'O', 'O', 'O', 'O', 'O', 'O', 'O', 'O', 'O', 'O', 'O', 'O', 'O', 'O', 'O', 'O', 'O', 'B-A0', 'O', 'O', 'O', 'B-V', 'B-A1', 'I-A1', 'O']	['ligand', 'binding', 'induced', 'cell', 'surface', 'receptor', 'complex', 'formation', 'and', 'activates', 'a', 'cascade', 'of', 'phosphorylation', 'events', 'of', 'intracellular', 'intermediaries', 'termed', 'smads', ',', 'which', 'can', '#initiate', 'transcriptional', 'regulation', '.']
191	['O', 'B-A0', 'O', 'O', 'B-V', 'B-A1', 'I-A1', 'B-A4', 'O', 'I-A4', 'I-A4', 'I-A4', 'I-A4', 'I-A4', 'O', 'O', 'O', 'O', 'O', 'O', 'O', 'O', 'O', 'O', 'O', 'O', 'O', 'O', 'O', 'O', 'O', 'O', 'O', 'O', 'O', 'O', 'O', 'O', 'O', 'O', 'O', 'O', 'O', 'O', 'O', 'O', 'O', 'O', 'O', 'O']	['since', 'scf', 'may', 'have', '#initiated', 'signal', 'transduction', 'by', 'by', 'direct', 'dimerization', 'of', 'its', 'receptor', ',', 'proteins', 'that', 'are', 'immediately', 'downstream', 'of', 'an', 'activated', 'rtk', 'can', 'be', 'identified', 'by', 'first', 'identifying', 'sequences', 'in', 'the', 'rtk', 'that', 'are', 'necessary', 'to', 'activate', 'downstream', 'signaling', '(schlessinger', 'and', 'ullrich', ',', '1992;', 'pawson', ',', '1995)', '.']
192	['B-A1', 'I-A1', 'O', 'B-V', 'O', 'B-A0', 'O', 'O', 'O', 'O', 'O', 'O', 'O', 'O', 'O', 'O', 'O']	['transcriptional', 'regulation', 'is', '#initiated', 'by', 'smads', ',', 'followed', 'by', 'phosphoryl', 'group', 'transfer', 'to', 'the', 'regulator', 'arca', '.']
193	['O', 'O', 'O', 'O', 'O', 'O', 'O', 'O', 'O', 'O', 'O', 'O', 'O', 'O', 'O', 'O', 'O', 'O', 'O', 'B-A0', 'I-A0', 'O', 'O', 'O', 'B-V', 'B-A1', 'I-A1', 'I-A1', 'O']	['ligand', 'binding', 'induced', 'cell', 'surface', 'receptor', 'complex', 'formation', 'and', 'activates', 'a', 'cascade', 'of', 'phosphorylation', 'events', 'of', 'intracellular', 'intermediaries', 'termed', 'tyrosine', 'autophosphorylation', ',', 'which', 'will', '#initiate', 'downstream', 'intracellular', 'signaling', '.']
194	['O', 'O', 'O', 'O', 'O', 'O', 'O', 'O', 'O', 'O', 'O', 'O', 'O', 'O', 'O', 'O', 'O', 'O', 'O', 'B-A0', 'O', 'O', 'O', 'O', 'B-V', 'B-A1', 'I-A1', 'O']	['ligand', 'binding', 'induces', 'cell', 'surface', 'receptor', 'complex', 'formation', 'and', 'activates', 'a', 'cascade', 'of', 'phosphorylation', 'events', 'of', 'intracellular', 'intermediaries', 'termed', 'smads', 'that', 'are', 'able', 'to', '#initiate', 'transcriptional', 'regulation', '.']
195	['B-A0', 'O', 'O', 'O', 'O', 'O', 'O', 'O', 'O', 'B-A1', 'I-A1', 'B-A4', 'I-A4', 'I-A4', 'I-A4', 'I-A4', 'I-A4', 'O', 'O', 'O', 'O', 'O', 'O', 'O', 'O', 'O', 'O', 'O', 'O', 'O', 'O', 'O', 'O', 'O', 'O', 'B-V', 'O', 'O', 'O', 'O']	['scf', ',', 'like', 'the', 'other', 'dimeric', 'ligands', ',', 'initates', 'signal', 'transduction', 'by', 'direct', 'dimerization', 'of', 'its', 'receptor', ',', 'kit', ',and', 'the', 'two', 'juxtaposed', 'receptors', 'undergo', 'tyrosine', 'autophosphorylation', '(heldin', ',', '1995;', 'broudy', ',', '1997)', ',', 'which', '#initiates', 'downstream', 'intracellular', 'signaling', '.']
196	['B-A0', 'O', 'B-V', 'B-A1', 'I-A1', 'B-A4', 'O', 'I-A4', 'I-A4', 'I-A4', 'I-A4', 'I-A4', 'O', 'O', 'O', 'O', 'O', 'O', 'O', 'O']	['scf', 'will', '#initiate', 'signal', 'transduction', 'by', 'by', 'direct', 'dimerization', 'of', 'its', 'receptor', ',', 'thereby', 'raising', 'cytosolic', 'ca(2+)', ',', '[ca(2+)](i)', '.']
