0	['O', 'O', 'B-A0', 'I-A0', 'O', 'B-V', 'B-A1', 'I-A1', 'I-A1', 'I-A1', 'I-A1', 'I-A1', 'O', 'O', 'O', 'O', 'O', 'O', 'O', 'O', 'O', 'O', 'O', 'O', 'O', 'O']	['finally', ',', 'alternative', 'splicing', 'has', '#skipped', 'a', 'stop', 'codon-containing', 'exon', '(exon', '4)', 'and', 'can', 'generate', 'a', 'transcript', 'that', 'is', 'predicted', 'to', 'encode', 'a', 'fusion', 'protein', '.']
1	['B-A0', 'I-A0', 'O', 'O', 'B-V', 'B-A1', 'I-A1', 'I-A1', 'I-A1', 'I-A1', 'I-A1', 'O', 'O', 'O', 'O', 'O', 'O', 'O', 'O', 'O', 'O', 'O', 'O', 'O', 'O']	['alternative', 'splicing', 'has', 'finally', '#skipped', 'a', 'stop', 'codon-containing', 'exon', '(exon', '4)', 'and', 'can', 'generate', 'a', 'transcript', 'that', 'is', 'predicted', 'to', 'encode', 'a', 'fusion', 'protein', '.']
2	['O', 'O', 'O', 'O', 'O', 'O', 'O', 'O', 'O', 'O', 'O', 'O', 'O', 'O', 'O', 'O', 'O', 'O', 'O', 'O', 'O', 'O', 'O', 'O', 'O', 'O', 'O', 'O', 'O', 'O', 'O', 'O', 'O', 'O', 'O', 'O', 'O', 'O', 'O', 'O', 'O', 'O', 'O', 'O', 'O', 'B-A0', 'I-A0', 'I-A0', 'I-A0', 'I-A0', 'I-A0', 'I-A0', 'O', 'B-V', 'B-A1', 'I-A0', 'O', 'O', 'O', 'O', 'O', 'O', 'O', 'O', 'O']	['direct', 'sequencing', 'of', 'the', 'paf-2', 'gene', 'revealed', 'a', 'homozygous', '1-bp', 'insertion', 'at', 'nucleotide', '511', '(511', 'inst)', 'in', 'one', 'patient', 'with', 'group', 'c', 'zellweger', 'syndrome', '(zs)', ',', 'which', 'introduces', 'a', 'premature', 'termination', 'codon', 'in', 'the', 'paf-2', 'gene', ',', 'and', ',', 'in', 'the', 'second', 'patient', ',', 'revealed', 'a', 'splice-site', 'mutation', 'in', 'intron', '3', '(ivs3+1g-->a)', 'having', '#skipped', 'exon', '3', ',', 'an', 'event', 'that', 'leads', 'to', 'peroxisome', 'deficiency', '.']
3	['O', 'O', 'B-A0', 'I-A0', 'O', 'O', 'O', 'O', 'B-V', 'B-A1', 'I-A1', 'I-A1', 'I-A1', 'I-A1', 'I-A1', 'O', 'O', 'O', 'O', 'O', 'O', 'O', 'O', 'O', 'O', 'O', 'O', 'O', 'O']	['finally', ',', 'alternative', 'splicing', 'has', 'the', 'ability', 'to', '#skip', 'a', 'stop', 'codon-containing', 'exon', '(exon', '4)', 'and', 'can', 'generate', 'a', 'transcript', 'that', 'is', 'predicted', 'to', 'encode', 'a', 'fusion', 'protein', '.']
4	['O', 'O', 'B-A1', 'I-A1', 'I-A1', 'I-A1', 'I-A1', 'I-A1', 'O', 'O', 'O', 'O', 'B-V', 'O', 'B-A0', 'I-A0', 'O', 'O', 'O', 'O', 'O', 'O', 'O', 'O', 'O', 'O', 'O', 'O', 'O', 'O']	['finally', ',', 'a', 'stop', 'codon-containing', 'exon', '(exon', '4)', 'is', 'believed', 'to', 'be', '#skipped', 'by', 'alternative', 'splicing', 'and', 'can', 'generate', 'a', 'transcript', 'that', 'is', 'predicted', 'to', 'encode', 'a', 'fusion', 'protein', '.']
5	['B-A1', 'I-A1', 'I-A1', 'I-A1', 'I-A1', 'I-A1', 'O', 'O', 'O', 'O', 'O', 'O', 'B-V', 'O', 'B-A0', 'I-A0', 'O', 'O', 'O', 'O', 'O', 'O', 'O', 'O', 'O', 'O', 'O', 'O', 'O', 'O']	['a', 'stop', 'codon-containing', 'exon', '(exon', '4)', 'has', 'the', 'ability', 'to', 'be', 'finally', '#skipped', 'by', 'alternative', 'splicing', 'and', 'can', 'generate', 'a', 'transcript', 'that', 'is', 'predicted', 'to', 'encode', 'a', 'fusion', 'protein', '.']
6	['O', 'O', 'B-A0', 'I-A0', 'B-V', 'B-A1', 'I-A1', 'I-A1', 'I-A1', 'I-A1', 'I-A1', 'O', 'O', 'O', 'O', 'O', 'O', 'O', 'O', 'O', 'O', 'O', 'O', 'O', 'O']	['finally', ',', 'alternative', 'splicing', '#skipped', 'a', 'stop', 'codon-containing', 'exon', '(exon', '4)', 'and', 'can', 'generate', 'a', 'transcript', 'that', 'is', 'predicted', 'to', 'encode', 'a', 'fusion', 'protein', '.']
7	['O', 'O', 'B-A1', 'I-A1', 'I-A1', 'I-A1', 'I-A1', 'I-A1', 'O', 'O', 'O', 'O', 'B-V', 'O', 'B-A0', 'I-A0', 'O', 'O', 'O', 'O', 'O', 'O', 'O', 'O', 'O', 'O', 'O', 'O', 'O', 'O']	['finally', ',', 'a', 'stop', 'codon-containing', 'exon', '(exon', '4)', 'is', 'able', 'to', 'be', '#skipped', 'by', 'alternative', 'splicing', 'and', 'can', 'generate', 'a', 'transcript', 'that', 'is', 'predicted', 'to', 'encode', 'a', 'fusion', 'protein', '.']
8	['B-A1', 'I-A1', 'O', 'O', 'O', 'B-V', 'O', 'O', 'O', 'O', 'O', 'O', 'B-A1', 'O', 'O', 'O']	['the', 'centromere', 'will', 'be', 'finally', '#skipped', 'on', 'all', 'tg', 'autosomes', 'as', 'on', 'the', 'female', 'xi', '.']
9	['B-A1', 'I-A1', 'I-A1', 'I-A1', 'I-A1', 'I-A1', 'O', 'O', 'B-V', 'O', 'B-A0', 'I-A0', 'O', 'O', 'O', 'O', 'O', 'O', 'O', 'O', 'O', 'O', 'O', 'O', 'O']	['a', 'stop', 'codon-containing', 'exon', '(exon', '4)', 'is', 'finally', '#skipped', 'by', 'alternative', 'splicing', 'and', 'generates', 'a', 'transcript', 'that', 'is', 'predicted', 'to', 'encode', 'a', 'fusion', 'protein', '.']
10	['O', 'O', 'O', 'O', 'O', 'O', 'O', 'O', 'O', 'O', 'O', 'O', 'O', 'O', 'O', 'O', 'O', 'O', 'O', 'O', 'O', 'O', 'O', 'O', 'O', 'O', 'O', 'O', 'O', 'O', 'O', 'O', 'O', 'O', 'O', 'O', 'O', 'O', 'O', 'O', 'O', 'O', 'O', 'O', 'O', 'B-A0', 'I-A0', 'I-A0', 'I-A0', 'I-A0', 'I-A0', 'I-A0', 'O', 'O', 'O', 'B-V', 'B-A1', 'I-A0', 'O', 'O', 'O', 'O', 'O', 'O', 'O', 'O', 'O']	['direct', 'sequencing', 'of', 'the', 'paf-2', 'gene', 'revealed', 'a', 'homozygous', '1-bp', 'insertion', 'at', 'nucleotide', '511', '(511', 'inst)', 'in', 'one', 'patient', 'with', 'group', 'c', 'zellweger', 'syndrome', '(zs)', ',', 'which', 'introduces', 'a', 'premature', 'termination', 'codon', 'in', 'the', 'paf-2', 'gene', ',', 'and', ',', 'in', 'the', 'second', 'patient', ',', 'revealed', 'a', 'splice-site', 'mutation', 'in', 'intron', '3', '(ivs3+1g-->a)', ',', 'which', 'will', '#skip', 'exon', '3', ',', 'an', 'event', 'that', 'leads', 'to', 'peroxisome', 'deficiency', '.']
11	['O', 'O', 'O', 'O', 'O', 'O', 'O', 'O', 'O', 'O', 'O', 'O', 'O', 'O', 'O', 'O', 'O', 'O', 'O', 'O', 'O', 'O', 'O', 'O', 'O', 'O', 'O', 'O', 'O', 'O', 'O', 'O', 'O', 'O', 'O', 'O', 'O', 'O', 'O', 'O', 'O', 'O', 'O', 'O', 'O', 'B-A0', 'I-A0', 'I-A0', 'I-A0', 'I-A0', 'I-A0', 'I-A0', 'O', 'O', 'O', 'B-V', 'B-A1', 'I-A0', 'O', 'O', 'O', 'O', 'O', 'O', 'O', 'O', 'O']	['direct', 'sequencing', 'of', 'the', 'paf-2', 'gene', 'revealed', 'a', 'homozygous', '1-bp', 'insertion', 'at', 'nucleotide', '511', '(511', 'inst)', 'in', 'one', 'patient', 'with', 'group', 'c', 'zellweger', 'syndrome', '(zs)', ',', 'which', 'introduces', 'a', 'premature', 'termination', 'codon', 'in', 'the', 'paf-2', 'gene', ',', 'and', ',', 'in', 'the', 'second', 'patient', ',', 'revealed', 'a', 'splice-site', 'mutation', 'in', 'intron', '3', '(ivs3+1g-->a)', 'being', 'able', 'to', '#skip', 'exon', '3', ',', 'an', 'event', 'that', 'leads', 'to', 'peroxisome', 'deficiency', '.']
12	['B-A1', 'I-A1', 'O', 'O', 'B-V', 'O', 'O', 'O', 'O', 'O', 'O', 'B-A1', 'O', 'O', 'O']	['the', 'centromere', 'will', 'be', '#skipped', 'on', 'all', 'tg', 'autosomes', 'as', 'on', 'the', 'female', 'xi', '.']
13	['B-A0', 'I-A0', 'O', 'O', 'O', 'O', 'B-V', 'B-A1', 'I-A1', 'I-A1', 'I-A1', 'I-A1', 'I-A1', 'O', 'O', 'O', 'O', 'O', 'O', 'O', 'O', 'O', 'O', 'O', 'O', 'O', 'O']	['alternative', 'splicing', 'is', 'likely', 'to', 'finally', '#skip', 'a', 'stop', 'codon-containing', 'exon', '(exon', '4)', 'and', 'can', 'generate', 'a', 'transcript', 'that', 'is', 'predicted', 'to', 'encode', 'a', 'fusion', 'protein', '.']
14	['O', 'O', 'O', 'O', 'O', 'O', 'O', 'O', 'O', 'O', 'O', 'O', 'O', 'O', 'O', 'O', 'O', 'O', 'O', 'O', 'O', 'O', 'O', 'O', 'O', 'O', 'O', 'O', 'O', 'O', 'O', 'O', 'O', 'O', 'O', 'O', 'O', 'O', 'O', 'O', 'O', 'O', 'O', 'O', 'O', 'B-A0', 'I-A0', 'I-A0', 'I-A0', 'I-A0', 'I-A0', 'I-A0', 'O', 'O', 'O', 'O', 'B-V', 'B-A1', 'I-A0', 'O', 'O', 'O', 'O', 'O', 'O', 'O', 'O', 'O']	['direct', 'sequencing', 'of', 'the', 'paf-2', 'gene', 'revealed', 'a', 'homozygous', '1-bp', 'insertion', 'at', 'nucleotide', '511', '(511', 'inst)', 'in', 'one', 'patient', 'with', 'group', 'c', 'zellweger', 'syndrome', '(zs)', ',', 'which', 'introduces', 'a', 'premature', 'termination', 'codon', 'in', 'the', 'paf-2', 'gene', ',', 'and', ',', 'in', 'the', 'second', 'patient', ',', 'revealed', 'a', 'splice-site', 'mutation', 'in', 'intron', '3', '(ivs3+1g-->a)', 'having', 'been', 'shown', 'to', '#skip', 'exon', '3', ',', 'an', 'event', 'that', 'leads', 'to', 'peroxisome', 'deficiency', '.']
15	['O', 'O', 'O', 'O', 'O', 'O', 'O', 'O', 'O', 'O', 'O', 'O', 'O', 'O', 'O', 'O', 'O', 'O', 'O', 'O', 'O', 'O', 'O', 'O', 'O', 'O', 'O', 'O', 'O', 'O', 'O', 'O', 'O', 'O', 'O', 'O', 'O', 'O', 'O', 'O', 'O', 'O', 'O', 'O', 'O', 'B-A0', 'I-A0', 'I-A0', 'I-A0', 'I-A0', 'I-A0', 'I-A0', 'O', 'O', 'O', 'B-V', 'B-A1', 'I-A0', 'O', 'O', 'O', 'O', 'O', 'O', 'O', 'O', 'O']	['direct', 'sequencing', 'of', 'the', 'paf-2', 'gene', 'revealed', 'a', 'homozygous', '1-bp', 'insertion', 'at', 'nucleotide', '511', '(511', 'inst)', 'in', 'one', 'patient', 'with', 'group', 'c', 'zellweger', 'syndrome', '(zs)', ',', 'which', 'introduces', 'a', 'premature', 'termination', 'codon', 'in', 'the', 'paf-2', 'gene', ',', 'and', ',', 'in', 'the', 'second', 'patient', ',', 'revealed', 'a', 'splice-site', 'mutation', 'in', 'intron', '3', '(ivs3+1g-->a)', ',', 'which', 'usually', '#skips', 'exon', '3', ',', 'an', 'event', 'that', 'leads', 'to', 'peroxisome', 'deficiency', '.']
16	['O', 'O', 'B-A1', 'I-A1', 'I-A1', 'I-A1', 'I-A1', 'I-A1', 'O', 'O', 'O', 'O', 'O', 'B-V', 'O', 'B-A0', 'I-A0', 'O', 'O', 'O', 'O', 'O', 'O', 'O', 'O', 'O', 'O', 'O', 'O', 'O', 'O']	['finally', ',', 'a', 'stop', 'codon-containing', 'exon', '(exon', '4)', 'has', 'been', 'shown', 'to', 'be', '#skipped', 'by', 'alternative', 'splicing', 'and', 'can', 'generate', 'a', 'transcript', 'that', 'is', 'predicted', 'to', 'encode', 'a', 'fusion', 'protein', '.']
17	['O', 'O', 'O', 'O', 'O', 'O', 'O', 'O', 'O', 'O', 'O', 'O', 'O', 'O', 'O', 'O', 'O', 'O', 'O', 'O', 'O', 'O', 'O', 'O', 'O', 'O', 'O', 'O', 'O', 'O', 'O', 'O', 'O', 'O', 'O', 'O', 'O', 'O', 'O', 'O', 'O', 'O', 'O', 'O', 'O', 'B-A0', 'I-A0', 'I-A0', 'I-A0', 'I-A0', 'I-A0', 'I-A0', 'O', 'O', 'O', 'O', 'O', 'B-V', 'B-A1', 'I-A0', 'O', 'O', 'O', 'O', 'O', 'O', 'O', 'O', 'O']	['direct', 'sequencing', 'of', 'the', 'paf-2', 'gene', 'revealed', 'a', 'homozygous', '1-bp', 'insertion', 'at', 'nucleotide', '511', '(511', 'inst)', 'in', 'one', 'patient', 'with', 'group', 'c', 'zellweger', 'syndrome', '(zs)', ',', 'which', 'introduces', 'a', 'premature', 'termination', 'codon', 'in', 'the', 'paf-2', 'gene', ',', 'and', ',', 'in', 'the', 'second', 'patient', ',', 'revealed', 'a', 'splice-site', 'mutation', 'in', 'intron', '3', '(ivs3+1g-->a)', ',', 'which', 'is', 'able', 'to', '#skip', 'exon', '3', ',', 'an', 'event', 'that', 'leads', 'to', 'peroxisome', 'deficiency', '.']
18	['B-A1', 'I-A1', 'I-A1', 'I-A1', 'I-A1', 'I-A1', 'O', 'O', 'O', 'O', 'O', 'O', 'B-V', 'O', 'B-A0', 'I-A0', 'O', 'O', 'O', 'O', 'O', 'O', 'O', 'O', 'O', 'O', 'O', 'O', 'O', 'O']	['a', 'stop', 'codon-containing', 'exon', '(exon', '4)', 'has', 'the', 'probability', 'of', 'being', 'finally', '#skipped', 'by', 'alternative', 'splicing', 'and', 'can', 'generate', 'a', 'transcript', 'that', 'is', 'predicted', 'to', 'encode', 'a', 'fusion', 'protein', '.']
19	['B-A1', 'I-A1', 'O', 'B-A1', 'O', 'O', 'O', 'O', 'B-V', 'O', 'O', 'O', 'O', 'O', 'O', 'B-A1', 'O', 'O', 'O']	['the', 'centromere', 'has', 'the', 'ability', 'to', 'be', 'finally', '#skipped', 'on', 'all', 'tg', 'autosomes', 'as', 'on', 'the', 'female', 'xi', '.']
20	['B-A1', 'I-A1', 'I-A1', 'I-A1', 'I-A1', 'I-A1', 'O', 'O', 'O', 'O', 'B-V', 'O', 'B-A0', 'I-A0', 'O', 'O', 'O', 'O', 'O', 'O', 'O', 'O', 'O', 'O', 'O', 'O', 'O', 'O']	['a', 'stop', 'codon-containing', 'exon', '(exon', '4)', 'may', 'have', 'been', 'finally', '#skipped', 'by', 'alternative', 'splicing', 'and', 'can', 'generate', 'a', 'transcript', 'that', 'is', 'predicted', 'to', 'encode', 'a', 'fusion', 'protein', '.']
21	['O', 'O', 'O', 'O', 'O', 'O', 'O', 'O', 'O', 'O', 'O', 'O', 'O', 'O', 'O', 'O', 'O', 'O', 'O', 'O', 'O', 'O', 'O', 'O', 'O', 'O', 'O', 'O', 'O', 'O', 'O', 'O', 'O', 'O', 'O', 'O', 'O', 'O', 'O', 'O', 'O', 'O', 'O', 'O', 'O', 'B-A0', 'I-A0', 'I-A0', 'I-A0', 'I-A0', 'I-A0', 'I-A0', 'B-V', 'B-A1', 'I-A0', 'O', 'O', 'O', 'O', 'O', 'O', 'O', 'O', 'O']	['direct', 'sequencing', 'of', 'the', 'paf-2', 'gene', 'revealed', 'a', 'homozygous', '1-bp', 'insertion', 'at', 'nucleotide', '511', '(511', 'inst)', 'in', 'one', 'patient', 'with', 'group', 'c', 'zellweger', 'syndrome', '(zs)', ',', 'which', 'introduces', 'a', 'premature', 'termination', 'codon', 'in', 'the', 'paf-2', 'gene', ',', 'and', ',', 'in', 'the', 'second', 'patient', ',', 'revealed', 'a', 'splice-site', 'mutation', 'in', 'intron', '3', '(ivs3+1g-->a)', '#skipping', 'exon', '3', ',', 'an', 'event', 'that', 'leads', 'to', 'peroxisome', 'deficiency', '.']
22	['O', 'O', 'O', 'O', 'O', 'O', 'O', 'O', 'O', 'O', 'O', 'O', 'O', 'O', 'O', 'O', 'O', 'O', 'O', 'O', 'O', 'O', 'O', 'O', 'O', 'O', 'O', 'O', 'O', 'O', 'O', 'O', 'O', 'O', 'O', 'O', 'O', 'O', 'O', 'O', 'O', 'O', 'O', 'O', 'O', 'B-A0', 'I-A0', 'I-A0', 'I-A0', 'I-A0', 'I-A0', 'I-A0', 'O', 'O', 'O', 'B-V', 'B-A1', 'I-A0', 'O', 'O', 'O', 'O', 'O', 'O', 'O', 'O', 'O']	['direct', 'sequencing', 'of', 'the', 'paf-2', 'gene', 'revealed', 'a', 'homozygous', '1-bp', 'insertion', 'at', 'nucleotide', '511', '(511', 'inst)', 'in', 'one', 'patient', 'with', 'group', 'c', 'zellweger', 'syndrome', '(zs)', ',', 'which', 'introduces', 'a', 'premature', 'termination', 'codon', 'in', 'the', 'paf-2', 'gene', ',', 'and', ',', 'in', 'the', 'second', 'patient', ',', 'revealed', 'a', 'splice-site', 'mutation', 'in', 'intron', '3', '(ivs3+1g-->a)', 'being', 'likely', 'to', '#skip', 'exon', '3', ',', 'an', 'event', 'that', 'leads', 'to', 'peroxisome', 'deficiency', '.']
23	['B-A1', 'I-A1', 'I-A1', 'I-A1', 'I-A1', 'I-A1', 'O', 'O', 'O', 'B-V', 'O', 'B-A0', 'I-A0', 'O', 'O', 'O', 'O', 'O', 'O', 'O', 'O', 'O', 'O', 'O', 'O', 'O']	['a', 'stop', 'codon-containing', 'exon', '(exon', '4)', 'could', 'be', 'finally', '#skipped', 'by', 'alternative', 'splicing', 'and', 'generates', 'a', 'transcript', 'that', 'is', 'predicted', 'to', 'encode', 'a', 'fusion', 'protein', '.']
24	['O', 'O', 'O', 'O', 'O', 'O', 'O', 'O', 'O', 'O', 'O', 'O', 'O', 'O', 'O', 'O', 'O', 'O', 'O', 'O', 'O', 'O', 'O', 'O', 'O', 'O', 'O', 'O', 'O', 'O', 'O', 'O', 'O', 'O', 'O', 'O', 'O', 'O', 'O', 'O', 'O', 'O', 'O', 'O', 'O', 'B-A0', 'I-A0', 'I-A0', 'I-A0', 'I-A0', 'I-A0', 'I-A0', 'O', 'O', 'O', 'O', 'O', 'B-V', 'B-A1', 'I-A0', 'O', 'O', 'O', 'O', 'O', 'O', 'O', 'O', 'O']	['direct', 'sequencing', 'of', 'the', 'paf-2', 'gene', 'revealed', 'a', 'homozygous', '1-bp', 'insertion', 'at', 'nucleotide', '511', '(511', 'inst)', 'in', 'one', 'patient', 'with', 'group', 'c', 'zellweger', 'syndrome', '(zs)', ',', 'which', 'introduces', 'a', 'premature', 'termination', 'codon', 'in', 'the', 'paf-2', 'gene', ',', 'and', ',', 'in', 'the', 'second', 'patient', ',', 'revealed', 'a', 'splice-site', 'mutation', 'in', 'intron', '3', '(ivs3+1g-->a)', ',', 'which', 'is', 'likely', 'to', '#skip', 'exon', '3', ',', 'an', 'event', 'that', 'leads', 'to', 'peroxisome', 'deficiency', '.']
25	['O', 'O', 'B-A0', 'I-A0', 'O', 'O', 'O', 'B-V', 'B-A1', 'I-A1', 'I-A1', 'I-A1', 'I-A1', 'I-A1', 'O', 'O', 'O', 'O', 'O', 'O', 'O', 'O', 'O', 'O', 'O', 'O', 'O', 'O']	['finally', ',', 'alternative', 'splicing', 'is', 'able', 'to', '#skip', 'a', 'stop', 'codon-containing', 'exon', '(exon', '4)', 'and', 'can', 'generate', 'a', 'transcript', 'that', 'is', 'predicted', 'to', 'encode', 'a', 'fusion', 'protein', '.']
26	['B-A1', 'I-A1', 'O', 'O', 'O', 'O', 'O', 'B-V', 'O', 'O', 'O', 'O', 'O', 'O', 'B-A1', 'O', 'O', 'O']	['the', 'centromere', 'is', 'able', 'to', 'be', 'finally', '#skipped', 'on', 'all', 'tg', 'autosomes', 'as', 'on', 'the', 'female', 'xi', '.']
27	['B-A1', 'I-A1', 'O', 'O', 'O', 'O', 'B-V', 'O', 'O', 'O', 'O', 'O', 'O', 'B-A1', 'O', 'O', 'O']	['the', 'centromere', 'is', 'observed', 'to', 'be', '#skipped', 'on', 'all', 'tg', 'autosomes', 'as', 'on', 'the', 'female', 'xi', '.']
28	['B-A0', 'I-A0', 'O', 'O', 'O', 'O', 'B-V', 'B-A1', 'I-A1', 'I-A1', 'I-A1', 'I-A1', 'I-A1', 'O', 'O', 'O', 'O', 'O', 'O', 'O', 'O', 'O', 'O', 'O', 'O', 'O', 'O']	['alternative', 'splicing', 'is', 'able', 'to', 'finally', '#skip', 'a', 'stop', 'codon-containing', 'exon', '(exon', '4)', 'and', 'can', 'generate', 'a', 'transcript', 'that', 'is', 'predicted', 'to', 'encode', 'a', 'fusion', 'protein', '.']
29	['B-A0', 'I-A0', 'O', 'O', 'O', 'B-V', 'B-A1', 'I-A1', 'I-A1', 'I-A1', 'I-A1', 'I-A1', 'O', 'O', 'O', 'O', 'O', 'O', 'O', 'O', 'O', 'O', 'O', 'O', 'O', 'O']	['alternative', 'splicing', 'may', 'have', 'finally', '#skipped', 'a', 'stop', 'codon-containing', 'exon', '(exon', '4)', 'and', 'can', 'generate', 'a', 'transcript', 'that', 'is', 'predicted', 'to', 'encode', 'a', 'fusion', 'protein', '.']
30	['O', 'O', 'B-A1', 'I-A1', 'I-A1', 'I-A1', 'I-A1', 'I-A1', 'O', 'O', 'O', 'O', 'O', 'B-V', 'O', 'B-A0', 'I-A0', 'O', 'O', 'O', 'O', 'O', 'O', 'O', 'O', 'O', 'O', 'O', 'O', 'O', 'O']	['finally', ',', 'a', 'stop', 'codon-containing', 'exon', '(exon', '4)', 'has', 'the', 'probability', 'of', 'being', '#skipped', 'by', 'alternative', 'splicing', 'and', 'can', 'generate', 'a', 'transcript', 'that', 'is', 'predicted', 'to', 'encode', 'a', 'fusion', 'protein', '.']
31	['B-A1', 'I-A1', 'I-A1', 'I-A1', 'I-A1', 'I-A1', 'O', 'O', 'O', 'O', 'O', 'B-V', 'O', 'B-A0', 'I-A0', 'O', 'O', 'O', 'O', 'O', 'O', 'O', 'O', 'O', 'O', 'O', 'O', 'O', 'O']	['a', 'stop', 'codon-containing', 'exon', '(exon', '4)', 'is', 'able', 'to', 'be', 'finally', '#skipped', 'by', 'alternative', 'splicing', 'and', 'can', 'generate', 'a', 'transcript', 'that', 'is', 'predicted', 'to', 'encode', 'a', 'fusion', 'protein', '.']
32	['O', 'O', 'O', 'O', 'O', 'O', 'O', 'O', 'O', 'O', 'O', 'O', 'O', 'O', 'O', 'O', 'O', 'O', 'O', 'O', 'O', 'O', 'O', 'O', 'O', 'O', 'O', 'O', 'O', 'O', 'O', 'O', 'O', 'O', 'O', 'O', 'O', 'O', 'O', 'O', 'O', 'O', 'O', 'O', 'O', 'B-A0', 'I-A0', 'I-A0', 'I-A0', 'I-A0', 'I-A0', 'I-A0', 'O', 'O', 'B-V', 'B-A1', 'I-A0', 'O', 'O', 'O', 'O', 'O', 'O', 'O', 'O', 'O']	['direct', 'sequencing', 'of', 'the', 'paf-2', 'gene', 'revealed', 'a', 'homozygous', '1-bp', 'insertion', 'at', 'nucleotide', '511', '(511', 'inst)', 'in', 'one', 'patient', 'with', 'group', 'c', 'zellweger', 'syndrome', '(zs)', ',', 'which', 'introduces', 'a', 'premature', 'termination', 'codon', 'in', 'the', 'paf-2', 'gene', ',', 'and', ',', 'in', 'the', 'second', 'patient', ',', 'revealed', 'a', 'splice-site', 'mutation', 'in', 'intron', '3', '(ivs3+1g-->a)', 'observed', 'to', '#skip', 'exon', '3', ',', 'an', 'event', 'that', 'leads', 'to', 'peroxisome', 'deficiency', '.']
33	['B-A1', 'I-A1', 'O', 'O', 'O', 'O', 'B-V', 'O', 'O', 'O', 'O', 'O', 'O', 'B-A1', 'O', 'O', 'O']	['the', 'centromere', 'may', 'have', 'been', 'finally', '#skipped', 'on', 'all', 'tg', 'autosomes', 'as', 'on', 'the', 'female', 'xi', '.']
34	['B-A1', 'I-A1', 'O', 'O', 'O', 'O', 'B-V', 'O', 'O', 'O', 'O', 'O', 'O', 'B-A1', 'O', 'O', 'O']	['the', 'centromere', 'is', 'able', 'to', 'be', '#skipped', 'on', 'all', 'tg', 'autosomes', 'as', 'on', 'the', 'female', 'xi', '.']
35	['O', 'O', 'O', 'O', 'O', 'O', 'O', 'O', 'O', 'O', 'O', 'O', 'O', 'O', 'O', 'O', 'O', 'O', 'O', 'O', 'O', 'O', 'O', 'O', 'O', 'O', 'O', 'O', 'O', 'O', 'O', 'O', 'O', 'O', 'O', 'O', 'O', 'O', 'O', 'O', 'O', 'O', 'O', 'O', 'O', 'B-A0', 'I-A0', 'I-A0', 'I-A0', 'I-A0', 'I-A0', 'I-A0', 'O', 'O', 'O', 'B-V', 'B-A1', 'I-A0', 'O', 'O', 'O', 'O', 'O', 'O', 'O', 'O', 'O']	['direct', 'sequencing', 'of', 'the', 'paf-2', 'gene', 'revealed', 'a', 'homozygous', '1-bp', 'insertion', 'at', 'nucleotide', '511', '(511', 'inst)', 'in', 'one', 'patient', 'with', 'group', 'c', 'zellweger', 'syndrome', '(zs)', ',', 'which', 'introduces', 'a', 'premature', 'termination', 'codon', 'in', 'the', 'paf-2', 'gene', ',', 'and', ',', 'in', 'the', 'second', 'patient', ',', 'revealed', 'a', 'splice-site', 'mutation', 'in', 'intron', '3', '(ivs3+1g-->a)', ',', 'which', 'can', '#skip', 'exon', '3', ',', 'an', 'event', 'that', 'leads', 'to', 'peroxisome', 'deficiency', '.']
36	['O', 'O', 'B-A1', 'I-A1', 'I-A1', 'I-A1', 'I-A1', 'I-A1', 'O', 'O', 'B-V', 'O', 'B-A0', 'I-A0', 'O', 'O', 'O', 'O', 'O', 'O', 'O', 'O', 'O', 'O', 'O', 'O', 'O', 'O']	['finally', ',', 'a', 'stop', 'codon-containing', 'exon', '(exon', '4)', 'will', 'be', '#skipped', 'by', 'alternative', 'splicing', 'and', 'can', 'generate', 'a', 'transcript', 'that', 'is', 'predicted', 'to', 'encode', 'a', 'fusion', 'protein', '.']
37	['O', 'O', 'B-A1', 'I-A1', 'I-A1', 'I-A1', 'I-A1', 'I-A1', 'O', 'O', 'B-V', 'O', 'B-A0', 'I-A0', 'O', 'O', 'O', 'O', 'O', 'O', 'O', 'O', 'O', 'O', 'O', 'O', 'O']	['finally', ',', 'a', 'stop', 'codon-containing', 'exon', '(exon', '4)', 'has', 'been', '#skipped', 'by', 'alternative', 'splicing', 'and', 'generated', 'a', 'transcript', 'that', 'is', 'predicted', 'to', 'encode', 'a', 'fusion', 'protein', '.']
38	['B-A1', 'I-A1', 'I-A1', 'I-A1', 'I-A1', 'I-A1', 'O', 'O', 'O', 'B-V', 'O', 'B-A0', 'I-A0', 'O', 'O', 'O', 'O', 'O', 'O', 'O', 'O', 'O', 'O', 'O', 'O', 'O', 'O']	['a', 'stop', 'codon-containing', 'exon', '(exon', '4)', 'will', 'be', 'finally', '#skipped', 'by', 'alternative', 'splicing', 'and', 'can', 'generate', 'a', 'transcript', 'that', 'is', 'predicted', 'to', 'encode', 'a', 'fusion', 'protein', '.']
39	['B-A0', 'I-A0', 'O', 'O', 'O', 'O', 'O', 'B-V', 'B-A1', 'I-A1', 'I-A1', 'O', 'O', 'O', 'O', 'O', 'O', 'O', 'O', 'O', 'O', 'O', 'O', 'B-A0', 'O', 'O', 'O']	['xist', 'rna', 'coats', 'the', 'autosome', 'but', 'can', '#skip', 'the', 'xic', 'tg', ',', 'raising', 'the', 'possibility', 'that', 'x', 'chromosome', 'domains', 'escape', 'inactivation', 'by', 'excluding', 'xist', 'rna', 'binding', '.']
40	['O', 'O', 'O', 'B-A0', 'I-A0', 'O', 'B-V', 'B-A1', 'I-A1', 'I-A1', 'O', 'O', 'O', 'O', 'O', 'O', 'O', 'O', 'O', 'O', 'O', 'B-A0', 'O', 'O', 'O']	['the', 'observation', 'that', 'xist', 'rna', 'can', '#skip', 'the', 'xic', 'tg', 'raises', 'the', 'possibility', 'that', 'x', 'chromosome', 'domains', 'escape', 'inactivation', 'by', 'excluding', 'xist', 'rna', 'binding', '.']
41	['O', 'O', 'O', 'B-A1', 'I-A1', 'I-A1', 'O', 'O', 'O', 'B-V', 'O', 'B-A0', 'I-A0', 'O', 'O', 'O', 'O', 'O', 'O', 'O', 'O', 'O', 'O', 'O', 'B-A0', 'O', 'O', 'O']	['the', 'observation', 'that', 'the', 'xic', 'tg', 'will', 'be', 'efficiently', '#skipped', 'by', 'xist', 'rna', 'raises', 'the', 'possibility', 'that', 'x', 'chromosome', 'domains', 'escape', 'inactivation', 'by', 'excluding', 'xist', 'rna', 'binding', '.']
42	['O', 'O', 'O', 'O', 'O', 'O', 'O', 'O', 'O', 'O', 'O', 'O', 'O', 'O', 'O', 'O', 'O', 'O', 'O', 'O', 'B-A1', 'I-A1', 'I-A1', 'I-A1', 'O', 'O', 'O', 'B-V', 'O', 'B-A0', 'I-A0', 'O']	['megakaryocytes', 'undergo', 'an', 'endomitotic', 'cell', 'cycle', ',', 'which', 'consists', 'of', 'an', 's', 'phase', 'interrupted', 'by', 'a', 'gap', ',', 'during', 'which', 'anaphase', 'b', 'and', 'cytokinesis', 'may', 'have', 'been', '#skipped', 'by', 'the', 'cells', '.']
43	['O', 'O', 'O', 'O', 'O', 'O', 'O', 'O', 'O', 'O', 'O', 'O', 'O', 'O', 'O', 'O', 'O', 'O', 'O', 'O', 'B-A1', 'I-A1', 'I-A1', 'I-A1', 'O', 'B-V', 'O', 'B-A0', 'I-A0', 'O']	['megakaryocytes', 'undergo', 'an', 'endomitotic', 'cell', 'cycle', ',', 'which', 'consists', 'of', 'an', 's', 'phase', 'interrupted', 'by', 'a', 'gap', ',', 'during', 'which', 'anaphase', 'b', 'and', 'cytokinesis', 'were', '#skipped', 'by', 'the', 'cells', '.']
44	['O', 'O', 'O', 'B-A1', 'I-A1', 'I-A1', 'O', 'O', 'O', 'O', 'O', 'O', 'B-V', 'O', 'B-A0', 'I-A0', 'O', 'O', 'O', 'O', 'O', 'O', 'O', 'O', 'O', 'O', 'O', 'B-A0', 'O', 'O', 'O']	['the', 'observation', 'that', 'the', 'xic', 'tg', 'has', 'the', 'ability', 'to', 'be', 'efficiently', '#skipped', 'by', 'xist', 'rna', 'raises', 'the', 'possibility', 'that', 'x', 'chromosome', 'domains', 'escape', 'inactivation', 'by', 'excluding', 'xist', 'rna', 'binding', '.']
45	['O', 'O', 'O', 'B-A1', 'I-A1', 'I-A1', 'O', 'O', 'O', 'O', 'O', 'B-V', 'O', 'B-A0', 'I-A0', 'O', 'O', 'O', 'O', 'O', 'O', 'O', 'O', 'O', 'O', 'O', 'B-A0', 'O', 'O', 'O']	['the', 'observation', 'that', 'the', 'xic', 'tg', 'is', 'able', 'to', 'be', 'efficiently', '#skipped', 'by', 'xist', 'rna', 'raises', 'the', 'possibility', 'that', 'x', 'chromosome', 'domains', 'escape', 'inactivation', 'by', 'excluding', 'xist', 'rna', 'binding', '.']
46	['O', 'O', 'O', 'B-A1', 'I-A1', 'I-A1', 'O', 'O', 'B-V', 'O', 'B-A0', 'I-A0', 'O', 'O', 'O', 'O', 'O', 'O', 'O', 'O', 'O', 'O', 'O', 'B-A0', 'O', 'O', 'O']	['the', 'observation', 'that', 'the', 'xic', 'tg', 'will', 'be', '#skipped', 'by', 'xist', 'rna', 'raises', 'the', 'possibility', 'that', 'x', 'chromosome', 'domains', 'escape', 'inactivation', 'by', 'excluding', 'xist', 'rna', 'binding', '.']
47	['B-A0', 'I-A0', 'O', 'O', 'O', 'O', 'O', 'O', 'O', 'O', 'O', 'O', 'B-V', 'B-A1', 'I-A1', 'I-A1', 'O', 'O', 'O', 'O', 'O', 'O', 'O', 'O', 'O', 'O', 'O', 'O', 'B-A0', 'O', 'O', 'O']	['xist', 'rna', 'coats', 'the', 'autosome', 'but', ',', 'as', 'we', 'predicted', ',', 'will', '#skip', 'the', 'xic', 'tg', ',', 'raising', 'the', 'possibility', 'that', 'x', 'chromosome', 'domains', 'escape', 'inactivation', 'by', 'excluding', 'xist', 'rna', 'binding', '.']
48	['B-A0', 'I-A0', 'O', 'O', 'O', 'O', 'O', 'O', 'O', 'O', 'O', 'O', 'O', 'O', 'B-V', 'B-A1', 'I-A1', 'I-A1', 'O', 'O', 'O', 'O', 'O', 'O', 'O', 'O', 'O', 'O', 'O', 'O', 'B-A0', 'O', 'O', 'O']	['xist', 'rna', 'coats', 'the', 'autosome', 'but', ',', 'as', 'we', 'predicted', ',', 'is', 'able', 'to', '#skip', 'the', 'xic', 'tg', ',', 'raising', 'the', 'possibility', 'that', 'x', 'chromosome', 'domains', 'escape', 'inactivation', 'by', 'excluding', 'xist', 'rna', 'binding', '.']
49	['O', 'O', 'O', 'O', 'O', 'O', 'O', 'O', 'O', 'O', 'O', 'O', 'O', 'O', 'O', 'O', 'O', 'O', 'O', 'O', 'B-A0', 'I-A0', 'O', 'O', 'O', 'O', 'O', 'O', 'O', 'B-V', 'B-A1', 'I-A1', 'I-A1', 'I-A1', 'O']	['megakaryocytes', 'undergo', 'an', 'endomitotic', 'cell', 'cycle', ',', 'which', 'consists', 'of', 'an', 's', 'phase', 'interrupted', 'by', 'a', 'gap', ',', 'during', 'which', 'the', 'cells', 'enter', 'mitosis', 'but', 'have', 'been', 'shown', 'to', '#skip', 'anaphase', 'b', 'and', 'cytokinesis', '.']
50	['O', 'O', 'O', 'B-A0', 'I-A0', 'O', 'O', 'O', 'O', 'B-V', 'B-A1', 'I-A1', 'I-A1', 'O', 'O', 'O', 'O', 'O', 'O', 'O', 'O', 'O', 'O', 'O', 'B-A0', 'O', 'O', 'O']	['the', 'observation', 'that', 'xist', 'rna', 'has', 'been', 'shown', 'to', '#skip', 'the', 'xic', 'tg', 'raises', 'the', 'possibility', 'that', 'x', 'chromosome', 'domains', 'escape', 'inactivation', 'by', 'excluding', 'xist', 'rna', 'binding', '.']
51	['O', 'O', 'O', 'B-A0', 'I-A0', 'O', 'O', 'O', 'O', 'O', 'B-V', 'B-A1', 'I-A1', 'I-A1', 'O', 'O', 'O', 'O', 'O', 'O', 'O', 'O', 'O', 'O', 'O', 'B-A0', 'O', 'O', 'O']	['the', 'observation', 'that', 'xist', 'rna', 'has', 'the', 'ability', 'to', 'efficiently', '#skip', 'the', 'xic', 'tg', 'raises', 'the', 'possibility', 'that', 'x', 'chromosome', 'domains', 'escape', 'inactivation', 'by', 'excluding', 'xist', 'rna', 'binding', '.']
52	['O', 'O', 'O', 'B-A0', 'I-A0', 'O', 'O', 'O', 'B-V', 'B-A1', 'I-A1', 'I-A1', 'O', 'O', 'O', 'O', 'O', 'O', 'O', 'O', 'O', 'O', 'O', 'B-A0', 'O', 'O', 'O']	['the', 'observation', 'that', 'xist', 'rna', 'is', 'observed', 'to', '#skip', 'the', 'xic', 'tg', 'raises', 'the', 'possibility', 'that', 'x', 'chromosome', 'domains', 'escape', 'inactivation', 'by', 'excluding', 'xist', 'rna', 'binding', '.']
53	['O', 'O', 'O', 'B-A0', 'I-A0', 'O', 'O', 'O', 'B-V', 'B-A1', 'I-A1', 'I-A1', 'O', 'O', 'O', 'O', 'O', 'O', 'O', 'O', 'O', 'O', 'O', 'B-A0', 'O', 'O', 'O']	['the', 'observation', 'that', 'xist', 'rna', 'is', 'able', 'to', '#skip', 'the', 'xic', 'tg', 'raises', 'the', 'possibility', 'that', 'x', 'chromosome', 'domains', 'escape', 'inactivation', 'by', 'excluding', 'xist', 'rna', 'binding', '.']
54	['O', 'O', 'O', 'O', 'O', 'O', 'O', 'O', 'O', 'O', 'O', 'O', 'O', 'O', 'O', 'O', 'O', 'O', 'O', 'O', 'B-A0', 'I-A0', 'O', 'O', 'O', 'O', 'B-V', 'B-A1', 'I-A1', 'I-A1', 'I-A1', 'O']	['megakaryocytes', 'undergo', 'an', 'endomitotic', 'cell', 'cycle', ',', 'which', 'consists', 'of', 'an', 's', 'phase', 'interrupted', 'by', 'a', 'gap', ',', 'during', 'which', 'the', 'cells', 'enter', 'mitosis', 'but', 'will', '#skip', 'anaphase', 'b', 'and', 'cytokinesis', '.']
55	['O', 'O', 'O', 'O', 'O', 'O', 'O', 'O', 'O', 'O', 'O', 'O', 'O', 'O', 'O', 'O', 'O', 'O', 'O', 'O', 'B-A1', 'I-A1', 'I-A1', 'I-A1', 'O', 'O', 'B-V', 'O', 'B-A0', 'I-A0', 'O']	['megakaryocytes', 'undergo', 'an', 'endomitotic', 'cell', 'cycle', ',', 'which', 'consists', 'of', 'an', 's', 'phase', 'interrupted', 'by', 'a', 'gap', ',', 'during', 'which', 'anaphase', 'b', 'and', 'cytokinesis', 'have', 'been', '#skipped', 'by', 'the', 'cells', '.']
56	['O', 'O', 'O', 'B-A0', 'I-A0', 'O', 'O', 'O', 'B-V', 'B-A1', 'I-A1', 'I-A1', 'O', 'O', 'O', 'O', 'O', 'O', 'O', 'O', 'O', 'O', 'O', 'B-A0', 'O', 'O', 'O']	['the', 'observation', 'that', 'xist', 'rna', 'is', 'likely', 'to', '#skip', 'the', 'xic', 'tg', 'raises', 'the', 'possibility', 'that', 'x', 'chromosome', 'domains', 'escape', 'inactivation', 'by', 'excluding', 'xist', 'rna', 'binding', '.']
57	['B-A0', 'I-A0', 'O', 'O', 'O', 'O', 'O', 'O', 'O', 'O', 'O', 'O', 'O', 'O', 'O', 'B-V', 'B-A1', 'I-A1', 'I-A1', 'O', 'O', 'O', 'O', 'O', 'O', 'O', 'O', 'O', 'O', 'O', 'O', 'B-A0', 'O', 'O', 'O']	['xist', 'rna', 'coats', 'the', 'autosome', 'but', ',', 'as', 'we', 'predicted', ',', 'has', 'the', 'ability', 'to', '#skip', 'the', 'xic', 'tg', ',', 'raising', 'the', 'possibility', 'that', 'x', 'chromosome', 'domains', 'escape', 'inactivation', 'by', 'excluding', 'xist', 'rna', 'binding', '.']
58	['O', 'O', 'O', 'O', 'O', 'O', 'O', 'O', 'O', 'O', 'O', 'O', 'O', 'O', 'O', 'O', 'O', 'O', 'O', 'O', 'B-A0', 'I-A0', 'O', 'O', 'O', 'B-V', 'B-A1', 'I-A1', 'I-A1', 'I-A1', 'O']	['megakaryocytes', 'undergo', 'an', 'endomitotic', 'cell', 'cycle', ',', 'which', 'consists', 'of', 'an', 's', 'phase', 'interrupted', 'by', 'a', 'gap', ',', 'during', 'which', 'the', 'cells', 'entered', 'mitosis', 'but', '#skipped', 'anaphase', 'b', 'and', 'cytokinesis', '.']
59	['O', 'O', 'O', 'B-A0', 'I-A0', 'B-V', 'B-A1', 'I-A1', 'I-A1', 'O', 'O', 'O', 'O', 'O', 'O', 'O', 'O', 'O', 'O', 'O', 'B-A0', 'O', 'O', 'O']	['the', 'observation', 'that', 'xist', 'rna', '#skips', 'the', 'xic', 'tg', 'raises', 'the', 'possibility', 'that', 'x', 'chromosome', 'domains', 'escape', 'inactivation', 'by', 'excluding', 'xist', 'rna', 'binding', '.']
60	['B-A0', 'I-A0', 'O', 'O', 'O', 'O', 'O', 'O', 'O', 'O', 'O', 'O', 'B-V', 'B-A1', 'I-A1', 'I-A1', 'O', 'O', 'O', 'O', 'O', 'O', 'O', 'O', 'O', 'O', 'O', 'O', 'B-A0', 'O', 'O', 'O']	['xist', 'rna', 'coated', 'the', 'autosome', 'but', ',', 'as', 'we', 'predicted', ',', 'has', '#skipped', 'the', 'xic', 'tg', ',', 'raising', 'the', 'possibility', 'that', 'x', 'chromosome', 'domains', 'escape', 'inactivation', 'by', 'excluding', 'xist', 'rna', 'binding', '.']
61	['O', 'O', 'O', 'B-A1', 'I-A1', 'I-A1', 'O', 'O', 'B-V', 'O', 'B-A0', 'I-A0', 'O', 'O', 'O', 'O', 'O', 'O', 'O', 'O', 'O', 'O', 'O', 'B-A0', 'O', 'O', 'O']	['the', 'observation', 'that', 'the', 'xic', 'tg', 'can', 'be', '#skipped', 'by', 'xist', 'rna', 'raises', 'the', 'possibility', 'that', 'x', 'chromosome', 'domains', 'escape', 'inactivation', 'by', 'excluding', 'xist', 'rna', 'binding', '.']
62	['B-A0', 'I-A0', 'O', 'O', 'O', 'O', 'O', 'O', 'O', 'O', 'B-V', 'B-A1', 'I-A1', 'I-A1', 'O', 'O', 'O', 'O', 'O', 'O', 'O', 'O', 'O', 'O', 'O', 'O', 'B-A0', 'O', 'O', 'O']	['xist', 'rna', 'coats', 'the', 'autosome', 'but', 'has', 'the', 'ability', 'to', '#skip', 'the', 'xic', 'tg', ',', 'raising', 'the', 'possibility', 'that', 'x', 'chromosome', 'domains', 'escape', 'inactivation', 'by', 'excluding', 'xist', 'rna', 'binding', '.']
63	['B-A0', 'I-A0', 'O', 'O', 'O', 'O', 'O', 'O', 'O', 'O', 'O', 'O', 'O', 'O', 'O', 'B-V', 'B-A1', 'I-A1', 'I-A1', 'O', 'O', 'O', 'O', 'O', 'O', 'O', 'O', 'O', 'O', 'O', 'O', 'B-A0', 'O', 'O', 'O']	['xist', 'rna', 'coats', 'the', 'autosome', 'but', ',', 'as', 'we', 'predicted', ',', 'has', 'been', 'shown', 'to', '#skip', 'the', 'xic', 'tg', ',', 'raising', 'the', 'possibility', 'that', 'x', 'chromosome', 'domains', 'escape', 'inactivation', 'by', 'excluding', 'xist', 'rna', 'binding', '.']
64	['O', 'O', 'O', 'B-A0', 'I-A0', 'O', 'O', 'O', 'O', 'B-V', 'B-A1', 'I-A1', 'I-A1', 'O', 'O', 'O', 'O', 'O', 'O', 'O', 'O', 'O', 'O', 'O', 'B-A0', 'O', 'O', 'O']	['the', 'observation', 'that', 'xist', 'rna', 'has', 'the', 'probability', 'of', '#skipping', 'the', 'xic', 'tg', 'raises', 'the', 'possibility', 'that', 'x', 'chromosome', 'domains', 'escape', 'inactivation', 'by', 'excluding', 'xist', 'rna', 'binding', '.']
65	['O', 'O', 'O', 'B-A1', 'I-A1', 'I-A1', 'O', 'O', 'O', 'O', 'O', 'B-V', 'O', 'B-A0', 'I-A0', 'O', 'O', 'O', 'O', 'O', 'O', 'O', 'O', 'O', 'O', 'O', 'B-A0', 'O', 'O', 'O']	['the', 'observation', 'that', 'the', 'xic', 'tg', 'has', 'been', 'shown', 'to', 'be', '#skipped', 'by', 'xist', 'rna', 'raises', 'the', 'possibility', 'that', 'x', 'chromosome', 'domains', 'escape', 'inactivation', 'by', 'excluding', 'xist', 'rna', 'binding', '.']
66	['O', 'O', 'O', 'B-A1', 'I-A1', 'I-A1', 'O', 'O', 'O', 'O', 'B-V', 'O', 'B-A0', 'I-A0', 'O', 'O', 'O', 'O', 'O', 'O', 'O', 'O', 'O', 'O', 'O', 'B-A0', 'O', 'O', 'O']	['the', 'observation', 'that', 'the', 'xic', 'tg', 'may', 'have', 'been', 'efficiently', '#skipped', 'by', 'xist', 'rna', 'raises', 'the', 'possibility', 'that', 'x', 'chromosome', 'domains', 'escape', 'inactivation', 'by', 'excluding', 'xist', 'rna', 'binding', '.']
67	['O', 'O', 'O', 'B-A0', 'I-A0', 'O', 'O', 'O', 'O', 'B-V', 'B-A1', 'I-A1', 'I-A1', 'O', 'O', 'O', 'O', 'O', 'O', 'O', 'O', 'O', 'O', 'O', 'B-A0', 'O', 'O', 'O']	['the', 'observation', 'that', 'xist', 'rna', 'is', 'able', 'to', 'efficiently', '#skip', 'the', 'xic', 'tg', 'raises', 'the', 'possibility', 'that', 'x', 'chromosome', 'domains', 'escape', 'inactivation', 'by', 'excluding', 'xist', 'rna', 'binding', '.']
68	['O', 'O', 'O', 'B-A0', 'I-A0', 'B-V', 'B-A1', 'I-A1', 'I-A1', 'O', 'O', 'O', 'O', 'O', 'O', 'O', 'O', 'O', 'O', 'O', 'B-A0', 'O', 'O', 'O']	['the', 'observation', 'that', 'xist', 'rna', '#skipped', 'the', 'xic', 'tg', 'raises', 'the', 'possibility', 'that', 'x', 'chromosome', 'domains', 'escape', 'inactivation', 'by', 'excluding', 'xist', 'rna', 'binding', '.']
69	['O', 'O', 'O', 'O', 'O', 'O', 'O', 'O', 'O', 'O', 'O', 'O', 'O', 'O', 'O', 'O', 'O', 'O', 'O', 'O', 'B-A0', 'I-A0', 'O', 'O', 'O', 'O', 'B-A0', 'O', 'O', 'B-V', 'B-A1', 'I-A1', 'I-A1', 'I-A1', 'O']	['megakaryocytes', 'undergo', 'an', 'endomitotic', 'cell', 'cycle', ',', 'which', 'consists', 'of', 'an', 's', 'phase', 'interrupted', 'by', 'a', 'gap', ',', 'during', 'which', 'the', 'cells', 'enter', 'mitosis', 'but', 'have', 'the', 'ability', 'to', '#skip', 'anaphase', 'b', 'and', 'cytokinesis', '.']
70	['O', 'O', 'O', 'B-A1', 'I-A1', 'I-A1', 'O', 'O', 'O', 'B-V', 'O', 'B-A0', 'I-A0', 'O', 'O', 'O', 'O', 'O', 'O', 'O', 'O', 'O', 'O', 'O', 'B-A0', 'O', 'O', 'O']	['the', 'observation', 'that', 'the', 'xic', 'tg', 'has', 'been', 'efficiently', '#skipped', 'by', 'xist', 'rna', 'raises', 'the', 'possibility', 'that', 'x', 'chromosome', 'domains', 'escape', 'inactivation', 'by', 'excluding', 'xist', 'rna', 'binding', '.']
71	['O', 'O', 'O', 'B-A1', 'I-A1', 'I-A1', 'O', 'O', 'B-V', 'O', 'B-A0', 'I-A0', 'O', 'O', 'O', 'O', 'O', 'O', 'O', 'O', 'O', 'O', 'O', 'B-A0', 'O', 'O', 'O']	['the', 'observation', 'that', 'the', 'xic', 'tg', 'is', 'efficiently', '#skipped', 'by', 'xist', 'rna', 'raises', 'the', 'possibility', 'that', 'x', 'chromosome', 'domains', 'escape', 'inactivation', 'by', 'excluding', 'xist', 'rna', 'binding', '.']
72	['B-A0', 'I-A0', 'O', 'O', 'O', 'O', 'O', 'B-V', 'B-A1', 'I-A1', 'I-A1', 'O', 'O', 'O', 'O', 'O', 'O', 'O', 'O', 'O', 'O', 'O', 'O', 'B-A0', 'O', 'O', 'O']	['xist', 'rna', 'coated', 'the', 'autosome', 'but', 'has', '#skipped', 'the', 'xic', 'tg', ',', 'raising', 'the', 'possibility', 'that', 'x', 'chromosome', 'domains', 'escape', 'inactivation', 'by', 'excluding', 'xist', 'rna', 'binding', '.']
73	['B-A0', 'I-A0', 'O', 'O', 'O', 'O', 'O', 'O', 'O', 'B-V', 'B-A1', 'I-A1', 'I-A1', 'O', 'O', 'O', 'O', 'O', 'O', 'O', 'O', 'O', 'O', 'O', 'O', 'B-A0', 'O', 'O', 'O']	['xist', 'rna', 'coats', 'the', 'autosome', 'but', 'is', 'observed', 'to', '#skip', 'the', 'xic', 'tg', ',', 'raising', 'the', 'possibility', 'that', 'x', 'chromosome', 'domains', 'escape', 'inactivation', 'by', 'excluding', 'xist', 'rna', 'binding', '.']
74	['O', 'O', 'O', 'B-A0', 'I-A0', 'O', 'O', 'B-V', 'B-A1', 'I-A1', 'I-A1', 'O', 'O', 'O', 'O', 'O', 'O', 'O', 'O', 'O', 'O', 'O', 'B-A0', 'O', 'O', 'O']	['the', 'observation', 'that', 'xist', 'rna', 'will', 'efficiently', '#skip', 'the', 'xic', 'tg', 'raises', 'the', 'possibility', 'that', 'x', 'chromosome', 'domains', 'escape', 'inactivation', 'by', 'excluding', 'xist', 'rna', 'binding', '.']
75	['O', 'O', 'O', 'B-A0', 'I-A0', 'O', 'O', 'B-V', 'B-A1', 'I-A1', 'I-A1', 'O', 'O', 'O', 'O', 'O', 'O', 'O', 'O', 'O', 'O', 'O', 'B-A0', 'O', 'O', 'O']	['the', 'observation', 'that', 'xist', 'rna', 'can', 'efficiently', '#skip', 'the', 'xic', 'tg', 'raises', 'the', 'possibility', 'that', 'x', 'chromosome', 'domains', 'escape', 'inactivation', 'by', 'excluding', 'xist', 'rna', 'binding', '.']
76	['O', 'O', 'O', 'B-A0', 'I-A0', 'O', 'O', 'O', 'O', 'B-V', 'B-A1', 'I-A1', 'I-A1', 'O', 'O', 'O', 'O', 'O', 'O', 'O', 'O', 'O', 'O', 'O', 'B-A0', 'O', 'O', 'O']	['the', 'observation', 'that', 'xist', 'rna', 'has', 'the', 'ability', 'to', '#skip', 'the', 'xic', 'tg', 'raises', 'the', 'possibility', 'that', 'x', 'chromosome', 'domains', 'escape', 'inactivation', 'by', 'excluding', 'xist', 'rna', 'binding', '.']
77	['O', 'O', 'O', 'B-A1', 'I-A1', 'I-A1', 'O', 'B-V', 'O', 'B-A0', 'I-A0', 'O', 'O', 'O', 'O', 'O', 'O', 'O', 'O', 'O', 'O', 'O', 'B-A0', 'O', 'O', 'O']	['the', 'observation', 'that', 'the', 'xic', 'tg', 'is', '#skipped', 'by', 'xist', 'rna', 'raises', 'the', 'possibility', 'that', 'x', 'chromosome', 'domains', 'escape', 'inactivation', 'by', 'excluding', 'xist', 'rna', 'binding', '.']
78	['O', 'O', 'O', 'B-A1', 'I-A1', 'I-A1', 'O', 'O', 'B-V', 'O', 'B-A0', 'I-A0', 'O', 'O', 'O', 'O', 'O', 'O', 'O', 'O', 'O', 'O', 'O', 'B-A0', 'O', 'O', 'O']	['the', 'observation', 'that', 'the', 'xic', 'tg', 'was', 'efficiently', '#skipped', 'by', 'xist', 'rna', 'raises', 'the', 'possibility', 'that', 'x', 'chromosome', 'domains', 'escape', 'inactivation', 'by', 'excluding', 'xist', 'rna', 'binding', '.']
