0	['O', 'O', 'O', 'B-A0', 'O', 'O', 'O', 'O', 'O', 'O', 'B-A1', 'I-A1', 'I-A1', 'I-A1', 'I-A1', 'I-A1', 'I-A1', 'I-A1', 'I-A1', 'I-A1', 'O', 'O', 'B-V', 'O', 'O', 'I-A0', 'I-A0', 'I-A0', 'O']	['since', 's1031', 'is', 'a', 'null', 'allele', ',', 'we', 'tested', 'whether', 'the', 'rates', 'of', 'utilization', 'of', 'at', 'least', '36', 'carbon', 'sources', 'might', 'be', '#altered', 'by', 'a', 'frur', 'null', 'mutation', '.']
1	['O', 'O', 'B-A0', 'I-A0', 'O', 'B-V', 'B-A1', 'I-A1', 'I-A1', 'I-A1', 'I-A1', 'I-A1', 'I-A1', 'O']	['moreover', ',', 'dam', 'methylation', 'could', '#alter', 'binding', 'of', 'lrp', 'at', 'the', 'gatc1130', 'site', '.']
2	['O', 'B-A0', 'I-A0', 'I-A0', 'I-A0', 'O', 'O', 'O', 'O', 'O', 'B-A1', 'I-A1', 'I-A1', 'I-A1', 'I-A1', 'I-A1', 'I-A1', 'I-A1', 'I-A1', 'I-A1', 'O', 'O', 'O', 'B-V', 'O', 'O', 'O', 'O']	['since', 'a', 'frur', 'null', 'mutation', 'are', 'in', 'opposing', 'directions', ',', 'the', 'rates', 'of', 'utilization', 'of', 'at', 'least', '36', 'carbon', 'sources', 'will', 'not', 'be', '#altered', 'by', 'them(figure', '3c)', '.']
3	['O', 'O', 'O', 'B-A0', 'O', 'O', 'O', 'O', 'O', 'O', 'B-A1', 'I-A1', 'I-A1', 'I-A1', 'I-A1', 'I-A1', 'I-A1', 'I-A1', 'I-A1', 'I-A1', 'O', 'O', 'O', 'O', 'B-V', 'O', 'O', 'I-A0', 'I-A0', 'I-A0', 'O']	['since', 's1031', 'is', 'a', 'null', 'allele', ',', 'we', 'tested', 'whether', 'the', 'rates', 'of', 'utilization', 'of', 'at', 'least', '36', 'carbon', 'sources', 'was', 'able', 'to', 'be', '#altered', 'by', 'a', 'frur', 'null', 'mutation', '.']
4	['O', 'O', 'B-A0', 'I-A0', 'O', 'B-A1', 'O', 'O', 'O', 'O', 'O', 'O', 'O', 'O', 'B-V', 'O', 'I-A1', 'I-A1', 'I-A1', 'I-A1', 'I-A1', 'I-A1', 'O']	['moreover', ',', 'dam', 'methylation', 'inhibited', 'binding', 'of', 'lrp/papi', 'near', 'the', 'gatc1028', 'site', 'and', 'has', '#altered', 'binding', 'of', 'lrp', 'at', 'the', 'gatc1130', 'site', '.']
5	['O', 'O', 'O', 'O', 'O', 'O', 'O', 'O', 'B-A1', 'I-A1', 'I-A1', 'I-A1', 'I-A1', 'I-A1', 'I-A1', 'I-A1', 'I-A1', 'I-A1', 'O', 'O', 'B-V', 'O', 'B-A0', 'I-A0', 'I-A0', 'I-A0', 'O']	['hence', ',', 'glu13', 'indirectly', 'affects', 'dna-binding', 'specificity', 'because', 'the', 'rates', 'of', 'utilization', 'of', 'at', 'least', '36', 'carbon', 'sources', 'may', 'be', '#altered', 'by', 'a', 'frur', 'null', 'mutation', '.']
6	['O', 'O', 'B-A0', 'I-A0', 'O', 'B-A1', 'O', 'O', 'O', 'O', 'O', 'O', 'O', 'O', 'O', 'O', 'B-V', 'O', 'I-A1', 'I-A1', 'I-A1', 'I-A1', 'I-A1', 'I-A1', 'O']	['moreover', ',', 'dam', 'methylation', 'inhibits', 'binding', 'of', 'lrp/papi', 'near', 'the', 'gatc1028', 'site', 'and', 'is', 'able', 'to', '#alter', 'binding', 'of', 'lrp', 'at', 'the', 'gatc1130', 'site', '.']
7	['O', 'B-A0', 'I-A0', 'I-A0', 'I-A0', 'O', 'O', 'O', 'O', 'O', 'B-A1', 'I-A1', 'I-A1', 'I-A1', 'I-A1', 'I-A1', 'I-A1', 'I-A1', 'I-A1', 'I-A1', 'O', 'O', 'B-V', 'O', 'O', 'O', 'O']	['since', 'a', 'frur', 'null', 'mutation', 'were', 'in', 'opposing', 'directions', ',', 'the', 'rates', 'of', 'utilization', 'of', 'at', 'least', '36', 'carbon', 'sources', 'was', 'not', '#altered', 'by', 'them(figure', '3c)', '.']
8	['O', 'O', 'B-A0', 'I-A0', 'I-A0', 'I-A0', 'B-V', 'B-A1', 'I-A1', 'I-A1', 'I-A1', 'I-A1', 'I-A1', 'I-A1', 'I-A1', 'I-A1', 'I-A1', 'O']	['moreover', ',', 'a', 'frur', 'null', 'mutation', '#alters', 'the', 'rates', 'of', 'utilization', 'of', 'at', 'least', '36', 'carbon', 'sources', '.']
9	['O', 'O', 'B-A0', 'I-A0', 'I-A0', 'I-A0', 'O', 'B-V', 'B-A1', 'I-A1', 'I-A1', 'I-A1', 'I-A1', 'I-A1', 'I-A1', 'I-A1', 'I-A1', 'I-A1', 'O']	['moreover', ',', 'a', 'frur', 'null', 'mutation', 'could', '#alter', 'the', 'rates', 'of', 'utilization', 'of', 'at', 'least', '36', 'carbon', 'sources', '.']
10	['B-A1', 'I-A1', 'I-A1', 'I-A1', 'I-A1', 'I-A1', 'I-A1', 'I-A1', 'I-A1', 'O', 'O', 'B-V', 'O', 'B-A0', 'O', 'B-A4', 'I-A4', 'O', 'O', 'O', 'O', 'O', 'O', 'O', 'O', 'O']	['the', 'expression', 'and', 'activity', 'of', 'the', 'multidrug', 'resistance', 'transporters', 'can', 'be', '#altered', 'by', 'cytokines', 'in', 'human', 'hepatoma', 'cell', 'lines;', 'analysis', 'using', 'rt-pcr', 'and', 'cdna', 'microarrays', '.']
11	['O', 'O', 'O', 'O', 'O', 'O', 'O', 'O', 'O', 'O', 'B-A0', 'I-A0', 'B-V', 'B-A1', 'I-A1', 'I-A1', 'O']	['since', 's1031', 'is', 'a', 'null', 'allele', ',', 'we', 'tested', 'whether', 'a', 'mechanism', '#alters', 'expression', 'of', 'bcl-3', '.']
12	['O', 'O', 'O', 'O', 'O', 'B-A0', 'I-A0', 'O', 'O', 'B-V', 'B-A1', 'I-A1', 'I-A1', 'O', 'O', 'O', 'O', 'O', 'O', 'O']	['the', 'results', 'provide', 'insight', 'into', 'a', 'mechanism', 'which', 'can', '#alter', 'expression', 'of', 'bcl-3', 'and', 'may', 'lead', 'to', 'tumorigenic', 'potential', '.']
13	['O', 'O', 'O', 'O', 'O', 'O', 'O', 'O', 'B-A1', 'I-A1', 'I-A1', 'I-A1', 'I-A1', 'I-A1', 'I-A1', 'I-A1', 'I-A1', 'I-A1', 'O', 'O', 'B-V', 'O', 'B-A0', 'I-A0', 'I-A0', 'I-A0', 'O']	['hence', ',', 'glu13', 'indirectly', 'affects', 'dna-binding', 'specificity', 'because', 'the', 'rates', 'of', 'utilization', 'of', 'at', 'least', '36', 'carbon', 'sources', 'could', 'be', '#altered', 'by', 'a', 'frur', 'null', 'mutation', '.']
14	['O', 'O', 'B-A0', 'I-A0', 'I-A0', 'I-A0', 'O', 'B-V', 'B-A1', 'I-A1', 'I-A1', 'I-A1', 'I-A1', 'I-A1', 'I-A1', 'I-A1', 'I-A1', 'I-A1', 'O']	['moreover', ',', 'a', 'frur', 'null', 'mutation', 'has', '#altered', 'the', 'rates', 'of', 'utilization', 'of', 'at', 'least', '36', 'carbon', 'sources', '.']
15	['O', 'O', 'B-A0', 'I-A0', 'O', 'O', 'O', 'O', 'B-V', 'B-A1', 'I-A1', 'I-A1', 'O']	['moreover', ',', 'a', 'mechanism', 'will', 'be', 'able', 'to', '#alter', 'expression', 'of', 'bcl-3', '.']
16	['O', 'O', 'O', 'O', 'O', 'O', 'O', 'O', 'O', 'O', 'B-A1', 'I-A1', 'I-A1', 'I-A1', 'I-A1', 'I-A1', 'I-A1', 'O', 'O', 'B-V', 'O', 'B-A0', 'I-A0', 'O']	['since', 's1031', 'is', 'a', 'null', 'allele', ',', 'we', 'tested', 'whether', 'binding', 'of', 'lrp', 'at', 'the', 'gatc1130', 'site', 'could', 'be', '#altered', 'by', 'dam', 'methylation', '.']
17	['B-A1', 'I-A1', 'I-A1', 'I-A1', 'I-A1', 'I-A1', 'I-A1', 'I-A1', 'I-A1', 'O', 'B-V', 'O', 'B-A0', 'O', 'B-A4', 'I-A4', 'O', 'O', 'O', 'O', 'O', 'O', 'O', 'O', 'O']	['the', 'expression', 'and', 'activity', 'of', 'the', 'multidrug', 'resistance', 'transporters', 'was', '#altered', 'by', 'cytokines', 'in', 'human', 'hepatoma', 'cell', 'lines;', 'analysis', 'using', 'rt-pcr', 'and', 'cdna', 'microarrays', '.']
18	['B-A1', 'I-A1', 'I-A1', 'I-A1', 'I-A1', 'I-A1', 'I-A1', 'I-A1', 'I-A1', 'O', 'O', 'B-V', 'O', 'B-A0', 'O', 'B-A4', 'I-A4', 'O', 'O', 'O', 'O', 'O', 'O', 'O', 'O', 'O']	['the', 'expression', 'and', 'activity', 'of', 'the', 'multidrug', 'resistance', 'transporters', 'may', 'be', '#altered', 'by', 'cytokines', 'in', 'human', 'hepatoma', 'cell', 'lines;', 'analysis', 'using', 'rt-pcr', 'and', 'cdna', 'microarrays', '.']
19	['O', 'O', 'O', 'B-A0', 'O', 'O', 'O', 'O', 'O', 'O', 'B-A1', 'I-A1', 'I-A1', 'I-A1', 'I-A1', 'I-A1', 'I-A1', 'I-A1', 'I-A1', 'I-A1', 'O', 'B-V', 'O', 'O', 'I-A0', 'I-A0', 'I-A0', 'O']	['since', 's1031', 'is', 'a', 'null', 'allele', ',', 'we', 'tested', 'whether', 'the', 'rates', 'of', 'utilization', 'of', 'at', 'least', '36', 'carbon', 'sources', 'was', '#altered', 'by', 'a', 'frur', 'null', 'mutation', '.']
20	['O', 'B-A0', 'I-A0', 'O', 'O', 'O', 'O', 'O', 'B-A1', 'I-A1', 'I-A1', 'O', 'O', 'O', 'B-V', 'O', 'O', 'O', 'O']	['since', 'a', 'mechanism', 'were', 'in', 'opposing', 'directions', ',', 'expression', 'of', 'bcl-3', 'could', 'not', 'be', '#altered', 'by', 'them(figure', '3c)', '.']
21	['O', 'O', 'B-A0', 'I-A0', 'O', 'B-V', 'B-A1', 'I-A1', 'I-A1', 'I-A1', 'I-A1', 'I-A1', 'I-A1', 'O']	['moreover', ',', 'dam', 'methylation', 'has', '#altered', 'binding', 'of', 'lrp', 'at', 'the', 'gatc1130', 'site', '.']
22	['O', 'O', 'B-A0', 'I-A0', 'O', 'B-V', 'B-A1', 'I-A1', 'I-A1', 'O']	['moreover', ',', 'a', 'mechanism', 'could', '#alter', 'expression', 'of', 'bcl-3', '.']
23	['O', 'O', 'O', 'O', 'O', 'O', 'O', 'O', 'O', 'O', 'O', 'B-A0', 'I-A0', 'O', 'B-V', 'B-A1', 'I-A1', 'I-A1', 'O']	['since', 's1031', 'is', 'a', 'null', 'allele', ',', 'we', 'are', 'testing', 'whether', 'a', 'mechanism', 'will', '#alter', 'expression', 'of', 'bcl-3', '.']
24	['O', 'O', 'O', 'O', 'O', 'O', 'O', 'O', 'O', 'O', 'O', 'B-A0', 'I-A0', 'O', 'B-V', 'B-A1', 'I-A1', 'I-A1', 'I-A1', 'I-A1', 'I-A1', 'I-A1', 'O']	['since', 's1031', 'is', 'a', 'null', 'allele', ',', 'we', 'are', 'testing', 'whether', 'dam', 'methylation', 'can', '#alter', 'binding', 'of', 'lrp', 'at', 'the', 'gatc1130', 'site', '.']
25	['O', 'B-A0', 'I-A0', 'I-A0', 'I-A0', 'O', 'O', 'O', 'O', 'O', 'B-A1', 'I-A1', 'I-A1', 'I-A1', 'I-A1', 'I-A1', 'I-A1', 'I-A1', 'I-A1', 'I-A1', 'O', 'O', 'O', 'O', 'O', 'B-V', 'O', 'O', 'O', 'O']	['since', 'a', 'frur', 'null', 'mutation', 'were', 'in', 'opposing', 'directions', ',', 'the', 'rates', 'of', 'utilization', 'of', 'at', 'least', '36', 'carbon', 'sources', 'was', 'not', 'able', 'to', 'be', '#altered', 'by', 'them(figure', '3c)', '.']
26	['O', 'O', 'O', 'O', 'O', 'O', 'O', 'O', 'O', 'B-A0', 'I-A0', 'I-A0', 'I-A0', 'O', 'O', 'B-V', 'B-A1', 'I-A1', 'I-A1', 'I-A1', 'I-A1', 'I-A1', 'I-A1', 'I-A1', 'I-A1', 'I-A1', 'O']	['hence', ',', 'glu13', 'indirectly', 'affects', 'dna-binding', 'specificity', 'probably', 'because', 'a', 'frur', 'null', 'mutation', 'can', 'subtly', '#alter', 'the', 'rates', 'of', 'utilization', 'of', 'at', 'least', '36', 'carbon', 'sources', '.']
27	['O', 'B-A0', 'I-A0', 'I-A0', 'I-A0', 'O', 'O', 'O', 'O', 'O', 'B-A1', 'I-A1', 'I-A1', 'I-A1', 'I-A1', 'I-A1', 'I-A1', 'I-A1', 'I-A1', 'I-A1', 'O', 'O', 'O', 'B-V', 'O', 'O', 'O', 'O']	['since', 'a', 'frur', 'null', 'mutation', 'are', 'in', 'opposing', 'directions', ',', 'the', 'rates', 'of', 'utilization', 'of', 'at', 'least', '36', 'carbon', 'sources', 'may', 'not', 'be', '#altered', 'by', 'them(figure', '3c)', '.']
28	['O', 'O', 'O', 'B-A0', 'O', 'O', 'O', 'O', 'O', 'O', 'O', 'O', 'I-A0', 'I-A0', 'I-A0', 'O', 'B-V', 'B-A1', 'I-A1', 'I-A1', 'I-A1', 'I-A1', 'I-A1', 'I-A1', 'I-A1', 'I-A1', 'I-A1', 'O']	['since', 's1031', 'is', 'a', 'null', 'allele', ',', 'we', 'are', 'testing', 'whether', 'a', 'frur', 'null', 'mutation', 'may', '#alter', 'the', 'rates', 'of', 'utilization', 'of', 'at', 'least', '36', 'carbon', 'sources', '.']
29	['O', 'O', 'O', 'O', 'O', 'O', 'O', 'O', 'O', 'O', 'B-A0', 'I-A0', 'I-A0', 'I-A0', 'O', 'O', 'O', 'O', 'B-V', 'B-A1', 'I-A1', 'I-A1', 'I-A1', 'I-A1', 'I-A1', 'I-A1', 'I-A1', 'I-A1', 'I-A1', 'O']	['hence', ',', 'glu13', 'indirectly', 'affects', 'dna-binding', 'specificity', 'probably', 'due', 'to', 'a', 'frur', 'null', 'mutation', ',', 'which', 'may', 'subtly', '#alter', 'the', 'rates', 'of', 'utilization', 'of', 'at', 'least', '36', 'carbon', 'sources', '.']
30	['B-A0', 'B-V', 'B-A1', 'I-A1', 'I-A1', 'I-A1', 'I-A1', 'I-A1', 'I-A1', 'I-A1', 'I-A1', 'O', 'B-A4', 'I-A4', 'O', 'O', 'O', 'O', 'O', 'O', 'O', 'O', 'O']	['cytokines', '#altered', 'the', 'expression', 'and', 'activity', 'of', 'the', 'multidrug', 'resistance', 'transporters', 'in', 'human', 'hepatoma', 'cell', 'lines;', 'analysis', 'using', 'rt-pcr', 'and', 'cdna', 'microarrays', '.']
31	['O', 'B-A0', 'I-A0', 'O', 'O', 'O', 'O', 'O', 'O', 'O', 'B-V', 'B-A1', 'I-A1', 'I-A1', 'I-A1', 'I-A1', 'O', 'O', 'O', 'O']	['since', 'dam', 'methylation', 'are', 'in', 'opposing', 'directions', ',', 'they', 'cannot', '#alter', 'binding', 'of', 'lrp', 'at', 'the', 'gatc1130', 'site(figure', '3c)', '.']
32	['O', 'B-A0', 'I-A0', 'O', 'O', 'O', 'O', 'O', 'O', 'O', 'O', 'O', 'O', 'B-V', 'B-A1', 'O', 'O', 'O', 'O']	['since', 'a', 'mechanism', 'were', 'in', 'opposing', 'directions', ',', 'they', 'were', 'not', 'able', 'to', '#alter', 'expression', 'of', 'bcl-3(figure', '3c)', '.']
33	['O', 'O', 'O', 'B-A0', 'O', 'O', 'O', 'O', 'O', 'O', 'O', 'B-A1', 'I-A1', 'I-A1', 'I-A1', 'I-A1', 'I-A1', 'I-A1', 'I-A1', 'I-A1', 'I-A1', 'O', 'O', 'O', 'O', 'B-V', 'O', 'O', 'I-A0', 'I-A0', 'I-A0', 'O']	['since', 's1031', 'is', 'a', 'null', 'allele', ',', 'we', 'are', 'testing', 'whether', 'the', 'rates', 'of', 'utilization', 'of', 'at', 'least', '36', 'carbon', 'sources', 'is', 'able', 'to', 'be', '#altered', 'by', 'a', 'frur', 'null', 'mutation', '.']
34	['O', 'O', 'O', 'O', 'O', 'O', 'O', 'O', 'O', 'O', 'O', 'B-A1', 'I-A1', 'I-A1', 'O', 'O', 'B-V', 'O', 'B-A0', 'I-A0', 'O']	['since', 's1031', 'is', 'a', 'null', 'allele', ',', 'we', 'are', 'testing', 'whether', 'expression', 'of', 'bcl-3', 'may', 'be', '#altered', 'by', 'a', 'mechanism', '.']
35	['O', 'O', 'O', 'O', 'O', 'O', 'O', 'O', 'O', 'B-A0', 'I-A0', 'O', 'B-V', 'B-A1', 'I-A1', 'I-A1', 'I-A1', 'I-A1', 'I-A1', 'I-A1', 'O']	['hence', ',', 'glu13', 'indirectly', 'affects', 'dna-binding', 'specificity', 'probably', 'because', 'dam', 'methylation', 'subtly', '#alters', 'binding', 'of', 'lrp', 'at', 'the', 'gatc1130', 'site', '.']
36	['O', 'O', 'O', 'O', 'O', 'O', 'O', 'O', 'B-A1', 'I-A1', 'I-A1', 'I-A1', 'I-A1', 'I-A1', 'I-A1', 'I-A1', 'I-A1', 'I-A1', 'O', 'O', 'O', 'O', 'B-V', 'O', 'B-A0', 'I-A0', 'I-A0', 'I-A0', 'O']	['hence', ',', 'glu13', 'indirectly', 'affects', 'dna-binding', 'specificity', 'because', 'the', 'rates', 'of', 'utilization', 'of', 'at', 'least', '36', 'carbon', 'sources', 'are', 'able', 'to', 'be', '#altered', 'by', 'a', 'frur', 'null', 'mutation', '.']
37	['O', 'O', 'B-A0', 'I-A0', 'O', 'B-A1', 'O', 'O', 'O', 'O', 'O', 'O', 'O', 'O', 'B-V', 'O', 'I-A1', 'I-A1', 'I-A1', 'I-A1', 'I-A1', 'I-A1', 'O']	['moreover', ',', 'dam', 'methylation', 'inhibits', 'binding', 'of', 'lrp/papi', 'near', 'the', 'gatc1028', 'site', 'and', 'may', '#alter', 'binding', 'of', 'lrp', 'at', 'the', 'gatc1130', 'site', '.']
38	['O', 'O', 'O', 'O', 'O', 'O', 'O', 'O', 'O', 'O', 'B-A0', 'I-A0', 'O', 'O', 'O', 'O', 'B-V', 'B-A1', 'I-A1', 'I-A1', 'O']	['hence', ',', 'glu13', 'indirectly', 'affects', 'dna-binding', 'specificity', 'probably', 'due', 'to', 'a', 'mechanism', ',', 'which', 'can', 'subtly', '#alter', 'expression', 'of', 'bcl-3', '.']
39	['O', 'B-A0', 'I-A0', 'O', 'O', 'O', 'O', 'O', 'O', 'O', 'O', 'O', 'O', 'B-V', 'B-A1', 'I-A1', 'I-A1', 'I-A1', 'I-A1', 'O', 'O', 'O', 'O']	['since', 'dam', 'methylation', 'were', 'in', 'opposing', 'directions', ',', 'they', 'were', 'not', 'able', 'to', '#alter', 'binding', 'of', 'lrp', 'at', 'the', 'gatc1130', 'site(figure', '3c)', '.']
40	['O', 'O', 'O', 'B-A0', 'O', 'O', 'O', 'O', 'O', 'O', 'O', 'B-A1', 'I-A1', 'I-A1', 'I-A1', 'I-A1', 'I-A1', 'I-A1', 'I-A1', 'I-A1', 'I-A1', 'O', 'O', 'B-V', 'O', 'O', 'I-A0', 'I-A0', 'I-A0', 'O']	['since', 's1031', 'is', 'a', 'null', 'allele', ',', 'we', 'are', 'testing', 'whether', 'the', 'rates', 'of', 'utilization', 'of', 'at', 'least', '36', 'carbon', 'sources', 'may', 'be', '#altered', 'by', 'a', 'frur', 'null', 'mutation', '.']
41	['O', 'O', 'B-A0', 'I-A0', 'O', 'O', 'O', 'O', 'B-V', 'B-A1', 'I-A1', 'I-A1', 'I-A1', 'I-A1', 'I-A1', 'I-A1', 'O']	['moreover', ',', 'dam', 'methylation', 'may', 'be', 'able', 'to', '#alter', 'binding', 'of', 'lrp', 'at', 'the', 'gatc1130', 'site', '.']
42	['O', 'O', 'B-A0', 'I-A0', 'O', 'B-A1', 'O', 'O', 'O', 'O', 'O', 'O', 'O', 'O', 'O', 'O', 'B-V', 'O', 'I-A1', 'I-A1', 'I-A1', 'I-A1', 'I-A1', 'I-A1', 'O']	['moreover', ',', 'dam', 'methylation', 'inhibited', 'binding', 'of', 'lrp/papi', 'near', 'the', 'gatc1028', 'site', 'and', 'was', 'able', 'to', '#alter', 'binding', 'of', 'lrp', 'at', 'the', 'gatc1130', 'site', '.']
43	['O', 'O', 'O', 'O', 'O', 'O', 'O', 'O', 'O', 'O', 'B-A0', 'I-A0', 'B-V', 'B-A1', 'I-A1', 'I-A1', 'I-A1', 'I-A1', 'I-A1', 'I-A1', 'O']	['since', 's1031', 'is', 'a', 'null', 'allele', ',', 'we', 'tested', 'whether', 'dam', 'methylation', '#altered', 'binding', 'of', 'lrp', 'at', 'the', 'gatc1130', 'site', '.']
44	['O', 'O', 'O', 'O', 'O', 'O', 'O', 'O', 'B-A1', 'I-A1', 'I-A1', 'I-A1', 'I-A1', 'I-A1', 'I-A1', 'O', 'O', 'B-V', 'O', 'B-A0', 'I-A0', 'O']	['hence', ',', 'glu13', 'indirectly', 'affects', 'dna-binding', 'specificity', 'because', 'binding', 'of', 'lrp', 'at', 'the', 'gatc1130', 'site', 'could', 'be', '#altered', 'by', 'dam', 'methylation', '.']
45	['O', 'O', 'B-A0', 'I-A0', 'I-A0', 'I-A0', 'O', 'O', 'O', 'B-V', 'B-A1', 'I-A1', 'I-A1', 'I-A1', 'I-A1', 'I-A1', 'I-A1', 'I-A1', 'I-A1', 'I-A1', 'O']	['moreover', ',', 'a', 'frur', 'null', 'mutation', 'is', 'able', 'to', '#alter', 'the', 'rates', 'of', 'utilization', 'of', 'at', 'least', '36', 'carbon', 'sources', '.']
46	['O', 'O', 'O', 'B-A0', 'O', 'O', 'O', 'O', 'O', 'O', 'O', 'O', 'I-A0', 'I-A0', 'I-A0', 'O', 'B-V', 'B-A1', 'I-A1', 'I-A1', 'I-A1', 'I-A1', 'I-A1', 'I-A1', 'I-A1', 'I-A1', 'I-A1', 'O']	['since', 's1031', 'is', 'a', 'null', 'allele', ',', 'we', 'are', 'testing', 'whether', 'a', 'frur', 'null', 'mutation', 'can', '#alter', 'the', 'rates', 'of', 'utilization', 'of', 'at', 'least', '36', 'carbon', 'sources', '.']
47	['O', 'O', 'O', 'B-A0', 'O', 'O', 'O', 'O', 'O', 'O', 'O', 'I-A0', 'I-A0', 'I-A0', 'O', 'B-V', 'B-A1', 'I-A1', 'I-A1', 'I-A1', 'I-A1', 'I-A1', 'I-A1', 'I-A1', 'I-A1', 'I-A1', 'O']	['since', 's1031', 'is', 'a', 'null', 'allele', ',', 'we', 'tested', 'whether', 'a', 'frur', 'null', 'mutation', 'might', '#alter', 'the', 'rates', 'of', 'utilization', 'of', 'at', 'least', '36', 'carbon', 'sources', '.']
48	['O', 'O', 'B-A0', 'I-A0', 'B-V', 'B-A1', 'I-A1', 'I-A1', 'I-A1', 'I-A1', 'I-A1', 'I-A1', 'O']	['moreover', ',', 'dam', 'methylation', '#altered', 'binding', 'of', 'lrp', 'at', 'the', 'gatc1130', 'site', '.']
49	['O', 'O', 'O', 'O', 'O', 'O', 'O', 'O', 'O', 'O', 'B-A1', 'I-A1', 'I-A1', 'O', 'O', 'O', 'O', 'B-V', 'O', 'B-A0', 'I-A0', 'O']	['since', 's1031', 'is', 'a', 'null', 'allele', ',', 'we', 'tested', 'whether', 'expression', 'of', 'bcl-3', 'was', 'able', 'to', 'be', '#altered', 'by', 'a', 'mechanism', '.']
50	['O', 'B-A0', 'I-A0', 'O', 'O', 'O', 'O', 'O', 'B-A1', 'I-A1', 'I-A1', 'I-A1', 'I-A1', 'I-A1', 'I-A1', 'O', 'O', 'O', 'O', 'O', 'B-V', 'O', 'O', 'O', 'O']	['since', 'dam', 'methylation', 'are', 'in', 'opposing', 'directions', ',', 'binding', 'of', 'lrp', 'at', 'the', 'gatc1130', 'site', 'is', 'not', 'able', 'to', 'be', '#altered', 'by', 'them(figure', '3c)', '.']
51	['O', 'O', 'O', 'O', 'O', 'O', 'O', 'O', 'B-A1', 'I-A1', 'I-A1', 'I-A1', 'I-A1', 'I-A1', 'I-A1', 'O', 'B-V', 'O', 'B-A0', 'I-A0', 'O']	['hence', ',', 'glu13', 'indirectly', 'affects', 'dna-binding', 'specificity', 'because', 'binding', 'of', 'lrp', 'at', 'the', 'gatc1130', 'site', 'is', '#altered', 'by', 'dam', 'methylation', '.']
52	['O', 'O', 'O', 'B-A0', 'O', 'O', 'O', 'O', 'O', 'O', 'O', 'I-A0', 'I-A0', 'I-A0', 'B-V', 'B-A1', 'I-A1', 'I-A1', 'I-A1', 'I-A1', 'I-A1', 'I-A1', 'I-A1', 'I-A1', 'I-A1', 'O']	['since', 's1031', 'is', 'a', 'null', 'allele', ',', 'we', 'tested', 'whether', 'a', 'frur', 'null', 'mutation', '#alters', 'the', 'rates', 'of', 'utilization', 'of', 'at', 'least', '36', 'carbon', 'sources', '.']
53	['O', 'O', 'B-A0', 'I-A0', 'O', 'B-V', 'B-A1', 'I-A1', 'I-A1', 'O']	['moreover', ',', 'a', 'mechanism', 'may', '#alter', 'expression', 'of', 'bcl-3', '.']
54	['O', 'O', 'O', 'O', 'O', 'O', 'O', 'O', 'O', 'O', 'O', 'B-A1', 'I-A1', 'I-A1', 'I-A1', 'I-A1', 'I-A1', 'I-A1', 'O', 'B-V', 'O', 'B-A0', 'I-A0', 'O']	['since', 's1031', 'is', 'a', 'null', 'allele', ',', 'we', 'are', 'testing', 'whether', 'binding', 'of', 'lrp', 'at', 'the', 'gatc1130', 'site', 'is', '#altered', 'by', 'dam', 'methylation', '.']
55	['O', 'O', 'O', 'O', 'O', 'O', 'O', 'O', 'O', 'O', 'B-A0', 'I-A0', 'O', 'B-V', 'B-A1', 'I-A1', 'I-A1', 'I-A1', 'I-A1', 'I-A1', 'I-A1', 'O']	['since', 's1031', 'is', 'a', 'null', 'allele', ',', 'we', 'tested', 'whether', 'dam', 'methylation', 'could', '#alter', 'binding', 'of', 'lrp', 'at', 'the', 'gatc1130', 'site', '.']
56	['O', 'O', 'O', 'O', 'O', 'O', 'O', 'O', 'O', 'O', 'O', 'B-V', 'B-A1', 'I-A1', 'I-A1', 'O', 'O', 'O', 'O', 'O']	['the', 'results', 'provide', 'insight', 'into', 'a', 'mechanism', 'whereby', 'the', 'act', 'of', '#altering', 'expression', 'of', 'bcl-3', 'leads', 'to', 'tumorigenic', 'potential', '.']
57	['O', 'O', 'O', 'O', 'O', 'O', 'O', 'O', 'O', 'O', 'B-A0', 'I-A0', 'I-A0', 'I-A0', 'O', 'O', 'O', 'O', 'O', 'O', 'B-V', 'B-A1', 'I-A1', 'I-A1', 'I-A1', 'I-A1', 'I-A1', 'I-A1', 'I-A1', 'I-A1', 'I-A1', 'O']	['hence', ',', 'glu13', 'indirectly', 'affects', 'dna-binding', 'specificity', 'probably', 'due', 'to', 'a', 'frur', 'null', 'mutation', ',', 'which', 'was', 'able', 'to', 'subtly', '#alter', 'the', 'rates', 'of', 'utilization', 'of', 'at', 'least', '36', 'carbon', 'sources', '.']
58	['O', 'B-A0', 'I-A0', 'O', 'O', 'O', 'O', 'O', 'O', 'O', 'O', 'B-V', 'B-A1', 'O', 'O', 'O', 'O']	['since', 'a', 'mechanism', 'are', 'in', 'opposing', 'directions', ',', 'they', 'do', 'not', '#alter', 'expression', 'of', 'bcl-3(figure', '3c)', '.']
59	['O', 'O', 'O', 'O', 'O', 'O', 'O', 'O', 'O', 'B-A0', 'I-A0', 'O', 'O', 'B-V', 'B-A1', 'I-A1', 'I-A1', 'O']	['hence', ',', 'glu13', 'indirectly', 'affects', 'dna-binding', 'specificity', 'probably', 'because', 'a', 'mechanism', 'may', 'subtly', '#alter', 'expression', 'of', 'bcl-3', '.']
60	['O', 'O', 'O', 'O', 'O', 'O', 'O', 'O', 'O', 'B-A0', 'I-A0', 'O', 'B-V', 'B-A1', 'I-A1', 'I-A1', 'O']	['hence', ',', 'glu13', 'indirectly', 'affects', 'dna-binding', 'specificity', 'probably', 'because', 'a', 'mechanism', 'subtly', '#altered', 'expression', 'of', 'bcl-3', '.']
61	['O', 'O', 'O', 'O', 'O', 'O', 'O', 'O', 'O', 'B-A0', 'I-A0', 'O', 'B-V', 'B-A1', 'I-A1', 'I-A1', 'O']	['hence', ',', 'glu13', 'indirectly', 'affects', 'dna-binding', 'specificity', 'probably', 'because', 'a', 'mechanism', 'subtly', '#alters', 'expression', 'of', 'bcl-3', '.']
62	['O', 'O', 'O', 'O', 'O', 'O', 'O', 'O', 'O', 'O', 'B-A0', 'I-A0', 'O', 'B-V', 'B-A1', 'I-A1', 'I-A1', 'O']	['since', 's1031', 'is', 'a', 'null', 'allele', ',', 'we', 'tested', 'whether', 'a', 'mechanism', 'might', '#alter', 'expression', 'of', 'bcl-3', '.']
63	['O', 'O', 'O', 'O', 'O', 'O', 'O', 'O', 'O', 'O', 'B-A0', 'I-A0', 'O', 'O', 'O', 'O', 'B-V', 'B-A1', 'I-A1', 'I-A1', 'I-A1', 'I-A1', 'I-A1', 'I-A1', 'O']	['hence', ',', 'glu13', 'indirectly', 'affects', 'dna-binding', 'specificity', 'probably', 'due', 'to', 'dam', 'methylation', ',', 'which', 'can', 'subtly', '#alter', 'binding', 'of', 'lrp', 'at', 'the', 'gatc1130', 'site', '.']
64	['B-A0', 'O', 'B-V', 'B-A1', 'I-A1', 'I-A1', 'I-A1', 'I-A1', 'I-A1', 'I-A1', 'I-A1', 'I-A1', 'O', 'B-A4', 'I-A4', 'O', 'O', 'O', 'O', 'O', 'O', 'O', 'O', 'O']	['cytokines', 'may', '#alter', 'the', 'expression', 'and', 'activity', 'of', 'the', 'multidrug', 'resistance', 'transporters', 'in', 'human', 'hepatoma', 'cell', 'lines;', 'analysis', 'using', 'rt-pcr', 'and', 'cdna', 'microarrays', '.']
65	['O', 'O', 'O', 'O', 'O', 'O', 'O', 'O', 'O', 'O', 'B-A0', 'I-A0', 'O', 'B-V', 'B-A1', 'I-A1', 'I-A1', 'I-A1', 'I-A1', 'I-A1', 'I-A1', 'O']	['since', 's1031', 'is', 'a', 'null', 'allele', ',', 'we', 'tested', 'whether', 'dam', 'methylation', 'might', '#alter', 'binding', 'of', 'lrp', 'at', 'the', 'gatc1130', 'site', '.']
66	['B-A1', 'I-A1', 'I-A1', 'I-A1', 'I-A1', 'I-A1', 'I-A1', 'I-A1', 'I-A1', 'O', 'B-V', 'O', 'B-A0', 'O', 'B-A4', 'I-A4', 'O', 'O', 'O', 'O', 'O', 'O', 'O', 'O', 'O']	['the', 'expression', 'and', 'activity', 'of', 'the', 'multidrug', 'resistance', 'transporters', 'is', '#altered', 'by', 'cytokines', 'in', 'human', 'hepatoma', 'cell', 'lines;', 'analysis', 'using', 'rt-pcr', 'and', 'cdna', 'microarrays', '.']
67	['O', 'O', 'O', 'O', 'O', 'O', 'O', 'O', 'O', 'O', 'B-A1', 'I-A1', 'I-A1', 'I-A1', 'I-A1', 'I-A1', 'I-A1', 'O', 'O', 'B-V', 'O', 'B-A0', 'I-A0', 'O']	['since', 's1031', 'is', 'a', 'null', 'allele', ',', 'we', 'tested', 'whether', 'binding', 'of', 'lrp', 'at', 'the', 'gatc1130', 'site', 'might', 'be', '#altered', 'by', 'dam', 'methylation', '.']
68	['O', 'O', 'O', 'O', 'O', 'O', 'O', 'O', 'O', 'O', 'O', 'B-A0', 'I-A0', 'O', 'O', 'O', 'B-V', 'B-A1', 'I-A1', 'I-A1', 'O']	['since', 's1031', 'is', 'a', 'null', 'allele', ',', 'we', 'are', 'testing', 'whether', 'a', 'mechanism', 'is', 'able', 'to', '#alter', 'expression', 'of', 'bcl-3', '.']
69	['O', 'O', 'B-A0', 'I-A0', 'B-V', 'B-A1', 'I-A1', 'I-A1', 'I-A1', 'I-A1', 'I-A1', 'I-A1', 'O']	['moreover', ',', 'dam', 'methylation', '#alters', 'binding', 'of', 'lrp', 'at', 'the', 'gatc1130', 'site', '.']
70	['O', 'O', 'O', 'B-A0', 'O', 'O', 'O', 'O', 'O', 'O', 'O', 'I-A0', 'I-A0', 'I-A0', 'O', 'B-V', 'B-A1', 'I-A1', 'I-A1', 'I-A1', 'I-A1', 'I-A1', 'I-A1', 'I-A1', 'I-A1', 'I-A1', 'O']	['since', 's1031', 'is', 'a', 'null', 'allele', ',', 'we', 'tested', 'whether', 'a', 'frur', 'null', 'mutation', 'could', '#alter', 'the', 'rates', 'of', 'utilization', 'of', 'at', 'least', '36', 'carbon', 'sources', '.']
71	['O', 'O', 'B-A0', 'I-A0', 'O', 'B-A1', 'O', 'O', 'O', 'O', 'O', 'O', 'O', 'O', 'B-V', 'O', 'I-A1', 'I-A1', 'I-A1', 'I-A1', 'I-A1', 'I-A1', 'O']	['moreover', ',', 'dam', 'methylation', 'inhibits', 'binding', 'of', 'lrp/papi', 'near', 'the', 'gatc1028', 'site', 'and', 'will', '#alter', 'binding', 'of', 'lrp', 'at', 'the', 'gatc1130', 'site', '.']
72	['O', 'O', 'O', 'O', 'O', 'O', 'O', 'O', 'B-A1', 'I-A1', 'I-A1', 'I-A1', 'I-A1', 'I-A1', 'I-A1', 'I-A1', 'I-A1', 'I-A1', 'O', 'O', 'B-V', 'O', 'B-A0', 'I-A0', 'I-A0', 'I-A0', 'O']	['hence', ',', 'glu13', 'indirectly', 'affects', 'dna-binding', 'specificity', 'because', 'the', 'rates', 'of', 'utilization', 'of', 'at', 'least', '36', 'carbon', 'sources', 'can', 'be', '#altered', 'by', 'a', 'frur', 'null', 'mutation', '.']
73	['O', 'O', 'O', 'O', 'O', 'O', 'O', 'O', 'O', 'O', 'O', 'B-A1', 'I-A1', 'I-A1', 'I-A1', 'I-A1', 'I-A1', 'I-A1', 'O', 'O', 'B-V', 'O', 'B-A0', 'I-A0', 'O']	['since', 's1031', 'is', 'a', 'null', 'allele', ',', 'we', 'are', 'testing', 'whether', 'binding', 'of', 'lrp', 'at', 'the', 'gatc1130', 'site', 'can', 'be', '#altered', 'by', 'dam', 'methylation', '.']
74	['O', 'O', 'O', 'O', 'O', 'O', 'O', 'O', 'O', 'O', 'O', 'B-A0', 'I-A0', 'O', 'B-V', 'B-A1', 'I-A1', 'I-A1', 'O']	['since', 's1031', 'is', 'a', 'null', 'allele', ',', 'we', 'are', 'testing', 'whether', 'a', 'mechanism', 'can', '#alter', 'expression', 'of', 'bcl-3', '.']
75	['O', 'O', 'B-A0', 'I-A0', 'O', 'O', 'O', 'O', 'B-V', 'B-A1', 'I-A1', 'I-A1', 'O']	['moreover', ',', 'a', 'mechanism', 'may', 'be', 'able', 'to', '#alter', 'expression', 'of', 'bcl-3', '.']
76	['O', 'B-A0', 'I-A0', 'O', 'O', 'O', 'O', 'O', 'B-A1', 'I-A1', 'I-A1', 'I-A1', 'I-A1', 'I-A1', 'I-A1', 'O', 'O', 'B-V', 'O', 'O', 'O', 'O']	['since', 'dam', 'methylation', 'were', 'in', 'opposing', 'directions', ',', 'binding', 'of', 'lrp', 'at', 'the', 'gatc1130', 'site', 'was', 'not', '#altered', 'by', 'them(figure', '3c)', '.']
77	['O', 'O', 'O', 'B-A0', 'O', 'O', 'O', 'O', 'O', 'O', 'O', 'I-A0', 'I-A0', 'I-A0', 'B-V', 'B-A1', 'I-A1', 'I-A1', 'I-A1', 'I-A1', 'I-A1', 'I-A1', 'I-A1', 'I-A1', 'I-A1', 'O']	['since', 's1031', 'is', 'a', 'null', 'allele', ',', 'we', 'tested', 'whether', 'a', 'frur', 'null', 'mutation', '#altered', 'the', 'rates', 'of', 'utilization', 'of', 'at', 'least', '36', 'carbon', 'sources', '.']
78	['O', 'O', 'B-A0', 'I-A0', 'B-V', 'B-A1', 'I-A1', 'I-A1', 'O']	['moreover', ',', 'a', 'mechanism', '#alters', 'expression', 'of', 'bcl-3', '.']
79	['O', 'B-A0', 'I-A0', 'O', 'O', 'O', 'O', 'O', 'O', 'O', 'B-V', 'B-A1', 'O', 'O', 'O', 'O']	['since', 'a', 'mechanism', 'are', 'in', 'opposing', 'directions', ',', 'they', 'cannot', '#alter', 'expression', 'of', 'bcl-3(figure', '3c)', '.']
80	['O', 'O', 'O', 'O', 'O', 'O', 'O', 'O', 'O', 'O', 'B-A0', 'I-A0', 'O', 'O', 'O', 'O', 'O', 'O', 'O', 'B-V', 'B-A1', 'I-A1', 'I-A1', 'O']	['hence', ',', 'glu13', 'indirectly', 'affects', 'dna-binding', 'specificity', 'probably', 'due', 'to', 'a', 'mechanism', ',', 'which', 'may', 'be', 'able', 'to', 'subtly', '#alter', 'expression', 'of', 'bcl-3', '.']
81	['O', 'O', 'O', 'O', 'O', 'O', 'O', 'O', 'O', 'O', 'B-A0', 'I-A0', 'O', 'O', 'O', 'O', 'O', 'O', 'B-V', 'B-A1', 'I-A1', 'I-A1', 'O']	['hence', ',', 'glu13', 'indirectly', 'affects', 'dna-binding', 'specificity', 'probably', 'due', 'to', 'a', 'mechanism', ',', 'which', 'was', 'able', 'to', 'subtly', '#alter', 'expression', 'of', 'bcl-3', '.']
82	['O', 'O', 'O', 'O', 'O', 'O', 'O', 'O', 'O', 'B-A0', 'I-A0', 'I-A0', 'I-A0', 'O', 'B-V', 'B-A1', 'I-A1', 'I-A1', 'I-A1', 'I-A1', 'I-A1', 'I-A1', 'I-A1', 'I-A1', 'I-A1', 'O']	['hence', ',', 'glu13', 'indirectly', 'affects', 'dna-binding', 'specificity', 'probably', 'because', 'a', 'frur', 'null', 'mutation', 'subtly', '#altered', 'the', 'rates', 'of', 'utilization', 'of', 'at', 'least', '36', 'carbon', 'sources', '.']
83	['O', 'B-A0', 'I-A0', 'I-A0', 'I-A0', 'O', 'O', 'O', 'O', 'O', 'B-A1', 'I-A1', 'I-A1', 'I-A1', 'I-A1', 'I-A1', 'I-A1', 'I-A1', 'I-A1', 'I-A1', 'O', 'O', 'O', 'B-V', 'O', 'O', 'O', 'O']	['since', 'a', 'frur', 'null', 'mutation', 'were', 'in', 'opposing', 'directions', ',', 'the', 'rates', 'of', 'utilization', 'of', 'at', 'least', '36', 'carbon', 'sources', 'could', 'not', 'be', '#altered', 'by', 'them(figure', '3c)', '.']
84	['O', 'O', 'O', 'O', 'O', 'O', 'O', 'O', 'O', 'O', 'B-A0', 'I-A0', 'O', 'B-V', 'B-A1', 'I-A1', 'I-A1', 'O']	['since', 's1031', 'is', 'a', 'null', 'allele', ',', 'we', 'tested', 'whether', 'a', 'mechanism', 'could', '#alter', 'expression', 'of', 'bcl-3', '.']
85	['O', 'O', 'O', 'O', 'O', 'O', 'O', 'O', 'B-A1', 'I-A1', 'I-A1', 'O', 'B-V', 'O', 'B-A0', 'I-A0', 'O']	['hence', ',', 'glu13', 'indirectly', 'affects', 'dna-binding', 'specificity', 'because', 'expression', 'of', 'bcl-3', 'was', '#altered', 'by', 'a', 'mechanism', '.']
86	['O', 'B-A0', 'I-A0', 'O', 'O', 'O', 'O', 'O', 'O', 'O', 'O', 'B-V', 'B-A1', 'I-A1', 'I-A1', 'I-A1', 'I-A1', 'O', 'O', 'O', 'O']	['since', 'dam', 'methylation', 'are', 'in', 'opposing', 'directions', ',', 'they', 'do', 'not', '#alter', 'binding', 'of', 'lrp', 'at', 'the', 'gatc1130', 'site(figure', '3c)', '.']
87	['O', 'O', 'O', 'B-A0', 'O', 'O', 'O', 'O', 'O', 'O', 'O', 'O', 'I-A0', 'I-A0', 'I-A0', 'O', 'O', 'O', 'B-V', 'B-A1', 'I-A1', 'I-A1', 'I-A1', 'I-A1', 'I-A1', 'I-A1', 'I-A1', 'I-A1', 'I-A1', 'O']	['since', 's1031', 'is', 'a', 'null', 'allele', ',', 'we', 'are', 'testing', 'whether', 'a', 'frur', 'null', 'mutation', 'is', 'going', 'to', '#alter', 'the', 'rates', 'of', 'utilization', 'of', 'at', 'least', '36', 'carbon', 'sources', '.']
88	['O', 'B-A0', 'I-A0', 'O', 'O', 'O', 'O', 'O', 'B-A1', 'I-A1', 'I-A1', 'I-A1', 'I-A1', 'I-A1', 'I-A1', 'O', 'O', 'O', 'B-V', 'O', 'O', 'O', 'O']	['since', 'dam', 'methylation', 'are', 'in', 'opposing', 'directions', ',', 'binding', 'of', 'lrp', 'at', 'the', 'gatc1130', 'site', 'will', 'not', 'be', '#altered', 'by', 'them(figure', '3c)', '.']
89	['O', 'O', 'O', 'O', 'O', 'O', 'O', 'O', 'O', 'B-A0', 'I-A0', 'O', 'O', 'O', 'O', 'O', 'B-V', 'B-A1', 'I-A1', 'I-A1', 'I-A1', 'I-A1', 'I-A1', 'I-A1', 'O']	['hence', ',', 'glu13', 'indirectly', 'affects', 'dna-binding', 'specificity', 'probably', 'because', 'dam', 'methylation', 'may', 'be', 'able', 'to', 'subtly', '#alter', 'binding', 'of', 'lrp', 'at', 'the', 'gatc1130', 'site', '.']
90	['O', 'O', 'B-A0', 'I-A0', 'I-A0', 'I-A0', 'O', 'B-V', 'B-A1', 'I-A1', 'I-A1', 'I-A1', 'I-A1', 'I-A1', 'I-A1', 'I-A1', 'I-A1', 'I-A1', 'O']	['moreover', ',', 'a', 'frur', 'null', 'mutation', 'can', '#alter', 'the', 'rates', 'of', 'utilization', 'of', 'at', 'least', '36', 'carbon', 'sources', '.']
91	['O', 'O', 'B-A0', 'I-A0', 'O', 'B-A1', 'O', 'O', 'O', 'O', 'O', 'O', 'O', 'B-V', 'O', 'I-A1', 'I-A1', 'I-A1', 'I-A1', 'I-A1', 'I-A1', 'O']	['moreover', ',', 'dam', 'methylation', 'inhibits', 'binding', 'of', 'lrp/papi', 'near', 'the', 'gatc1028', 'site', 'and', '#alters', 'binding', 'of', 'lrp', 'at', 'the', 'gatc1130', 'site', '.']
92	['O', 'O', 'O', 'B-A0', 'O', 'O', 'O', 'O', 'O', 'O', 'B-A1', 'I-A1', 'I-A1', 'I-A1', 'I-A1', 'I-A1', 'I-A1', 'I-A1', 'I-A1', 'I-A1', 'O', 'O', 'B-V', 'O', 'O', 'I-A0', 'I-A0', 'I-A0', 'O']	['since', 's1031', 'is', 'a', 'null', 'allele', ',', 'we', 'tested', 'whether', 'the', 'rates', 'of', 'utilization', 'of', 'at', 'least', '36', 'carbon', 'sources', 'could', 'be', '#altered', 'by', 'a', 'frur', 'null', 'mutation', '.']
93	['O', 'O', 'O', 'O', 'O', 'O', 'O', 'O', 'O', 'B-A0', 'I-A0', 'O', 'O', 'O', 'O', 'B-V', 'B-A1', 'I-A1', 'I-A1', 'I-A1', 'I-A1', 'I-A1', 'I-A1', 'O']	['hence', ',', 'glu13', 'indirectly', 'affects', 'dna-binding', 'specificity', 'probably', 'because', 'dam', 'methylation', 'is', 'able', 'to', 'subtly', '#alter', 'binding', 'of', 'lrp', 'at', 'the', 'gatc1130', 'site', '.']
94	['O', 'O', 'O', 'O', 'O', 'O', 'O', 'O', 'O', 'O', 'B-A0', 'I-A0', 'I-A0', 'I-A0', 'O', 'O', 'O', 'O', 'O', 'O', 'B-V', 'B-A1', 'I-A1', 'I-A1', 'I-A1', 'I-A1', 'I-A1', 'I-A1', 'I-A1', 'I-A1', 'I-A1', 'O']	['hence', ',', 'glu13', 'indirectly', 'affects', 'dna-binding', 'specificity', 'probably', 'due', 'to', 'a', 'frur', 'null', 'mutation', ',', 'which', 'is', 'able', 'to', 'subtly', '#alter', 'the', 'rates', 'of', 'utilization', 'of', 'at', 'least', '36', 'carbon', 'sources', '.']
95	['O', 'O', 'B-A0', 'I-A0', 'O', 'B-A1', 'O', 'O', 'O', 'O', 'O', 'O', 'O', 'O', 'B-V', 'O', 'I-A1', 'I-A1', 'I-A1', 'I-A1', 'I-A1', 'I-A1', 'O']	['moreover', ',', 'dam', 'methylation', 'inhibits', 'binding', 'of', 'lrp/papi', 'near', 'the', 'gatc1028', 'site', 'and', 'can', '#alter', 'binding', 'of', 'lrp', 'at', 'the', 'gatc1130', 'site', '.']
96	['O', 'B-A0', 'I-A0', 'I-A0', 'I-A0', 'O', 'O', 'O', 'O', 'O', 'O', 'O', 'B-V', 'B-A1', 'I-A1', 'I-A1', 'I-A1', 'I-A1', 'I-A1', 'I-A1', 'I-A1', 'O', 'O', 'O', 'O']	['since', 'a', 'frur', 'null', 'mutation', 'are', 'in', 'opposing', 'directions', ',', 'they', 'cannot', '#alter', 'the', 'rates', 'of', 'utilization', 'of', 'at', 'least', '36', 'carbon', 'sources(figure', '3c)', '.']
97	['O', 'O', 'O', 'O', 'O', 'O', 'O', 'O', 'B-A1', 'I-A1', 'I-A1', 'O', 'B-V', 'O', 'B-A0', 'I-A0', 'O']	['hence', ',', 'glu13', 'indirectly', 'affects', 'dna-binding', 'specificity', 'because', 'expression', 'of', 'bcl-3', 'is', '#altered', 'by', 'a', 'mechanism', '.']
98	['O', 'O', 'O', 'O', 'O', 'O', 'O', 'O', 'O', 'O', 'B-A0', 'I-A0', 'I-A0', 'I-A0', 'O', 'O', 'O', 'B-V', 'B-A1', 'I-A1', 'I-A1', 'I-A1', 'I-A1', 'I-A1', 'I-A1', 'I-A1', 'I-A1', 'I-A1', 'O']	['hence', ',', 'glu13', 'indirectly', 'affects', 'dna-binding', 'specificity', 'probably', 'due', 'to', 'a', 'frur', 'null', 'mutation', ',', 'which', 'subtly', '#altered', 'the', 'rates', 'of', 'utilization', 'of', 'at', 'least', '36', 'carbon', 'sources', '.']
99	['O', 'O', 'O', 'O', 'O', 'O', 'O', 'O', 'O', 'O', 'O', 'B-A0', 'I-A0', 'O', 'O', 'O', 'B-V', 'O', 'B-A1', 'I-A1', 'I-A1', 'O']	['hence', ',', 'glu13', 'indirectly', 'affects', 'dna-binding', 'specificity', ',', 'probably', 'due', 'to', 'a', 'mechanism', ',', 'which', 'subtly', '#alters', 'the', 'expression', 'of', 'bcl-3', '.']
100	['O', 'B-A0', 'I-A0', 'O', 'O', 'O', 'O', 'O', 'O', 'O', 'O', 'B-V', 'B-A1', 'O', 'O', 'O', 'O']	['since', 'a', 'mechanism', 'are', 'in', 'opposing', 'directions', ',', 'they', 'will', 'not', '#alter', 'expression', 'of', 'bcl-3(figure', '3c)', '.']
101	['O', 'B-A0', 'I-A0', 'O', 'O', 'O', 'O', 'O', 'O', 'O', 'O', 'B-V', 'B-A1', 'O', 'O', 'O', 'O']	['since', 'a', 'mechanism', 'were', 'in', 'opposing', 'directions', ',', 'they', 'could', 'not', '#alter', 'expression', 'of', 'bcl-3(figure', '3c)', '.']
102	['B-A1', 'I-A1', 'I-A1', 'I-A1', 'I-A1', 'I-A1', 'I-A1', 'I-A1', 'I-A1', 'O', 'O', 'B-V', 'O', 'B-A0', 'O', 'B-A4', 'I-A4', 'O', 'O', 'O', 'O', 'O', 'O', 'O', 'O', 'O']	['the', 'expression', 'and', 'activity', 'of', 'the', 'multidrug', 'resistance', 'transporters', 'will', 'be', '#altered', 'by', 'cytokines', 'in', 'human', 'hepatoma', 'cell', 'lines;', 'analysis', 'using', 'rt-pcr', 'and', 'cdna', 'microarrays', '.']
103	['O', 'O', 'O', 'O', 'O', 'O', 'O', 'O', 'B-A1', 'I-A1', 'I-A1', 'O', 'O', 'B-V', 'O', 'B-A0', 'I-A0', 'O']	['hence', ',', 'glu13', 'indirectly', 'affects', 'dna-binding', 'specificity', 'because', 'expression', 'of', 'bcl-3', 'could', 'be', '#altered', 'by', 'a', 'mechanism', '.']
104	['O', 'O', 'O', 'O', 'O', 'O', 'O', 'O', 'O', 'O', 'B-A0', 'I-A0', 'O', 'O', 'O', 'B-V', 'B-A1', 'I-A1', 'I-A1', 'O']	['since', 's1031', 'is', 'a', 'null', 'allele', ',', 'we', 'tested', 'whether', 'a', 'mechanism', 'was', 'able', 'to', '#alter', 'expression', 'of', 'bcl-3', '.']
105	['O', 'B-A0', 'I-A0', 'O', 'O', 'O', 'O', 'O', 'B-A1', 'I-A1', 'I-A1', 'O', 'O', 'O', 'O', 'O', 'B-V', 'O', 'O', 'O', 'O']	['since', 'a', 'mechanism', 'were', 'in', 'opposing', 'directions', ',', 'expression', 'of', 'bcl-3', 'was', 'not', 'able', 'to', 'be', '#altered', 'by', 'them(figure', '3c)', '.']
106	['O', 'O', 'O', 'O', 'O', 'O', 'O', 'O', 'O', 'O', 'B-A0', 'I-A0', 'B-V', 'B-A1', 'I-A1', 'I-A1', 'O']	['since', 's1031', 'is', 'a', 'null', 'allele', ',', 'we', 'tested', 'whether', 'a', 'mechanism', '#altered', 'expression', 'of', 'bcl-3', '.']
107	['B-A1', 'I-A1', 'I-A1', 'I-A1', 'I-A1', 'I-A1', 'I-A1', 'I-A1', 'I-A1', 'O', 'O', 'B-V', 'O', 'B-A0', 'O', 'B-A4', 'I-A4', 'O', 'O', 'O', 'O', 'O', 'O', 'O', 'O', 'O']	['the', 'expression', 'and', 'activity', 'of', 'the', 'multidrug', 'resistance', 'transporters', 'could', 'be', '#altered', 'by', 'cytokines', 'in', 'human', 'hepatoma', 'cell', 'lines;', 'analysis', 'using', 'rt-pcr', 'and', 'cdna', 'microarrays', '.']
108	['O', 'B-A0', 'I-A0', 'O', 'O', 'O', 'O', 'O', 'O', 'O', 'O', 'O', 'O', 'B-V', 'B-A1', 'I-A1', 'I-A1', 'I-A1', 'I-A1', 'O', 'O', 'O', 'O']	['since', 'dam', 'methylation', 'are', 'in', 'opposing', 'directions', ',', 'they', 'are', 'not', 'able', 'to', '#alter', 'binding', 'of', 'lrp', 'at', 'the', 'gatc1130', 'site(figure', '3c)', '.']
109	['O', 'O', 'B-A0', 'I-A0', 'I-A0', 'I-A0', 'O', 'O', 'O', 'O', 'B-V', 'B-A1', 'I-A1', 'I-A1', 'I-A1', 'I-A1', 'I-A1', 'I-A1', 'I-A1', 'I-A1', 'I-A1', 'O']	['moreover', ',', 'a', 'frur', 'null', 'mutation', 'will', 'be', 'able', 'to', '#alter', 'the', 'rates', 'of', 'utilization', 'of', 'at', 'least', '36', 'carbon', 'sources', '.']
110	['O', 'O', 'O', 'O', 'O', 'O', 'O', 'O', 'O', 'B-A0', 'I-A0', 'I-A0', 'I-A0', 'O', 'O', 'O', 'O', 'O', 'B-V', 'B-A1', 'I-A1', 'I-A1', 'I-A1', 'I-A1', 'I-A1', 'I-A1', 'I-A1', 'I-A1', 'I-A1', 'O']	['hence', ',', 'glu13', 'indirectly', 'affects', 'dna-binding', 'specificity', 'probably', 'because', 'a', 'frur', 'null', 'mutation', 'may', 'be', 'able', 'to', 'subtly', '#alter', 'the', 'rates', 'of', 'utilization', 'of', 'at', 'least', '36', 'carbon', 'sources', '.']
111	['O', 'O', 'O', 'O', 'O', 'O', 'O', 'O', 'O', 'O', 'O', 'B-A0', 'I-A0', 'I-A0', 'O', 'O', 'O', 'B-V', 'B-A1', 'B-A1', 'O', 'O', 'O', 'B-A1', 'I-A1', 'O']	['hence', ',', 'glu13', 'indirectly', 'affects', 'dna-binding', 'specificity', ',', 'probably', 'due', 'to', 'these', 'two', 'bends', ',', 'which', 'subtly', '#alters', 'the', 'the', 'overall', 'direction', 'of', 'the', 'dna', '.']
112	['O', 'O', 'O', 'O', 'O', 'O', 'O', 'O', 'O', 'O', 'B-A1', 'I-A1', 'I-A1', 'O', 'B-V', 'O', 'B-A0', 'I-A0', 'I-A0', 'I-A0', 'I-A0', 'I-A0', 'I-A0', 'O']	['since', 's1031', 'is', 'a', 'null', 'allele', ',', 'we', 'tested', 'whether', 'phosphorylation', 'of', 'pdk1', 'was', '#altered', 'by', 'treating', 'the', 'cells', 'with', 'insulin-like', 'growth', 'factor-i', '.']
113	['B-A0', 'I-A0', 'O', 'O', 'O', 'O', 'O', 'O', 'B-V', 'B-A1', 'I-A1', 'I-A3', 'O', 'O', 'O', 'O', 'O', 'B-A1', 'O', 'O', 'B-A2', 'I-A2', 'I-A2', 'I-A2', 'O', 'O', 'O', 'B-A1', 'O', 'O', 'O']	['this', 'mutation', 'was', 'located', 'within', 'exon', '2', 'and', '#altered', 'the', 'codon', '(ctc)', 'normally', 'associated', 'with', 'leu-93', 'in', 'the', 'transcortin', 'polypeptide', 'to', 'a', 'codon', '(cac)', 'for', 'histidine', 'in', 'the', 'variant', 'genes', '.']
114	['O', 'O', 'O', 'O', 'O', 'O', 'O', 'O', 'B-A1', 'I-A1', 'O', 'O', 'O', 'O', 'B-V', 'O', 'B-A0', 'I-A0', 'O']	['hence', ',', 'glu13', 'indirectly', 'affects', 'dna-binding', 'specificity', 'because', 'vulval', 'induction', 'are', 'able', 'to', 'be', '#altered', 'by', 'this', 'mutation', '.']
115	['O', 'O', 'B-A0', 'I-A0', 'I-A0', 'I-A0', 'I-A0', 'I-A0', 'O', 'B-V', 'B-A1', 'O']	['moreover', ',', 'the', 'molecular', 'lesion', 'associated', 'with', 's1031', 'could', '#alter', 'splicing', '.']
116	['O', 'O', 'O', 'O', 'O', 'O', 'O', 'O', 'O', 'O', 'O', 'B-A0', 'I-A0', 'O', 'O', 'O', 'B-V', 'B-A1', 'I-A1', 'O']	['since', 's1031', 'is', 'a', 'null', 'allele', ',', 'we', 'are', 'testing', 'whether', 'this', 'mutation', 'is', 'going', 'to', '#alter', 'vulval', 'induction', '.']
117	['O', 'B-A0', 'I-A0', 'I-A0', 'O', 'O', 'O', 'O', 'O', 'B-A1', 'O', 'O', 'O', 'B-A1', 'I-A1', 'O', 'O', 'O', 'O', 'O', 'B-V', 'O', 'O', 'O', 'O']	['since', 'these', 'two', 'bends', 'were', 'in', 'opposing', 'directions', ',', 'the', 'overall', 'direction', 'of', 'the', 'dna', 'was', 'not', 'able', 'to', 'be', '#altered', 'by', 'them(figure', '3c)', '.']
118	['O', 'O', 'O', 'O', 'O', 'O', 'O', 'O', 'O', 'O', 'B-A1', 'I-A1', 'O', 'O', 'B-V', 'O', 'B-A0', 'I-A0', 'O']	['since', 's1031', 'is', 'a', 'null', 'allele', ',', 'we', 'tested', 'whether', 'vulval', 'induction', 'might', 'be', '#altered', 'by', 'this', 'mutation', '.']
119	['O', 'O', 'O', 'O', 'O', 'O', 'O', 'O', 'O', 'O', 'O', 'B-A1', 'O', 'B-V', 'O', 'B-A0', 'I-A0', 'I-A0', 'I-A0', 'I-A0', 'I-A0', 'O']	['since', 's1031', 'is', 'a', 'null', 'allele', ',', 'we', 'are', 'testing', 'whether', 'splicing', 'is', '#altered', 'by', 'the', 'molecular', 'lesion', 'associated', 'with', 's1031', '.']
120	['O', 'O', 'O', 'O', 'O', 'O', 'O', 'O', 'B-A1', 'I-A1', 'O', 'B-V', 'O', 'B-A0', 'I-A0', 'O']	['hence', ',', 'glu13', 'indirectly', 'affects', 'dna-binding', 'specificity', 'because', 'vulval', 'induction', 'is', '#altered', 'by', 'this', 'mutation', '.']
121	['O', 'O', 'O', 'O', 'O', 'O', 'O', 'O', 'B-A1', 'O', 'B-V', 'O', 'B-A0', 'I-A0', 'I-A0', 'I-A0', 'I-A0', 'I-A0', 'O']	['hence', ',', 'glu13', 'indirectly', 'affects', 'dna-binding', 'specificity', 'because', 'splicing', 'was', '#altered', 'by', 'the', 'molecular', 'lesion', 'associated', 'with', 's1031', '.']
122	['O', 'O', 'O', 'O', 'O', 'O', 'O', 'O', 'O', 'O', 'O', 'B-A0', 'I-A0', 'I-A0', 'I-A0', 'I-A0', 'I-A0', 'O', 'O', 'O', 'B-V', 'B-A1', 'O']	['since', 's1031', 'is', 'a', 'null', 'allele', ',', 'we', 'are', 'testing', 'whether', 'the', 'molecular', 'lesion', 'associated', 'with', 's1031', 'is', 'able', 'to', '#alter', 'splicing', '.']
123	['O', 'B-A0', 'I-A0', 'I-A0', 'I-A0', 'I-A0', 'I-A0', 'O', 'O', 'O', 'O', 'O', 'O', 'O', 'O', 'O', 'O', 'B-V', 'O', 'O', 'O']	['since', 'the', 'molecular', 'lesion', 'associated', 'with', 's1031', 'are', 'in', 'opposing', 'directions', ',', 'they', 'are', 'not', 'able', 'to', '#alter', 'splicing(figure', '3c)', '.']
124	['O', 'B-A0', 'I-A0', 'I-A0', 'I-A0', 'I-A0', 'I-A0', 'I-A0', 'O', 'O', 'O', 'O', 'O', 'B-A1', 'I-A1', 'I-A1', 'O', 'O', 'O', 'B-V', 'O', 'O', 'O', 'O']	['since', 'treating', 'the', 'cells', 'with', 'insulin-like', 'growth', 'factor-i', 'were', 'in', 'opposing', 'directions', ',', 'phosphorylation', 'of', 'pdk1', 'could', 'not', 'be', '#altered', 'by', 'them(figure', '3c)', '.']
125	['O', 'O', 'B-A0', 'I-A0', 'I-A0', 'I-A0', 'I-A0', 'I-A0', 'I-A0', 'O', 'B-V', 'B-A1', 'I-A1', 'I-A1', 'O']	['moreover', ',', 'treating', 'the', 'cells', 'with', 'insulin-like', 'growth', 'factor-i', 'could', '#alter', 'phosphorylation', 'of', 'pdk1', '.']
126	['O', 'O', 'O', 'O', 'O', 'O', 'O', 'O', 'O', 'B-A0', 'I-A0', 'I-A0', 'I-A0', 'I-A0', 'I-A0', 'O', 'B-V', 'B-A1', 'O']	['hence', ',', 'glu13', 'indirectly', 'affects', 'dna-binding', 'specificity', 'probably', 'because', 'the', 'molecular', 'lesion', 'associated', 'with', 's1031', 'subtly', '#altered', 'splicing', '.']
127	['O', 'O', 'O', 'O', 'O', 'O', 'O', 'O', 'O', 'O', 'B-A1', 'O', 'O', 'B-V', 'O', 'B-A0', 'I-A0', 'I-A0', 'I-A0', 'I-A0', 'I-A0', 'O']	['since', 's1031', 'is', 'a', 'null', 'allele', ',', 'we', 'tested', 'whether', 'splicing', 'could', 'be', '#altered', 'by', 'the', 'molecular', 'lesion', 'associated', 'with', 's1031', '.']
128	['O', 'O', 'O', 'O', 'O', 'O', 'O', 'O', 'O', 'B-A0', 'I-A0', 'O', 'B-V', 'B-A1', 'I-A1', 'O']	['hence', ',', 'glu13', 'indirectly', 'affects', 'dna-binding', 'specificity', 'probably', 'because', 'this', 'mutation', 'subtly', '#alters', 'vulval', 'induction', '.']
129	['O', 'O', 'B-A0', 'I-A0', 'O', 'B-V', 'B-A1', 'I-A1', 'O']	['moreover', ',', 'this', 'mutation', 'may', '#alter', 'vulval', 'induction', '.']
130	['O', 'O', 'B-A0', 'I-A0', 'I-A0', 'O', 'B-V', 'B-A1', 'O', 'O', 'O', 'B-A1', 'I-A1', 'O']	['moreover', ',', 'these', 'two', 'bends', 'has', '#altered', 'the', 'overall', 'direction', 'of', 'the', 'dna', '.']
131	['O', 'O', 'B-A0', 'I-A0', 'I-A0', 'I-A0', 'I-A0', 'I-A0', 'O', 'B-V', 'B-A1', 'O']	['moreover', ',', 'the', 'molecular', 'lesion', 'associated', 'with', 's1031', 'may', '#alter', 'splicing', '.']
132	['O', 'O', 'B-A0', 'I-A0', 'B-V', 'B-A1', 'I-A1', 'O']	['moreover', ',', 'this', 'mutation', '#altered', 'vulval', 'induction', '.']
133	['O', 'O', 'O', 'O', 'O', 'O', 'O', 'O', 'B-A1', 'O', 'O', 'O', 'B-A1', 'I-A1', 'O', 'O', 'B-V', 'O', 'B-A0', 'I-A0', 'I-A0', 'O']	['hence', ',', 'glu13', 'indirectly', 'affects', 'dna-binding', 'specificity', 'because', 'the', 'overall', 'direction', 'of', 'the', 'dna', 'could', 'be', '#altered', 'by', 'these', 'two', 'bends', '.']
134	['O', 'B-A0', 'I-A0', 'I-A0', 'I-A0', 'I-A0', 'I-A0', 'O', 'O', 'O', 'O', 'O', 'B-A1', 'O', 'O', 'O', 'O', 'O', 'B-V', 'O', 'O', 'O', 'O']	['since', 'the', 'molecular', 'lesion', 'associated', 'with', 's1031', 'are', 'in', 'opposing', 'directions', ',', 'splicing', 'is', 'not', 'able', 'to', 'be', '#altered', 'by', 'them(figure', '3c)', '.']
135	['O', 'O', 'O', 'O', 'O', 'O', 'O', 'O', 'B-A1', 'O', 'O', 'O', 'B-A1', 'I-A1', 'O', 'B-V', 'O', 'B-A0', 'I-A0', 'I-A0', 'O']	['hence', ',', 'glu13', 'indirectly', 'affects', 'dna-binding', 'specificity', 'because', 'the', 'overall', 'direction', 'of', 'the', 'dna', 'is', '#altered', 'by', 'these', 'two', 'bends', '.']
136	['B-A0', 'I-A0', 'I-A0', 'I-A0', 'I-A0', 'I-A0', 'I-A0', 'O', 'O', 'B-V', 'B-A1', 'I-A1', 'I-A1', 'O', 'O', 'I-A1', 'O', 'O', 'O', 'O', 'O', 'O', 'O', 'I-A1', 'O', 'O']	['treating', 'the', 'cells', 'with', 'insulin-like', 'growth', 'factor-i', 'has', 'not', '#altered', 'phosphorylation', 'of', 'pdk1', 'and', 'four', 'of', 'the', 'sites', 'could', 'be', 'mutated', 'without', 'loss', 'of', 'activity', '.']
137	['O', 'O', 'O', 'O', 'O', 'O', 'O', 'O', 'O', 'O', 'B-A0', 'I-A0', 'I-A0', 'O', 'B-V', 'B-A1', 'O', 'O', 'O', 'B-A1', 'I-A1', 'O']	['since', 's1031', 'is', 'a', 'null', 'allele', ',', 'we', 'tested', 'whether', 'these', 'two', 'bends', 'could', '#alter', 'the', 'overall', 'direction', 'of', 'the', 'dna', '.']
138	['O', 'O', 'O', 'O', 'O', 'O', 'O', 'O', 'O', 'O', 'B-A0', 'I-A0', 'I-A0', 'I-A0', 'I-A0', 'I-A0', 'O', 'O', 'O', 'O', 'O', 'O', 'B-V', 'B-A1', 'O']	['hence', ',', 'glu13', 'indirectly', 'affects', 'dna-binding', 'specificity', 'probably', 'due', 'to', 'the', 'molecular', 'lesion', 'associated', 'with', 's1031', ',', 'which', 'is', 'able', 'to', 'subtly', '#alter', 'splicing', '.']
139	['O', 'B-A0', 'I-A0', 'I-A0', 'I-A0', 'I-A0', 'I-A0', 'I-A0', 'O', 'O', 'O', 'O', 'O', 'O', 'O', 'O', 'O', 'O', 'B-V', 'B-A1', 'O', 'O', 'O', 'O']	['since', 'treating', 'the', 'cells', 'with', 'insulin-like', 'growth', 'factor-i', 'were', 'in', 'opposing', 'directions', ',', 'they', 'were', 'not', 'able', 'to', '#alter', 'phosphorylation', 'of', 'pdk1(figure', '3c)', '.']
140	['O', 'O', 'O', 'O', 'O', 'O', 'O', 'O', 'O', 'B-A0', 'I-A0', 'O', 'O', 'B-V', 'B-A1', 'I-A1', 'O']	['hence', ',', 'glu13', 'indirectly', 'affects', 'dna-binding', 'specificity', 'probably', 'because', 'this', 'mutation', 'can', 'subtly', '#alter', 'vulval', 'induction', '.']
141	['O', 'O', 'O', 'O', 'O', 'O', 'O', 'O', 'O', 'B-A0', 'I-A0', 'I-A0', 'O', 'O', 'B-V', 'B-A1', 'O', 'O', 'O', 'B-A1', 'I-A1', 'O']	['hence', ',', 'glu13', 'indirectly', 'affects', 'dna-binding', 'specificity', 'probably', 'because', 'these', 'two', 'bends', 'may', 'subtly', '#alter', 'the', 'overall', 'direction', 'of', 'the', 'dna', '.']
142	['O', 'O', 'O', 'O', 'O', 'O', 'O', 'O', 'O', 'B-A0', 'I-A0', 'I-A0', 'I-A0', 'I-A0', 'I-A0', 'O', 'O', 'O', 'O', 'B-V', 'B-A1', 'O']	['hence', ',', 'glu13', 'indirectly', 'affects', 'dna-binding', 'specificity', 'probably', 'because', 'the', 'molecular', 'lesion', 'associated', 'with', 's1031', 'is', 'able', 'to', 'subtly', '#alter', 'splicing', '.']
143	['O', 'B-A0', 'I-A0', 'O', 'O', 'O', 'O', 'O', 'B-A1', 'I-A1', 'O', 'O', 'O', 'B-V', 'O', 'O', 'O', 'O']	['since', 'this', 'mutation', 'are', 'in', 'opposing', 'directions', ',', 'vulval', 'induction', 'may', 'not', 'be', '#altered', 'by', 'them(figure', '3c)', '.']
144	['O', 'O', 'O', 'O', 'O', 'O', 'O', 'O', 'O', 'O', 'O', 'B-A0', 'I-A0', 'O', 'O', 'O', 'B-V', 'O', 'B-A1', 'I-A1', 'O']	['hence', ',', 'glu13', 'indirectly', 'affects', 'dna-binding', 'specificity', ',', 'probably', 'due', 'to', 'this', 'mutation', ',', 'which', 'subtly', '#alters', 'the', 'vulval', 'induction', '.']
145	['O', 'O', 'O', 'O', 'O', 'O', 'O', 'O', 'O', 'O', 'B-A0', 'I-A0', 'I-A0', 'O', 'O', 'O', 'B-V', 'B-A1', 'O', 'O', 'O', 'B-A1', 'I-A1', 'O']	['since', 's1031', 'is', 'a', 'null', 'allele', ',', 'we', 'tested', 'whether', 'these', 'two', 'bends', 'was', 'able', 'to', '#alter', 'the', 'overall', 'direction', 'of', 'the', 'dna', '.']
146	['B-A1', 'I-A1', 'I-A1', 'O', 'O', 'O', 'B-V', 'O', 'B-A0', 'I-A0', 'I-A0', 'I-A0', 'I-A0', 'I-A0', 'I-A0', 'O', 'O', 'I-A1', 'O', 'O', 'O', 'O', 'O', 'O', 'O', 'I-A1', 'O', 'O']	['phosphorylation', 'of', 'pdk1', 'will', 'not', 'be', '#altered', 'by', 'treating', 'the', 'cells', 'with', 'insulin-like', 'growth', 'factor-i', 'and', 'four', 'of', 'the', 'sites', 'could', 'be', 'mutated', 'without', 'loss', 'of', 'activity', '.']
147	['O', 'O', 'O', 'O', 'O', 'O', 'O', 'O', 'O', 'O', 'B-A1', 'I-A1', 'I-A1', 'O', 'O', 'B-V', 'O', 'B-A0', 'I-A0', 'I-A0', 'I-A0', 'I-A0', 'I-A0', 'I-A0', 'O']	['since', 's1031', 'is', 'a', 'null', 'allele', ',', 'we', 'tested', 'whether', 'phosphorylation', 'of', 'pdk1', 'could', 'be', '#altered', 'by', 'treating', 'the', 'cells', 'with', 'insulin-like', 'growth', 'factor-i', '.']
148	['O', 'O', 'O', 'O', 'O', 'O', 'O', 'O', 'O', 'O', 'B-A1', 'O', 'O', 'B-V', 'O', 'B-A0', 'I-A0', 'I-A0', 'I-A0', 'I-A0', 'I-A0', 'O']	['since', 's1031', 'is', 'a', 'null', 'allele', ',', 'we', 'tested', 'whether', 'splicing', 'might', 'be', '#altered', 'by', 'the', 'molecular', 'lesion', 'associated', 'with', 's1031', '.']
149	['O', 'O', 'O', 'O', 'O', 'O', 'O', 'O', 'B-A1', 'O', 'B-V', 'O', 'B-A0', 'I-A0', 'I-A0', 'I-A0', 'I-A0', 'I-A0', 'O']	['hence', ',', 'glu13', 'indirectly', 'affects', 'dna-binding', 'specificity', 'because', 'splicing', 'is', '#altered', 'by', 'the', 'molecular', 'lesion', 'associated', 'with', 's1031', '.']
150	['O', 'O', 'O', 'O', 'O', 'O', 'O', 'O', 'B-A1', 'I-A1', 'I-A1', 'O', 'O', 'B-V', 'O', 'B-A0', 'I-A0', 'I-A0', 'I-A0', 'I-A0', 'I-A0', 'I-A0', 'O']	['hence', ',', 'glu13', 'indirectly', 'affects', 'dna-binding', 'specificity', 'because', 'phosphorylation', 'of', 'pdk1', 'could', 'be', '#altered', 'by', 'treating', 'the', 'cells', 'with', 'insulin-like', 'growth', 'factor-i', '.']
151	['O', 'B-A0', 'I-A0', 'I-A0', 'I-A0', 'I-A0', 'I-A0', 'I-A0', 'O', 'O', 'O', 'O', 'O', 'B-A1', 'I-A1', 'I-A1', 'O', 'O', 'O', 'O', 'O', 'B-V', 'O', 'O', 'O', 'O']	['since', 'treating', 'the', 'cells', 'with', 'insulin-like', 'growth', 'factor-i', 'were', 'in', 'opposing', 'directions', ',', 'phosphorylation', 'of', 'pdk1', 'was', 'not', 'able', 'to', 'be', '#altered', 'by', 'them(figure', '3c)', '.']
152	['O', 'O', 'O', 'O', 'O', 'O', 'O', 'O', 'O', 'O', 'B-A0', 'I-A0', 'I-A0', 'O', 'B-V', 'B-A1', 'O', 'O', 'O', 'B-A1', 'I-A1', 'O']	['since', 's1031', 'is', 'a', 'null', 'allele', ',', 'we', 'tested', 'whether', 'these', 'two', 'bends', 'has', '#altered', 'the', 'overall', 'direction', 'of', 'the', 'dna', '.']
153	['O', 'O', 'O', 'O', 'O', 'O', 'O', 'O', 'O', 'O', 'B-A0', 'I-A0', 'I-A0', 'I-A0', 'I-A0', 'I-A0', 'B-V', 'B-A1', 'O']	['since', 's1031', 'is', 'a', 'null', 'allele', ',', 'we', 'tested', 'whether', 'the', 'molecular', 'lesion', 'associated', 'with', 's1031', '#altered', 'splicing', '.']
154	['O', 'O', 'O', 'O', 'O', 'O', 'O', 'O', 'O', 'O', 'B-A0', 'I-A0', 'I-A0', 'I-A0', 'I-A0', 'I-A0', 'O', 'B-V', 'B-A1', 'O']	['since', 's1031', 'is', 'a', 'null', 'allele', ',', 'we', 'tested', 'whether', 'the', 'molecular', 'lesion', 'associated', 'with', 's1031', 'might', '#alter', 'splicing', '.']
155	['O', 'O', 'O', 'O', 'O', 'O', 'O', 'O', 'O', 'O', 'O', 'B-A0', 'I-A0', 'I-A0', 'I-A0', 'I-A0', 'I-A0', 'I-A0', 'O', 'O', 'O', 'B-V', 'B-A1', 'I-A1', 'I-A1', 'O']	['since', 's1031', 'is', 'a', 'null', 'allele', ',', 'we', 'are', 'testing', 'whether', 'treating', 'the', 'cells', 'with', 'insulin-like', 'growth', 'factor-i', 'is', 'going', 'to', '#alter', 'phosphorylation', 'of', 'pdk1', '.']
156	['O', 'O', 'O', 'O', 'O', 'O', 'O', 'O', 'O', 'O', 'O', 'B-A1', 'I-A1', 'O', 'O', 'B-V', 'O', 'B-A0', 'I-A0', 'O']	['since', 's1031', 'is', 'a', 'null', 'allele', ',', 'we', 'are', 'testing', 'whether', 'vulval', 'induction', 'may', 'be', '#altered', 'by', 'this', 'mutation', '.']
157	['O', 'O', 'O', 'O', 'O', 'O', 'O', 'O', 'O', 'O', 'B-A0', 'I-A0', 'I-A0', 'I-A0', 'I-A0', 'I-A0', 'I-A0', 'B-V', 'B-A1', 'I-A1', 'I-A1', 'O']	['since', 's1031', 'is', 'a', 'null', 'allele', ',', 'we', 'tested', 'whether', 'treating', 'the', 'cells', 'with', 'insulin-like', 'growth', 'factor-i', '#altered', 'phosphorylation', 'of', 'pdk1', '.']
158	['O', 'O', 'O', 'O', 'B-A0', 'I-A0', 'I-A0', 'I-A0', 'I-A0', 'I-A0', 'O', 'B-V', 'B-A1', 'O', 'O', 'O', 'O', 'O', 'O', 'O', 'O', 'O', 'O', 'O', 'O']	['it', 'is', 'predicted', 'that', 'the', 'molecular', 'lesion', 'associated', 'with', 's1031', 'can', '#alter', 'splicing', ',', 'we', 'looked', 'at', 'the', 'sos-1', 'mrna', 'produced', 'in', 'this', 'mutant', '.']
159	['O', 'O', 'B-A0', 'I-A0', 'O', 'B-V', 'B-A1', 'I-A1', 'O']	['moreover', ',', 'this', 'mutation', 'will', '#alter', 'vulval', 'induction', '.']
160	['O', 'O', 'O', 'O', 'O', 'O', 'O', 'O', 'O', 'O', 'B-A0', 'I-A0', 'I-A0', 'O', 'O', 'O', 'O', 'B-V', 'B-A1', 'O', 'O', 'O', 'B-A1', 'I-A1', 'O']	['hence', ',', 'glu13', 'indirectly', 'affects', 'dna-binding', 'specificity', 'probably', 'due', 'to', 'these', 'two', 'bends', ',', 'which', 'may', 'subtly', '#alter', 'the', 'overall', 'direction', 'of', 'the', 'dna', '.']
161	['O', 'B-A0', 'I-A0', 'I-A0', 'I-A0', 'I-A0', 'I-A0', 'O', 'O', 'O', 'O', 'O', 'B-A1', 'O', 'O', 'O', 'B-V', 'O', 'O', 'O', 'O']	['since', 'the', 'molecular', 'lesion', 'associated', 'with', 's1031', 'were', 'in', 'opposing', 'directions', ',', 'splicing', 'could', 'not', 'be', '#altered', 'by', 'them(figure', '3c)', '.']
162	['O', 'B-A0', 'I-A0', 'O', 'O', 'O', 'O', 'O', 'O', 'O', 'O', 'B-V', 'O', 'O', 'O', 'O']	['since', 'this', 'mutation', 'were', 'in', 'opposing', 'directions', ',', 'they', 'could', 'not', '#alter', 'vulval', 'induction(figure', '3c)', '.']
163	['O', 'B-A0', 'I-A0', 'I-A0', 'O', 'O', 'O', 'O', 'O', 'B-A1', 'O', 'O', 'O', 'B-A1', 'I-A1', 'O', 'O', 'O', 'B-V', 'O', 'O', 'O', 'O']	['since', 'these', 'two', 'bends', 'are', 'in', 'opposing', 'directions', ',', 'the', 'overall', 'direction', 'of', 'the', 'dna', 'will', 'not', 'be', '#altered', 'by', 'them(figure', '3c)', '.']
164	['O', 'O', 'B-A0', 'I-A0', 'O', 'B-V', 'B-A1', 'I-A1', 'O']	['moreover', ',', 'this', 'mutation', 'can', '#alter', 'vulval', 'induction', '.']
165	['O', 'O', 'B-A0', 'I-A0', 'I-A0', 'I-A0', 'I-A0', 'I-A0', 'I-A0', 'O', 'B-V', 'B-A1', 'I-A1', 'I-A1', 'O']	['moreover', ',', 'treating', 'the', 'cells', 'with', 'insulin-like', 'growth', 'factor-i', 'may', '#alter', 'phosphorylation', 'of', 'pdk1', '.']
166	['O', 'B-A0', 'I-A0', 'I-A0', 'I-A0', 'I-A0', 'I-A0', 'O', 'O', 'O', 'O', 'O', 'O', 'O', 'B-V', 'O', 'O', 'O']	['since', 'the', 'molecular', 'lesion', 'associated', 'with', 's1031', 'are', 'in', 'opposing', 'directions', ',', 'they', 'cannot', '#alter', 'splicing(figure', '3c)', '.']
167	['O', 'O', 'O', 'O', 'O', 'O', 'O', 'O', 'O', 'B-A0', 'I-A0', 'I-A0', 'O', 'O', 'B-V', 'B-A1', 'O', 'O', 'O', 'B-A1', 'I-A1', 'O']	['hence', ',', 'glu13', 'indirectly', 'affects', 'dna-binding', 'specificity', 'probably', 'because', 'these', 'two', 'bends', 'can', 'subtly', '#alter', 'the', 'overall', 'direction', 'of', 'the', 'dna', '.']
168	['O', 'B-A0', 'I-A0', 'O', 'O', 'O', 'O', 'O', 'B-A1', 'I-A1', 'O', 'O', 'B-V', 'O', 'O', 'O', 'O']	['since', 'this', 'mutation', 'are', 'in', 'opposing', 'directions', ',', 'vulval', 'induction', 'is', 'not', '#altered', 'by', 'them(figure', '3c)', '.']
169	['O', 'O', 'B-A0', 'I-A0', 'O', 'O', 'O', 'O', 'B-V', 'B-A1', 'I-A1', 'O']	['moreover', ',', 'this', 'mutation', 'may', 'be', 'able', 'to', '#alter', 'vulval', 'induction', '.']
170	['O', 'O', 'O', 'O', 'O', 'O', 'O', 'O', 'O', 'O', 'B-A0', 'I-A0', 'I-A0', 'I-A0', 'I-A0', 'I-A0', 'I-A0', 'O', 'B-V', 'B-A1', 'I-A1', 'I-A1', 'O']	['since', 's1031', 'is', 'a', 'null', 'allele', ',', 'we', 'tested', 'whether', 'treating', 'the', 'cells', 'with', 'insulin-like', 'growth', 'factor-i', 'has', '#altered', 'phosphorylation', 'of', 'pdk1', '.']
171	['O', 'O', 'O', 'O', 'O', 'O', 'O', 'O', 'O', 'O', 'B-A0', 'I-A0', 'I-A0', 'I-A0', 'I-A0', 'I-A0', 'I-A0', 'O', 'O', 'O', 'O', 'O', 'O', 'O', 'B-V', 'B-A1', 'I-A1', 'I-A1', 'O']	['hence', ',', 'glu13', 'indirectly', 'affects', 'dna-binding', 'specificity', 'probably', 'due', 'to', 'treating', 'the', 'cells', 'with', 'insulin-like', 'growth', 'factor-i', ',', 'which', 'may', 'be', 'able', 'to', 'subtly', '#alter', 'phosphorylation', 'of', 'pdk1', '.']
172	['O', 'O', 'B-A0', 'I-A0', 'I-A0', 'I-A0', 'I-A0', 'I-A0', 'I-A0', 'O', 'B-V', 'B-A1', 'I-A1', 'I-A1', 'O']	['moreover', ',', 'treating', 'the', 'cells', 'with', 'insulin-like', 'growth', 'factor-i', 'will', '#alter', 'phosphorylation', 'of', 'pdk1', '.']
173	['O', 'B-A0', 'I-A0', 'I-A0', 'I-A0', 'I-A0', 'I-A0', 'I-A0', 'O', 'O', 'O', 'O', 'O', 'B-A1', 'I-A1', 'I-A1', 'O', 'O', 'O', 'O', 'O', 'B-V', 'O', 'O', 'O', 'O']	['since', 'treating', 'the', 'cells', 'with', 'insulin-like', 'growth', 'factor-i', 'are', 'in', 'opposing', 'directions', ',', 'phosphorylation', 'of', 'pdk1', 'is', 'not', 'able', 'to', 'be', '#altered', 'by', 'them(figure', '3c)', '.']
174	['B-A1', 'I-A1', 'I-A3', 'O', 'O', 'O', 'O', 'O', 'B-A1', 'O', 'O', 'O', 'B-V', 'O', 'B-A0', 'I-A0', 'I-A0', 'I-A0', 'I-A0', 'I-A0', 'B-A2', 'I-A2', 'I-A2', 'I-A2', 'O', 'O', 'O', 'B-A1', 'O', 'O', 'O']	['the', 'codon', '(ctc)', 'normally', 'associated', 'with', 'leu-93', 'in', 'the', 'transcortin', 'polypeptide', 'is', '#altered', 'by', 'the', 'mutation', 'located', 'within', 'exon', '2', 'to', 'a', 'codon', '(cac)', 'for', 'histidine', 'in', 'the', 'variant', 'genes', '.']
175	['O', 'O', 'O', 'O', 'O', 'O', 'O', 'O', 'O', 'O', 'B-A0', 'I-A0', 'I-A0', 'O', 'O', 'O', 'O', 'O', 'O', 'B-V', 'B-A1', 'O', 'O', 'O', 'B-A1', 'I-A1', 'O']	['hence', ',', 'glu13', 'indirectly', 'affects', 'dna-binding', 'specificity', 'probably', 'due', 'to', 'these', 'two', 'bends', ',', 'which', 'is', 'able', 'to', 'subtly', '#alter', 'the', 'overall', 'direction', 'of', 'the', 'dna', '.']
176	['B-A1', 'O', 'O', 'O', 'O', 'B-V', 'O', 'B-A0', 'I-A0', 'I-A0', 'I-A0', 'I-A0', 'I-A0', 'O', 'O', 'O', 'O', 'O', 'O', 'O', 'O', 'O', 'O', 'O', 'O']	['splicing', 'is', 'predicted', 'to', 'be', '#altered', 'by', 'the', 'molecular', 'lesion', 'associated', 'with', 's1031', ',', 'we', 'looked', 'at', 'the', 'sos-1', 'mrna', 'produced', 'in', 'this', 'mutant', '.']
177	['O', 'O', 'B-A0', 'I-A0', 'I-A0', 'B-V', 'B-A1', 'O', 'O', 'O', 'B-A1', 'I-A1', 'O']	['moreover', ',', 'these', 'two', 'bends', '#altered', 'the', 'overall', 'direction', 'of', 'the', 'dna', '.']
178	['O', 'B-A0', 'I-A0', 'I-A0', 'O', 'O', 'O', 'O', 'O', 'B-A1', 'O', 'O', 'O', 'B-A1', 'I-A1', 'O', 'O', 'O', 'B-V', 'O', 'O', 'O', 'O']	['since', 'these', 'two', 'bends', 'were', 'in', 'opposing', 'directions', ',', 'the', 'overall', 'direction', 'of', 'the', 'dna', 'could', 'not', 'be', '#altered', 'by', 'them(figure', '3c)', '.']
179	['O', 'B-A0', 'I-A0', 'O', 'O', 'O', 'O', 'O', 'O', 'O', 'B-V', 'O', 'O', 'O', 'O']	['since', 'this', 'mutation', 'are', 'in', 'opposing', 'directions', ',', 'they', 'cannot', '#alter', 'vulval', 'induction(figure', '3c)', '.']
180	['O', 'O', 'O', 'O', 'O', 'O', 'O', 'O', 'O', 'O', 'B-A1', 'O', 'O', 'O', 'B-A1', 'I-A1', 'O', 'O', 'B-V', 'O', 'B-A0', 'I-A0', 'I-A0', 'O']	['since', 's1031', 'is', 'a', 'null', 'allele', ',', 'we', 'tested', 'whether', 'the', 'overall', 'direction', 'of', 'the', 'dna', 'might', 'be', '#altered', 'by', 'these', 'two', 'bends', '.']
181	['O', 'O', 'B-A0', 'I-A0', 'I-A0', 'I-A0', 'I-A0', 'I-A0', 'I-A0', 'O', 'O', 'O', 'B-V', 'B-A1', 'I-A1', 'I-A1', 'O']	['moreover', ',', 'treating', 'the', 'cells', 'with', 'insulin-like', 'growth', 'factor-i', 'is', 'able', 'to', '#alter', 'phosphorylation', 'of', 'pdk1', '.']
182	['B-A0', 'I-A0', 'I-A0', 'I-A0', 'I-A0', 'I-A0', 'I-A0', 'O', 'O', 'B-V', 'B-A1', 'I-A1', 'I-A1', 'O', 'O', 'I-A1', 'O', 'O', 'O', 'O', 'O', 'O', 'O', 'I-A1', 'O', 'O']	['treating', 'the', 'cells', 'with', 'insulin-like', 'growth', 'factor-i', 'did', 'not', '#alter', 'phosphorylation', 'of', 'pdk1', 'and', 'four', 'of', 'the', 'sites', 'could', 'be', 'mutated', 'without', 'loss', 'of', 'activity', '.']
183	['O', 'O', 'B-A0', 'I-A0', 'O', 'B-V', 'B-A1', 'I-A1', 'O']	['moreover', ',', 'this', 'mutation', 'has', '#altered', 'vulval', 'induction', '.']
184	['O', 'O', 'B-A0', 'I-A0', 'I-A0', 'I-A0', 'I-A0', 'I-A0', 'O', 'B-V', 'B-A1', 'O']	['moreover', ',', 'the', 'molecular', 'lesion', 'associated', 'with', 's1031', 'has', '#altered', 'splicing', '.']
185	['O', 'B-A0', 'I-A0', 'O', 'O', 'O', 'O', 'O', 'B-A1', 'I-A1', 'O', 'O', 'B-V', 'O', 'O', 'O', 'O']	['since', 'this', 'mutation', 'were', 'in', 'opposing', 'directions', ',', 'vulval', 'induction', 'was', 'not', '#altered', 'by', 'them(figure', '3c)', '.']
186	['O', 'O', 'O', 'O', 'O', 'O', 'O', 'O', 'O', 'O', 'B-A0', 'I-A0', 'I-A0', 'I-A0', 'I-A0', 'I-A0', 'O', 'B-V', 'B-A1', 'O']	['since', 's1031', 'is', 'a', 'null', 'allele', ',', 'we', 'tested', 'whether', 'the', 'molecular', 'lesion', 'associated', 'with', 's1031', 'could', '#alter', 'splicing', '.']
187	['O', 'B-A0', 'I-A0', 'O', 'O', 'O', 'O', 'O', 'O', 'O', 'O', 'B-V', 'O', 'O', 'O', 'O']	['since', 'this', 'mutation', 'were', 'in', 'opposing', 'directions', ',', 'they', 'did', 'not', '#alter', 'vulval', 'induction(figure', '3c)', '.']
188	['O', 'O', 'O', 'O', 'O', 'O', 'O', 'O', 'O', 'O', 'B-A0', 'I-A0', 'I-A0', 'I-A0', 'I-A0', 'I-A0', 'I-A0', 'O', 'O', 'O', 'B-V', 'B-A1', 'I-A1', 'I-A1', 'O']	['since', 's1031', 'is', 'a', 'null', 'allele', ',', 'we', 'tested', 'whether', 'treating', 'the', 'cells', 'with', 'insulin-like', 'growth', 'factor-i', 'was', 'able', 'to', '#alter', 'phosphorylation', 'of', 'pdk1', '.']
189	['O', 'O', 'O', 'O', 'O', 'O', 'O', 'O', 'O', 'O', 'B-A0', 'I-A0', 'I-A0', 'O', 'B-V', 'B-A1', 'O', 'O', 'O', 'B-A1', 'I-A1', 'O']	['since', 's1031', 'is', 'a', 'null', 'allele', ',', 'we', 'tested', 'whether', 'these', 'two', 'bends', 'might', '#alter', 'the', 'overall', 'direction', 'of', 'the', 'dna', '.']
190	['O', 'B-A0', 'I-A0', 'O', 'O', 'O', 'O', 'O', 'O', 'O', 'O', 'B-V', 'O', 'O', 'O', 'O']	['since', 'this', 'mutation', 'are', 'in', 'opposing', 'directions', ',', 'they', 'do', 'not', '#alter', 'vulval', 'induction(figure', '3c)', '.']
191	['O', 'O', 'B-A0', 'I-A0', 'I-A0', 'O', 'O', 'O', 'B-V', 'B-A1', 'O', 'O', 'O', 'B-A1', 'I-A1', 'O']	['moreover', ',', 'these', 'two', 'bends', 'is', 'able', 'to', '#alter', 'the', 'overall', 'direction', 'of', 'the', 'dna', '.']
192	['O', 'O', 'O', 'O', 'O', 'O', 'O', 'O', 'O', 'B-A0', 'I-A0', 'I-A0', 'I-A0', 'I-A0', 'I-A0', 'I-A0', 'O', 'O', 'B-V', 'B-A1', 'I-A1', 'I-A1', 'O']	['hence', ',', 'glu13', 'indirectly', 'affects', 'dna-binding', 'specificity', 'probably', 'because', 'treating', 'the', 'cells', 'with', 'insulin-like', 'growth', 'factor-i', 'can', 'subtly', '#alter', 'phosphorylation', 'of', 'pdk1', '.']
193	['B-A1', 'O', 'O', 'B-V', 'O', 'B-A0', 'I-A0', 'I-A0', 'I-A0', 'I-A0', 'I-A0', 'O', 'O', 'O', 'O', 'O', 'O', 'O', 'O', 'O', 'O', 'O', 'O']	['splicing', 'can', 'be', '#altered', 'by', 'the', 'molecular', 'lesion', 'associated', 'with', 's1031', ',', 'we', 'looked', 'at', 'the', 'sos-1', 'mrna', 'produced', 'in', 'this', 'mutant', '.']
194	['O', 'O', 'B-A0', 'I-A0', 'I-A0', 'I-A0', 'I-A0', 'I-A0', 'B-V', 'B-A1', 'O']	['moreover', ',', 'the', 'molecular', 'lesion', 'associated', 'with', 's1031', '#alters', 'splicing', '.']
195	['O', 'O', 'O', 'O', 'O', 'O', 'O', 'O', 'O', 'O', 'B-A0', 'I-A0', 'O', 'O', 'O', 'O', 'B-V', 'B-A1', 'I-A1', 'O']	['hence', ',', 'glu13', 'indirectly', 'affects', 'dna-binding', 'specificity', 'probably', 'due', 'to', 'this', 'mutation', ',', 'which', 'can', 'subtly', '#alter', 'vulval', 'induction', '.']
196	['O', 'O', 'O', 'O', 'O', 'O', 'O', 'O', 'O', 'O', 'B-A1', 'I-A1', 'I-A1', 'O', 'O', 'B-V', 'O', 'B-A0', 'I-A0', 'I-A0', 'I-A0', 'I-A0', 'I-A0', 'I-A0', 'O']	['since', 's1031', 'is', 'a', 'null', 'allele', ',', 'we', 'tested', 'whether', 'phosphorylation', 'of', 'pdk1', 'might', 'be', '#altered', 'by', 'treating', 'the', 'cells', 'with', 'insulin-like', 'growth', 'factor-i', '.']
197	['O', 'O', 'O', 'O', 'O', 'O', 'O', 'O', 'O', 'O', 'B-A1', 'O', 'O', 'O', 'B-A1', 'I-A1', 'O', 'O', 'O', 'O', 'B-V', 'O', 'B-A0', 'I-A0', 'I-A0', 'O']	['since', 's1031', 'is', 'a', 'null', 'allele', ',', 'we', 'tested', 'whether', 'the', 'overall', 'direction', 'of', 'the', 'dna', 'was', 'able', 'to', 'be', '#altered', 'by', 'these', 'two', 'bends', '.']
198	['O', 'O', 'O', 'O', 'O', 'O', 'O', 'O', 'O', 'O', 'B-A1', 'I-A1', 'O', 'O', 'B-V', 'O', 'B-A0', 'I-A0', 'O']	['since', 's1031', 'is', 'a', 'null', 'allele', ',', 'we', 'tested', 'whether', 'vulval', 'induction', 'could', 'be', '#altered', 'by', 'this', 'mutation', '.']
199	['O', 'O', 'O', 'O', 'O', 'O', 'O', 'O', 'O', 'O', 'O', 'B-A0', 'I-A0', 'I-A0', 'O', 'B-V', 'B-A1', 'O', 'O', 'O', 'B-A1', 'I-A1', 'O']	['since', 's1031', 'is', 'a', 'null', 'allele', ',', 'we', 'are', 'testing', 'whether', 'these', 'two', 'bends', 'will', '#alter', 'the', 'overall', 'direction', 'of', 'the', 'dna', '.']
200	['O', 'O', 'O', 'O', 'O', 'O', 'O', 'O', 'O', 'O', 'B-A0', 'I-A0', 'I-A0', 'I-A0', 'I-A0', 'I-A0', 'I-A0', 'O', 'O', 'O', 'B-V', 'B-A1', 'I-A1', 'I-A1', 'O']	['hence', ',', 'glu13', 'indirectly', 'affects', 'dna-binding', 'specificity', 'probably', 'due', 'to', 'treating', 'the', 'cells', 'with', 'insulin-like', 'growth', 'factor-i', ',', 'which', 'subtly', '#altered', 'phosphorylation', 'of', 'pdk1', '.']
201	['O', 'O', 'O', 'O', 'O', 'O', 'O', 'O', 'O', 'B-A0', 'I-A0', 'I-A0', 'I-A0', 'I-A0', 'I-A0', 'I-A0', 'O', 'B-V', 'B-A1', 'I-A1', 'I-A1', 'O']	['hence', ',', 'glu13', 'indirectly', 'affects', 'dna-binding', 'specificity', 'probably', 'because', 'treating', 'the', 'cells', 'with', 'insulin-like', 'growth', 'factor-i', 'subtly', '#alters', 'phosphorylation', 'of', 'pdk1', '.']
202	['O', 'B-A0', 'I-A0', 'I-A0', 'I-A0', 'I-A0', 'I-A0', 'O', 'O', 'O', 'O', 'O', 'O', 'O', 'O', 'B-V', 'O', 'O', 'O']	['since', 'the', 'molecular', 'lesion', 'associated', 'with', 's1031', 'were', 'in', 'opposing', 'directions', ',', 'they', 'could', 'not', '#alter', 'splicing(figure', '3c)', '.']
203	['O', 'O', 'O', 'O', 'O', 'O', 'O', 'O', 'O', 'O', 'O', 'B-A0', 'I-A0', 'I-A0', 'O', 'B-V', 'B-A1', 'O', 'O', 'O', 'B-A1', 'I-A1', 'O']	['since', 's1031', 'is', 'a', 'null', 'allele', ',', 'we', 'are', 'testing', 'whether', 'these', 'two', 'bends', 'can', '#alter', 'the', 'overall', 'direction', 'of', 'the', 'dna', '.']
204	['O', 'B-A0', 'I-A0', 'I-A0', 'I-A0', 'I-A0', 'I-A0', 'O', 'O', 'O', 'O', 'O', 'B-A1', 'O', 'O', 'B-V', 'O', 'O', 'O', 'O']	['since', 'the', 'molecular', 'lesion', 'associated', 'with', 's1031', 'were', 'in', 'opposing', 'directions', ',', 'splicing', 'was', 'not', '#altered', 'by', 'them(figure', '3c)', '.']
205	['O', 'O', 'B-A0', 'I-A0', 'I-A0', 'I-A0', 'I-A0', 'I-A0', 'I-A0', 'B-V', 'B-A1', 'I-A1', 'I-A1', 'O']	['moreover', ',', 'treating', 'the', 'cells', 'with', 'insulin-like', 'growth', 'factor-i', '#alters', 'phosphorylation', 'of', 'pdk1', '.']
206	['O', 'O', 'O', 'O', 'O', 'O', 'O', 'O', 'O', 'O', 'O', 'B-A0', 'I-A0', 'O', 'B-V', 'B-A1', 'I-A1', 'O']	['since', 's1031', 'is', 'a', 'null', 'allele', ',', 'we', 'are', 'testing', 'whether', 'this', 'mutation', 'may', '#alter', 'vulval', 'induction', '.']
207	['B-A1', 'O', 'O', 'B-V', 'O', 'B-A0', 'I-A0', 'I-A0', 'I-A0', 'I-A0', 'I-A0', 'O', 'O', 'O', 'O', 'O', 'O', 'O', 'O', 'O', 'O', 'O', 'O']	['splicing', 'will', 'be', '#altered', 'by', 'the', 'molecular', 'lesion', 'associated', 'with', 's1031', ',', 'we', 'looked', 'at', 'the', 'sos-1', 'mrna', 'produced', 'in', 'this', 'mutant', '.']
208	['O', 'O', 'B-A0', 'I-A0', 'I-A0', 'I-A0', 'I-A0', 'I-A0', 'O', 'O', 'O', 'O', 'B-V', 'B-A1', 'O']	['moreover', ',', 'the', 'molecular', 'lesion', 'associated', 'with', 's1031', 'may', 'be', 'able', 'to', '#alter', 'splicing', '.']
209	['B-A1', 'I-A1', 'I-A1', 'O', 'O', 'B-V', 'O', 'B-A0', 'I-A0', 'I-A0', 'I-A0', 'I-A0', 'I-A0', 'I-A0', 'O', 'O', 'I-A1', 'O', 'O', 'O', 'O', 'O', 'O', 'O', 'I-A1', 'O', 'O']	['phosphorylation', 'of', 'pdk1', 'was', 'not', '#altered', 'by', 'treating', 'the', 'cells', 'with', 'insulin-like', 'growth', 'factor-i', 'and', 'four', 'of', 'the', 'sites', 'could', 'be', 'mutated', 'without', 'loss', 'of', 'activity', '.']
210	['B-A0', 'I-A0', 'I-A0', 'I-A0', 'I-A0', 'I-A0', 'O', 'O', 'O', 'B-V', 'B-A1', 'O', 'O', 'O', 'O', 'O', 'O', 'O', 'O', 'O', 'O', 'O', 'O']	['the', 'molecular', 'lesion', 'associated', 'with', 's1031', 'is', 'predicted', 'to', '#alter', 'splicing', ',', 'we', 'looked', 'at', 'the', 'sos-1', 'mrna', 'produced', 'in', 'this', 'mutant', '.']
211	['O', 'O', 'O', 'O', 'O', 'O', 'O', 'O', 'O', 'O', 'O', 'B-A0', 'I-A0', 'I-A0', 'I-A0', 'I-A0', 'I-A0', 'O', 'B-V', 'B-A1', 'O']	['since', 's1031', 'is', 'a', 'null', 'allele', ',', 'we', 'are', 'testing', 'whether', 'the', 'molecular', 'lesion', 'associated', 'with', 's1031', 'can', '#alter', 'splicing', '.']
212	['O', 'O', 'O', 'O', 'O', 'O', 'O', 'O', 'O', 'O', 'B-A0', 'I-A0', 'O', 'O', 'O', 'O', 'B-V', 'B-A1', 'I-A1', 'O']	['hence', ',', 'glu13', 'indirectly', 'affects', 'dna-binding', 'specificity', 'probably', 'due', 'to', 'this', 'mutation', ',', 'which', 'may', 'subtly', '#alter', 'vulval', 'induction', '.']
213	['O', 'B-A0', 'I-A0', 'O', 'O', 'O', 'O', 'O', 'B-A1', 'I-A1', 'O', 'O', 'O', 'B-V', 'O', 'O', 'O', 'O']	['since', 'this', 'mutation', 'were', 'in', 'opposing', 'directions', ',', 'vulval', 'induction', 'could', 'not', 'be', '#altered', 'by', 'them(figure', '3c)', '.']
214	['O', 'O', 'O', 'O', 'O', 'O', 'O', 'O', 'O', 'O', 'B-A0', 'I-A0', 'I-A0', 'I-A0', 'I-A0', 'I-A0', 'I-A0', 'O', 'B-V', 'B-A1', 'I-A1', 'I-A1', 'O']	['since', 's1031', 'is', 'a', 'null', 'allele', ',', 'we', 'tested', 'whether', 'treating', 'the', 'cells', 'with', 'insulin-like', 'growth', 'factor-i', 'might', '#alter', 'phosphorylation', 'of', 'pdk1', '.']
215	['O', 'B-A0', 'I-A0', 'O', 'O', 'O', 'O', 'O', 'O', 'O', 'O', 'B-V', 'O', 'O', 'O', 'O']	['since', 'this', 'mutation', 'are', 'in', 'opposing', 'directions', ',', 'they', 'will', 'not', '#alter', 'vulval', 'induction(figure', '3c)', '.']
216	['O', 'O', 'O', 'O', 'O', 'O', 'O', 'O', 'O', 'O', 'O', 'B-A0', 'I-A0', 'I-A0', 'I-A0', 'I-A0', 'I-A0', 'O', 'B-V', 'B-A1', 'O']	['since', 's1031', 'is', 'a', 'null', 'allele', ',', 'we', 'are', 'testing', 'whether', 'the', 'molecular', 'lesion', 'associated', 'with', 's1031', 'will', '#alter', 'splicing', '.']
217	['O', 'B-A0', 'I-A0', 'I-A0', 'O', 'O', 'O', 'O', 'O', 'O', 'O', 'O', 'O', 'O', 'B-V', 'B-A1', 'O', 'O', 'O', 'O', 'O', 'O', 'O']	['since', 'these', 'two', 'bends', 'are', 'in', 'opposing', 'directions', ',', 'they', 'are', 'not', 'able', 'to', '#alter', 'the', 'overall', 'direction', 'of', 'the', 'dna(figure', '3c)', '.']
218	['O', 'O', 'O', 'O', 'O', 'O', 'O', 'O', 'B-A1', 'O', 'O', 'B-V', 'O', 'B-A0', 'I-A0', 'I-A0', 'I-A0', 'I-A0', 'I-A0', 'O']	['hence', ',', 'glu13', 'indirectly', 'affects', 'dna-binding', 'specificity', 'because', 'splicing', 'can', 'be', '#altered', 'by', 'the', 'molecular', 'lesion', 'associated', 'with', 's1031', '.']
219	['O', 'O', 'O', 'O', 'O', 'O', 'O', 'O', 'O', 'O', 'B-A1', 'I-A1', 'O', 'O', 'O', 'O', 'B-V', 'O', 'B-A0', 'I-A0', 'O']	['since', 's1031', 'is', 'a', 'null', 'allele', ',', 'we', 'tested', 'whether', 'vulval', 'induction', 'was', 'able', 'to', 'be', '#altered', 'by', 'this', 'mutation', '.']
220	['O', 'O', 'O', 'O', 'O', 'O', 'O', 'O', 'B-A1', 'I-A1', 'I-A1', 'O', 'O', 'B-V', 'O', 'B-A0', 'I-A0', 'I-A0', 'I-A0', 'I-A0', 'I-A0', 'I-A0', 'O']	['hence', ',', 'glu13', 'indirectly', 'affects', 'dna-binding', 'specificity', 'because', 'phosphorylation', 'of', 'pdk1', 'may', 'be', '#altered', 'by', 'treating', 'the', 'cells', 'with', 'insulin-like', 'growth', 'factor-i', '.']
221	['O', 'O', 'O', 'O', 'O', 'O', 'O', 'O', 'O', 'O', 'O', 'B-A1', 'O', 'O', 'O', 'B-A1', 'I-A1', 'O', 'O', 'B-V', 'O', 'B-A0', 'I-A0', 'I-A0', 'O']	['since', 's1031', 'is', 'a', 'null', 'allele', ',', 'we', 'are', 'testing', 'whether', 'the', 'overall', 'direction', 'of', 'the', 'dna', 'can', 'be', '#altered', 'by', 'these', 'two', 'bends', '.']
222	['O', 'O', 'O', 'O', 'O', 'O', 'O', 'O', 'O', 'O', 'B-A1', 'O', 'B-V', 'O', 'B-A0', 'I-A0', 'I-A0', 'I-A0', 'I-A0', 'I-A0', 'O']	['since', 's1031', 'is', 'a', 'null', 'allele', ',', 'we', 'tested', 'whether', 'splicing', 'was', '#altered', 'by', 'the', 'molecular', 'lesion', 'associated', 'with', 's1031', '.']
223	['O', 'O', 'O', 'O', 'O', 'O', 'O', 'O', 'O', 'O', 'O', 'B-A1', 'O', 'O', 'O', 'B-A1', 'I-A1', 'O', 'O', 'B-V', 'O', 'B-A0', 'I-A0', 'I-A0', 'O']	['since', 's1031', 'is', 'a', 'null', 'allele', ',', 'we', 'are', 'testing', 'whether', 'the', 'overall', 'direction', 'of', 'the', 'dna', 'may', 'be', '#altered', 'by', 'these', 'two', 'bends', '.']
224	['O', 'O', 'O', 'O', 'O', 'O', 'O', 'O', 'O', 'O', 'O', 'B-A0', 'I-A0', 'O', 'B-V', 'B-A1', 'I-A1', 'O']	['since', 's1031', 'is', 'a', 'null', 'allele', ',', 'we', 'are', 'testing', 'whether', 'this', 'mutation', 'will', '#alter', 'vulval', 'induction', '.']
225	['O', 'B-A0', 'I-A0', 'I-A0', 'O', 'O', 'O', 'O', 'O', 'O', 'O', 'O', 'B-V', 'B-A1', 'O', 'O', 'O', 'O', 'O', 'O', 'O']	['since', 'these', 'two', 'bends', 'are', 'in', 'opposing', 'directions', ',', 'they', 'do', 'not', '#alter', 'the', 'overall', 'direction', 'of', 'the', 'dna(figure', '3c)', '.']
226	['O', 'O', 'B-A0', 'I-A0', 'O', 'O', 'O', 'O', 'B-V', 'B-A1', 'I-A1', 'O']	['moreover', ',', 'this', 'mutation', 'will', 'be', 'able', 'to', '#alter', 'vulval', 'induction', '.']
227	['O', 'O', 'B-A0', 'I-A0', 'I-A0', 'I-A0', 'I-A0', 'I-A0', 'I-A0', 'O', 'O', 'O', 'O', 'B-V', 'B-A1', 'I-A1', 'I-A1', 'O']	['moreover', ',', 'treating', 'the', 'cells', 'with', 'insulin-like', 'growth', 'factor-i', 'may', 'be', 'able', 'to', '#alter', 'phosphorylation', 'of', 'pdk1', '.']
228	['O', 'B-A0', 'I-A0', 'I-A0', 'O', 'O', 'O', 'O', 'O', 'O', 'O', 'O', 'O', 'O', 'B-V', 'B-A1', 'O', 'O', 'O', 'O', 'O', 'O', 'O']	['since', 'these', 'two', 'bends', 'were', 'in', 'opposing', 'directions', ',', 'they', 'were', 'not', 'able', 'to', '#alter', 'the', 'overall', 'direction', 'of', 'the', 'dna(figure', '3c)', '.']
229	['O', 'O', 'B-A0', 'I-A0', 'I-A0', 'O', 'B-V', 'B-A1', 'O', 'O', 'O', 'B-A1', 'I-A1', 'O']	['moreover', ',', 'these', 'two', 'bends', 'could', '#alter', 'the', 'overall', 'direction', 'of', 'the', 'dna', '.']
230	['O', 'O', 'O', 'O', 'O', 'O', 'O', 'O', 'O', 'O', 'B-A0', 'I-A0', 'I-A0', 'B-V', 'B-A1', 'O', 'O', 'O', 'B-A1', 'I-A1', 'O']	['since', 's1031', 'is', 'a', 'null', 'allele', ',', 'we', 'tested', 'whether', 'these', 'two', 'bends', '#altered', 'the', 'overall', 'direction', 'of', 'the', 'dna', '.']
231	['O', 'O', 'B-A0', 'I-A0', 'I-A0', 'O', 'O', 'O', 'O', 'B-V', 'B-A1', 'O', 'O', 'O', 'B-A1', 'I-A1', 'O']	['moreover', ',', 'these', 'two', 'bends', 'may', 'be', 'able', 'to', '#alter', 'the', 'overall', 'direction', 'of', 'the', 'dna', '.']
232	['O', 'O', 'O', 'O', 'O', 'O', 'O', 'O', 'O', 'O', 'B-A0', 'I-A0', 'O', 'O', 'O', 'O', 'O', 'O', 'B-V', 'B-A1', 'I-A1', 'O']	['hence', ',', 'glu13', 'indirectly', 'affects', 'dna-binding', 'specificity', 'probably', 'due', 'to', 'this', 'mutation', ',', 'which', 'was', 'able', 'to', 'subtly', '#alter', 'vulval', 'induction', '.']
233	['O', 'O', 'O', 'O', 'O', 'O', 'O', 'O', 'O', 'B-A0', 'I-A0', 'I-A0', 'I-A0', 'I-A0', 'I-A0', 'O', 'O', 'O', 'O', 'O', 'B-V', 'B-A1', 'O']	['hence', ',', 'glu13', 'indirectly', 'affects', 'dna-binding', 'specificity', 'probably', 'because', 'the', 'molecular', 'lesion', 'associated', 'with', 's1031', 'may', 'be', 'able', 'to', 'subtly', '#alter', 'splicing', '.']
234	['O', 'O', 'O', 'O', 'O', 'O', 'O', 'O', 'O', 'O', 'O', 'B-A0', 'I-A0', 'O', 'O', 'O', 'B-V', 'B-A1', 'I-A1', 'O']	['since', 's1031', 'is', 'a', 'null', 'allele', ',', 'we', 'are', 'testing', 'whether', 'this', 'mutation', 'is', 'able', 'to', '#alter', 'vulval', 'induction', '.']
235	['B-A0', 'I-A0', 'O', 'O', 'O', 'O', 'O', 'O', 'B-V', 'B-A1', 'I-A1', 'I-A3', 'O', 'O', 'O', 'O', 'O', 'B-A1', 'O', 'O', 'B-A2', 'I-A2', 'I-A2', 'I-A2', 'O', 'O', 'O', 'B-A1', 'O', 'O', 'O']	['this', 'mutation', 'is', 'located', 'within', 'exon', '2', 'and', '#alters', 'the', 'codon', '(ctc)', 'normally', 'associated', 'with', 'leu-93', 'in', 'the', 'transcortin', 'polypeptide', 'to', 'a', 'codon', '(cac)', 'for', 'histidine', 'in', 'the', 'variant', 'genes', '.']
236	['O', 'O', 'O', 'O', 'O', 'O', 'O', 'O', 'O', 'O', 'O', 'B-A1', 'O', 'O', 'B-V', 'O', 'B-A0', 'I-A0', 'I-A0', 'I-A0', 'I-A0', 'I-A0', 'O']	['since', 's1031', 'is', 'a', 'null', 'allele', ',', 'we', 'are', 'testing', 'whether', 'splicing', 'can', 'be', '#altered', 'by', 'the', 'molecular', 'lesion', 'associated', 'with', 's1031', '.']
237	['O', 'O', 'O', 'O', 'O', 'O', 'O', 'O', 'B-A1', 'O', 'O', 'O', 'B-A1', 'I-A1', 'O', 'O', 'B-V', 'O', 'B-A0', 'I-A0', 'I-A0', 'O']	['hence', ',', 'glu13', 'indirectly', 'affects', 'dna-binding', 'specificity', 'because', 'the', 'overall', 'direction', 'of', 'the', 'dna', 'can', 'be', '#altered', 'by', 'these', 'two', 'bends', '.']
238	['O', 'O', 'O', 'O', 'O', 'O', 'O', 'O', 'O', 'O', 'B-A0', 'I-A0', 'B-V', 'B-A1', 'I-A1', 'O']	['since', 's1031', 'is', 'a', 'null', 'allele', ',', 'we', 'tested', 'whether', 'this', 'mutation', '#alters', 'vulval', 'induction', '.']
239	['O', 'O', 'O', 'O', 'O', 'O', 'O', 'O', 'O', 'O', 'B-A0', 'I-A0', 'O', 'O', 'O', 'B-V', 'B-A1', 'I-A1', 'O']	['since', 's1031', 'is', 'a', 'null', 'allele', ',', 'we', 'tested', 'whether', 'this', 'mutation', 'was', 'able', 'to', '#alter', 'vulval', 'induction', '.']
240	['O', 'O', 'O', 'O', 'O', 'O', 'O', 'O', 'O', 'B-A0', 'I-A0', 'I-A0', 'O', 'B-V', 'B-A1', 'O', 'O', 'O', 'B-A1', 'I-A1', 'O']	['hence', ',', 'glu13', 'indirectly', 'affects', 'dna-binding', 'specificity', 'probably', 'because', 'these', 'two', 'bends', 'subtly', '#altered', 'the', 'overall', 'direction', 'of', 'the', 'dna', '.']
241	['O', 'O', 'O', 'O', 'O', 'O', 'O', 'O', 'O', 'B-A0', 'I-A0', 'O', 'O', 'O', 'O', 'O', 'B-V', 'B-A1', 'I-A1', 'O']	['hence', ',', 'glu13', 'indirectly', 'affects', 'dna-binding', 'specificity', 'probably', 'because', 'this', 'mutation', 'may', 'be', 'able', 'to', 'subtly', '#alter', 'vulval', 'induction', '.']
242	['O', 'O', 'O', 'O', 'O', 'O', 'O', 'O', 'B-A1', 'O', 'O', 'O', 'O', 'B-V', 'O', 'B-A0', 'I-A0', 'I-A0', 'I-A0', 'I-A0', 'I-A0', 'O']	['hence', ',', 'glu13', 'indirectly', 'affects', 'dna-binding', 'specificity', 'because', 'splicing', 'are', 'able', 'to', 'be', '#altered', 'by', 'the', 'molecular', 'lesion', 'associated', 'with', 's1031', '.']
243	['O', 'O', 'O', 'O', 'O', 'O', 'O', 'O', 'O', 'O', 'O', 'B-A0', 'I-A0', 'O', 'B-V', 'B-A1', 'I-A1', 'O']	['since', 's1031', 'is', 'a', 'null', 'allele', ',', 'we', 'are', 'testing', 'whether', 'this', 'mutation', 'can', '#alter', 'vulval', 'induction', '.']
244	['O', 'O', 'B-A0', 'I-A0', 'I-A0', 'I-A0', 'I-A0', 'I-A0', 'B-V', 'B-A1', 'O']	['moreover', ',', 'the', 'molecular', 'lesion', 'associated', 'with', 's1031', '#altered', 'splicing', '.']
245	['O', 'O', 'O', 'O', 'O', 'O', 'O', 'O', 'O', 'B-A0', 'I-A0', 'I-A0', 'I-A0', 'I-A0', 'I-A0', 'O', 'O', 'B-V', 'B-A1', 'O']	['hence', ',', 'glu13', 'indirectly', 'affects', 'dna-binding', 'specificity', 'probably', 'because', 'the', 'molecular', 'lesion', 'associated', 'with', 's1031', 'can', 'subtly', '#alter', 'splicing', '.']
246	['O', 'O', 'O', 'O', 'O', 'O', 'O', 'O', 'O', 'B-A0', 'I-A0', 'I-A0', 'I-A0', 'I-A0', 'I-A0', 'I-A0', 'O', 'O', 'B-V', 'B-A1', 'I-A1', 'I-A1', 'O']	['hence', ',', 'glu13', 'indirectly', 'affects', 'dna-binding', 'specificity', 'probably', 'because', 'treating', 'the', 'cells', 'with', 'insulin-like', 'growth', 'factor-i', 'may', 'subtly', '#alter', 'phosphorylation', 'of', 'pdk1', '.']
247	['O', 'O', 'O', 'O', 'O', 'O', 'O', 'O', 'O', 'O', 'B-A0', 'I-A0', 'O', 'B-V', 'B-A1', 'I-A1', 'O']	['since', 's1031', 'is', 'a', 'null', 'allele', ',', 'we', 'tested', 'whether', 'this', 'mutation', 'has', '#altered', 'vulval', 'induction', '.']
248	['O', 'B-A0', 'I-A0', 'I-A0', 'O', 'O', 'O', 'O', 'O', 'O', 'O', 'B-V', 'B-A1', 'O', 'O', 'O', 'O', 'O', 'O', 'O']	['since', 'these', 'two', 'bends', 'are', 'in', 'opposing', 'directions', ',', 'they', 'cannot', '#alter', 'the', 'overall', 'direction', 'of', 'the', 'dna(figure', '3c)', '.']
249	['O', 'B-A0', 'I-A0', 'I-A0', 'I-A0', 'I-A0', 'I-A0', 'I-A0', 'O', 'O', 'O', 'O', 'O', 'B-A1', 'I-A1', 'I-A1', 'O', 'O', 'B-V', 'O', 'O', 'O', 'O']	['since', 'treating', 'the', 'cells', 'with', 'insulin-like', 'growth', 'factor-i', 'were', 'in', 'opposing', 'directions', ',', 'phosphorylation', 'of', 'pdk1', 'was', 'not', '#altered', 'by', 'them(figure', '3c)', '.']
250	['O', 'O', 'O', 'O', 'O', 'O', 'O', 'O', 'O', 'O', 'O', 'B-A0', 'I-A0', 'I-A0', 'I-A0', 'I-A0', 'I-A0', 'O', 'B-V', 'B-A1', 'O']	['since', 's1031', 'is', 'a', 'null', 'allele', ',', 'we', 'are', 'testing', 'whether', 'the', 'molecular', 'lesion', 'associated', 'with', 's1031', 'may', '#alter', 'splicing', '.']
251	['O', 'O', 'O', 'O', 'O', 'O', 'O', 'O', 'O', 'B-A0', 'I-A0', 'I-A0', 'I-A0', 'I-A0', 'I-A0', 'I-A0', 'O', 'B-V', 'B-A1', 'I-A1', 'I-A1', 'O']	['hence', ',', 'glu13', 'indirectly', 'affects', 'dna-binding', 'specificity', 'probably', 'because', 'treating', 'the', 'cells', 'with', 'insulin-like', 'growth', 'factor-i', 'subtly', '#altered', 'phosphorylation', 'of', 'pdk1', '.']
252	['O', 'O', 'O', 'O', 'B-A0', 'I-A0', 'I-A0', 'I-A0', 'I-A0', 'I-A0', 'O', 'O', 'O', 'B-V', 'B-A1', 'O', 'O', 'O', 'O', 'O', 'O', 'O', 'O', 'O', 'O', 'O', 'O']	['it', 'is', 'believed', 'that', 'the', 'molecular', 'lesion', 'associated', 'with', 's1031', 'is', 'able', 'to', '#alter', 'splicing', ',', 'we', 'looked', 'at', 'the', 'sos-1', 'mrna', 'produced', 'in', 'this', 'mutant', '.']
253	['O', 'O', 'O', 'O', 'O', 'O', 'O', 'O', 'O', 'B-A0', 'I-A0', 'I-A0', 'I-A0', 'I-A0', 'I-A0', 'I-A0', 'O', 'O', 'O', 'O', 'B-V', 'B-A1', 'I-A1', 'I-A1', 'O']	['hence', ',', 'glu13', 'indirectly', 'affects', 'dna-binding', 'specificity', 'probably', 'because', 'treating', 'the', 'cells', 'with', 'insulin-like', 'growth', 'factor-i', 'is', 'able', 'to', 'subtly', '#alter', 'phosphorylation', 'of', 'pdk1', '.']
254	['O', 'O', 'O', 'O', 'O', 'O', 'O', 'O', 'B-A1', 'O', 'O', 'O', 'B-A1', 'I-A1', 'O', 'O', 'B-V', 'O', 'B-A0', 'I-A0', 'I-A0', 'O']	['hence', ',', 'glu13', 'indirectly', 'affects', 'dna-binding', 'specificity', 'because', 'the', 'overall', 'direction', 'of', 'the', 'dna', 'may', 'be', '#altered', 'by', 'these', 'two', 'bends', '.']
