0	['O', 'O', 'O', 'B-A0', 'I-A0', 'I-A0', 'O', 'O', 'O', 'O', 'O', 'O', 'O', 'O', 'O', 'B-V', 'B-A1', 'I-A1', 'I-A1', 'I-A1', 'I-A1', 'O', 'O', 'O', 'O', 'O', 'O', 'O', 'O', 'O', 'O']	['they', 'establish', 'that', 'a', '6-bp', 'insertion', ',', 'as', 'may', 'occur', 'following', 'caspase', 'activation', ',', 'can', '#eliminate', 'repression', 'of', 'the', 'glptq', 'promoter', 'required', 'for', 'skeletal', 'muscle', 'regeneration', 'during', 'chronic', 'catabolic', 'conditions', '.']
1	['O', 'O', 'O', 'O', 'O', 'O', 'O', 'O', 'O', 'O', 'O', 'O', 'O', 'O', 'O', 'O', 'O', 'O', 'O', 'O', 'O', 'O', 'O', 'O', 'B-A0', 'I-A0', 'I-A0', 'I-A0', 'O', 'B-V', 'B-A1', 'I-A1', 'I-A1', 'O']	['secondly', ',', 'sbp2', 'binding', 'activity', 'is', 'not', 'affected', 'by', 'mutations', 'in', 'the', 'tetra-adenosine', 'element', 'in', 'the', 'terminal', 'region', 'of', 'the', 'phgpx', '3', 'utr', ',', 'a', '3-bp', 'in-frame', 'deletion', 'completely', '#eliminate', 'an', 'asparagine', 'residue', '.']
2	['O', 'B-V', 'B-A1', 'I-A1', 'I-A1', 'O', 'O', 'O', 'O', 'O', 'O', 'O', 'O', 'O', 'O', 'O']	['to', '#eliminate', 'the', 'inhibitory', 'phosphorylation', 'make', 'the', 'same', 'high', 'level', 'of', 'activation', 'of', 'b-raf', 'occurs', '.']
3	['O', 'O', 'O', 'O', 'O', 'B-A0', 'I-A0', 'I-A0', 'O', 'B-V', 'B-A1', 'I-A1', 'I-A1', 'I-A1', 'I-A1', 'O']	['in', 'gel', 'shift', 'assay', ',', 'a', '6-bp', 'insertion', 'has', '#eliminated', 'repression', 'of', 'the', 'glptq', 'promoter', '.']
4	['O', 'O', 'O', 'B-A0', 'I-A0', 'I-A0', 'I-A0', 'O', 'O', 'O', 'O', 'O', 'O', 'O', 'O', 'O', 'B-V', 'B-A1', 'I-A1', 'I-A1', 'O', 'O', 'O', 'O', 'O', 'O', 'O', 'O', 'O', 'O']	['they', 'establish', 'that', 'a', '3-bp', 'in-frame', 'deletion', ',', 'as', 'may', 'occur', 'following', 'caspase', 'activation', ',', 'could', '#eliminate', 'an', 'asparagine', 'residue', 'required', 'for', 'skeletal', 'muscle', 'regeneration', 'during', 'chronic', 'catabolic', 'conditions', '.']
5	['B-V', 'B-A1', 'I-A1', 'I-A1', 'O', 'O', 'O', 'O', 'O', 'O', 'O', 'O', 'O', 'O', 'O', 'O', 'O', 'O', 'O', 'O', 'O', 'O', 'O', 'O', 'O', 'O', 'O', 'O', 'O', 'O', 'O', 'O', 'O']	['#eliminating', 'any', 'deleterious', 'effects', 'that', 'might', 'be', 'associated', 'with', 'stable', 'hoxb4', 'gene', 'transfer', 'into', 'human', 'cells', ',', 'we', 'took', 'advantage', 'of', 'the', 'ability', 'of', 'hox', 'proteins', 'to', 'passively', 'translocate', 'through', 'cell', 'membranes', '.']
6	['B-A1', 'I-A1', 'I-A1', 'O', 'B-A2', 'I-A2', 'I-A2', 'I-A2', 'I-A2', 'I-A2', 'O', 'B-V', 'O', 'B-A0', 'I-A0', 'O', 'O', 'I-A2', 'O', 'O', 'O', 'O', 'O', 'O', 'O', 'O', 'O', 'I-A2', 'O', 'O', 'O', 'O', 'O', 'O', 'O', 'O', 'O', 'O', 'O', 'O', 'O', 'O', 'O', 'O', 'O']	['an', 'asparagine', 'residue', 'within', 'a', 'kinase', 'domain', 'of', 'the', 'product', 'is', '#eliminated', 'by', 'a', '3-bp', 'in-frame', 'deletion;', 'the', 'other', 'two', 'carried', 'intronic', 'mutations', 'at', 'or', 'adjacent', 'to', 'the', 'consensus', 'dinucleotide', 'sequences', 'of', 'splice-acceptor', 'or-donor', 'sites', ',', 'which', 'were', 'likely', 'to', 'lead', 'to', 'aberrant', 'splicing', '.']
7	['O', 'B-V', 'B-A1', 'I-A1', 'I-A1', 'O', 'O', 'O', 'O', 'O', 'O', 'O', 'O', 'O', 'O', 'O']	['to', '#eliminate', 'all', 'three', 'sites', 'make', 'the', 'same', 'high', 'level', 'of', 'activation', 'of', 'b-raf', 'occurs', '.']
8	['O', 'B-A0', 'I-A0', 'I-A0', 'I-A0', 'O', 'B-A1', 'I-A1', 'I-A1', 'O', 'O', 'O', 'O', 'O', 'B-V', 'O', 'O', 'O']	['at', 'a', '3-bp', 'in-frame', 'deletion', ',', 'an', 'asparagine', 'residue', 'is', 'observed', 'to', 'be', 'completely', '#eliminated', '(figure', '7)', '.']
9	['B-A0', 'I-A0', 'I-A0', 'I-A0', 'O', 'O', 'O', 'O', 'O', 'O', 'O', 'O', 'O', 'B-V', 'B-A1', 'I-A1', 'I-A1', 'O', 'O', 'O', 'O', 'O', 'O', 'O', 'O', 'O', 'O', 'O', 'O', 'O', 'O', 'O', 'O', 'O']	['a', '3-bp', 'in-frame', 'deletion', 'located', 'within', 'o2', 'or', 'between', 'ot', 'and', 'o1', 'will', '#eliminate', 'an', 'asparagine', 'residue', ',', 'whereas', 'significant', 'repression', 'will', 'be', 'maintained', 'in', 'the', 'case', 'of', 'a', '10-bp', 'insertion', 'within', 'o2', '.']
10	['O', 'B-A0', 'I-A0', 'I-A0', 'O', 'B-A1', 'I-A1', 'I-A1', 'I-A1', 'I-A1', 'O', 'O', 'O', 'B-V', 'O', 'O', 'O']	['at', 'a', '6-bp', 'insertion', ',', 'repression', 'of', 'the', 'glptq', 'promoter', 'will', 'be', 'completely', '#eliminated', '(figure', '7)', '.']
11	['O', 'O', 'O', 'O', 'O', 'O', 'O', 'O', 'O', 'O', 'O', 'O', 'O', 'O', 'O', 'O', 'O', 'O', 'O', 'O', 'O', 'O', 'O', 'O', 'B-A1', 'I-A1', 'I-A1', 'O', 'O', 'B-V', 'O', 'B-A0', 'I-A0', 'I-A0', 'I-A0', 'O']	['secondly', ',', 'sbp2', 'binding', 'activity', 'is', 'not', 'affected', 'by', 'mutations', 'in', 'the', 'tetra-adenosine', 'element', 'in', 'the', 'terminal', 'region', 'of', 'the', 'phgpx', '3', 'utr', ',', 'an', 'asparagine', 'residue', 'was', 'completely', '#eliminated', 'by', 'a', '3-bp', 'in-frame', 'deletion', '.']
12	['O', 'B-A0', 'I-A0', 'I-A0', 'I-A0', 'I-A0', 'O', 'B-A1', 'O', 'O', 'O', 'B-V', 'O', 'O', 'O']	['at', 'a', 'molar', 'ratio', 'of', '5:1', ',', 'binding', 'will', 'be', 'completely', '#eliminated', '(figure', '7)', '.']
13	['B-A0', 'I-A0', 'I-A0', 'O', 'B-V', 'B-A1', 'I-A1', 'I-A1', 'I-A1', 'I-A1', 'O', 'O', 'O', 'O', 'O', 'O', 'O', 'O', 'O', 'O']	['a', '6-bp', 'insertion', 'can', '#eliminate', 'repression', 'of', 'the', 'glptq', 'promoter', 'while', 'mutation', 'at', 's494', 'has', 'no', 'effect', '(figure', '2c)', '.']
14	['O', 'O', 'O', 'O', 'O', 'O', 'O', 'O', 'O', 'O', 'O', 'B-A1', 'I-A1', 'O', 'B-V', 'O']	['the', 'same', 'high', 'level', 'of', 'activation', 'of', 'b-raf', 'occurs', 'only', 'when', 'exogenous', 'h(2)o(2)', 'are', '#eliminated', '.']
15	['O', 'O', 'O', 'O', 'O', 'B-A0', 'I-A0', 'I-A0', 'I-A0', 'O', 'B-V', 'B-A1', 'I-A1', 'I-A1', 'O']	['in', 'gel', 'shift', 'assay', ',', 'a', '3-bp', 'in-frame', 'deletion', 'has', '#eliminated', 'an', 'asparagine', 'residue', '.']
16	['O', 'B-A0', 'I-A0', 'I-A0', 'I-A0', 'O', 'B-A1', 'I-A1', 'I-A1', 'O', 'O', 'O', 'B-V', 'O', 'O', 'O']	['at', 'a', '3-bp', 'in-frame', 'deletion', ',', 'an', 'asparagine', 'residue', 'can', 'be', 'completely', '#eliminated', '(figure', '7)', '.']
17	['B-A0', 'I-A0', 'I-A0', 'I-A0', 'O', 'O', 'O', 'B-V', 'B-A1', 'I-A1', 'I-A1', 'O', 'B-A2', 'I-A2', 'I-A2', 'I-A2', 'I-A2', 'I-A2', 'O']	['a', '3-bp', 'in-frame', 'deletion', 'is', 'able', 'to', '#eliminate', 'an', 'asparagine', 'residue', 'in', 'a', 'kinase', 'domain', 'of', 'the', 'product', '.']
18	['O', 'O', 'O', 'O', 'O', 'O', 'O', 'O', 'O', 'O', 'O', 'O', 'O', 'O', 'O', 'O', 'O', 'O', 'O', 'O', 'O', 'O', 'O', 'O', 'B-A0', 'I-A0', 'I-A0', 'I-A0', 'O', 'B-V', 'B-A1', 'I-A1', 'I-A1', 'O']	['secondly', ',', 'sbp2', 'binding', 'activity', 'is', 'not', 'affected', 'by', 'mutations', 'in', 'the', 'tetra-adenosine', 'element', 'in', 'the', 'terminal', 'region', 'of', 'the', 'phgpx', '3', 'utr', ',', 'a', '3-bp', 'in-frame', 'deletion', 'completely', '#eliminated', 'an', 'asparagine', 'residue', '.']
19	['O', 'O', 'O', 'O', 'O', 'O', 'O', 'O', 'O', 'O', 'O', 'B-A1', 'I-A1', 'I-A1', 'O', 'B-V', 'O']	['the', 'same', 'high', 'level', 'of', 'activation', 'of', 'b-raf', 'occurs', 'only', 'when', 'the', 'inhibitory', 'phosphorylation', 'were', '#eliminated', '.']
20	['O', 'O', 'O', 'O', 'O', 'O', 'B-A1', 'I-A1', 'I-A1', 'O', 'O', 'B-V', 'O', 'B-A0', 'I-A0', 'I-A0', 'I-A0', 'O']	['as', 'illustrated', 'in', 'figure', '1', ',', 'an', 'asparagine', 'residue', 'was', 'not', '#eliminated', 'by', 'a', '3-bp', 'in-frame', 'deletion', '.']
21	['O', 'O', 'O', 'B-A1', 'I-A1', 'I-A1', 'O', 'O', 'O', 'O', 'O', 'O', 'O', 'O', 'O', 'O', 'O', 'O', 'O', 'O', 'O', 'O', 'O', 'O', 'O', 'O', 'B-A0', 'I-A0', 'I-A0', 'I-A0', 'O', 'B-V', 'O', 'O']	['secondly', ',', 'sbp2', 'an', 'asparagine', 'residue', 'activity', 'is', 'not', 'affected', 'by', 'mutations', 'in', 'the', 'tetra-adenosine', 'element', 'in', 'the', 'terminal', 'region', 'of', 'the', 'phgpx', '3', 'utr', ',', 'a', '3-bp', 'in-frame', 'deletion', 'completely', '#eliminate', 'binding', '.']
22	['O', 'O', 'O', 'O', 'O', 'O', 'O', 'B-A0', 'I-A0', 'I-A0', 'I-A0', 'O', 'B-V', 'B-A1', 'I-A1', 'I-A1', 'O', 'B-A2', 'I-A2', 'I-A2', 'I-A2', 'O', 'O', 'O', 'O', 'O', 'O', 'O', 'O', 'O', 'O', 'O', 'O', 'O', 'O', 'O', 'O', 'O', 'O', 'O', 'O', 'O', 'O', 'O', 'O', 'O', 'O', 'O', 'O', 'O', 'O']	['one', 'of', 'the', 'remaining', 'three', 'families', 'carried', 'a', '3-bp', 'in-frame', 'deletion', 'that', '#eliminated', 'an', 'asparagine', 'residue', 'within', 'a', 'kinase', 'domain', 'of', 'the', 'product;', 'the', 'other', 'two', 'carried', 'intronic', 'mutations', 'at', 'or', 'adjacent', 'to', 'the', 'consensus', 'dinucleotide', 'sequences', 'of', 'splice-acceptor', 'or-donor', 'sites', ',', 'which', 'were', 'likely', 'to', 'lead', 'to', 'aberrant', 'splicing', '.']
23	['B-A1', 'I-A1', 'I-A1', 'O', 'B-V', 'O', 'B-A0', 'I-A0', 'I-A0', 'I-A0', 'O']	['an', 'asparagine', 'residue', 'is', '#eliminated', 'by', 'a', '3-bp', 'in-frame', 'deletion', '.']
24	['B-A1', 'I-A1', 'O', 'B-V', 'O', 'B-A2', 'I-A2', 'O', 'O', 'O', 'O', 'O', 'O', 'O', 'O', 'O']	['exogenous', 'h(2)o(2)', 'is', '#eliminated', 'in', 'transgenic', 'plants', 'by', 'inhibition', 'of', 'any', 'one', 'of', 'these', 'molecules', '.']
25	['O', 'B-A0', 'I-A0', 'I-A0', 'O', 'B-A1', 'I-A1', 'I-A1', 'I-A1', 'I-A1', 'O', 'O', 'O', 'O', 'O', 'B-V', 'O', 'O', 'O']	['at', 'a', '6-bp', 'insertion', ',', 'repression', 'of', 'the', 'glptq', 'promoter', 'is', 'observed', 'to', 'be', 'completely', '#eliminated', '(figure', '7)', '.']
26	['O', 'B-A0', 'I-A0', 'I-A0', 'I-A0', 'I-A0', 'O', 'B-A1', 'O', 'O', 'O', 'O', 'O', 'B-V', 'O', 'O', 'O']	['at', 'a', 'molar', 'ratio', 'of', '5:1', ',', 'binding', 'is', 'observed', 'to', 'be', 'completely', '#eliminated', '(figure', '7)', '.']
27	['O', 'O', 'O', 'B-A0', 'I-A0', 'I-A0', 'O', 'B-V', 'B-A1', 'I-A1', 'I-A1', 'I-A1', 'I-A1', 'O']	['this', 'occurs', 'by', 'a', '6-bp', 'insertion', 'to', '#eliminate', 'repression', 'of', 'the', 'glptq', 'promoter', '.']
28	['B-A0', 'I-A0', 'I-A0', 'O', 'O', 'O', 'O', 'B-V', 'B-A1', 'I-A1', 'I-A1', 'I-A1', 'I-A1', 'O']	['a', '6-bp', 'insertion', 'at', 'a', '10-fold-higher', 'concentration', '#eliminate', 'repression', 'of', 'the', 'glptq', 'promoter', '.']
29	['B-A0', 'I-A0', 'I-A0', 'I-A0', 'O', 'B-V', 'B-A1', 'I-A1', 'I-A1', 'O', 'B-A2', 'I-A2', 'I-A2', 'I-A2', 'I-A2', 'I-A2', 'O']	['a', '3-bp', 'in-frame', 'deletion', 'would', '#eliminate', 'an', 'asparagine', 'residue', 'in', 'a', 'kinase', 'domain', 'of', 'the', 'product', '.']
30	['B-A0', 'I-A0', 'I-A0', 'B-V', 'B-A1', 'I-A1', 'I-A1', 'I-A1', 'I-A1', 'O', 'O', 'O', 'O', 'O', 'O', 'O', 'O', 'O', 'O']	['a', '6-bp', 'insertion', '#eliminates', 'repression', 'of', 'the', 'glptq', 'promoter', 'while', 'mutation', 'at', 's494', 'has', 'no', 'effect', '(figure', '2c)', '.']
31	['O', 'O', 'O', 'O', 'O', 'O', 'O', 'O', 'O', 'O', 'O', 'B-A1', 'I-A1', 'O', 'B-V', 'O']	['the', 'same', 'high', 'level', 'of', 'activation', 'of', 'b-raf', 'occurs', 'only', 'when', 'exogenous', 'h(2)o(2)', 'were', '#eliminated', '.']
32	['O', 'O', 'O', 'O', 'O', 'O', 'B-A1', 'O', 'O', 'B-V', 'O', 'B-A0', 'I-A0', 'I-A0', 'I-A0', 'I-A0', 'O']	['as', 'illustrated', 'in', 'figure', '1', ',', 'binding', 'is', 'not', '#eliminated', 'by', 'a', 'molar', 'ratio', 'of', '5:1', '.']
33	['O', 'O', 'O', 'B-A0', 'I-A0', 'I-A0', 'I-A0', 'I-A0', 'O', 'O', 'O', 'O', 'O', 'O', 'O', 'O', 'O', 'B-V', 'B-A1', 'O', 'O', 'O', 'O', 'O', 'O', 'O', 'O', 'O', 'O']	['they', 'establish', 'that', 'a', 'molar', 'ratio', 'of', '5:1', ',', 'as', 'may', 'occur', 'following', 'caspase', 'activation', ',', 'could', '#eliminate', 'binding', 'required', 'for', 'skeletal', 'muscle', 'regeneration', 'during', 'chronic', 'catabolic', 'conditions', '.']
34	['B-A0', 'I-A0', 'I-A0', 'I-A0', 'O', 'B-V', 'B-A1', 'I-A1', 'I-A1', 'O', 'B-A2', 'I-A2', 'I-A2', 'I-A2', 'I-A2', 'I-A2', 'O']	['a', '3-bp', 'in-frame', 'deletion', 'has', '#eliminated', 'an', 'asparagine', 'residue', 'in', 'a', 'kinase', 'domain', 'of', 'the', 'product', '.']
35	['O', 'O', 'O', 'B-A0', 'I-A0', 'I-A0', 'I-A0', 'I-A0', 'O', 'B-V', 'B-A1', 'O']	['this', 'occurs', 'by', 'a', 'molar', 'ratio', 'of', '5:1', 'to', '#eliminate', 'binding', '.']
36	['B-V', 'B-A1', 'I-A1', 'I-A1', 'O', 'O', 'O', 'O', 'O', 'O', 'O', 'O', 'O', 'O', 'O', 'O', 'O', 'O', 'O', 'O', 'O', 'O', 'O', 'O', 'O', 'O']	['#eliminating', 'all', 'three', 'sites', 'or', 'mimicking', 'activating', 'phosphorylation', 'sites', 'is', 'sufficient', 'to', 'confer', 'constitutive', 'activity', 'upon', 'lin-45', 'raf', 'and', 'induce', 'multi-vulva', 'phenotypes', 'in', 'c', '.elegans', '.']
37	['O', 'O', 'O', 'O', 'O', 'O', 'O', 'O', 'O', 'O', 'O', 'O', 'O', 'O', 'O', 'O', 'O', 'O', 'O', 'O', 'O', 'O', 'O', 'O', 'B-A1', 'I-A1', 'I-A1', 'O', 'O', 'B-V', 'O', 'B-A0', 'I-A0', 'I-A0', 'I-A0', 'O']	['secondly', ',', 'sbp2', 'binding', 'activity', 'is', 'not', 'affected', 'by', 'mutations', 'in', 'the', 'tetra-adenosine', 'element', 'in', 'the', 'terminal', 'region', 'of', 'the', 'phgpx', '3', 'utr', ',', 'an', 'asparagine', 'residue', 'is', 'completely', '#eliminated', 'by', 'a', '3-bp', 'in-frame', 'deletion', '.']
38	['O', 'B-A1', 'I-A1', 'I-A1', 'O', 'B-V', 'O', 'O', 'O', 'O', 'O', 'O', 'O', 'O', 'O', 'O', 'O', 'O', 'O', 'O', 'O', 'O', 'O']	['that', 'the', 'inhibitory', 'phosphorylation', 'is', '#eliminated', 'is', 'sufficient', 'to', 'confer', 'constitutive', 'activity', 'upon', 'lin-45', 'raf', 'and', 'induce', 'multi-vulva', 'phenotypes', 'in', 'c', '.elegans', '.']
39	['O', 'O', 'O', 'B-A1', 'I-A1', 'I-A1', 'O', 'O', 'O', 'O', 'O', 'O', 'O', 'O', 'O', 'O', 'O', 'O', 'O', 'O', 'O', 'O', 'O', 'O', 'O', 'O', 'B-A0', 'I-A0', 'I-A0', 'I-A0', 'O', 'O', 'B-V', 'O', 'O', 'O', 'O', 'O', 'O', 'O', 'O']	['secondly', ',', 'sbp2', 'an', 'asparagine', 'residue', 'activity', 'is', 'not', 'affected', 'by', 'mutations', 'in', 'the', 'tetra-adenosine', 'element', 'in', 'the', 'terminal', 'region', 'of', 'the', 'phgpx', '3', 'utr', ',', 'a', '3-bp', 'in-frame', 'deletion', 'can', 'completely', '#eliminate', 'binding', '(lesoon', 'et', 'al', '.', ',', '1997)', '.']
40	['O', 'B-V', 'B-A1', 'I-A1', 'I-A1', 'O', 'O', 'O', 'O', 'O', 'O', 'O', 'O', 'O', 'O', 'O', 'O', 'O', 'O', 'O', 'O', 'O']	['to', '#eliminate', 'the', 'inhibitory', 'phosphorylation', 'is', 'sufficient', 'to', 'confer', 'constitutive', 'activity', 'upon', 'lin-45', 'raf', 'and', 'induce', 'multi-vulva', 'phenotypes', 'in', 'c', '.elegans', '.']
41	['B-A0', 'I-A0', 'I-A0', 'I-A0', 'I-A0', 'O', 'O', 'O', 'O', 'O', 'O', 'O', 'O', 'O', 'B-V', 'B-A1', 'O', 'O', 'O', 'O', 'O', 'O', 'O', 'O', 'O', 'I-A0', 'O', 'O', 'O', 'O', 'O', 'O']	['a', 'molar', 'ratio', 'of', '5:1', 'located', 'within', 'o2', 'or', 'between', 'ot', 'and', 'o1', 'has', '#eliminated', 'binding', ',', 'whereas', 'significant', 'repression', 'was', 'maintained', 'in', 'the', 'case', 'of', 'a', '10-bp', 'insertion', 'within', 'o2', '.']
42	['O', 'O', 'O', 'O', 'O', 'O', 'O', 'O', 'O', 'O', 'O', 'O', 'O', 'O', 'O', 'O', 'O', 'O', 'O', 'O', 'O', 'O', 'O', 'O', 'B-A0', 'I-A0', 'I-A0', 'O', 'B-V', 'B-A1', 'I-A1', 'I-A1', 'I-A1', 'I-A1', 'O']	['secondly', ',', 'sbp2', 'binding', 'activity', 'is', 'not', 'affected', 'by', 'mutations', 'in', 'the', 'tetra-adenosine', 'element', 'in', 'the', 'terminal', 'region', 'of', 'the', 'phgpx', '3', 'utr', ',', 'a', '6-bp', 'insertion', 'completely', '#eliminate', 'repression', 'of', 'the', 'glptq', 'promoter', '.']
43	['O', 'O', 'O', 'B-A1', 'O', 'O', 'O', 'O', 'O', 'O', 'O', 'O', 'O', 'O', 'O', 'O', 'O', 'O', 'O', 'O', 'O', 'O', 'O', 'O', 'B-A0', 'I-A0', 'I-A0', 'I-A0', 'I-A0', 'O', 'B-V', 'B-A1', 'O']	['secondly', ',', 'sbp2', 'binding', 'activity', 'is', 'not', 'affected', 'by', 'mutations', 'in', 'the', 'tetra-adenosine', 'element', 'in', 'the', 'terminal', 'region', 'of', 'the', 'phgpx', '3', 'utr', ',', 'a', 'molar', 'ratio', 'of', '5:1', 'completely', '#eliminated', 'binding', '.']
44	['O', 'O', 'O', 'O', 'O', 'O', 'O', 'B-A0', 'I-A0', 'I-A0', 'I-A0', 'B-V', 'B-A1', 'I-A1', 'I-A1', 'O', 'B-A2', 'I-A2', 'I-A2', 'I-A2', 'O', 'O', 'O', 'O', 'O', 'O', 'O', 'O', 'O', 'O', 'O', 'O', 'O', 'O', 'O', 'O', 'O', 'O', 'O', 'O', 'O', 'O', 'O', 'O', 'O', 'O', 'O', 'O', 'O', 'O']	['one', 'of', 'the', 'remaining', 'three', 'families', 'carried', 'a', '3-bp', 'in-frame', 'deletion', '#eliminating', 'an', 'asparagine', 'residue', 'within', 'a', 'kinase', 'domain', 'of', 'the', 'product;', 'the', 'other', 'two', 'carried', 'intronic', 'mutations', 'at', 'or', 'adjacent', 'to', 'the', 'consensus', 'dinucleotide', 'sequences', 'of', 'splice-acceptor', 'or-donor', 'sites', ',', 'which', 'were', 'likely', 'to', 'lead', 'to', 'aberrant', 'splicing', '.']
45	['O', 'O', 'O', 'B-A0', 'I-A0', 'I-A0', 'O', 'B-V', 'B-A1', 'I-A1', 'I-A1', 'I-A1', 'I-A1', 'O']	['this', 'occurs', 'by', 'a', '6-bp', 'insertion', 'for', '#eliminating', 'repression', 'of', 'the', 'glptq', 'promoter', '.']
46	['O', 'O', 'O', 'B-A1', 'I-A1', 'I-A1', 'O', 'O', 'O', 'O', 'O', 'O', 'O', 'O', 'O', 'O', 'O', 'O', 'O', 'O', 'O', 'O', 'O', 'O', 'O', 'O', 'O', 'O', 'O', 'B-V', 'O', 'B-A0', 'I-A0', 'I-A0', 'I-A0', 'O']	['secondly', ',', 'sbp2', 'an', 'asparagine', 'residue', 'activity', 'is', 'not', 'affected', 'by', 'mutations', 'in', 'the', 'tetra-adenosine', 'element', 'in', 'the', 'terminal', 'region', 'of', 'the', 'phgpx', '3', 'utr', ',', 'binding', 'is', 'completely', '#eliminated', 'by', 'a', '3-bp', 'in-frame', 'deletion', '.']
47	['O', 'B-V', 'B-A1', 'I-A1', 'I-A1', 'O', 'O', 'O', 'O', 'O', 'O', 'O', 'O', 'O', 'O', 'O', 'O', 'O', 'O', 'O', 'O', 'O', 'O', 'O', 'O', 'O', 'O', 'O', 'O', 'O', 'O', 'O', 'O', 'O']	['to', '#eliminate', 'the', 'inhibitory', 'phosphorylation', 'that', 'might', 'be', 'associated', 'with', 'stable', 'hoxb4', 'gene', 'transfer', 'into', 'human', 'cells', ',', 'we', 'took', 'advantage', 'of', 'the', 'ability', 'of', 'hox', 'proteins', 'to', 'passively', 'translocate', 'through', 'cell', 'membranes', '.']
48	['O', 'O', 'O', 'O', 'O', 'O', 'O', 'O', 'O', 'O', 'O', 'O', 'O', 'O', 'O', 'O', 'O', 'O', 'O', 'O', 'O', 'O', 'O', 'O', 'O', 'B-A0', 'I-A0', 'I-A0', 'I-A0', 'O', 'B-V', 'B-A1', 'I-A1', 'I-A1', 'O', 'O', 'O', 'O', 'O', 'O', 'O']	['secondly', ',', 'sbp2', 'binding', 'activity', 'is', 'not', 'affected', 'by', 'mutations', 'in', 'the', 'tetra-adenosine', 'element', 'in', 'the', 'terminal', 'region', 'of', 'the', 'phgpx', '3', 'utr', ',', 'yet', 'a', '3-bp', 'in-frame', 'deletion', 'completely', '#eliminate', 'an', 'asparagine', 'residue', '(lesoon', 'et', 'al', '.', ',', '1997)', '.']
49	['O', 'O', 'O', 'O', 'O', 'O', 'B-A0', 'I-A0', 'I-A0', 'I-A0', 'I-A0', 'O', 'O', 'B-V', 'B-A1', 'O']	['as', 'illustrated', 'in', 'figure', '1', ',', 'a', 'molar', 'ratio', 'of', '5:1', 'can', 'not', '#eliminate', 'binding', '.']
50	['B-A1', 'I-A1', 'I-A1', 'O', 'B-V', 'O', 'B-A0', 'I-A0', 'I-A0', 'I-A0', 'O', 'B-A2', 'I-A2', 'I-A2', 'I-A2', 'I-A2', 'I-A2', 'O']	['an', 'asparagine', 'residue', 'was', '#eliminated', 'by', 'a', '3-bp', 'in-frame', 'deletion', 'in', 'a', 'kinase', 'domain', 'of', 'the', 'product', '.']
51	['O', 'O', 'O', 'O', 'O', 'O', 'B-A0', 'I-A0', 'I-A0', 'I-A0', 'O', 'O', 'B-V', 'B-A1', 'I-A1', 'I-A1', 'O']	['as', 'illustrated', 'in', 'figure', '1', ',', 'a', '3-bp', 'in-frame', 'deletion', 'does', 'not', '#eliminate', 'an', 'asparagine', 'residue', '.']
52	['B-A1', 'O', 'O', 'B-V', 'O', 'B-A0', 'I-A0', 'I-A0', 'I-A0', 'I-A0', 'O', 'O', 'O', 'O', 'O']	['binding', 'has', 'been', '#eliminated', 'by', 'a', 'molar', 'ratio', 'of', '5:1', 'at', 'a', '10-fold-higher', 'concentration', '.']
53	['B-A0', 'I-A0', 'I-A0', 'I-A0', 'I-A0', 'O', 'B-V', 'B-A1', 'O', 'O', 'O', 'O', 'O', 'O', 'O', 'O', 'O', 'O', 'O', 'O', 'O', 'O', 'O', 'O', 'O', 'O', 'I-A0', 'O', 'O', 'O', 'O', 'O', 'O']	['a', 'molar', 'ratio', 'of', '5:1', 'which', '#eliminates', 'binding', 'is', 'located', 'within', 'o2', 'or', 'between', 'ot', 'and', 'o1', ',', 'whereas', 'significant', 'repression', 'is', 'maintained', 'in', 'the', 'case', 'of', 'a', '10-bp', 'insertion', 'within', 'o2', '.']
54	['O', 'O', 'O', 'O', 'O', 'B-A0', 'I-A0', 'I-A0', 'B-V', 'B-A1', 'I-A1', 'I-A1', 'I-A1', 'I-A1', 'O']	['in', 'gel', 'shift', 'assay', ',', 'a', '6-bp', 'insertion', '#eliminates', 'repression', 'of', 'the', 'glptq', 'promoter', '.']
55	['B-A0', 'I-A0', 'I-A0', 'O', 'B-V', 'B-A1', 'I-A1', 'I-A1', 'I-A1', 'I-A1', 'O', 'O', 'O', 'O', 'O', 'O', 'O', 'O', 'O', 'O', 'O', 'O', 'O', 'O', 'O', 'O', 'O', 'O', 'O', 'O', 'O', 'O', 'O', 'O', 'O']	['a', '6-bp', 'insertion', 'which', '#eliminated', 'repression', 'of', 'the', 'glptq', 'promoter', 'was', 'located', 'within', 'o2', 'or', 'between', 'ot', 'and', 'o1', ',', 'whereas', 'significant', 'repression', 'was', 'maintained', 'in', 'the', 'case', 'of', 'a', '10-bp', 'insertion', 'within', 'o2', '.']
56	['B-A0', 'I-A0', 'I-A0', 'O', 'O', 'O', 'O', 'O', 'O', 'O', 'O', 'O', 'B-V', 'B-A1', 'I-A1', 'I-A1', 'I-A1', 'I-A1', 'O', 'O', 'O', 'O', 'O', 'O', 'O', 'O', 'O', 'O', 'O', 'O', 'O', 'O', 'O', 'O']	['a', '6-bp', 'insertion', 'located', 'within', 'o2', 'or', 'between', 'ot', 'and', 'o1', 'has', '#eliminated', 'repression', 'of', 'the', 'glptq', 'promoter', ',', 'whereas', 'significant', 'repression', 'was', 'maintained', 'in', 'the', 'case', 'of', 'a', '10-bp', 'insertion', 'within', 'o2', '.']
57	['B-A0', 'I-A0', 'I-A0', 'O', 'O', 'O', 'O', 'B-V', 'B-A1', 'I-A1', 'I-A1', 'I-A1', 'I-A1', 'O']	['a', '6-bp', 'insertion', 'at', 'a', '10-fold-higher', 'concentration', '#eliminated', 'repression', 'of', 'the', 'glptq', 'promoter', '.']
58	['O', 'O', 'O', 'O', 'O', 'O', 'O', 'B-A0', 'I-A0', 'I-A0', 'I-A0', 'O', 'B-V', 'B-A1', 'I-A1', 'I-A1', 'O', 'B-A2', 'I-A2', 'I-A2', 'I-A2', 'O', 'O', 'O', 'O', 'O', 'O', 'O', 'O', 'O', 'O', 'O', 'O', 'O', 'O', 'O', 'O', 'O', 'O', 'O', 'O', 'O', 'O', 'O', 'O', 'O', 'O', 'O', 'O', 'O', 'O']	['one', 'of', 'the', 'remaining', 'three', 'families', 'carried', 'a', '3-bp', 'in-frame', 'deletion', 'which', '#eliminated', 'an', 'asparagine', 'residue', 'within', 'a', 'kinase', 'domain', 'of', 'the', 'product;', 'the', 'other', 'two', 'carried', 'intronic', 'mutations', 'at', 'or', 'adjacent', 'to', 'the', 'consensus', 'dinucleotide', 'sequences', 'of', 'splice-acceptor', 'or-donor', 'sites', ',', 'which', 'were', 'likely', 'to', 'lead', 'to', 'aberrant', 'splicing', '.']
59	['O', 'O', 'O', 'O', 'O', 'B-A0', 'I-A0', 'I-A0', 'O', 'B-V', 'B-A1', 'I-A1', 'I-A1', 'I-A1', 'I-A1', 'O']	['in', 'gel', 'shift', 'assay', ',', 'a', '6-bp', 'insertion', 'will', '#eliminate', 'repression', 'of', 'the', 'glptq', 'promoter', '.']
60	['B-A1', 'I-A1', 'I-A1', 'O', 'B-V', 'O', 'B-A0', 'I-A0', 'I-A0', 'I-A0', 'O']	['an', 'asparagine', 'residue', 'was', '#eliminated', 'by', 'a', '3-bp', 'in-frame', 'deletion', '.']
61	['B-A0', 'I-A0', 'I-A0', 'I-A0', 'O', 'O', 'O', 'O', 'B-V', 'B-A1', 'I-A1', 'I-A1', 'O']	['a', '3-bp', 'in-frame', 'deletion', 'at', 'a', '10-fold-higher', 'concentration', '#eliminated', 'an', 'asparagine', 'residue', '.']
62	['O', 'O', 'O', 'O', 'O', 'O', 'O', 'O', 'O', 'O', 'O', 'B-A1', 'I-A1', 'I-A1', 'O', 'B-V', 'O']	['the', 'same', 'high', 'level', 'of', 'activation', 'of', 'b-raf', 'occurs', 'only', 'when', 'the', 'inhibitory', 'phosphorylation', 'are', '#eliminated', '.']
63	['O', 'O', 'O', 'B-A1', 'O', 'O', 'O', 'O', 'O', 'O', 'O', 'O', 'O', 'O', 'O', 'O', 'O', 'O', 'O', 'O', 'O', 'O', 'O', 'O', 'B-A1', 'O', 'O', 'B-V', 'O', 'B-A0', 'I-A0', 'I-A0', 'I-A0', 'I-A0', 'O']	['secondly', ',', 'sbp2', 'binding', 'activity', 'is', 'not', 'affected', 'by', 'mutations', 'in', 'the', 'tetra-adenosine', 'element', 'in', 'the', 'terminal', 'region', 'of', 'the', 'phgpx', '3', 'utr', ',', 'binding', 'is', 'completely', '#eliminated', 'by', 'a', 'molar', 'ratio', 'of', '5:1', '.']
64	['B-A0', 'I-A0', 'I-A0', 'I-A0', 'B-V', 'B-A1', 'I-A1', 'I-A1', 'O', 'B-A2', 'I-A2', 'I-A2', 'I-A2', 'I-A2', 'I-A2', 'O']	['a', '3-bp', 'in-frame', 'deletion', '#eliminates', 'an', 'asparagine', 'residue', 'in', 'a', 'kinase', 'domain', 'of', 'the', 'product', '.']
65	['B-V', 'B-A1', 'I-A1', 'I-A1', 'O', 'O', 'O', 'O', 'O', 'O', 'O', 'O', 'O', 'O', 'O', 'O', 'O', 'O', 'O', 'O', 'O', 'O', 'O', 'O', 'O', 'O']	['#eliminating', 'any', 'deleterious', 'effects', 'or', 'mimicking', 'activating', 'phosphorylation', 'sites', 'is', 'sufficient', 'to', 'confer', 'constitutive', 'activity', 'upon', 'lin-45', 'raf', 'and', 'induce', 'multi-vulva', 'phenotypes', 'in', 'c', '.elegans', '.']
66	['B-A1', 'O', 'O', 'B-V', 'O', 'B-A0', 'I-A0', 'I-A0', 'I-A0', 'I-A0', 'O', 'O', 'O', 'O', 'O']	['binding', 'will', 'be', '#eliminated', 'by', 'a', 'molar', 'ratio', 'of', '5:1', 'at', 'a', '10-fold-higher', 'concentration', '.']
67	['O', 'B-V', 'B-A1', 'I-A1', 'I-A1', 'O', 'O', 'O', 'O', 'O', 'O', 'O', 'O', 'O', 'O', 'O']	['to', '#eliminate', 'any', 'deleterious', 'effects', 'make', 'the', 'same', 'high', 'level', 'of', 'activation', 'of', 'b-raf', 'occurs', '.']
68	['B-A1', 'O', 'B-V', 'O', 'B-A0', 'I-A0', 'I-A0', 'I-A0', 'I-A0', 'O']	['binding', 'was', '#eliminated', 'by', 'a', 'molar', 'ratio', 'of', '5:1', '.']
69	['O', 'O', 'O', 'O', 'O', 'O', 'O', 'O', 'O', 'O', 'O', 'B-A1', 'I-A1', 'I-A1', 'O', 'B-V', 'O']	['the', 'same', 'high', 'level', 'of', 'activation', 'of', 'b-raf', 'occurs', 'only', 'when', 'any', 'deleterious', 'effects', 'are', '#eliminated', '.']
70	['B-A0', 'I-A0', 'I-A0', 'I-A0', 'O', 'B-V', 'B-A1', 'I-A1', 'I-A1', 'O', 'O', 'O', 'O', 'O', 'O', 'O', 'O', 'O', 'O']	['a', '3-bp', 'in-frame', 'deletion', 'has', '#eliminated', 'an', 'asparagine', 'residue', 'while', 'mutation', 'at', 's494', 'had', 'no', 'effect', '(figure', '2c)', '.']
71	['B-A1', 'I-A1', 'I-A1', 'O', 'B-V', 'O', 'B-A0', 'I-A0', 'I-A0', 'I-A0', 'O', 'O', 'O', 'O', 'O']	['an', 'asparagine', 'residue', 'is', '#eliminated', 'by', 'a', '3-bp', 'in-frame', 'deletion', 'at', 'a', '10-fold-higher', 'concentration', '.']
72	['B-A0', 'I-A0', 'I-A0', 'I-A0', 'O', 'B-V', 'B-A1', 'I-A1', 'I-A1', 'O', 'O', 'O', 'O', 'O', 'O', 'O', 'O', 'O', 'O', 'O', 'O', 'O', 'O', 'O', 'O', 'O', 'O', 'O', 'O', 'O', 'O', 'O', 'O', 'O']	['a', '3-bp', 'in-frame', 'deletion', 'which', '#eliminates', 'an', 'asparagine', 'residue', 'is', 'located', 'within', 'o2', 'or', 'between', 'ot', 'and', 'o1', ',', 'whereas', 'significant', 'repression', 'is', 'maintained', 'in', 'the', 'case', 'of', 'a', '10-bp', 'insertion', 'within', 'o2', '.']
73	['O', 'B-A0', 'I-A0', 'I-A0', 'O', 'B-A1', 'I-A1', 'I-A1', 'I-A1', 'I-A1', 'O', 'O', 'B-V', 'O', 'O', 'O']	['at', 'a', '6-bp', 'insertion', ',', 'repression', 'of', 'the', 'glptq', 'promoter', 'is', 'completely', '#eliminated', '(figure', '7)', '.']
74	['O', 'O', 'O', 'O', 'O', 'O', 'O', 'B-A0', 'I-A0', 'I-A0', 'I-A0', 'O', 'B-V', 'B-A1', 'I-A1', 'I-A1', 'O', 'B-A2', 'I-A2', 'I-A2', 'I-A2', 'O', 'O', 'O', 'O', 'O', 'O', 'O', 'O', 'O', 'O', 'O', 'O', 'O', 'O', 'O', 'O', 'O', 'O', 'O', 'O', 'O', 'O', 'O', 'O', 'O', 'O', 'O', 'O', 'O', 'O']	['one', 'of', 'the', 'remaining', 'three', 'families', 'carried', 'a', '3-bp', 'in-frame', 'deletion', 'that', '#eliminates', 'an', 'asparagine', 'residue', 'within', 'a', 'kinase', 'domain', 'of', 'the', 'product;', 'the', 'other', 'two', 'carried', 'intronic', 'mutations', 'at', 'or', 'adjacent', 'to', 'the', 'consensus', 'dinucleotide', 'sequences', 'of', 'splice-acceptor', 'or-donor', 'sites', ',', 'which', 'were', 'likely', 'to', 'lead', 'to', 'aberrant', 'splicing', '.']
75	['B-A0', 'I-A0', 'I-A0', 'I-A0', 'O', 'O', 'O', 'O', 'O', 'O', 'O', 'O', 'B-V', 'B-A1', 'I-A1', 'I-A1', 'O', 'O', 'O', 'O', 'O', 'O', 'O', 'O', 'O', 'O', 'O', 'O', 'O', 'O', 'O', 'O']	['a', '3-bp', 'in-frame', 'deletion', 'located', 'within', 'o2', 'or', 'between', 'ot', 'and', 'o1', '#eliminated', 'an', 'asparagine', 'residue', ',', 'whereas', 'significant', 'repression', 'was', 'maintained', 'in', 'the', 'case', 'of', 'a', '10-bp', 'insertion', 'within', 'o2', '.']
76	['O', 'O', 'O', 'B-A0', 'I-A0', 'I-A0', 'I-A0', 'I-A0', 'O', 'O', 'O', 'O', 'O', 'O', 'O', 'O', 'O', 'B-V', 'B-A1', 'O', 'O', 'O', 'O', 'O', 'O', 'O', 'O', 'O', 'O']	['they', 'establish', 'that', 'a', 'molar', 'ratio', 'of', '5:1', ',', 'as', 'may', 'occur', 'following', 'caspase', 'activation', ',', 'can', '#eliminate', 'binding', 'required', 'for', 'skeletal', 'muscle', 'regeneration', 'during', 'chronic', 'catabolic', 'conditions', '.']
77	['B-A1', 'I-A1', 'I-A1', 'O', 'B-A2', 'I-A2', 'I-A2', 'I-A2', 'I-A2', 'I-A2', 'O', 'B-V', 'O', 'B-A0', 'I-A0', 'O', 'O', 'I-A2', 'O', 'O', 'O', 'O', 'O', 'O', 'O', 'O', 'O', 'I-A2', 'O', 'O', 'O', 'O', 'O', 'O', 'O', 'O', 'O', 'O', 'O', 'O', 'O', 'O', 'O', 'O', 'O']	['an', 'asparagine', 'residue', 'within', 'a', 'kinase', 'domain', 'of', 'the', 'product', 'was', '#eliminated', 'by', 'a', '3-bp', 'in-frame', 'deletion;', 'the', 'other', 'two', 'carried', 'intronic', 'mutations', 'at', 'or', 'adjacent', 'to', 'the', 'consensus', 'dinucleotide', 'sequences', 'of', 'splice-acceptor', 'or-donor', 'sites', ',', 'which', 'were', 'likely', 'to', 'lead', 'to', 'aberrant', 'splicing', '.']
78	['B-A1', 'I-A1', 'I-A1', 'B-V', 'O', 'O', 'O', 'O', 'O', 'O', 'O', 'O', 'O', 'O', 'O']	['all', 'three', 'sites', '#eliminated', 'make', 'the', 'same', 'high', 'level', 'of', 'activation', 'of', 'b-raf', 'occurs', '.']
79	['O', 'B-V', 'B-A1', 'I-A1', 'O', 'O', 'O', 'O', 'O', 'O', 'O', 'O', 'O', 'O', 'O', 'O', 'O', 'O', 'O', 'O', 'O', 'O', 'O', 'O', 'O', 'O', 'O', 'O', 'O', 'O', 'O', 'O', 'O']	['to', '#eliminate', 'exogenous', 'h(2)o(2)', 'that', 'might', 'be', 'associated', 'with', 'stable', 'hoxb4', 'gene', 'transfer', 'into', 'human', 'cells', ',', 'we', 'took', 'advantage', 'of', 'the', 'ability', 'of', 'hox', 'proteins', 'to', 'passively', 'translocate', 'through', 'cell', 'membranes', '.']
80	['B-A0', 'I-A0', 'I-A0', 'I-A0', 'I-A0', 'B-V', 'B-A1', 'O', 'O', 'O', 'O', 'O', 'O', 'O', 'O', 'O', 'O']	['a', 'molar', 'ratio', 'of', '5:1', '#eliminates', 'binding', 'while', 'mutation', 'at', 's494', 'has', 'no', 'effect', '(figure', '2c)', '.']
81	['O', 'O', 'O', 'B-A0', 'I-A0', 'I-A0', 'I-A0', 'O', 'O', 'O', 'O', 'O', 'O', 'O', 'O', 'O', 'B-V', 'B-A1', 'I-A1', 'I-A1', 'O', 'O', 'O', 'O', 'O', 'O', 'O', 'O', 'O', 'O']	['they', 'establish', 'that', 'a', '3-bp', 'in-frame', 'deletion', ',', 'as', 'may', 'occur', 'following', 'caspase', 'activation', ',', 'can', '#eliminate', 'an', 'asparagine', 'residue', 'required', 'for', 'skeletal', 'muscle', 'regeneration', 'during', 'chronic', 'catabolic', 'conditions', '.']
82	['B-A0', 'I-A0', 'I-A0', 'O', 'O', 'O', 'O', 'O', 'O', 'O', 'O', 'O', 'B-V', 'B-A1', 'I-A1', 'I-A1', 'I-A1', 'I-A1', 'O', 'O', 'O', 'O', 'O', 'O', 'O', 'O', 'O', 'O', 'O', 'O', 'O', 'O', 'O', 'O', 'O']	['a', '6-bp', 'insertion', 'located', 'within', 'o2', 'or', 'between', 'ot', 'and', 'o1', 'will', '#eliminate', 'repression', 'of', 'the', 'glptq', 'promoter', ',', 'whereas', 'significant', 'repression', 'will', 'be', 'maintained', 'in', 'the', 'case', 'of', 'a', '10-bp', 'insertion', 'within', 'o2', '.']
83	['B-A0', 'I-A0', 'I-A0', 'O', 'B-V', 'B-A1', 'I-A1', 'I-A1', 'I-A1', 'I-A1', 'O', 'O', 'O', 'O', 'O', 'O', 'O', 'O', 'O', 'O']	['a', '6-bp', 'insertion', 'has', '#eliminated', 'repression', 'of', 'the', 'glptq', 'promoter', 'while', 'mutation', 'at', 's494', 'had', 'no', 'effect', '(figure', '2c)', '.']
84	['B-A0', 'I-A0', 'I-A0', 'I-A0', 'I-A0', 'O', 'B-V', 'B-A1', 'O', 'O', 'O', 'O', 'O', 'O', 'O', 'O', 'O', 'O']	['a', 'molar', 'ratio', 'of', '5:1', 'can', '#eliminate', 'binding', 'while', 'mutation', 'at', 's494', 'has', 'no', 'effect', '(figure', '2c)', '.']
85	['B-A0', 'I-A0', 'I-A0', 'I-A0', 'I-A0', 'O', 'B-V', 'B-A1', 'O', 'O', 'O', 'O', 'O', 'O', 'O', 'O', 'O', 'O']	['a', 'molar', 'ratio', 'of', '5:1', 'has', '#eliminated', 'binding', 'while', 'mutation', 'at', 's494', 'had', 'no', 'effect', '(figure', '2c)', '.']
86	['B-A1', 'I-A1', 'I-A1', 'I-A1', 'I-A1', 'O', 'B-V', 'O', 'B-A0', 'I-A0', 'I-A0', 'O', 'O', 'O', 'O', 'O']	['repression', 'of', 'the', 'glptq', 'promoter', 'was', '#eliminated', 'by', 'a', '6-bp', 'insertion', 'at', 'a', '10-fold-higher', 'concentration', '.']
87	['B-A0', 'I-A0', 'I-A0', 'I-A0', 'B-V', 'B-A1', 'I-A1', 'I-A1', 'O', 'B-A2', 'I-A2', 'I-A2', 'I-A2', 'I-A2', 'I-A2', 'O']	['a', '3-bp', 'in-frame', 'deletion', '#eliminated', 'an', 'asparagine', 'residue', 'in', 'a', 'kinase', 'domain', 'of', 'the', 'product', '.']
88	['O', 'O', 'O', 'O', 'O', 'O', 'O', 'O', 'O', 'O', 'O', 'O', 'O', 'O', 'O', 'O', 'O', 'O', 'O', 'O', 'O', 'O', 'O', 'O', 'B-A0', 'I-A0', 'I-A0', 'I-A0', 'O', 'O', 'B-V', 'B-A1', 'I-A1', 'I-A1', 'O', 'O', 'O', 'O', 'O', 'O', 'O']	['secondly', ',', 'sbp2', 'binding', 'activity', 'is', 'not', 'affected', 'by', 'mutations', 'in', 'the', 'tetra-adenosine', 'element', 'in', 'the', 'terminal', 'region', 'of', 'the', 'phgpx', '3', 'utr', ',', 'a', '3-bp', 'in-frame', 'deletion', 'can', 'completely', '#eliminate', 'an', 'asparagine', 'residue', '(lesoon', 'et', 'al', '.', ',', '1997)', '.']
89	['O', 'O', 'O', 'O', 'O', 'O', 'B-A1', 'I-A1', 'I-A1', 'O', 'O', 'B-V', 'O', 'B-A0', 'I-A0', 'I-A0', 'I-A0', 'O']	['as', 'illustrated', 'in', 'figure', '1', ',', 'an', 'asparagine', 'residue', 'is', 'not', '#eliminated', 'by', 'a', '3-bp', 'in-frame', 'deletion', '.']
90	['O', 'O', 'O', 'B-A0', 'I-A0', 'I-A0', 'I-A0', 'O', 'B-V', 'B-A1', 'I-A1', 'I-A1', 'O']	['this', 'occurs', 'by', 'a', '3-bp', 'in-frame', 'deletion', 'to', '#eliminate', 'an', 'asparagine', 'residue', '.']
91	['O', 'O', 'O', 'B-A1', 'I-A1', 'I-A1', 'O', 'O', 'O', 'O', 'O', 'O', 'O', 'O', 'O', 'O', 'O', 'O', 'O', 'O', 'O', 'O', 'O', 'O', 'O', 'O', 'O', 'B-A0', 'I-A0', 'O', 'B-V', 'O', 'O', 'O', 'O', 'O', 'O', 'O', 'O']	['secondly', ',', 'sbp2', 'the', 'bamhi', 'site', 'activity', 'is', 'not', 'affected', 'by', 'mutations', 'in', 'the', 'tetra-adenosine', 'element', 'in', 'the', 'terminal', 'region', 'of', 'the', 'phgpx', '3', 'utr', ',', 'yet', 'one', 'mutation', 'completely', '#eliminate', 'binding', '(lesoon', 'et', 'al', '.', ',', '1997)', '.']
92	['B-A1', 'I-A1', 'I-A1', 'O', 'B-V', 'O', 'B-A2', 'I-A2', 'O', 'B-A0', 'I-A0', 'O']	['the', 'bamhi', 'site', 'was', '#eliminated', 'in', 'exon', '7', 'by', 'one', 'mutation', '.']
93	['O', 'O', 'O', 'O', 'O', 'O', 'O', 'O', 'O', 'O', 'O', 'O', 'O', 'O', 'O', 'O', 'O', 'O', 'O', 'O', 'O', 'O', 'O', 'O', 'B-A0', 'I-A0', 'I-A0', 'O', 'B-V', 'B-A1', 'I-A1', 'O']	['secondly', ',', 'sbp2', 'binding', 'activity', 'is', 'not', 'affected', 'by', 'mutations', 'in', 'the', 'tetra-adenosine', 'element', 'in', 'the', 'terminal', 'region', 'of', 'the', 'phgpx', '3', 'utr', ',', 'these', 'same', 'mutations', 'completely', '#eliminate', 'sec', 'incorporation', '.']
94	['O', 'O', 'O', 'B-A0', 'I-A0', 'O', 'B-V', 'B-A0', 'O', 'I-A1', 'O']	['this', 'occurs', 'by', 'the', 'other', 'to', '#eliminate', 'the', 'hindiii', 'site', '.']
95	['O', 'O', 'O', 'O', 'O', 'O', 'B-A1', 'I-A1', 'O', 'O', 'B-V', 'O', 'B-A0', 'I-A0', 'I-A0', 'O']	['as', 'illustrated', 'in', 'figure', '1', ',', 'sec', 'incorporation', 'is', 'not', '#eliminated', 'by', 'these', 'same', 'mutations', '.']
96	['O', 'O', 'O', 'O', 'O', 'O', 'O', 'O', 'O', 'O', 'O', 'O', 'O', 'O', 'O', 'O', 'O', 'O', 'O', 'O', 'O', 'O', 'O', 'O', 'B-A1', 'I-A1', 'I-A1', 'I-A1', 'I-A1', 'O', 'O', 'B-V', 'O', 'B-A0', 'I-A0', 'I-A0', 'I-A0', 'I-A0', 'I-A0', 'O']	['secondly', ',', 'sbp2', 'binding', 'activity', 'is', 'not', 'affected', 'by', 'mutations', 'in', 'the', 'tetra-adenosine', 'element', 'in', 'the', 'terminal', 'region', 'of', 'the', 'phgpx', '3', 'utr', ',', 'the', 'stabilization', 'seen', 'with', 'mg132', 'is', 'completely', '#eliminated', 'by', 'staurosporin', '(or', 'genestein;', 'data', 'not', 'shown)', '.']
97	['B-A0', 'I-A0', 'I-A0', 'I-A0', 'I-A0', 'I-A0', 'O', 'O', 'O', 'O', 'O', 'O', 'O', 'O', 'B-V', 'B-A1', 'I-A1', 'I-A1', 'I-A1', 'I-A1', 'O', 'O', 'O', 'O', 'O', 'O', 'O', 'O', 'O', 'O', 'O', 'O', 'O', 'O', 'O', 'O']	['staurosporin', '(or', 'genestein;', 'data', 'not', 'shown)', 'located', 'within', 'o2', 'or', 'between', 'ot', 'and', 'o1', '#eliminates', 'the', 'stabilization', 'seen', 'with', 'mg132', ',', 'whereas', 'significant', 'repression', 'was', 'maintained', 'in', 'the', 'case', 'of', 'a', '10-bp', 'insertion', 'within', 'o2', '.']
98	['B-A0', 'I-A0', 'I-A0', 'I-A0', 'I-A0', 'I-A0', 'O', 'O', 'O', 'O', 'O', 'O', 'O', 'O', 'O', 'B-V', 'B-A1', 'I-A1', 'I-A1', 'I-A1', 'I-A1', 'O', 'O', 'O', 'O', 'O', 'O', 'O', 'O', 'O', 'O', 'O', 'O', 'O', 'O', 'O', 'O', 'O']	['staurosporin', '(or', 'genestein;', 'data', 'not', 'shown)', 'located', 'within', 'o2', 'or', 'between', 'ot', 'and', 'o1', 'will', '#eliminate', 'the', 'stabilization', 'seen', 'with', 'mg132', ',', 'whereas', 'significant', 'repression', 'will', 'be', 'maintained', 'in', 'the', 'case', 'of', 'a', '10-bp', 'insertion', 'within', 'o2', '.']
99	['O', 'O', 'O', 'O', 'O', 'O', 'O', 'O', 'O', 'O', 'O', 'O', 'O', 'O', 'O', 'O', 'O', 'O', 'O', 'O', 'O', 'O', 'O', 'O', 'B-A0', 'I-A0', 'I-A0', 'O', 'B-V', 'B-A1', 'I-A1', 'O']	['secondly', ',', 'sbp2', 'binding', 'activity', 'is', 'not', 'affected', 'by', 'mutations', 'in', 'the', 'tetra-adenosine', 'element', 'in', 'the', 'terminal', 'region', 'of', 'the', 'phgpx', '3', 'utr', ',', 'these', 'same', 'mutations', 'completely', '#eliminated', 'sec', 'incorporation', '.']
100	['O', 'B-A0', 'I-A0', 'I-A0', 'O', 'B-A1', 'I-A1', 'O', 'O', 'O', 'B-V', 'O', 'O', 'O']	['at', 'these', 'same', 'mutations', ',', 'sec', 'incorporation', 'will', 'be', 'completely', '#eliminated', '(figure', '7)', '.']
101	['O', 'B-A0', 'I-A0', 'O', 'B-A0', 'O', 'I-A1', 'O', 'O', 'B-V', 'O', 'O', 'O']	['at', 'the', 'other', ',', 'the', 'hindiii', 'site', 'is', 'completely', '#eliminated', '(figure', '7)', '.']
102	['B-A1', 'I-A1', 'I-A1', 'O', 'B-V', 'O', 'B-A0', 'I-A0', 'O']	['the', 'bamhi', 'site', 'is', '#eliminated', 'by', 'one', 'mutation', '.']
103	['B-A0', 'I-A0', 'B-V', 'B-A1', 'I-A1', 'I-A1', 'O', 'B-A2', 'I-A2', 'O']	['one', 'mutation', '#eliminated', 'the', 'bamhi', 'site', 'in', 'exon', '7', '.']
104	['B-A0', 'I-A0', 'B-V', 'B-A0', 'O', 'I-A1', 'O', 'O', 'O', 'O', 'O', 'O', 'O', 'O', 'O', 'O']	['the', 'other', '#eliminates', 'the', 'hindiii', 'site', 'while', 'mutation', 'at', 's494', 'has', 'no', 'effect', '(figure', '2c)', '.']
105	['O', 'O', 'O', 'O', 'O', 'O', 'B-A1', 'I-A1', 'I-A1', 'O', 'O', 'B-V', 'O', 'B-A0', 'I-A0', 'O']	['as', 'illustrated', 'in', 'figure', '1', ',', 'the', 'hindiii', 'site', 'was', 'not', '#eliminated', 'by', 'the', 'other', '.']
106	['B-A0', 'I-A0', 'O', 'B-V', 'B-A0', 'O', 'I-A1', 'O', 'O', 'O', 'O', 'O', 'O', 'O', 'O', 'O', 'O']	['the', 'other', 'has', '#eliminated', 'the', 'hindiii', 'site', 'while', 'mutation', 'at', 's494', 'had', 'no', 'effect', '(figure', '2c)', '.']
107	['B-A0', 'I-A0', 'I-A0', 'I-A0', 'I-A0', 'I-A0', 'O', 'O', 'O', 'O', 'O', 'O', 'O', 'O', 'B-V', 'B-A1', 'I-A1', 'I-A1', 'I-A1', 'I-A1', 'O', 'O', 'O', 'O', 'O', 'O', 'O', 'O', 'O', 'O', 'O', 'O', 'O', 'O', 'O', 'O']	['staurosporin', '(or', 'genestein;', 'data', 'not', 'shown)', 'located', 'within', 'o2', 'or', 'between', 'ot', 'and', 'o1', '#eliminated', 'the', 'stabilization', 'seen', 'with', 'mg132', ',', 'whereas', 'significant', 'repression', 'was', 'maintained', 'in', 'the', 'case', 'of', 'a', '10-bp', 'insertion', 'within', 'o2', '.']
108	['O', 'O', 'O', 'O', 'O', 'O', 'B-A1', 'I-A1', 'I-A1', 'O', 'O', 'B-V', 'O', 'B-A0', 'I-A0', 'O']	['as', 'illustrated', 'in', 'figure', '1', ',', 'the', 'bamhi', 'site', 'is', 'not', '#eliminated', 'by', 'one', 'mutation', '.']
109	['B-A1', 'I-A1', 'O', 'B-V', 'O', 'B-A0', 'I-A0', 'I-A0', 'O', 'O', 'O', 'O', 'O']	['sec', 'incorporation', 'was', '#eliminated', 'by', 'these', 'same', 'mutations', 'at', 'a', '10-fold-higher', 'concentration', '.']
110	['B-A0', 'I-A0', 'O', 'O', 'O', 'O', 'O', 'O', 'O', 'O', 'O', 'B-V', 'B-A0', 'O', 'I-A1', 'O', 'O', 'O', 'O', 'O', 'O', 'O', 'B-A0', 'O', 'O', 'O', 'O', 'O', 'O', 'O', 'O']	['the', 'other', 'located', 'within', 'o2', 'or', 'between', 'ot', 'and', 'o1', 'has', '#eliminated', 'the', 'hindiii', 'site', ',', 'whereas', 'significant', 'repression', 'was', 'maintained', 'in', 'the', 'case', 'of', 'a', '10-bp', 'insertion', 'within', 'o2', '.']
111	['O', 'O', 'O', 'O', 'O', 'O', 'O', 'O', 'O', 'O', 'O', 'O', 'O', 'O', 'O', 'O', 'O', 'O', 'O', 'O', 'O', 'O', 'O', 'O', 'B-A0', 'I-A0', 'O', 'B-V', 'B-A0', 'O', 'I-A1', 'O']	['secondly', ',', 'sbp2', 'binding', 'activity', 'is', 'not', 'affected', 'by', 'mutations', 'in', 'the', 'tetra-adenosine', 'element', 'in', 'the', 'terminal', 'region', 'of', 'the', 'phgpx', '3', 'utr', ',', 'the', 'other', 'completely', '#eliminated', 'the', 'hindiii', 'site', '.']
112	['B-A0', 'I-A0', 'O', 'O', 'O', 'O', 'B-V', 'B-A1', 'I-A1', 'I-A1', 'O']	['one', 'mutation', 'at', 'a', '10-fold-higher', 'concentration', '#eliminated', 'the', 'bamhi', 'site', '.']
113	['B-A0', 'I-A0', 'O', 'B-V', 'B-A0', 'O', 'I-A1', 'O', 'B-A2', 'I-A2', 'I-A2', 'B-A0', 'O', 'O', 'I-A2', 'O']	['the', 'other', 'can', '#eliminate', 'the', 'hindiii', 'site', 'in', 'exon', '11', 'of', 'the', 'phenylalanine', 'hydroxylase', 'gene', '.']
114	['O', 'O', 'O', 'O', 'O', 'B-A0', 'I-A0', 'I-A0', 'I-A0', 'I-A0', 'I-A0', 'B-V', 'B-A1', 'I-A1', 'I-A1', 'I-A1', 'I-A1', 'O']	['in', 'gel', 'shift', 'assay', ',', 'staurosporin', '(or', 'genestein;', 'data', 'not', 'shown)', '#eliminated', 'the', 'stabilization', 'seen', 'with', 'mg132', '.']
115	['O', 'O', 'O', 'O', 'O', 'O', 'O', 'O', 'O', 'O', 'O', 'O', 'O', 'O', 'O', 'O', 'O', 'O', 'O', 'O', 'O', 'O', 'O', 'O', 'O', 'B-A0', 'I-A0', 'O', 'B-V', 'B-A1', 'I-A1', 'I-A1', 'O', 'O', 'O', 'O', 'O', 'O', 'O']	['secondly', ',', 'sbp2', 'binding', 'activity', 'is', 'not', 'affected', 'by', 'mutations', 'in', 'the', 'tetra-adenosine', 'element', 'in', 'the', 'terminal', 'region', 'of', 'the', 'phgpx', '3', 'utr', ',', 'yet', 'one', 'mutation', 'completely', '#eliminate', 'the', 'bamhi', 'site', '(lesoon', 'et', 'al', '.', ',', '1997)', '.']
116	['O', 'O', 'O', 'O', 'O', 'B-A0', 'I-A0', 'O', 'B-V', 'B-A1', 'I-A1', 'I-A1', 'O']	['in', 'gel', 'shift', 'assay', ',', 'one', 'mutation', 'has', '#eliminated', 'the', 'bamhi', 'site', '.']
117	['O', 'O', 'O', 'O', 'O', 'B-A0', 'I-A0', 'I-A0', 'O', 'B-V', 'B-A1', 'I-A1', 'O']	['in', 'gel', 'shift', 'assay', ',', 'these', 'same', 'mutations', 'will', '#eliminate', 'sec', 'incorporation', '.']
118	['O', 'B-A0', 'I-A0', 'O', 'B-A0', 'O', 'I-A1', 'O', 'O', 'O', 'O', 'O', 'B-V', 'O', 'O', 'O']	['at', 'the', 'other', ',', 'the', 'hindiii', 'site', 'is', 'observed', 'to', 'be', 'completely', '#eliminated', '(figure', '7)', '.']
119	['B-A0', 'I-A0', 'O', 'O', 'O', 'O', 'B-V', 'B-A0', 'O', 'I-A1', 'O']	['the', 'other', 'at', 'a', '10-fold-higher', 'concentration', '#eliminate', 'the', 'hindiii', 'site', '.']
120	['B-A1', 'I-A1', 'I-A1', 'O', 'B-V', 'O', 'B-A0', 'I-A0', 'O', 'O', 'O', 'O', 'O']	['the', 'hindiii', 'site', 'is', '#eliminated', 'by', 'the', 'other', 'at', 'a', '10-fold-higher', 'concentration', '.']
121	['B-A0', 'I-A0', 'O', 'B-V', 'B-A0', 'O', 'I-A1', 'O', 'O', 'O', 'O', 'O', 'O', 'O', 'O', 'O', 'O', 'O', 'O', 'O', 'O', 'O', 'O', 'B-A0', 'O', 'O', 'O', 'O', 'O', 'O', 'O', 'O']	['the', 'other', 'which', '#eliminated', 'the', 'hindiii', 'site', 'was', 'located', 'within', 'o2', 'or', 'between', 'ot', 'and', 'o1', ',', 'whereas', 'significant', 'repression', 'was', 'maintained', 'in', 'the', 'case', 'of', 'a', '10-bp', 'insertion', 'within', 'o2', '.']
122	['B-A1', 'I-A1', 'I-A1', 'O', 'O', 'B-V', 'O', 'B-A0', 'I-A0', 'O', 'O', 'O', 'O', 'O']	['the', 'hindiii', 'site', 'has', 'been', '#eliminated', 'by', 'the', 'other', 'at', 'a', '10-fold-higher', 'concentration', '.']
123	['B-A0', 'I-A0', 'O', 'O', 'O', 'O', 'O', 'O', 'O', 'O', 'O', 'B-V', 'B-A0', 'O', 'I-A1', 'O', 'O', 'O', 'O', 'O', 'O', 'O', 'O', 'B-A0', 'O', 'O', 'O', 'O', 'O', 'O', 'O', 'O']	['the', 'other', 'located', 'within', 'o2', 'or', 'between', 'ot', 'and', 'o1', 'will', '#eliminate', 'the', 'hindiii', 'site', ',', 'whereas', 'significant', 'repression', 'will', 'be', 'maintained', 'in', 'the', 'case', 'of', 'a', '10-bp', 'insertion', 'within', 'o2', '.']
124	['B-A0', 'I-A0', 'B-V', 'B-A0', 'O', 'I-A1', 'O', 'B-A2', 'I-A2', 'I-A2', 'B-A0', 'O', 'O', 'I-A2', 'O']	['the', 'other', '#eliminates', 'the', 'hindiii', 'site', 'in', 'exon', '11', 'of', 'the', 'phenylalanine', 'hydroxylase', 'gene', '.']
125	['O', 'O', 'O', 'O', 'O', 'O', 'B-A1', 'I-A1', 'I-A1', 'O', 'O', 'O', 'B-V', 'O', 'B-A0', 'I-A0', 'O']	['as', 'illustrated', 'in', 'figure', '1', ',', 'the', 'bamhi', 'site', 'will', 'not', 'be', '#eliminated', 'by', 'one', 'mutation', '.']
126	['B-A0', 'I-A0', 'I-A0', 'O', 'O', 'O', 'O', 'O', 'O', 'O', 'O', 'B-V', 'B-A1', 'I-A1', 'O', 'O', 'O', 'O', 'O', 'O', 'O', 'O', 'O', 'O', 'O', 'O', 'O', 'O', 'O', 'O']	['these', 'same', 'mutations', 'located', 'within', 'o2', 'or', 'between', 'ot', 'and', 'o1', '#eliminates', 'sec', 'incorporation', ',', 'whereas', 'significant', 'repression', 'was', 'maintained', 'in', 'the', 'case', 'of', 'a', '10-bp', 'insertion', 'within', 'o2', '.']
127	['B-A1', 'I-A1', 'I-A1', 'O', 'O', 'B-V', 'O', 'B-A0', 'I-A0', 'O', 'O', 'O', 'O', 'O']	['the', 'hindiii', 'site', 'will', 'be', '#eliminated', 'by', 'the', 'other', 'at', 'a', '10-fold-higher', 'concentration', '.']
128	['B-A0', 'I-A0', 'O', 'B-V', 'B-A1', 'I-A1', 'I-A1', 'O', 'O', 'O', 'O', 'O', 'O', 'O', 'O', 'O', 'O']	['one', 'mutation', 'has', '#eliminated', 'the', 'bamhi', 'site', 'while', 'mutation', 'at', 's494', 'had', 'no', 'effect', '(figure', '2c)', '.']
129	['O', 'O', 'O', 'O', 'O', 'O', 'O', 'O', 'O', 'O', 'O', 'O', 'O', 'O', 'O', 'O', 'O', 'O', 'O', 'O', 'O', 'O', 'O', 'O', 'B-A1', 'I-A1', 'O', 'O', 'B-V', 'O', 'B-A0', 'I-A0', 'I-A0', 'O']	['secondly', ',', 'sbp2', 'binding', 'activity', 'is', 'not', 'affected', 'by', 'mutations', 'in', 'the', 'tetra-adenosine', 'element', 'in', 'the', 'terminal', 'region', 'of', 'the', 'phgpx', '3', 'utr', ',', 'sec', 'incorporation', 'was', 'completely', '#eliminated', 'by', 'these', 'same', 'mutations', '.']
130	['O', 'O', 'O', 'O', 'O', 'B-A0', 'I-A0', 'I-A0', 'I-A0', 'I-A0', 'I-A0', 'O', 'B-V', 'B-A1', 'I-A1', 'I-A1', 'I-A1', 'I-A1', 'O']	['in', 'gel', 'shift', 'assay', ',', 'staurosporin', '(or', 'genestein;', 'data', 'not', 'shown)', 'has', '#eliminated', 'the', 'stabilization', 'seen', 'with', 'mg132', '.']
131	['O', 'O', 'O', 'O', 'O', 'O', 'B-A0', 'I-A0', 'I-A0', 'O', 'O', 'B-V', 'B-A1', 'I-A1', 'O']	['as', 'illustrated', 'in', 'figure', '1', ',', 'these', 'same', 'mutations', 'can', 'not', '#eliminate', 'sec', 'incorporation', '.']
132	['O', 'O', 'O', 'O', 'O', 'O', 'B-A0', 'I-A0', 'O', 'O', 'B-V', 'B-A0', 'O', 'I-A1', 'O']	['as', 'illustrated', 'in', 'figure', '1', ',', 'the', 'other', 'can', 'not', '#eliminate', 'the', 'hindiii', 'site', '.']
133	['O', 'O', 'O', 'O', 'O', 'O', 'O', 'O', 'O', 'O', 'O', 'O', 'O', 'O', 'O', 'O', 'O', 'O', 'O', 'O', 'O', 'O', 'O', 'O', 'B-A0', 'I-A0', 'O', 'O', 'B-V', 'B-A0', 'O', 'I-A1', 'O', 'O', 'O', 'O', 'O', 'O', 'O']	['secondly', ',', 'sbp2', 'binding', 'activity', 'is', 'not', 'affected', 'by', 'mutations', 'in', 'the', 'tetra-adenosine', 'element', 'in', 'the', 'terminal', 'region', 'of', 'the', 'phgpx', '3', 'utr', ',', 'the', 'other', 'can', 'completely', '#eliminate', 'the', 'hindiii', 'site', '(lesoon', 'et', 'al', '.', ',', '1997)', '.']
134	['B-A1', 'I-A1', 'I-A1', 'O', 'O', 'B-V', 'O', 'B-A0', 'I-A0', 'O', 'O', 'O', 'O', 'O']	['the', 'bamhi', 'site', 'has', 'been', '#eliminated', 'by', 'one', 'mutation', 'at', 'a', '10-fold-higher', 'concentration', '.']
135	['O', 'O', 'O', 'O', 'O', 'B-A0', 'I-A0', 'O', 'B-V', 'B-A1', 'I-A1', 'I-A1', 'O']	['in', 'gel', 'shift', 'assay', ',', 'one', 'mutation', 'will', '#eliminate', 'the', 'bamhi', 'site', '.']
136	['O', 'O', 'O', 'B-A0', 'I-A0', 'I-A0', 'I-A0', 'I-A0', 'I-A0', 'O', 'B-V', 'B-A1', 'I-A1', 'I-A1', 'I-A1', 'I-A1', 'O']	['this', 'occurs', 'by', 'staurosporin', '(or', 'genestein;', 'data', 'not', 'shown)', 'for', '#eliminating', 'the', 'stabilization', 'seen', 'with', 'mg132', '.']
137	['B-A1', 'I-A1', 'O', 'O', 'B-V', 'O', 'B-A0', 'I-A0', 'I-A0', 'O', 'O', 'O', 'O', 'O']	['sec', 'incorporation', 'has', 'been', '#eliminated', 'by', 'these', 'same', 'mutations', 'at', 'a', '10-fold-higher', 'concentration', '.']
138	['O', 'O', 'O', 'O', 'O', 'O', 'B-A0', 'I-A0', 'O', 'O', 'B-V', 'B-A1', 'I-A1', 'I-A1', 'O']	['as', 'illustrated', 'in', 'figure', '1', ',', 'one', 'mutation', 'does', 'not', '#eliminate', 'the', 'bamhi', 'site', '.']
139	['O', 'B-A0', 'I-A0', 'O', 'B-A0', 'O', 'I-A1', 'O', 'O', 'O', 'B-V', 'O', 'O', 'O']	['at', 'the', 'other', ',', 'the', 'hindiii', 'site', 'will', 'be', 'completely', '#eliminated', '(figure', '7)', '.']
140	['B-A1', 'I-A1', 'I-A1', 'O', 'B-V', 'O', 'B-A0', 'I-A0', 'O', 'O', 'O', 'O', 'O']	['the', 'hindiii', 'site', 'was', '#eliminated', 'by', 'the', 'other', 'at', 'a', '10-fold-higher', 'concentration', '.']
141	['O', 'O', 'O', 'O', 'O', 'O', 'B-A0', 'I-A0', 'I-A0', 'I-A0', 'I-A0', 'I-A0', 'O', 'I-A0', 'B-V', 'B-A1', 'I-A1', 'I-A1', 'I-A1', 'I-A1', 'O']	['as', 'illustrated', 'in', 'figure', '1', ',', 'staurosporin', '(or', 'genestein;', 'data', 'not', 'shown)', 'does', 'not', '#eliminate', 'the', 'stabilization', 'seen', 'with', 'mg132', '.']
142	['B-A0', 'I-A0', 'I-A0', 'I-A0', 'I-A0', 'I-A0', 'B-V', 'B-A1', 'I-A1', 'I-A1', 'I-A1', 'I-A1', 'O', 'O', 'O', 'O', 'O', 'O', 'O', 'O', 'O', 'O']	['staurosporin', '(or', 'genestein;', 'data', 'not', 'shown)', '#eliminates', 'the', 'stabilization', 'seen', 'with', 'mg132', 'while', 'mutation', 'at', 's494', 'has', 'no', 'effect', '(figure', '2c)', '.']
143	['B-A0', 'I-A0', 'I-A0', 'I-A0', 'I-A0', 'I-A0', 'O', 'B-V', 'B-A1', 'I-A1', 'I-A1', 'I-A1', 'I-A1', 'O', 'O', 'O', 'O', 'O', 'O', 'O', 'O', 'O', 'O']	['staurosporin', '(or', 'genestein;', 'data', 'not', 'shown)', 'has', '#eliminated', 'the', 'stabilization', 'seen', 'with', 'mg132', 'while', 'mutation', 'at', 's494', 'had', 'no', 'effect', '(figure', '2c)', '.']
144	['O', 'O', 'O', 'O', 'O', 'B-A0', 'I-A0', 'I-A0', 'B-V', 'B-A1', 'I-A1', 'O']	['in', 'gel', 'shift', 'assay', ',', 'these', 'same', 'mutations', '#eliminates', 'sec', 'incorporation', '.']
145	['B-A0', 'I-A0', 'I-A0', 'O', 'B-V', 'B-A1', 'I-A1', 'O', 'O', 'O', 'O', 'O', 'O', 'O', 'O', 'O', 'O', 'O', 'O', 'O', 'O', 'O', 'O', 'O', 'O', 'O', 'O', 'O', 'O', 'O', 'O', 'O']	['these', 'same', 'mutations', 'which', '#eliminates', 'sec', 'incorporation', 'is', 'located', 'within', 'o2', 'or', 'between', 'ot', 'and', 'o1', ',', 'whereas', 'significant', 'repression', 'is', 'maintained', 'in', 'the', 'case', 'of', 'a', '10-bp', 'insertion', 'within', 'o2', '.']
146	['O', 'O', 'O', 'O', 'O', 'B-A0', 'I-A0', 'I-A0', 'O', 'B-V', 'B-A1', 'I-A1', 'O']	['in', 'gel', 'shift', 'assay', ',', 'these', 'same', 'mutations', 'has', '#eliminated', 'sec', 'incorporation', '.']
147	['B-A0', 'I-A0', 'I-A0', 'O', 'O', 'O', 'O', 'O', 'O', 'O', 'O', 'O', 'B-V', 'B-A1', 'I-A1', 'O', 'O', 'O', 'O', 'O', 'O', 'O', 'O', 'O', 'O', 'O', 'O', 'O', 'O', 'O', 'O', 'O']	['these', 'same', 'mutations', 'located', 'within', 'o2', 'or', 'between', 'ot', 'and', 'o1', 'will', '#eliminate', 'sec', 'incorporation', ',', 'whereas', 'significant', 'repression', 'will', 'be', 'maintained', 'in', 'the', 'case', 'of', 'a', '10-bp', 'insertion', 'within', 'o2', '.']
148	['O', 'O', 'O', 'B-A0', 'I-A0', 'I-A0', 'I-A0', 'I-A0', 'I-A0', 'O', 'B-V', 'B-A1', 'I-A1', 'I-A1', 'I-A1', 'I-A1', 'O']	['this', 'occurs', 'by', 'staurosporin', '(or', 'genestein;', 'data', 'not', 'shown)', 'to', '#eliminate', 'the', 'stabilization', 'seen', 'with', 'mg132', '.']
149	['B-A0', 'I-A0', 'O', 'B-V', 'B-A0', 'O', 'I-A1', 'O', 'O', 'O', 'O', 'O', 'O', 'O', 'O', 'O', 'O']	['the', 'other', 'can', '#eliminate', 'the', 'hindiii', 'site', 'while', 'mutation', 'at', 's494', 'has', 'no', 'effect', '(figure', '2c)', '.']
150	['B-A0', 'I-A0', 'O', 'B-V', 'B-A0', 'O', 'I-A1', 'O', 'B-A2', 'I-A2', 'I-A2', 'B-A0', 'O', 'O', 'I-A2', 'O']	['the', 'other', 'has', '#eliminated', 'the', 'hindiii', 'site', 'in', 'exon', '11', 'of', 'the', 'phenylalanine', 'hydroxylase', 'gene', '.']
151	['B-A0', 'I-A0', 'I-A0', 'O', 'O', 'O', 'O', 'B-V', 'B-A1', 'I-A1', 'O']	['these', 'same', 'mutations', 'at', 'a', '10-fold-higher', 'concentration', '#eliminated', 'sec', 'incorporation', '.']
152	['B-A0', 'I-A0', 'O', 'B-V', 'B-A1', 'I-A1', 'I-A1', 'O', 'B-A2', 'I-A2', 'O']	['one', 'mutation', 'would', '#eliminate', 'the', 'bamhi', 'site', 'in', 'exon', '7', '.']
153	['O', 'O', 'O', 'B-A0', 'I-A0', 'O', 'B-V', 'B-A1', 'I-A1', 'I-A1', 'O']	['this', 'occurs', 'by', 'one', 'mutation', 'to', '#eliminate', 'the', 'bamhi', 'site', '.']
154	['O', 'O', 'O', 'O', 'O', 'O', 'O', 'O', 'O', 'O', 'O', 'O', 'O', 'O', 'O', 'O', 'O', 'O', 'O', 'O', 'O', 'O', 'O', 'O', 'B-A1', 'I-A1', 'O', 'O', 'B-V', 'O', 'B-A0', 'I-A0', 'I-A0', 'O']	['secondly', ',', 'sbp2', 'binding', 'activity', 'is', 'not', 'affected', 'by', 'mutations', 'in', 'the', 'tetra-adenosine', 'element', 'in', 'the', 'terminal', 'region', 'of', 'the', 'phgpx', '3', 'utr', ',', 'sec', 'incorporation', 'is', 'completely', '#eliminated', 'by', 'these', 'same', 'mutations', '.']
155	['B-A0', 'I-A0', 'I-A0', 'O', 'B-V', 'B-A1', 'I-A1', 'O', 'O', 'O', 'O', 'O', 'O', 'O', 'O', 'O', 'O']	['these', 'same', 'mutations', 'can', '#eliminate', 'sec', 'incorporation', 'while', 'mutation', 'at', 's494', 'has', 'no', 'effect', '(figure', '2c)', '.']
156	['O', 'O', 'O', 'B-A1', 'I-A1', 'I-A1', 'O', 'O', 'O', 'O', 'O', 'O', 'O', 'O', 'O', 'O', 'O', 'O', 'O', 'O', 'O', 'O', 'O', 'O', 'O', 'O', 'O', 'B-A0', 'I-A0', 'O', 'B-V', 'O', 'O', 'O', 'O', 'O', 'O', 'O', 'O']	['secondly', ',', 'sbp2', 'the', 'hindiii', 'site', 'activity', 'is', 'not', 'affected', 'by', 'mutations', 'in', 'the', 'tetra-adenosine', 'element', 'in', 'the', 'terminal', 'region', 'of', 'the', 'phgpx', '3', 'utr', ',', 'yet', 'the', 'other', 'completely', '#eliminate', 'binding', '(lesoon', 'et', 'al', '.', ',', '1997)', '.']
157	['B-A1', 'I-A1', 'I-A1', 'I-A1', 'I-A1', 'O', 'O', 'B-V', 'O', 'B-A0', 'I-A0', 'I-A0', 'I-A0', 'I-A0', 'I-A0', 'O', 'O', 'O', 'O', 'O']	['the', 'stabilization', 'seen', 'with', 'mg132', 'will', 'be', '#eliminated', 'by', 'staurosporin', '(or', 'genestein;', 'data', 'not', 'shown)', 'at', 'a', '10-fold-higher', 'concentration', '.']
158	['O', 'B-A0', 'I-A0', 'O', 'B-A0', 'O', 'I-A1', 'O', 'O', 'O', 'B-V', 'O', 'O', 'O']	['at', 'the', 'other', ',', 'the', 'hindiii', 'site', 'can', 'be', 'completely', '#eliminated', '(figure', '7)', '.']
159	['B-A1', 'I-A1', 'I-A1', 'O', 'B-V', 'O', 'B-A0', 'I-A0', 'O']	['the', 'hindiii', 'site', 'is', '#eliminated', 'by', 'the', 'other', '.']
160	['O', 'O', 'O', 'O', 'O', 'O', 'B-A0', 'I-A0', 'I-A0', 'O', 'O', 'B-V', 'B-A1', 'I-A1', 'O']	['as', 'illustrated', 'in', 'figure', '1', ',', 'these', 'same', 'mutations', 'does', 'not', '#eliminate', 'sec', 'incorporation', '.']
161	['B-A0', 'I-A0', 'O', 'O', 'O', 'O', 'B-V', 'B-A1', 'I-A1', 'I-A1', 'O']	['one', 'mutation', 'at', 'a', '10-fold-higher', 'concentration', '#eliminate', 'the', 'bamhi', 'site', '.']
162	['B-A1', 'I-A1', 'O', 'B-V', 'O', 'B-A0', 'I-A0', 'I-A0', 'O']	['sec', 'incorporation', 'was', '#eliminated', 'by', 'these', 'same', 'mutations', '.']
163	['B-A1', 'I-A1', 'I-A1', 'O', 'B-V', 'O', 'B-A2', 'I-A2', 'O', 'B-A0', 'I-A0', 'O']	['the', 'bamhi', 'site', 'is', '#eliminated', 'in', 'exon', '7', 'by', 'one', 'mutation', '.']
164	['O', 'O', 'O', 'O', 'O', 'O', 'O', 'O', 'O', 'O', 'O', 'O', 'O', 'O', 'O', 'O', 'O', 'O', 'O', 'O', 'O', 'O', 'O', 'O', 'B-A0', 'I-A0', 'O', 'O', 'B-V', 'B-A1', 'I-A1', 'I-A1', 'O', 'O', 'O', 'O', 'O', 'O', 'O']	['secondly', ',', 'sbp2', 'binding', 'activity', 'is', 'not', 'affected', 'by', 'mutations', 'in', 'the', 'tetra-adenosine', 'element', 'in', 'the', 'terminal', 'region', 'of', 'the', 'phgpx', '3', 'utr', ',', 'one', 'mutation', 'can', 'completely', '#eliminate', 'the', 'bamhi', 'site', '(lesoon', 'et', 'al', '.', ',', '1997)', '.']
165	['B-A0', 'I-A0', 'O', 'O', 'O', 'B-V', 'B-A0', 'O', 'I-A1', 'O', 'B-A2', 'I-A2', 'I-A2', 'B-A0', 'O', 'O', 'I-A2', 'O']	['the', 'other', 'is', 'able', 'to', '#eliminate', 'the', 'hindiii', 'site', 'in', 'exon', '11', 'of', 'the', 'phenylalanine', 'hydroxylase', 'gene', '.']
166	['B-A1', 'I-A1', 'I-A1', 'O', 'B-V', 'O', 'B-A0', 'I-A0', 'O', 'O', 'O', 'O', 'O']	['the', 'bamhi', 'site', 'is', '#eliminated', 'by', 'one', 'mutation', 'at', 'a', '10-fold-higher', 'concentration', '.']
167	['B-A0', 'I-A0', 'O', 'B-V', 'B-A1', 'I-A1', 'I-A1', 'O', 'B-A2', 'I-A2', 'O']	['one', 'mutation', 'has', '#eliminated', 'the', 'bamhi', 'site', 'in', 'exon', '7', '.']
168	['B-A0', 'I-A0', 'I-A0', 'O', 'O', 'O', 'O', 'O', 'O', 'O', 'O', 'O', 'B-V', 'B-A1', 'I-A1', 'O', 'O', 'O', 'O', 'O', 'O', 'O', 'O', 'O', 'O', 'O', 'O', 'O', 'O', 'O', 'O']	['these', 'same', 'mutations', 'located', 'within', 'o2', 'or', 'between', 'ot', 'and', 'o1', 'has', '#eliminated', 'sec', 'incorporation', ',', 'whereas', 'significant', 'repression', 'was', 'maintained', 'in', 'the', 'case', 'of', 'a', '10-bp', 'insertion', 'within', 'o2', '.']
169	['B-A0', 'I-A0', 'I-A0', 'O', 'B-V', 'B-A1', 'I-A1', 'O', 'O', 'O', 'O', 'O', 'O', 'O', 'O', 'O', 'O', 'O', 'O', 'O', 'O', 'O', 'O', 'O', 'O', 'O', 'O', 'O', 'O', 'O', 'O', 'O']	['these', 'same', 'mutations', 'which', '#eliminated', 'sec', 'incorporation', 'was', 'located', 'within', 'o2', 'or', 'between', 'ot', 'and', 'o1', ',', 'whereas', 'significant', 'repression', 'was', 'maintained', 'in', 'the', 'case', 'of', 'a', '10-bp', 'insertion', 'within', 'o2', '.']
170	['B-A1', 'I-A1', 'I-A1', 'O', 'O', 'B-V', 'O', 'B-A0', 'I-A0', 'O', 'O', 'O', 'O', 'O']	['the', 'bamhi', 'site', 'will', 'be', '#eliminated', 'by', 'one', 'mutation', 'at', 'a', '10-fold-higher', 'concentration', '.']
171	['B-A1', 'I-A1', 'I-A1', 'O', 'B-V', 'O', 'B-A0', 'I-A0', 'O', 'B-A2', 'I-A2', 'O']	['the', 'bamhi', 'site', 'is', '#eliminated', 'by', 'one', 'mutation', 'in', 'exon', '7', '.']
172	['B-A0', 'I-A0', 'O', 'O', 'O', 'B-V', 'B-A1', 'I-A1', 'I-A1', 'O', 'B-A2', 'I-A2', 'O']	['one', 'mutation', 'is', 'able', 'to', '#eliminate', 'the', 'bamhi', 'site', 'in', 'exon', '7', '.']
173	['O', 'B-A0', 'I-A0', 'I-A0', 'I-A0', 'I-A0', 'I-A0', 'O', 'B-A1', 'I-A1', 'I-A1', 'I-A1', 'I-A1', 'O', 'O', 'O', 'B-V', 'O', 'O', 'O']	['at', 'staurosporin', '(or', 'genestein;', 'data', 'not', 'shown)', ',', 'the', 'stabilization', 'seen', 'with', 'mg132', 'will', 'be', 'completely', '#eliminated', '(figure', '7)', '.']
174	['B-A0', 'I-A0', 'B-V', 'B-A1', 'I-A1', 'I-A1', 'O', 'B-A2', 'I-A2', 'O', 'O', 'O', 'B-V', 'O', 'O', 'O', 'O', 'B-A2', 'O', 'O', 'O', 'O', 'O', 'O', 'O']	['one', 'mutation', '#eliminates', 'the', 'bamhi', 'site', 'in', 'exon', '7', 'and', 'the', 'other', '#eliminates', 'the', 'hindiii', 'site', 'in', 'exon', '11', 'of', 'the', 'phenylalanine', 'hydroxylase', 'gene', '.']
175	['O', 'O', 'O', 'O', 'O', 'B-A0', 'I-A0', 'B-V', 'B-A0', 'O', 'I-A1', 'O']	['in', 'gel', 'shift', 'assay', ',', 'the', 'other', '#eliminates', 'the', 'hindiii', 'site', '.']
176	['B-A1', 'I-A1', 'I-A1', 'O', 'B-V', 'O', 'B-A0', 'I-A0', 'O']	['the', 'bamhi', 'site', 'was', '#eliminated', 'by', 'one', 'mutation', '.']
177	['B-A0', 'I-A0', 'O', 'O', 'O', 'O', 'O', 'O', 'O', 'O', 'B-V', 'B-A0', 'O', 'I-A1', 'O', 'O', 'O', 'O', 'O', 'O', 'O', 'B-A0', 'O', 'O', 'O', 'O', 'O', 'O', 'O', 'O']	['the', 'other', 'located', 'within', 'o2', 'or', 'between', 'ot', 'and', 'o1', '#eliminates', 'the', 'hindiii', 'site', ',', 'whereas', 'significant', 'repression', 'was', 'maintained', 'in', 'the', 'case', 'of', 'a', '10-bp', 'insertion', 'within', 'o2', '.']
178	['O', 'O', 'O', 'B-A0', 'I-A0', 'O', 'O', 'O', 'O', 'O', 'O', 'O', 'O', 'O', 'B-V', 'B-A1', 'I-A1', 'I-A1', 'O', 'O', 'O', 'O', 'O', 'O', 'O', 'O', 'O', 'O']	['they', 'establish', 'that', 'one', 'mutation', ',', 'as', 'may', 'occur', 'following', 'caspase', 'activation', ',', 'could', '#eliminate', 'the', 'bamhi', 'site', 'required', 'for', 'skeletal', 'muscle', 'regeneration', 'during', 'chronic', 'catabolic', 'conditions', '.']
179	['B-A0', 'I-A0', 'I-A0', 'I-A0', 'I-A0', 'I-A0', 'O', 'B-V', 'B-A1', 'I-A1', 'I-A1', 'I-A1', 'I-A1', 'O', 'O', 'O', 'O', 'O', 'O', 'O', 'O', 'O', 'O', 'O', 'O', 'O', 'O', 'O', 'O', 'O', 'O', 'O', 'O', 'O', 'O', 'O', 'O', 'O']	['staurosporin', '(or', 'genestein;', 'data', 'not', 'shown)', 'which', '#eliminated', 'the', 'stabilization', 'seen', 'with', 'mg132', 'was', 'located', 'within', 'o2', 'or', 'between', 'ot', 'and', 'o1', ',', 'whereas', 'significant', 'repression', 'was', 'maintained', 'in', 'the', 'case', 'of', 'a', '10-bp', 'insertion', 'within', 'o2', '.']
180	['O', 'O', 'O', 'O', 'O', 'B-A0', 'I-A0', 'B-V', 'B-A1', 'I-A1', 'I-A1', 'O']	['in', 'gel', 'shift', 'assay', ',', 'one', 'mutation', '#eliminated', 'the', 'bamhi', 'site', '.']
181	['O', 'O', 'O', 'O', 'O', 'B-A0', 'I-A0', 'O', 'B-V', 'B-A0', 'O', 'I-A1', 'O']	['in', 'gel', 'shift', 'assay', ',', 'the', 'other', 'has', '#eliminated', 'the', 'hindiii', 'site', '.']
182	['B-A0', 'I-A0', 'O', 'O', 'O', 'O', 'O', 'O', 'O', 'O', 'O', 'B-V', 'B-A1', 'I-A1', 'I-A1', 'O', 'O', 'O', 'O', 'O', 'O', 'O', 'O', 'O', 'O', 'O', 'O', 'O', 'O', 'O', 'O', 'O']	['one', 'mutation', 'located', 'within', 'o2', 'or', 'between', 'ot', 'and', 'o1', 'will', '#eliminate', 'the', 'bamhi', 'site', ',', 'whereas', 'significant', 'repression', 'will', 'be', 'maintained', 'in', 'the', 'case', 'of', 'a', '10-bp', 'insertion', 'within', 'o2', '.']
183	['O', 'O', 'O', 'O', 'O', 'O', 'B-A0', 'I-A0', 'O', 'O', 'B-V', 'B-A0', 'O', 'I-A1', 'O']	['as', 'illustrated', 'in', 'figure', '1', ',', 'the', 'other', 'did', 'not', '#eliminate', 'the', 'hindiii', 'site', '.']
184	['B-A0', 'I-A0', 'O', 'B-V', 'B-A1', 'I-A1', 'I-A1', 'O', 'O', 'O', 'O', 'O', 'O', 'O', 'O', 'O', 'O', 'O', 'O', 'O', 'O', 'O', 'O', 'O', 'O', 'O', 'O', 'O', 'O', 'O', 'O', 'O']	['one', 'mutation', 'which', '#eliminated', 'the', 'bamhi', 'site', 'was', 'located', 'within', 'o2', 'or', 'between', 'ot', 'and', 'o1', ',', 'whereas', 'significant', 'repression', 'was', 'maintained', 'in', 'the', 'case', 'of', 'a', '10-bp', 'insertion', 'within', 'o2', '.']
185	['B-A0', 'I-A0', 'O', 'O', 'O', 'O', 'O', 'O', 'O', 'O', 'B-V', 'B-A1', 'I-A1', 'I-A1', 'O', 'O', 'O', 'O', 'O', 'O', 'O', 'O', 'O', 'O', 'O', 'O', 'O', 'O', 'O', 'O']	['one', 'mutation', 'located', 'within', 'o2', 'or', 'between', 'ot', 'and', 'o1', '#eliminates', 'the', 'bamhi', 'site', ',', 'whereas', 'significant', 'repression', 'was', 'maintained', 'in', 'the', 'case', 'of', 'a', '10-bp', 'insertion', 'within', 'o2', '.']
186	['B-A1', 'I-A1', 'O', 'B-V', 'O', 'B-A0', 'I-A0', 'I-A0', 'O']	['sec', 'incorporation', 'is', '#eliminated', 'by', 'these', 'same', 'mutations', '.']
187	['O', 'O', 'O', 'B-A0', 'I-A0', 'O', 'O', 'O', 'O', 'O', 'O', 'O', 'O', 'O', 'B-V', 'B-A0', 'O', 'I-A1', 'O', 'O', 'O', 'O', 'O', 'O', 'O', 'O', 'O', 'O']	['they', 'establish', 'that', 'the', 'other', ',', 'as', 'may', 'occur', 'following', 'caspase', 'activation', ',', 'can', '#eliminate', 'the', 'hindiii', 'site', 'required', 'for', 'skeletal', 'muscle', 'regeneration', 'during', 'chronic', 'catabolic', 'conditions', '.']
188	['O', 'O', 'O', 'O', 'O', 'B-A0', 'I-A0', 'I-A0', 'I-A0', 'I-A0', 'I-A0', 'O', 'B-V', 'B-A1', 'I-A1', 'I-A1', 'I-A1', 'I-A1', 'O']	['in', 'gel', 'shift', 'assay', ',', 'staurosporin', '(or', 'genestein;', 'data', 'not', 'shown)', 'will', '#eliminate', 'the', 'stabilization', 'seen', 'with', 'mg132', '.']
189	['O', 'O', 'O', 'B-A0', 'I-A0', 'O', 'O', 'O', 'O', 'O', 'O', 'O', 'O', 'O', 'B-V', 'B-A1', 'I-A1', 'I-A1', 'O', 'O', 'O', 'O', 'O', 'O', 'O', 'O', 'O', 'O']	['they', 'establish', 'that', 'one', 'mutation', ',', 'as', 'may', 'occur', 'following', 'caspase', 'activation', ',', 'can', '#eliminate', 'the', 'bamhi', 'site', 'required', 'for', 'skeletal', 'muscle', 'regeneration', 'during', 'chronic', 'catabolic', 'conditions', '.']
190	['B-A1', 'I-A1', 'I-A1', 'I-A1', 'I-A1', 'O', 'O', 'B-V', 'O', 'B-A0', 'I-A0', 'I-A0', 'I-A0', 'I-A0', 'I-A0', 'O', 'O', 'O', 'O', 'O']	['the', 'stabilization', 'seen', 'with', 'mg132', 'has', 'been', '#eliminated', 'by', 'staurosporin', '(or', 'genestein;', 'data', 'not', 'shown)', 'at', 'a', '10-fold-higher', 'concentration', '.']
