0	['O', 'O', 'B-A1', 'I-A1', 'I-A1', 'O', 'O', 'O', 'B-A2', 'O', 'B-V', 'O', 'B-A3', 'I-A3', 'I-A3', 'I-A3', 'I-A3', 'O', 'O', 'O', 'O', 'O', 'O', 'O', 'O', 'O', 'O', 'O', 'O', 'O', 'O', 'O', 'O', 'O', 'O', 'I-A3', 'O', 'O', 'O', 'O', 'O', 'O', 'O', 'O', 'O', 'O', 'O']	['specifically', ',', 'the', 'stat5a', 'molecule', 'in', 'which', 'the', 'c-terminus', 'was', '#truncated', 'at', 'amino', 'acids', '740', 'or', '751', 'effectively', 'blocked', 'the', 'induction', 'of', 'both', 'cis', 'and', 'osm', ',', 'whereas', 'the', 'c-terminal', 'truncations', 'at', 'amino', 'acids', '762', 'or', '773', 'had', 'no', 'effect', 'on', 'the', 'induction', 'of', 'either', 'gene', '.']
1	['O', 'O', 'B-A1', 'I-A1', 'I-A1', 'O', 'O', 'O', 'B-A2', 'O', 'O', 'O', 'O', 'B-V', 'O', 'B-A3', 'I-A3', 'I-A3', 'I-A3', 'I-A3', 'O', 'O', 'O', 'O', 'O', 'O', 'O', 'O', 'O', 'O', 'O', 'O', 'O', 'O', 'O', 'O', 'O', 'O', 'I-A3', 'O', 'O', 'O', 'O', 'O', 'O', 'O', 'O', 'O', 'O', 'O']	['specifically', ',', 'the', 'stat5a', 'molecule', 'in', 'which', 'the', 'c-terminus', 'is', 'likely', 'to', 'be', '#truncated', 'at', 'amino', 'acids', '740', 'or', '751', 'effectively', 'blocked', 'the', 'induction', 'of', 'both', 'cis', 'and', 'osm', ',', 'whereas', 'the', 'c-terminal', 'truncations', 'at', 'amino', 'acids', '762', 'or', '773', 'had', 'no', 'effect', 'on', 'the', 'induction', 'of', 'either', 'gene', '.']
2	['O', 'O', 'O', 'O', 'O', 'O', 'O', 'O', 'O', 'O', 'O', 'O', 'O', 'O', 'O', 'O', 'O', 'O', 'B-A2', 'I-A2', 'I-A2', 'I-A2', 'I-A2', 'I-A2', 'O', 'O', 'O', 'O', 'O', 'B-V', 'O', 'O', 'O', 'O', 'O', 'O', 'O', 'O', 'O', 'O', 'O']	['the', 'putative', 'resulting', 'protein', 'retained', 'the', 'region', 'encoding', 'the', 'structural', 'and', 'functional', 'elements', 'of', 'the', 'amine', 'oxidase', 'but', 'the', 'second', 'and', 'fourth', 'srcr', 'domains', 'have', 'been', 'shown', 'to', 'be', '#truncated', 'and', 'the', 'potential', 'bmp-1', 'cleavage', 'site', 'has', 'not', 'been', 'present', '.']
3	['O', 'O', 'O', 'O', 'O', 'B-A1', 'I-A1', 'O', 'O', 'B-V', 'O', 'O', 'B-A3', 'I-A3', 'I-A3', 'I-A3', 'O', 'O', 'O', 'B-A1', 'O', 'O', 'O', 'O', 'O', 'O', 'O', 'O', 'O']	['to', 'generate', 'this', 'protein', ',', 'the', 'receptor', 'will', 'be', '#truncated', 'prior', 'to', 'two', 'consecutive', 'proline', 'residues', '(`pp-motif_)', 'present', 'in', 'the', 'junction', 'between', 'domains', '2', 'and', '3', '(figure', '1)', '.']
4	['B-A1', 'I-A1', 'I-A1', 'I-A1', 'O', 'O', 'O', 'B-V', 'O', 'B-A3', 'I-A3', 'I-A3', 'I-A3', 'I-A3', 'O', 'O', 'O', 'O', 'O', 'O', 'O', 'O', 'O', 'O']	['c-terminally', 'truncated', 'stat5a', 'proteins', 'likely', 'to', 'be', '#truncated', 'at', 'amino', 'acids', '762', 'or', '773', 'had', 'no', 'effect', 'on', 'the', 'induction', 'of', 'either', 'gene', '.']
5	['B-A1', 'I-A1', 'I-A1', 'I-A1', 'O', 'O', 'B-V', 'O', 'B-A3', 'I-A3', 'I-A3', 'I-A3', 'I-A3', 'O', 'O', 'O', 'O', 'O', 'O', 'O', 'O', 'O', 'O']	['c-terminally', 'truncated', 'stat5a', 'proteins', 'that', 'are', '#truncated', 'at', 'amino', 'acids', '762', 'or', '773', 'had', 'no', 'effect', 'on', 'the', 'induction', 'of', 'either', 'gene', '.']
6	['O', 'O', 'O', 'O', 'O', 'O', 'O', 'O', 'O', 'O', 'O', 'O', 'O', 'O', 'O', 'O', 'B-A1', 'I-A1', 'I-A1', 'I-A1', 'O', 'O', 'O', 'O', 'O', 'O', 'O', 'O', 'O', 'O', 'O', 'O', 'O', 'B-V', 'O', 'O', 'O', 'O', 'O', 'O', 'O', 'O', 'O', 'O', 'O', 'O', 'O']	['electrophoretic', 'mobility', 'shift', 'assays', 'showed', 'that', 'the', 'full-length', 'bcl6', 'protein', 'extracted', 'from', 'transfected', 'cos', 'cells', 'and', 'a', 'bacterially', 'expressed', 'protein', 'that', 'contained', 'the', 'bcl6', 'zinc', 'fingers', 'and', 'has', 'been', 'shown', 'to', 'be', 'remarkably', '#truncated', 'can', 'bind', 'specifically', 'to', 'dna', 'from', 'the', 'u3', 'promoter/enhancer', 'region', 'of', 'hiv-1', '.']
7	['O', 'O', 'O', 'O', 'O', 'O', 'O', 'O', 'O', 'O', 'O', 'B-A1', 'O', 'O', 'O', 'O', 'O', 'B-V', 'O', 'O', 'B-A3', 'I-A3', 'O']	['therefore', ',', 'to', 'generate', 'a', 'comparable', 'soluble', 'fragment', 'to', 'ic1-2d/190', ',', 'pvr', 'has', 'been', 'shown', 'to', 'be', '#truncated', 'prior', 'to', 'the', 'pp-motif', '.']
8	['O', 'O', 'B-A1', 'I-A1', 'I-A1', 'O', 'O', 'O', 'B-A2', 'O', 'O', 'O', 'O', 'B-V', 'O', 'B-A3', 'I-A3', 'I-A3', 'I-A3', 'I-A3', 'O', 'O', 'O', 'O', 'O', 'O', 'O', 'O', 'O', 'O', 'O', 'O', 'O', 'O', 'O', 'O', 'O', 'O', 'I-A3', 'O', 'O', 'O', 'O', 'O', 'O', 'O', 'O', 'O', 'O', 'O']	['specifically', ',', 'the', 'stat5a', 'molecule', 'in', 'which', 'the', 'c-terminus', 'is', 'able', 'to', 'be', '#truncated', 'at', 'amino', 'acids', '740', 'or', '751', 'effectively', 'blocked', 'the', 'induction', 'of', 'both', 'cis', 'and', 'osm', ',', 'whereas', 'the', 'c-terminal', 'truncations', 'at', 'amino', 'acids', '762', 'or', '773', 'had', 'no', 'effect', 'on', 'the', 'induction', 'of', 'either', 'gene', '.']
9	['O', 'O', 'B-A1', 'I-A1', 'I-A1', 'O', 'O', 'O', 'B-A2', 'O', 'O', 'O', 'O', 'O', 'B-V', 'O', 'B-A3', 'I-A3', 'I-A3', 'I-A3', 'I-A3', 'O', 'O', 'O', 'O', 'O', 'O', 'O', 'O', 'O', 'O', 'O', 'O', 'O', 'O', 'O', 'O', 'O', 'O', 'I-A3', 'O', 'O', 'O', 'O', 'O', 'O', 'O', 'O', 'O', 'O', 'O']	['specifically', ',', 'the', 'stat5a', 'molecule', 'in', 'which', 'the', 'c-terminus', 'is', 'likely', 'to', 'be', 'remarkably', '#truncated', 'at', 'amino', 'acids', '740', 'or', '751', 'effectively', 'blocked', 'the', 'induction', 'of', 'both', 'cis', 'and', 'osm', ',', 'whereas', 'the', 'c-terminal', 'truncations', 'at', 'amino', 'acids', '762', 'or', '773', 'had', 'no', 'effect', 'on', 'the', 'induction', 'of', 'either', 'gene', '.']
10	['O', 'O', 'O', 'O', 'O', 'O', 'O', 'O', 'O', 'O', 'O', 'B-A1', 'O', 'O', 'B-V', 'O', 'O', 'B-A3', 'I-A3', 'O']	['therefore', ',', 'to', 'generate', 'a', 'comparable', 'soluble', 'fragment', 'to', 'ic1-2d/190', ',', 'pvr', 'is', 'also', '#truncated', 'prior', 'to', 'the', 'pp-motif', '.']
11	['B-A1', 'I-A1', 'I-A1', 'I-A1', 'O', 'O', 'O', 'O', 'B-V', 'O', 'B-A3', 'I-A3', 'I-A3', 'I-A3', 'I-A3', 'O', 'O', 'O', 'O', 'O', 'O', 'O', 'O', 'O', 'O']	['c-terminally', 'truncated', 'stat5a', 'proteins', 'observed', 'to', 'be', 'remarkably', '#truncated', 'at', 'amino', 'acids', '762', 'or', '773', 'had', 'no', 'effect', 'on', 'the', 'induction', 'of', 'either', 'gene', '.']
12	['O', 'O', 'B-A1', 'I-A1', 'I-A1', 'O', 'O', 'O', 'B-A2', 'O', 'O', 'B-V', 'O', 'B-A3', 'I-A3', 'I-A3', 'I-A3', 'I-A3', 'O', 'O', 'O', 'O', 'O', 'O', 'O', 'O', 'O', 'O', 'O', 'O', 'O', 'O', 'O', 'O', 'O', 'O', 'I-A3', 'O', 'O', 'O', 'O', 'O', 'O', 'O', 'O', 'O', 'O', 'O']	['specifically', ',', 'the', 'stat5a', 'molecule', 'in', 'which', 'the', 'c-terminus', 'will', 'be', '#truncated', 'at', 'amino', 'acids', '740', 'or', '751', 'effectively', 'blocked', 'the', 'induction', 'of', 'both', 'cis', 'and', 'osm', ',', 'whereas', 'the', 'c-terminal', 'truncations', 'at', 'amino', 'acids', '762', 'or', '773', 'had', 'no', 'effect', 'on', 'the', 'induction', 'of', 'either', 'gene', '.']
13	['O', 'O', 'O', 'O', 'O', 'O', 'O', 'O', 'O', 'O', 'O', 'B-A1', 'O', 'O', 'O', 'O', 'O', 'B-V', 'O', 'O', 'B-A3', 'I-A3', 'O']	['therefore', ',', 'to', 'generate', 'a', 'comparable', 'soluble', 'fragment', 'to', 'ic1-2d/190', ',', 'pvr', 'is', 'also', 'able', 'to', 'be', '#truncated', 'prior', 'to', 'the', 'pp-motif', '.']
14	['O', 'O', 'O', 'O', 'O', 'B-A1', 'I-A1', 'O', 'O', 'O', 'O', 'O', 'B-V', 'O', 'O', 'B-A3', 'I-A3', 'I-A3', 'I-A3', 'O', 'O', 'O', 'B-A1', 'O', 'O', 'O', 'O', 'O', 'O', 'O', 'O', 'O']	['to', 'generate', 'this', 'protein', ',', 'the', 'receptor', 'has', 'been', 'shown', 'to', 'be', '#truncated', 'prior', 'to', 'two', 'consecutive', 'proline', 'residues', '(`pp-motif_)', 'present', 'in', 'the', 'junction', 'between', 'domains', '2', 'and', '3', '(figure', '1)', '.']
15	['O', 'O', 'O', 'O', 'O', 'O', 'O', 'O', 'O', 'O', 'O', 'O', 'O', 'O', 'O', 'O', 'B-A1', 'I-A1', 'I-A1', 'I-A1', 'O', 'O', 'O', 'B-V', 'O', 'O', 'O', 'O', 'O', 'O', 'O', 'O', 'O', 'O', 'O', 'O', 'O', 'O', 'O', 'O', 'O', 'O', 'O']	['electrophoretic', 'mobility', 'shift', 'assays', 'showed', 'that', 'the', 'full-length', 'bcl6', 'protein', 'extracted', 'from', 'transfected', 'cos', 'cells', 'and', 'a', 'bacterially', 'expressed', 'protein', 'that', 'was', 'remarkably', '#truncated', 'and', 'contained', 'the', 'bcl6', 'zinc', 'fingers', 'can', 'bind', 'specifically', 'to', 'dna', 'from', 'the', 'u3', 'promoter/enhancer', 'region', 'of', 'hiv-1', '.']
16	['O', 'O', 'O', 'O', 'O', 'O', 'O', 'O', 'O', 'O', 'O', 'O', 'O', 'O', 'O', 'O', 'B-A1', 'I-A1', 'I-A1', 'I-A1', 'O', 'O', 'O', 'O', 'O', 'B-V', 'O', 'O', 'O', 'O', 'O', 'O', 'O', 'O', 'O', 'O', 'O', 'O', 'O', 'O', 'O', 'O', 'O', 'O', 'O']	['electrophoretic', 'mobility', 'shift', 'assays', 'showed', 'that', 'the', 'full-length', 'bcl6', 'protein', 'extracted', 'from', 'transfected', 'cos', 'cells', 'and', 'a', 'bacterially', 'expressed', 'protein', 'that', 'is', 'able', 'to', 'be', '#truncated', 'and', 'contains', 'the', 'bcl6', 'zinc', 'fingers', 'can', 'bind', 'specifically', 'to', 'dna', 'from', 'the', 'u3', 'promoter/enhancer', 'region', 'of', 'hiv-1', '.']
17	['O', 'O', 'O', 'O', 'O', 'O', 'O', 'O', 'O', 'O', 'O', 'B-A1', 'O', 'O', 'O', 'B-V', 'O', 'O', 'B-A3', 'I-A3', 'O']	['therefore', ',', 'to', 'generate', 'a', 'comparable', 'soluble', 'fragment', 'to', 'ic1-2d/190', ',', 'pvr', 'will', 'also', 'be', '#truncated', 'prior', 'to', 'the', 'pp-motif', '.']
18	['O', 'O', 'O', 'O', 'O', 'O', 'O', 'O', 'O', 'B-A1', 'O', 'O', 'O', 'O', 'B-V', 'O', 'O', 'B-A3', 'I-A3', 'O']	['to', 'generate', 'a', 'comparable', 'soluble', 'fragment', 'to', 'ic1-2d/190', ',', 'pvr', 'may', 'therefore', 'have', 'been', '#truncated', 'prior', 'to', 'the', 'pp-motif', '.']
19	['O', 'O', 'B-A1', 'I-A1', 'I-A1', 'O', 'O', 'O', 'B-A2', 'O', 'O', 'B-V', 'O', 'B-A3', 'I-A3', 'I-A3', 'I-A3', 'I-A3', 'O', 'O', 'O', 'O', 'O', 'O', 'O', 'O', 'O', 'O', 'O', 'O', 'O', 'O', 'O', 'O', 'O', 'O', 'I-A3', 'O', 'O', 'O', 'O', 'O', 'O', 'O', 'O', 'O', 'O', 'O']	['specifically', ',', 'the', 'stat5a', 'molecule', 'in', 'which', 'the', 'c-terminus', 'is', 'remarkably', '#truncated', 'at', 'amino', 'acids', '740', 'or', '751', 'effectively', 'blocked', 'the', 'induction', 'of', 'both', 'cis', 'and', 'osm', ',', 'whereas', 'the', 'c-terminal', 'truncations', 'at', 'amino', 'acids', '762', 'or', '773', 'had', 'no', 'effect', 'on', 'the', 'induction', 'of', 'either', 'gene', '.']
20	['B-A1', 'I-A1', 'I-A1', 'I-A1', 'O', 'O', 'O', 'O', 'O', 'B-V', 'O', 'B-A3', 'I-A3', 'I-A3', 'I-A3', 'I-A3', 'O', 'O', 'O', 'O', 'O', 'O', 'O', 'O', 'O', 'O']	['c-terminally', 'truncated', 'stat5a', 'proteins', 'that', 'may', 'have', 'been', 'remarkably', '#truncated', 'at', 'amino', 'acids', '762', 'or', '773', 'had', 'no', 'effect', 'on', 'the', 'induction', 'of', 'either', 'gene', '.']
21	['O', 'O', 'O', 'O', 'O', 'O', 'O', 'O', 'O', 'O', 'O', 'O', 'O', 'O', 'O', 'O', 'O', 'O', 'O', 'O', 'O', 'O', 'O', 'O', 'O', 'O', 'O', 'O', 'O', 'B-V', 'B-A1', 'O', 'O', 'O', 'O', 'O', 'O', 'O', 'O', 'O', 'O', 'O', 'O', 'O', 'O']	['using', 'the', 'complex', 'structure', 'of', 'bone', 'morphogenetic', 'protein-2', 'bound', 'to', 'its', 'type', 'i', 'receptor', '(alk3)', 'as', 'a', 'guide', ',', 'we', 'introduced', 'extracellular', 'domain', 'mutations', 'in', 'the', 'context', 'of', 'the', '#truncated', 'alk4', '(alk4-trunc)', 'construct', 'and', 'assessed', 'the', 'ability', 'of', 'the', 'mutants', 'to', 'inhibit', 'activin', 'function', '.']
22	['O', 'O', 'O', 'O', 'O', 'O', 'O', 'O', 'O', 'O', 'O', 'O', 'O', 'O', 'O', 'O', 'B-A1', 'I-A1', 'I-A1', 'I-A1', 'O', 'O', 'O', 'B-V', 'O', 'O', 'O', 'O', 'O', 'O', 'O', 'O', 'O', 'O', 'O', 'O', 'O', 'O', 'O', 'O', 'O', 'O', 'O']	['electrophoretic', 'mobility', 'shift', 'assays', 'showed', 'that', 'the', 'full-length', 'bcl6', 'protein', 'extracted', 'from', 'transfected', 'cos', 'cells', 'and', 'a', 'bacterially', 'expressed', 'protein', 'that', 'can', 'be', '#truncated', 'and', 'contains', 'the', 'bcl6', 'zinc', 'fingers', 'can', 'bind', 'specifically', 'to', 'dna', 'from', 'the', 'u3', 'promoter/enhancer', 'region', 'of', 'hiv-1', '.']
23	['O', 'O', 'O', 'O', 'O', 'B-A1', 'I-A1', 'O', 'B-V', 'O', 'O', 'B-A3', 'I-A3', 'I-A3', 'I-A3', 'O', 'O', 'O', 'B-A1', 'O', 'O', 'O', 'O', 'O', 'O', 'O', 'O', 'O']	['to', 'generate', 'this', 'protein', ',', 'the', 'receptor', 'is', '#truncated', 'prior', 'to', 'two', 'consecutive', 'proline', 'residues', '(`pp-motif_)', 'present', 'in', 'the', 'junction', 'between', 'domains', '2', 'and', '3', '(figure', '1)', '.']
24	['O', 'O', 'O', 'O', 'O', 'O', 'O', 'O', 'O', 'O', 'O', 'O', 'O', 'O', 'O', 'O', 'B-A1', 'I-A1', 'I-A1', 'I-A1', 'O', 'O', 'O', 'B-V', 'O', 'O', 'O', 'O', 'O', 'O', 'O', 'O', 'O', 'O', 'O', 'O', 'O', 'O', 'O', 'O', 'O', 'O', 'O']	['electrophoretic', 'mobility', 'shift', 'assays', 'showed', 'that', 'the', 'full-length', 'bcl6', 'protein', 'extracted', 'from', 'transfected', 'cos', 'cells', 'and', 'a', 'bacterially', 'expressed', 'protein', 'that', 'may', 'be', '#truncated', 'and', 'contains', 'the', 'bcl6', 'zinc', 'fingers', 'can', 'bind', 'specifically', 'to', 'dna', 'from', 'the', 'u3', 'promoter/enhancer', 'region', 'of', 'hiv-1', '.']
25	['O', 'O', 'B-A1', 'I-A1', 'I-A1', 'O', 'O', 'O', 'B-A2', 'O', 'O', 'O', 'B-V', 'O', 'B-A3', 'I-A3', 'I-A3', 'I-A3', 'I-A3', 'O', 'O', 'O', 'O', 'O', 'O', 'O', 'O', 'O', 'O', 'O', 'O', 'O', 'O', 'O', 'O', 'O', 'O', 'I-A3', 'O', 'O', 'O', 'O', 'O', 'O', 'O', 'O', 'O', 'O', 'O']	['specifically', ',', 'the', 'stat5a', 'molecule', 'in', 'which', 'the', 'c-terminus', 'can', 'be', 'remarkably', '#truncated', 'at', 'amino', 'acids', '740', 'or', '751', 'effectively', 'blocked', 'the', 'induction', 'of', 'both', 'cis', 'and', 'osm', ',', 'whereas', 'the', 'c-terminal', 'truncations', 'at', 'amino', 'acids', '762', 'or', '773', 'had', 'no', 'effect', 'on', 'the', 'induction', 'of', 'either', 'gene', '.']
26	['O', 'O', 'O', 'O', 'O', 'O', 'O', 'O', 'O', 'O', 'O', 'O', 'O', 'O', 'O', 'O', 'B-A1', 'I-A1', 'I-A1', 'I-A1', 'O', 'O', 'O', 'O', 'B-V', 'O', 'O', 'O', 'O', 'O', 'O', 'O', 'O', 'O', 'O', 'O', 'O', 'O', 'O', 'O', 'O', 'O', 'O', 'O']	['electrophoretic', 'mobility', 'shift', 'assays', 'showed', 'that', 'the', 'full-length', 'bcl6', 'protein', 'extracted', 'from', 'transfected', 'cos', 'cells', 'and', 'a', 'bacterially', 'expressed', 'protein', 'that', 'may', 'have', 'been', '#truncated', 'and', 'contains', 'the', 'bcl6', 'zinc', 'fingers', 'can', 'bind', 'specifically', 'to', 'dna', 'from', 'the', 'u3', 'promoter/enhancer', 'region', 'of', 'hiv-1', '.']
27	['O', 'O', 'B-A1', 'I-A1', 'I-A1', 'O', 'O', 'O', 'B-A2', 'O', 'O', 'O', 'O', 'O', 'O', 'B-V', 'O', 'B-A3', 'I-A3', 'I-A3', 'I-A3', 'I-A3', 'O', 'O', 'O', 'O', 'O', 'O', 'O', 'O', 'O', 'O', 'O', 'O', 'O', 'O', 'O', 'O', 'O', 'O', 'I-A3', 'O', 'O', 'O', 'O', 'O', 'O', 'O', 'O', 'O', 'O', 'O']	['specifically', ',', 'the', 'stat5a', 'molecule', 'in', 'which', 'the', 'c-terminus', 'has', 'been', 'shown', 'to', 'be', 'remarkably', '#truncated', 'at', 'amino', 'acids', '740', 'or', '751', 'effectively', 'blocked', 'the', 'induction', 'of', 'both', 'cis', 'and', 'osm', ',', 'whereas', 'the', 'c-terminal', 'truncations', 'at', 'amino', 'acids', '762', 'or', '773', 'had', 'no', 'effect', 'on', 'the', 'induction', 'of', 'either', 'gene', '.']
28	['O', 'O', 'O', 'O', 'O', 'B-A1', 'I-A1', 'O', 'O', 'B-V', 'O', 'O', 'B-A3', 'I-A3', 'I-A3', 'I-A3', 'O', 'O', 'O', 'B-A1', 'O', 'O', 'O', 'O', 'O', 'O', 'O', 'O', 'O']	['to', 'generate', 'this', 'protein', ',', 'the', 'receptor', 'has', 'been', '#truncated', 'prior', 'to', 'two', 'consecutive', 'proline', 'residues', '(`pp-motif_)', 'present', 'in', 'the', 'junction', 'between', 'domains', '2', 'and', '3', '(figure', '1)', '.']
29	['B-A1', 'I-A1', 'I-A1', 'I-A1', 'O', 'O', 'O', 'B-V', 'O', 'B-A3', 'I-A3', 'I-A3', 'I-A3', 'I-A3', 'O', 'O', 'O', 'O', 'O', 'O', 'O', 'O', 'O', 'O']	['c-terminally', 'truncated', 'stat5a', 'proteins', 'that', 'may', 'be', '#truncated', 'at', 'amino', 'acids', '762', 'or', '773', 'had', 'no', 'effect', 'on', 'the', 'induction', 'of', 'either', 'gene', '.']
30	['O', 'O', 'O', 'O', 'O', 'O', 'O', 'O', 'O', 'O', 'O', 'B-A1', 'O', 'O', 'O', 'O', 'O', 'B-V', 'O', 'O', 'B-A3', 'I-A3', 'O']	['therefore', ',', 'to', 'generate', 'a', 'comparable', 'soluble', 'fragment', 'to', 'ic1-2d/190', ',', 'pvr', 'is', 'also', 'observed', 'to', 'be', '#truncated', 'prior', 'to', 'the', 'pp-motif', '.']
31	['O', 'O', 'O', 'O', 'O', 'O', 'O', 'O', 'O', 'O', 'O', 'O', 'O', 'O', 'O', 'O', 'O', 'O', 'B-A2', 'I-A2', 'I-A2', 'I-A2', 'I-A2', 'I-A2', 'O', 'O', 'B-V', 'O', 'O', 'O', 'O', 'O', 'O', 'O', 'O', 'O', 'O']	['the', 'putative', 'resulting', 'protein', 'retained', 'the', 'region', 'encoding', 'the', 'structural', 'and', 'functional', 'elements', 'of', 'the', 'amine', 'oxidase', 'but', 'the', 'second', 'and', 'fourth', 'srcr', 'domains', 'may', 'be', '#truncated', 'and', 'the', 'potential', 'bmp-1', 'cleavage', 'site', 'is', 'not', 'present', '.']
32	['O', 'O', 'B-A1', 'I-A1', 'I-A1', 'O', 'O', 'O', 'B-A2', 'O', 'O', 'O', 'O', 'O', 'B-V', 'O', 'B-A3', 'I-A3', 'I-A3', 'I-A3', 'I-A3', 'O', 'O', 'O', 'O', 'O', 'O', 'O', 'O', 'O', 'O', 'O', 'O', 'O', 'O', 'O', 'O', 'O', 'O', 'I-A3', 'O', 'O', 'O', 'O', 'O', 'O', 'O', 'O', 'O', 'O', 'O']	['specifically', ',', 'the', 'stat5a', 'molecule', 'in', 'which', 'the', 'c-terminus', 'is', 'observed', 'to', 'be', 'remarkably', '#truncated', 'at', 'amino', 'acids', '740', 'or', '751', 'effectively', 'blocked', 'the', 'induction', 'of', 'both', 'cis', 'and', 'osm', ',', 'whereas', 'the', 'c-terminal', 'truncations', 'at', 'amino', 'acids', '762', 'or', '773', 'had', 'no', 'effect', 'on', 'the', 'induction', 'of', 'either', 'gene', '.']
33	['O', 'O', 'O', 'O', 'O', 'B-A1', 'I-A1', 'O', 'O', 'B-V', 'O', 'O', 'B-A3', 'I-A3', 'I-A3', 'I-A3', 'O', 'O', 'O', 'B-A1', 'O', 'O', 'O', 'O', 'O', 'O', 'O', 'O', 'O']	['to', 'generate', 'this', 'protein', ',', 'the', 'receptor', 'can', 'be', '#truncated', 'prior', 'to', 'two', 'consecutive', 'proline', 'residues', '(`pp-motif_)', 'present', 'in', 'the', 'junction', 'between', 'domains', '2', 'and', '3', '(figure', '1)', '.']
34	['O', 'O', 'O', 'O', 'O', 'O', 'O', 'O', 'O', 'B-A1', 'O', 'O', 'O', 'O', 'O', 'O', 'B-V', 'O', 'O', 'B-A3', 'I-A3', 'O']	['to', 'generate', 'a', 'comparable', 'soluble', 'fragment', 'to', 'ic1-2d/190', ',', 'pvr', 'has', 'therefore', 'been', 'shown', 'to', 'be', '#truncated', 'prior', 'to', 'the', 'pp-motif', '.']
35	['O', 'O', 'O', 'O', 'O', 'O', 'O', 'O', 'O', 'O', 'O', 'O', 'O', 'O', 'O', 'O', 'B-A1', 'I-A1', 'I-A1', 'I-A1', 'O', 'O', 'O', 'O', 'O', 'O', 'O', 'B-V', 'O', 'O', 'O', 'O', 'O', 'O', 'O', 'O', 'O', 'O', 'O', 'O', 'O', 'O', 'O', 'O', 'O', 'O', 'O']	['electrophoretic', 'mobility', 'shift', 'assays', 'showed', 'that', 'the', 'full-length', 'bcl6', 'protein', 'extracted', 'from', 'transfected', 'cos', 'cells', 'and', 'a', 'bacterially', 'expressed', 'protein', 'that', 'has', 'been', 'shown', 'to', 'be', 'remarkably', '#truncated', 'and', 'contained', 'the', 'bcl6', 'zinc', 'fingers', 'can', 'bind', 'specifically', 'to', 'dna', 'from', 'the', 'u3', 'promoter/enhancer', 'region', 'of', 'hiv-1', '.']
36	['O', 'O', 'B-A1', 'I-A1', 'I-A1', 'O', 'O', 'O', 'B-A2', 'O', 'O', 'O', 'B-V', 'O', 'B-A3', 'I-A3', 'I-A3', 'I-A3', 'I-A3', 'O', 'O', 'O', 'O', 'O', 'O', 'O', 'O', 'O', 'O', 'O', 'O', 'O', 'O', 'O', 'O', 'O', 'O', 'I-A3', 'O', 'O', 'O', 'O', 'O', 'O', 'O', 'O', 'O', 'O', 'O']	['specifically', ',', 'the', 'stat5a', 'molecule', 'in', 'which', 'the', 'c-terminus', 'may', 'have', 'been', '#truncated', 'at', 'amino', 'acids', '740', 'or', '751', 'effectively', 'blocked', 'the', 'induction', 'of', 'both', 'cis', 'and', 'osm', ',', 'whereas', 'the', 'c-terminal', 'truncations', 'at', 'amino', 'acids', '762', 'or', '773', 'had', 'no', 'effect', 'on', 'the', 'induction', 'of', 'either', 'gene', '.']
37	['O', 'O', 'O', 'O', 'O', 'O', 'O', 'O', 'O', 'O', 'O', 'O', 'O', 'O', 'O', 'O', 'B-A1', 'I-A1', 'I-A1', 'I-A1', 'O', 'O', 'O', 'O', 'B-V', 'O', 'O', 'O', 'O', 'O', 'O', 'O', 'O', 'O', 'O', 'O', 'O', 'O', 'O', 'O', 'O', 'O', 'O', 'O']	['electrophoretic', 'mobility', 'shift', 'assays', 'showed', 'that', 'the', 'full-length', 'bcl6', 'protein', 'extracted', 'from', 'transfected', 'cos', 'cells', 'and', 'a', 'bacterially', 'expressed', 'protein', 'that', 'has', 'been', 'remarkably', '#truncated', 'and', 'contained', 'the', 'bcl6', 'zinc', 'fingers', 'can', 'bind', 'specifically', 'to', 'dna', 'from', 'the', 'u3', 'promoter/enhancer', 'region', 'of', 'hiv-1', '.']
38	['B-A1', 'I-A1', 'I-A1', 'I-A1', 'O', 'O', 'O', 'O', 'B-V', 'O', 'B-A3', 'I-A3', 'I-A3', 'I-A3', 'I-A3', 'O', 'O', 'O', 'O', 'O', 'O', 'O', 'O', 'O', 'O']	['c-terminally', 'truncated', 'stat5a', 'proteins', 'that', 'can', 'be', 'remarkably', '#truncated', 'at', 'amino', 'acids', '762', 'or', '773', 'had', 'no', 'effect', 'on', 'the', 'induction', 'of', 'either', 'gene', '.']
39	['O', 'O', 'B-A1', 'I-A1', 'I-A1', 'O', 'O', 'O', 'B-A2', 'O', 'O', 'B-V', 'O', 'B-A3', 'I-A3', 'I-A3', 'I-A3', 'I-A3', 'O', 'O', 'O', 'O', 'O', 'O', 'O', 'O', 'O', 'O', 'O', 'O', 'O', 'O', 'O', 'O', 'O', 'O', 'I-A3', 'O', 'O', 'O', 'O', 'O', 'O', 'O', 'O', 'O', 'O', 'O']	['specifically', ',', 'the', 'stat5a', 'molecule', 'in', 'which', 'the', 'c-terminus', 'has', 'been', '#truncated', 'at', 'amino', 'acids', '740', 'or', '751', 'effectively', 'blocked', 'the', 'induction', 'of', 'both', 'cis', 'and', 'osm', ',', 'whereas', 'the', 'c-terminal', 'truncations', 'at', 'amino', 'acids', '762', 'or', '773', 'had', 'no', 'effect', 'on', 'the', 'induction', 'of', 'either', 'gene', '.']
40	['B-A1', 'I-A1', 'I-A1', 'I-A1', 'O', 'O', 'O', 'B-V', 'O', 'B-A3', 'I-A3', 'I-A3', 'I-A3', 'I-A3', 'O', 'O', 'O', 'O', 'O', 'O', 'O', 'O', 'O', 'O']	['c-terminally', 'truncated', 'stat5a', 'proteins', 'that', 'were', 'remarkably', '#truncated', 'at', 'amino', 'acids', '762', 'or', '773', 'had', 'no', 'effect', 'on', 'the', 'induction', 'of', 'either', 'gene', '.']
41	['B-A1', 'I-A1', 'I-A1', 'I-A1', 'O', 'O', 'O', 'O', 'B-V', 'O', 'B-A3', 'I-A3', 'I-A3', 'I-A3', 'I-A3', 'O', 'O', 'O', 'O', 'O', 'O', 'O', 'O', 'O', 'O']	['c-terminally', 'truncated', 'stat5a', 'proteins', 'shown', 'to', 'be', 'remarkably', '#truncated', 'at', 'amino', 'acids', '762', 'or', '773', 'had', 'no', 'effect', 'on', 'the', 'induction', 'of', 'either', 'gene', '.']
42	['O', 'O', 'O', 'O', 'O', 'O', 'O', 'O', 'O', 'O', 'O', 'O', 'O', 'O', 'O', 'O', 'B-A1', 'I-A1', 'I-A1', 'I-A1', 'O', 'O', 'O', 'O', 'O', 'O', 'O', 'O', 'O', 'O', 'O', 'O', 'B-V', 'O', 'O', 'O', 'O', 'O', 'O', 'O', 'O', 'O', 'O', 'O', 'O', 'O']	['electrophoretic', 'mobility', 'shift', 'assays', 'showed', 'that', 'the', 'full-length', 'bcl6', 'protein', 'extracted', 'from', 'transfected', 'cos', 'cells', 'and', 'a', 'bacterially', 'expressed', 'protein', 'that', 'contains', 'the', 'bcl6', 'zinc', 'fingers', 'and', 'is', 'observed', 'to', 'be', 'remarkably', '#truncated', 'can', 'bind', 'specifically', 'to', 'dna', 'from', 'the', 'u3', 'promoter/enhancer', 'region', 'of', 'hiv-1', '.']
43	['B-A1', 'I-A1', 'I-A1', 'I-A1', 'O', 'O', 'O', 'O', 'O', 'B-V', 'O', 'B-A3', 'I-A3', 'I-A3', 'I-A3', 'I-A3', 'O', 'O', 'O', 'O', 'O', 'O', 'O', 'O', 'O', 'O']	['c-terminally', 'truncated', 'stat5a', 'proteins', 'that', 'are', 'observed', 'to', 'be', '#truncated', 'at', 'amino', 'acids', '762', 'or', '773', 'had', 'no', 'effect', 'on', 'the', 'induction', 'of', 'either', 'gene', '.']
44	['B-A1', 'I-A1', 'I-A1', 'I-A1', 'O', 'B-V', 'O', 'B-A3', 'I-A3', 'I-A3', 'I-A3', 'I-A3', 'O', 'O', 'O', 'O', 'O', 'O', 'O', 'O', 'O', 'O']	['c-terminally', 'truncated', 'stat5a', 'proteins', ',', '#truncated', 'at', 'amino', 'acids', '762', 'or', '773', 'had', 'no', 'effect', 'on', 'the', 'induction', 'of', 'either', 'gene', '.']
45	['O', 'O', 'B-A1', 'I-A1', 'I-A1', 'O', 'O', 'O', 'B-A2', 'O', 'O', 'O', 'B-V', 'O', 'B-A3', 'I-A3', 'I-A3', 'I-A3', 'I-A3', 'O', 'O', 'O', 'O', 'O', 'O', 'O', 'O', 'O', 'O', 'O', 'O', 'O', 'O', 'O', 'O', 'O', 'O', 'I-A3', 'O', 'O', 'O', 'O', 'O', 'O', 'O', 'O', 'O', 'O', 'O']	['specifically', ',', 'the', 'stat5a', 'molecule', 'in', 'which', 'the', 'c-terminus', 'will', 'be', 'remarkably', '#truncated', 'at', 'amino', 'acids', '740', 'or', '751', 'effectively', 'blocked', 'the', 'induction', 'of', 'both', 'cis', 'and', 'osm', ',', 'whereas', 'the', 'c-terminal', 'truncations', 'at', 'amino', 'acids', '762', 'or', '773', 'had', 'no', 'effect', 'on', 'the', 'induction', 'of', 'either', 'gene', '.']
46	['O', 'O', 'O', 'O', 'O', 'B-A1', 'I-A1', 'O', 'O', 'B-V', 'O', 'O', 'B-A3', 'I-A3', 'I-A3', 'I-A3', 'O', 'O', 'O', 'B-A1', 'O', 'O', 'O', 'O', 'O', 'O', 'O', 'O', 'O']	['to', 'generate', 'this', 'protein', ',', 'the', 'receptor', 'may', 'be', '#truncated', 'prior', 'to', 'two', 'consecutive', 'proline', 'residues', '(`pp-motif_)', 'present', 'in', 'the', 'junction', 'between', 'domains', '2', 'and', '3', '(figure', '1)', '.']
47	['O', 'O', 'B-A1', 'I-A1', 'I-A1', 'O', 'O', 'O', 'B-A2', 'O', 'O', 'O', 'O', 'O', 'O', 'B-V', 'O', 'B-A3', 'I-A3', 'I-A3', 'I-A3', 'I-A3', 'O', 'O', 'O', 'O', 'O', 'O', 'O', 'O', 'O', 'O', 'O', 'O', 'O', 'O', 'O', 'O', 'O', 'O', 'I-A3', 'O', 'O', 'O', 'O', 'O', 'O', 'O', 'O', 'O', 'O', 'O']	['specifically', ',', 'the', 'stat5a', 'molecule', 'in', 'which', 'the', 'c-terminus', 'has', 'the', 'ability', 'to', 'be', 'remarkably', '#truncated', 'at', 'amino', 'acids', '740', 'or', '751', 'effectively', 'blocked', 'the', 'induction', 'of', 'both', 'cis', 'and', 'osm', ',', 'whereas', 'the', 'c-terminal', 'truncations', 'at', 'amino', 'acids', '762', 'or', '773', 'had', 'no', 'effect', 'on', 'the', 'induction', 'of', 'either', 'gene', '.']
48	['O', 'O', 'O', 'O', 'O', 'O', 'O', 'O', 'O', 'O', 'O', 'O', 'O', 'O', 'O', 'O', 'B-A1', 'I-A1', 'I-A1', 'I-A1', 'O', 'O', 'O', 'O', 'O', 'O', 'O', 'O', 'O', 'B-V', 'O', 'O', 'O', 'O', 'O', 'O', 'O', 'O', 'O', 'O', 'O', 'O', 'O']	['electrophoretic', 'mobility', 'shift', 'assays', 'showed', 'that', 'the', 'full-length', 'bcl6', 'protein', 'extracted', 'from', 'transfected', 'cos', 'cells', 'and', 'a', 'bacterially', 'expressed', 'protein', 'that', 'contains', 'the', 'bcl6', 'zinc', 'fingers', 'and', 'will', 'be', '#truncated', 'can', 'bind', 'specifically', 'to', 'dna', 'from', 'the', 'u3', 'promoter/enhancer', 'region', 'of', 'hiv-1', '.']
49	['O', 'O', 'O', 'O', 'O', 'B-A1', 'I-A1', 'O', 'O', 'O', 'O', 'B-V', 'O', 'O', 'B-A3', 'I-A3', 'I-A3', 'I-A3', 'O', 'O', 'O', 'B-A1', 'O', 'O', 'O', 'O', 'O', 'O', 'O', 'O', 'O']	['to', 'generate', 'this', 'protein', ',', 'the', 'receptor', 'is', 'believed', 'to', 'be', '#truncated', 'prior', 'to', 'two', 'consecutive', 'proline', 'residues', '(`pp-motif_)', 'present', 'in', 'the', 'junction', 'between', 'domains', '2', 'and', '3', '(figure', '1)', '.']
50	['O', 'O', 'O', 'O', 'O', 'O', 'O', 'O', 'O', 'B-A1', 'O', 'O', 'O', 'B-V', 'O', 'O', 'B-A3', 'I-A3', 'O']	['to', 'generate', 'a', 'comparable', 'soluble', 'fragment', 'to', 'ic1-2d/190', ',', 'pvr', 'has', 'therefore', 'been', '#truncated', 'prior', 'to', 'the', 'pp-motif', '.']
51	['O', 'O', 'O', 'O', 'O', 'O', 'O', 'O', 'O', 'O', 'O', 'O', 'O', 'O', 'O', 'O', 'B-A1', 'I-A1', 'I-A1', 'I-A1', 'O', 'O', 'O', 'O', 'B-V', 'O', 'O', 'O', 'O', 'O', 'O', 'O', 'O', 'O', 'O', 'O', 'O', 'O', 'O', 'O', 'O', 'O', 'O', 'O']	['electrophoretic', 'mobility', 'shift', 'assays', 'showed', 'that', 'the', 'full-length', 'bcl6', 'protein', 'extracted', 'from', 'transfected', 'cos', 'cells', 'and', 'a', 'bacterially', 'expressed', 'protein', 'that', 'may', 'be', 'remarkably', '#truncated', 'and', 'contains', 'the', 'bcl6', 'zinc', 'fingers', 'can', 'bind', 'specifically', 'to', 'dna', 'from', 'the', 'u3', 'promoter/enhancer', 'region', 'of', 'hiv-1', '.']
52	['O', 'O', 'O', 'O', 'O', 'O', 'O', 'O', 'O', 'O', 'O', 'B-A1', 'O', 'O', 'O', 'O', 'O', 'B-V', 'O', 'O', 'B-A3', 'I-A3', 'O']	['therefore', ',', 'to', 'generate', 'a', 'comparable', 'soluble', 'fragment', 'to', 'ic1-2d/190', ',', 'pvr', 'is', 'also', 'likely', 'to', 'be', '#truncated', 'prior', 'to', 'the', 'pp-motif', '.']
53	['O', 'O', 'O', 'O', 'O', 'O', 'O', 'O', 'O', 'B-A1', 'O', 'O', 'O', 'O', 'O', 'B-V', 'O', 'O', 'B-A3', 'I-A3', 'O']	['to', 'generate', 'a', 'comparable', 'soluble', 'fragment', 'to', 'ic1-2d/190', ',', 'pvr', 'is', 'therefore', 'likely', 'to', 'be', '#truncated', 'prior', 'to', 'the', 'pp-motif', '.']
54	['B-A1', 'I-A1', 'I-A1', 'I-A1', 'O', 'O', 'O', 'O', 'O', 'O', 'B-V', 'O', 'B-A3', 'I-A3', 'I-A3', 'I-A3', 'I-A3', 'O', 'O', 'O', 'O', 'O', 'O', 'O', 'O', 'O', 'O']	['c-terminally', 'truncated', 'stat5a', 'proteins', 'that', 'are', 'observed', 'to', 'be', 'remarkably', '#truncated', 'at', 'amino', 'acids', '762', 'or', '773', 'had', 'no', 'effect', 'on', 'the', 'induction', 'of', 'either', 'gene', '.']
55	['O', 'O', 'B-A1', 'I-A1', 'I-A1', 'O', 'O', 'O', 'B-A2', 'O', 'O', 'O', 'B-V', 'O', 'B-A3', 'I-A3', 'I-A3', 'I-A3', 'I-A3', 'O', 'O', 'O', 'O', 'O', 'O', 'O', 'O', 'O', 'O', 'O', 'O', 'O', 'O', 'O', 'O', 'O', 'O', 'I-A3', 'O', 'O', 'O', 'O', 'O', 'O', 'O', 'O', 'O', 'O', 'O']	['specifically', ',', 'the', 'stat5a', 'molecule', 'in', 'which', 'the', 'c-terminus', 'has', 'been', 'remarkably', '#truncated', 'at', 'amino', 'acids', '740', 'or', '751', 'effectively', 'blocked', 'the', 'induction', 'of', 'both', 'cis', 'and', 'osm', ',', 'whereas', 'the', 'c-terminal', 'truncations', 'at', 'amino', 'acids', '762', 'or', '773', 'had', 'no', 'effect', 'on', 'the', 'induction', 'of', 'either', 'gene', '.']
56	['O', 'O', 'O', 'O', 'O', 'O', 'O', 'O', 'O', 'O', 'O', 'O', 'O', 'O', 'O', 'O', 'B-A1', 'I-A1', 'I-A1', 'I-A1', 'O', 'O', 'O', 'O', 'O', 'O', 'O', 'O', 'O', 'B-V', 'O', 'O', 'O', 'O', 'O', 'O', 'O', 'O', 'O', 'O', 'O', 'O', 'O']	['electrophoretic', 'mobility', 'shift', 'assays', 'showed', 'that', 'the', 'full-length', 'bcl6', 'protein', 'extracted', 'from', 'transfected', 'cos', 'cells', 'and', 'a', 'bacterially', 'expressed', 'protein', 'that', 'contained', 'the', 'bcl6', 'zinc', 'fingers', 'and', 'was', 'remarkably', '#truncated', 'can', 'bind', 'specifically', 'to', 'dna', 'from', 'the', 'u3', 'promoter/enhancer', 'region', 'of', 'hiv-1', '.']
57	['B-A1', 'I-A1', 'I-A1', 'I-A1', 'O', 'O', 'B-V', 'O', 'B-A3', 'I-A3', 'I-A3', 'I-A3', 'I-A3', 'O', 'O', 'O', 'O', 'O', 'O', 'O', 'O', 'O', 'O']	['c-terminally', 'truncated', 'stat5a', 'proteins', 'that', 'were', '#truncated', 'at', 'amino', 'acids', '762', 'or', '773', 'had', 'no', 'effect', 'on', 'the', 'induction', 'of', 'either', 'gene', '.']
58	['O', 'O', 'O', 'O', 'O', 'O', 'O', 'O', 'O', 'O', 'O', 'O', 'O', 'O', 'O', 'O', 'B-A1', 'I-A1', 'I-A1', 'I-A1', 'O', 'O', 'O', 'O', 'O', 'O', 'O', 'O', 'O', 'B-V', 'O', 'O', 'O', 'O', 'O', 'O', 'O', 'O', 'O', 'O', 'O', 'O', 'O']	['electrophoretic', 'mobility', 'shift', 'assays', 'showed', 'that', 'the', 'full-length', 'bcl6', 'protein', 'extracted', 'from', 'transfected', 'cos', 'cells', 'and', 'a', 'bacterially', 'expressed', 'protein', 'that', 'contains', 'the', 'bcl6', 'zinc', 'fingers', 'and', 'can', 'be', '#truncated', 'can', 'bind', 'specifically', 'to', 'dna', 'from', 'the', 'u3', 'promoter/enhancer', 'region', 'of', 'hiv-1', '.']
59	['O', 'O', 'O', 'O', 'O', 'O', 'O', 'O', 'O', 'O', 'O', 'O', 'O', 'O', 'O', 'O', 'B-A1', 'I-A1', 'I-A1', 'I-A1', 'O', 'O', 'O', 'O', 'B-V', 'O', 'O', 'O', 'O', 'O', 'O', 'O', 'O', 'O', 'O', 'O', 'O', 'O', 'O', 'O', 'O', 'O', 'O', 'O']	['electrophoretic', 'mobility', 'shift', 'assays', 'showed', 'that', 'the', 'full-length', 'bcl6', 'protein', 'extracted', 'from', 'transfected', 'cos', 'cells', 'and', 'a', 'bacterially', 'expressed', 'protein', 'that', 'will', 'be', 'remarkably', '#truncated', 'and', 'contains', 'the', 'bcl6', 'zinc', 'fingers', 'can', 'bind', 'specifically', 'to', 'dna', 'from', 'the', 'u3', 'promoter/enhancer', 'region', 'of', 'hiv-1', '.']
60	['O', 'O', 'O', 'O', 'O', 'O', 'O', 'O', 'O', 'O', 'O', 'B-A1', 'O', 'O', 'O', 'B-V', 'O', 'O', 'B-A3', 'I-A3', 'O']	['therefore', ',', 'to', 'generate', 'a', 'comparable', 'soluble', 'fragment', 'to', 'ic1-2d/190', ',', 'pvr', 'can', 'also', 'be', '#truncated', 'prior', 'to', 'the', 'pp-motif', '.']
61	['O', 'O', 'O', 'O', 'O', 'O', 'O', 'O', 'O', 'O', 'O', 'O', 'O', 'O', 'O', 'O', 'O', 'O', 'B-A2', 'I-A2', 'I-A2', 'I-A2', 'I-A2', 'I-A2', 'O', 'O', 'O', 'O', 'B-V', 'O', 'O', 'O', 'O', 'O', 'O', 'O', 'O', 'O', 'O']	['the', 'putative', 'resulting', 'protein', 'retained', 'the', 'region', 'encoding', 'the', 'structural', 'and', 'functional', 'elements', 'of', 'the', 'amine', 'oxidase', 'but', 'the', 'second', 'and', 'fourth', 'srcr', 'domains', 'are', 'likely', 'to', 'be', '#truncated', 'and', 'the', 'potential', 'bmp-1', 'cleavage', 'site', 'was', 'not', 'present', '.']
62	['O', 'O', 'O', 'O', 'O', 'O', 'O', 'O', 'O', 'O', 'O', 'B-A1', 'O', 'O', 'O', 'B-V', 'O', 'O', 'B-A3', 'I-A3', 'O']	['therefore', ',', 'to', 'generate', 'a', 'comparable', 'soluble', 'fragment', 'to', 'ic1-2d/190', ',', 'pvr', 'may', 'have', 'been', '#truncated', 'prior', 'to', 'the', 'pp-motif', '.']
63	['O', 'O', 'O', 'O', 'O', 'O', 'O', 'O', 'O', 'O', 'O', 'O', 'O', 'O', 'O', 'O', 'B-A1', 'I-A1', 'I-A1', 'I-A1', 'O', 'O', 'O', 'B-V', 'O', 'O', 'O', 'O', 'O', 'O', 'O', 'O', 'O', 'O', 'O', 'O', 'O', 'O', 'O', 'O', 'O', 'O', 'O']	['electrophoretic', 'mobility', 'shift', 'assays', 'showed', 'that', 'the', 'full-length', 'bcl6', 'protein', 'extracted', 'from', 'transfected', 'cos', 'cells', 'and', 'a', 'bacterially', 'expressed', 'protein', 'that', 'is', 'remarkably', '#truncated', 'and', 'contains', 'the', 'bcl6', 'zinc', 'fingers', 'can', 'bind', 'specifically', 'to', 'dna', 'from', 'the', 'u3', 'promoter/enhancer', 'region', 'of', 'hiv-1', '.']
64	['O', 'O', 'O', 'O', 'O', 'O', 'O', 'O', 'O', 'O', 'O', 'O', 'O', 'O', 'O', 'O', 'B-A1', 'I-A1', 'I-A1', 'I-A1', 'O', 'O', 'O', 'O', 'O', 'O', 'O', 'O', 'O', 'O', 'B-V', 'O', 'O', 'O', 'O', 'O', 'O', 'O', 'O', 'O', 'O', 'O', 'O', 'O']	['electrophoretic', 'mobility', 'shift', 'assays', 'showed', 'that', 'the', 'full-length', 'bcl6', 'protein', 'extracted', 'from', 'transfected', 'cos', 'cells', 'and', 'a', 'bacterially', 'expressed', 'protein', 'that', 'contains', 'the', 'bcl6', 'zinc', 'fingers', 'and', 'will', 'be', 'remarkably', '#truncated', 'can', 'bind', 'specifically', 'to', 'dna', 'from', 'the', 'u3', 'promoter/enhancer', 'region', 'of', 'hiv-1', '.']
65	['O', 'O', 'B-A1', 'I-A1', 'I-A1', 'O', 'O', 'O', 'B-A2', 'O', 'O', 'B-V', 'O', 'B-A3', 'I-A3', 'I-A3', 'I-A3', 'I-A3', 'O', 'O', 'O', 'O', 'O', 'O', 'O', 'O', 'O', 'O', 'O', 'O', 'O', 'O', 'O', 'O', 'O', 'O', 'I-A3', 'O', 'O', 'O', 'O', 'O', 'O', 'O', 'O', 'O', 'O', 'O']	['specifically', ',', 'the', 'stat5a', 'molecule', 'in', 'which', 'the', 'c-terminus', 'may', 'be', '#truncated', 'at', 'amino', 'acids', '740', 'or', '751', 'effectively', 'blocked', 'the', 'induction', 'of', 'both', 'cis', 'and', 'osm', ',', 'whereas', 'the', 'c-terminal', 'truncations', 'at', 'amino', 'acids', '762', 'or', '773', 'had', 'no', 'effect', 'on', 'the', 'induction', 'of', 'either', 'gene', '.']
66	['O', 'O', 'O', 'O', 'O', 'O', 'O', 'O', 'O', 'O', 'O', 'O', 'O', 'O', 'O', 'O', 'O', 'O', 'B-A2', 'I-A2', 'I-A2', 'I-A2', 'I-A2', 'I-A2', 'O', 'O', 'O', 'O', 'B-V', 'O', 'O', 'O', 'O', 'O', 'O', 'O', 'O', 'O', 'O']	['the', 'putative', 'resulting', 'protein', 'retained', 'the', 'region', 'encoding', 'the', 'structural', 'and', 'functional', 'elements', 'of', 'the', 'amine', 'oxidase', 'but', 'the', 'second', 'and', 'fourth', 'srcr', 'domains', 'are', 'able', 'to', 'be', '#truncated', 'and', 'the', 'potential', 'bmp-1', 'cleavage', 'site', 'is', 'not', 'present', '.']
67	['O', 'O', 'O', 'O', 'O', 'O', 'O', 'O', 'O', 'O', 'O', 'O', 'O', 'O', 'O', 'O', 'B-A1', 'I-A1', 'I-A1', 'I-A1', 'O', 'O', 'O', 'O', 'O', 'O', 'O', 'O', 'O', 'O', 'O', 'B-V', 'O', 'O', 'O', 'O', 'O', 'O', 'O', 'O', 'O', 'O', 'O', 'O', 'O']	['electrophoretic', 'mobility', 'shift', 'assays', 'showed', 'that', 'the', 'full-length', 'bcl6', 'protein', 'extracted', 'from', 'transfected', 'cos', 'cells', 'and', 'a', 'bacterially', 'expressed', 'protein', 'that', 'contains', 'the', 'bcl6', 'zinc', 'fingers', 'and', 'is', 'observed', 'to', 'be', '#truncated', 'can', 'bind', 'specifically', 'to', 'dna', 'from', 'the', 'u3', 'promoter/enhancer', 'region', 'of', 'hiv-1', '.']
68	['B-A1', 'I-A1', 'I-A1', 'I-A1', 'O', 'O', 'O', 'O', 'O', 'O', 'B-V', 'O', 'B-A3', 'I-A3', 'I-A3', 'I-A3', 'I-A3', 'O', 'O', 'O', 'O', 'O', 'O', 'O', 'O', 'O', 'O']	['c-terminally', 'truncated', 'stat5a', 'proteins', 'that', 'are', 'able', 'to', 'be', 'remarkably', '#truncated', 'at', 'amino', 'acids', '762', 'or', '773', 'had', 'no', 'effect', 'on', 'the', 'induction', 'of', 'either', 'gene', '.']
69	['B-A1', 'I-A1', 'I-A1', 'I-A1', 'O', 'O', 'O', 'O', 'O', 'B-V', 'O', 'B-A3', 'I-A3', 'I-A3', 'I-A3', 'I-A3', 'O', 'O', 'O', 'O', 'O', 'O', 'O', 'O', 'O', 'O']	['c-terminally', 'truncated', 'stat5a', 'proteins', 'that', 'are', 'likely', 'to', 'be', '#truncated', 'at', 'amino', 'acids', '762', 'or', '773', 'had', 'no', 'effect', 'on', 'the', 'induction', 'of', 'either', 'gene', '.']
70	['O', 'O', 'O', 'O', 'O', 'O', 'O', 'O', 'O', 'O', 'O', 'O', 'O', 'O', 'O', 'O', 'O', 'O', 'B-A2', 'I-A2', 'I-A2', 'I-A2', 'I-A2', 'I-A2', 'O', 'O', 'O', 'B-V', 'O', 'O', 'O', 'O', 'O', 'O', 'O', 'O', 'O', 'O']	['the', 'putative', 'resulting', 'protein', 'retained', 'the', 'region', 'encoding', 'the', 'structural', 'and', 'functional', 'elements', 'of', 'the', 'amine', 'oxidase', 'but', 'the', 'second', 'and', 'fourth', 'srcr', 'domains', 'may', 'have', 'been', '#truncated', 'and', 'the', 'potential', 'bmp-1', 'cleavage', 'site', 'is', 'not', 'present', '.']
71	['O', 'O', 'O', 'O', 'O', 'O', 'O', 'O', 'O', 'O', 'O', 'O', 'O', 'O', 'O', 'O', 'B-A1', 'I-A1', 'I-A1', 'I-A1', 'O', 'O', 'O', 'O', 'O', 'O', 'O', 'O', 'O', 'O', 'O', 'B-V', 'O', 'O', 'O', 'O', 'O', 'O', 'O', 'O', 'O', 'O', 'O', 'O', 'O']	['electrophoretic', 'mobility', 'shift', 'assays', 'showed', 'that', 'the', 'full-length', 'bcl6', 'protein', 'extracted', 'from', 'transfected', 'cos', 'cells', 'and', 'a', 'bacterially', 'expressed', 'protein', 'that', 'contains', 'the', 'bcl6', 'zinc', 'fingers', 'and', 'is', 'likely', 'to', 'be', '#truncated', 'can', 'bind', 'specifically', 'to', 'dna', 'from', 'the', 'u3', 'promoter/enhancer', 'region', 'of', 'hiv-1', '.']
72	['O', 'O', 'B-A0', 'I-A0', 'I-A0', 'I-A0', 'I-A0', 'I-A0', 'I-A0', 'I-A0', 'I-A0', 'I-A0', 'I-A0', 'I-A0', 'I-A0', 'I-A0', 'I-A0', 'O', 'O', 'B-V', 'B-A1', 'I-A1', 'O']	['virtually', 'all', 'nonsense', 'mutations', '(32%)', ',', 'insertions', 'or', 'deletions', '(29', '.6%)', ',', 'or', 'splicing', 'changes', '(6', '.2%)', 'can', 'dramatically', '#truncate', 'the', 'protein', '.']
73	['O', 'O', 'O', 'B-A0', 'I-A0', 'I-A0', 'I-A0', 'I-A0', 'I-A0', 'I-A0', 'I-A0', 'I-A0', 'I-A0', 'I-A0', 'I-A0', 'I-A0', 'O', 'O', 'O', 'O', 'O', 'O', 'O', 'O', 'B-V', 'B-A1', 'I-A1', 'I-A1', 'O', 'O', 'O', 'O', 'O', 'O', 'O', 'O', 'O', 'I-A1', 'O', 'O', 'O', 'O', 'O', 'I-A0', 'O', 'O']	['previous', 'studies', 'using', 'wild-type', 'encephalomyocarditis', 'virus', '(emcv)', 'and', 'mengo', 'virus', ',', 'and', 'variants', 'of', 'these', 'viruses', 'observed', 'to', 'be', 'genetically', 'engineered', 'to', 'substitute', 'or', '#truncate', 'the', 'poly(c)', 'tracts', 'have', 'produced', 'conflicting', 'data', 'on', 'the', 'role', 'of', 'the', 'poly(c)', 'tract', 'in', 'the', 'virulence', 'of', 'these', 'viruses', '.']
74	['O', 'O', 'O', 'B-A0', 'I-A0', 'I-A0', 'I-A0', 'I-A0', 'I-A0', 'I-A0', 'I-A0', 'I-A0', 'I-A0', 'I-A0', 'I-A0', 'I-A0', 'I-A0', 'I-A0', 'O', 'O', 'O', 'O', 'O', 'O', 'O', 'B-V', 'O', 'O', 'B-A1', 'I-A1', 'O', 'O', 'O', 'O', 'O', 'B-A1', 'O', 'O', 'B-A1', 'O', 'O', 'O', 'B-A1', 'O', 'O', 'O', 'O', 'O']	['previous', 'studies', 'using', 'nonsense', 'mutations', '(32%)', ',', 'insertions', 'or', 'deletions', '(29', '.6%)', ',', 'or', 'splicing', 'changes', '(6', '.2%)', 'being', 'able', 'to', 'be', 'genetically', 'engineered', 'to', '#truncate', 'or', 'substitute', 'the', 'protein', 'have', 'produced', 'conflicting', 'data', 'on', 'the', 'role', 'of', 'the', 'poly(c)', 'tract', 'in', 'the', 'virulence', 'of', 'these', 'viruses', '.']
75	['O', 'O', 'O', 'B-A0', 'I-A0', 'I-A0', 'I-A0', 'I-A0', 'I-A0', 'I-A0', 'I-A0', 'I-A0', 'I-A0', 'I-A0', 'I-A0', 'I-A0', 'I-A0', 'I-A0', 'O', 'O', 'O', 'O', 'O', 'O', 'O', 'O', 'O', 'O', 'B-V', 'B-A1', 'I-A1', 'O', 'O', 'O', 'O', 'O', 'B-A1', 'O', 'O', 'B-A1', 'O', 'O', 'O', 'B-A1', 'O', 'O', 'O', 'O', 'O']	['previous', 'studies', 'using', 'nonsense', 'mutations', '(32%)', ',', 'insertions', 'or', 'deletions', '(29', '.6%)', ',', 'or', 'splicing', 'changes', '(6', '.2%)', 'that', 'are', 'likely', 'to', 'be', 'genetically', 'engineered', 'to', 'substitute', 'or', '#truncate', 'the', 'protein', 'have', 'produced', 'conflicting', 'data', 'on', 'the', 'role', 'of', 'the', 'poly(c)', 'tract', 'in', 'the', 'virulence', 'of', 'these', 'viruses', '.']
76	['O', 'O', 'O', 'B-A0', 'I-A0', 'I-A0', 'I-A0', 'I-A0', 'I-A0', 'I-A0', 'I-A0', 'I-A0', 'I-A0', 'I-A0', 'I-A0', 'I-A0', 'I-A0', 'I-A0', 'O', 'O', 'O', 'O', 'O', 'O', 'B-V', 'O', 'O', 'B-A1', 'I-A1', 'O', 'O', 'O', 'O', 'O', 'B-A1', 'O', 'O', 'B-A1', 'O', 'O', 'O', 'B-A1', 'O', 'O', 'O', 'O', 'O']	['previous', 'studies', 'using', 'nonsense', 'mutations', '(32%)', ',', 'insertions', 'or', 'deletions', '(29', '.6%)', ',', 'or', 'splicing', 'changes', '(6', '.2%)', 'that', 'may', 'be', 'genetically', 'engineered', 'to', '#truncate', 'or', 'substitute', 'the', 'protein', 'have', 'produced', 'conflicting', 'data', 'on', 'the', 'role', 'of', 'the', 'poly(c)', 'tract', 'in', 'the', 'virulence', 'of', 'these', 'viruses', '.']
77	['O', 'O', 'B-A0', 'I-A0', 'I-A0', 'I-A0', 'I-A0', 'I-A0', 'I-A0', 'I-A0', 'I-A0', 'I-A0', 'I-A0', 'I-A0', 'I-A0', 'I-A0', 'I-A0', 'B-V', 'B-A1', 'I-A1', 'O']	['virtually', 'all', 'nonsense', 'mutations', '(32%)', ',', 'insertions', 'or', 'deletions', '(29', '.6%)', ',', 'or', 'splicing', 'changes', '(6', '.2%)', '#truncate', 'the', 'protein', '.']
78	['O', 'O', 'O', 'B-A0', 'I-A0', 'I-A0', 'I-A0', 'I-A0', 'I-A0', 'I-A0', 'I-A0', 'I-A0', 'I-A0', 'I-A0', 'I-A0', 'I-A0', 'O', 'O', 'O', 'O', 'O', 'O', 'O', 'O', 'O', 'O', 'O', 'B-V', 'B-A1', 'I-A1', 'I-A1', 'O', 'O', 'O', 'O', 'O', 'O', 'O', 'O', 'O', 'I-A1', 'O', 'O', 'O', 'O', 'O', 'I-A0', 'O', 'O']	['previous', 'studies', 'using', 'wild-type', 'encephalomyocarditis', 'virus', '(emcv)', 'and', 'mengo', 'virus', ',', 'and', 'variants', 'of', 'these', 'viruses', 'that', 'have', 'been', 'shown', 'to', 'be', 'genetically', 'engineered', 'to', 'substitute', 'or', '#truncate', 'the', 'poly(c)', 'tracts', 'have', 'produced', 'conflicting', 'data', 'on', 'the', 'role', 'of', 'the', 'poly(c)', 'tract', 'in', 'the', 'virulence', 'of', 'these', 'viruses', '.']
79	['O', 'O', 'B-A0', 'I-A0', 'I-A0', 'I-A0', 'I-A0', 'I-A0', 'I-A0', 'I-A0', 'I-A0', 'I-A0', 'I-A0', 'I-A0', 'I-A0', 'I-A0', 'I-A0', 'O', 'O', 'O', 'O', 'O', 'B-V', 'B-A1', 'I-A1', 'O']	['virtually', 'all', 'nonsense', 'mutations', '(32%)', ',', 'insertions', 'or', 'deletions', '(29', '.6%)', ',', 'or', 'splicing', 'changes', '(6', '.2%)', 'have', 'the', 'ability', 'to', 'dramatically', '#truncate', 'the', 'protein', '.']
80	['O', 'O', 'B-A0', 'I-A0', 'I-A0', 'I-A0', 'I-A0', 'I-A0', 'I-A0', 'I-A0', 'I-A0', 'I-A0', 'I-A0', 'I-A0', 'I-A0', 'O', 'O', 'B-V', 'B-A1', 'I-A1', 'I-A1', 'O']	['virtually', 'all', 'wild-type', 'encephalomyocarditis', 'virus', '(emcv)', 'and', 'mengo', 'virus', ',', 'and', 'variants', 'of', 'these', 'viruses', 'have', 'dramatically', '#truncated', 'the', 'poly(c)', 'tracts', '.']
81	['O', 'O', 'B-A0', 'I-A0', 'I-A0', 'I-A0', 'I-A0', 'I-A0', 'I-A0', 'I-A0', 'I-A0', 'I-A0', 'I-A0', 'I-A0', 'I-A0', 'I-A0', 'I-A0', 'O', 'B-V', 'B-A1', 'I-A1', 'O']	['virtually', 'all', 'nonsense', 'mutations', '(32%)', ',', 'insertions', 'or', 'deletions', '(29', '.6%)', ',', 'or', 'splicing', 'changes', '(6', '.2%)', 'may', '#truncate', 'the', 'protein', '.']
82	['O', 'O', 'B-A0', 'I-A0', 'I-A0', 'I-A0', 'I-A0', 'I-A0', 'I-A0', 'I-A0', 'I-A0', 'I-A0', 'I-A0', 'I-A0', 'I-A0', 'O', 'O', 'O', 'B-V', 'B-A1', 'I-A1', 'I-A1', 'O']	['virtually', 'all', 'wild-type', 'encephalomyocarditis', 'virus', '(emcv)', 'and', 'mengo', 'virus', ',', 'and', 'variants', 'of', 'these', 'viruses', 'are', 'able', 'to', '#truncate', 'the', 'poly(c)', 'tracts', '.']
83	['O', 'O', 'B-A0', 'I-A0', 'I-A0', 'I-A0', 'I-A0', 'I-A0', 'I-A0', 'I-A0', 'I-A0', 'I-A0', 'I-A0', 'I-A0', 'I-A0', 'O', 'O', 'B-V', 'B-A1', 'I-A1', 'I-A1', 'O']	['virtually', 'all', 'wild-type', 'encephalomyocarditis', 'virus', '(emcv)', 'and', 'mengo', 'virus', ',', 'and', 'variants', 'of', 'these', 'viruses', 'will', 'dramatically', '#truncate', 'the', 'poly(c)', 'tracts', '.']
84	['O', 'O', 'O', 'B-A0', 'I-A0', 'I-A0', 'I-A0', 'I-A0', 'I-A0', 'I-A0', 'I-A0', 'I-A0', 'I-A0', 'I-A0', 'I-A0', 'I-A0', 'I-A0', 'I-A0', 'O', 'O', 'O', 'O', 'O', 'O', 'O', 'O', 'B-V', 'B-A1', 'I-A1', 'O', 'O', 'O', 'O', 'O', 'B-A1', 'O', 'O', 'B-A1', 'O', 'O', 'O', 'B-A1', 'O', 'O', 'O', 'O', 'O']	['previous', 'studies', 'using', 'nonsense', 'mutations', '(32%)', ',', 'insertions', 'or', 'deletions', '(29', '.6%)', ',', 'or', 'splicing', 'changes', '(6', '.2%)', 'that', 'have', 'been', 'genetically', 'engineered', 'to', 'substitute', 'or', '#truncate', 'the', 'protein', 'have', 'produced', 'conflicting', 'data', 'on', 'the', 'role', 'of', 'the', 'poly(c)', 'tract', 'in', 'the', 'virulence', 'of', 'these', 'viruses', '.']
85	['O', 'O', 'B-A0', 'I-A0', 'I-A0', 'I-A0', 'I-A0', 'I-A0', 'I-A0', 'I-A0', 'I-A0', 'I-A0', 'I-A0', 'I-A0', 'I-A0', 'I-A0', 'I-A0', 'O', 'O', 'B-V', 'B-A1', 'I-A1', 'O']	['virtually', 'all', 'nonsense', 'mutations', '(32%)', ',', 'insertions', 'or', 'deletions', '(29', '.6%)', ',', 'or', 'splicing', 'changes', '(6', '.2%)', 'may', 'dramatically', '#truncate', 'the', 'protein', '.']
86	['O', 'O', 'O', 'B-A0', 'I-A0', 'I-A0', 'I-A0', 'I-A0', 'I-A0', 'I-A0', 'I-A0', 'I-A0', 'I-A0', 'I-A0', 'I-A0', 'I-A0', 'O', 'O', 'O', 'O', 'O', 'O', 'O', 'O', 'O', 'B-V', 'B-A1', 'I-A1', 'I-A1', 'O', 'O', 'O', 'O', 'O', 'O', 'O', 'O', 'O', 'I-A1', 'O', 'O', 'O', 'O', 'O', 'I-A0', 'O', 'O']	['previous', 'studies', 'using', 'wild-type', 'encephalomyocarditis', 'virus', '(emcv)', 'and', 'mengo', 'virus', ',', 'and', 'variants', 'of', 'these', 'viruses', 'that', 'may', 'have', 'been', 'genetically', 'engineered', 'to', 'substitute', 'or', '#truncate', 'the', 'poly(c)', 'tracts', 'have', 'produced', 'conflicting', 'data', 'on', 'the', 'role', 'of', 'the', 'poly(c)', 'tract', 'in', 'the', 'virulence', 'of', 'these', 'viruses', '.']
87	['O', 'O', 'O', 'B-A0', 'I-A0', 'I-A0', 'I-A0', 'I-A0', 'I-A0', 'I-A0', 'I-A0', 'I-A0', 'I-A0', 'I-A0', 'I-A0', 'I-A0', 'I-A0', 'I-A0', 'O', 'O', 'O', 'O', 'O', 'O', 'O', 'B-V', 'B-A1', 'I-A1', 'O', 'O', 'O', 'O', 'O', 'B-A1', 'O', 'O', 'B-A1', 'O', 'O', 'O', 'B-A1', 'O', 'O', 'O', 'O', 'O']	['previous', 'studies', 'using', 'nonsense', 'mutations', '(32%)', ',', 'insertions', 'or', 'deletions', '(29', '.6%)', ',', 'or', 'splicing', 'changes', '(6', '.2%)', 'that', 'are', 'genetically', 'engineered', 'to', 'substitute', 'or', '#truncate', 'the', 'protein', 'have', 'produced', 'conflicting', 'data', 'on', 'the', 'role', 'of', 'the', 'poly(c)', 'tract', 'in', 'the', 'virulence', 'of', 'these', 'viruses', '.']
88	['O', 'O', 'O', 'B-A0', 'I-A0', 'I-A0', 'I-A0', 'I-A0', 'I-A0', 'I-A0', 'I-A0', 'I-A0', 'I-A0', 'I-A0', 'I-A0', 'I-A0', 'I-A0', 'I-A0', 'O', 'O', 'O', 'O', 'O', 'O', 'O', 'O', 'O', 'B-V', 'B-A1', 'I-A1', 'O', 'O', 'O', 'O', 'O', 'B-A1', 'O', 'O', 'B-A1', 'O', 'O', 'O', 'B-A1', 'O', 'O', 'O', 'O', 'O']	['previous', 'studies', 'using', 'nonsense', 'mutations', '(32%)', ',', 'insertions', 'or', 'deletions', '(29', '.6%)', ',', 'or', 'splicing', 'changes', '(6', '.2%)', 'that', 'may', 'have', 'been', 'genetically', 'engineered', 'to', 'substitute', 'or', '#truncate', 'the', 'protein', 'have', 'produced', 'conflicting', 'data', 'on', 'the', 'role', 'of', 'the', 'poly(c)', 'tract', 'in', 'the', 'virulence', 'of', 'these', 'viruses', '.']
89	['O', 'O', 'B-A0', 'I-A0', 'I-A0', 'I-A0', 'I-A0', 'I-A0', 'I-A0', 'I-A0', 'I-A0', 'I-A0', 'I-A0', 'I-A0', 'I-A0', 'I-A0', 'I-A0', 'O', 'O', 'O', 'B-V', 'B-A1', 'I-A1', 'O']	['virtually', 'all', 'nonsense', 'mutations', '(32%)', ',', 'insertions', 'or', 'deletions', '(29', '.6%)', ',', 'or', 'splicing', 'changes', '(6', '.2%)', 'are', 'found', 'to', '#truncate', 'the', 'protein', '.']
90	['O', 'O', 'B-A0', 'I-A0', 'O', 'O', 'O', 'O', 'B-V', 'B-A1', 'I-A1', 'I-A1', 'O']	['virtually', 'all', 'tsc1', 'mutations', 'are', 'able', 'to', 'dramatically', '#truncate', 'the', 'protein', 'product', '.']
91	['O', 'O', 'O', 'B-A0', 'I-A0', 'I-A0', 'I-A0', 'I-A0', 'I-A0', 'I-A0', 'I-A0', 'I-A0', 'I-A0', 'I-A0', 'I-A0', 'I-A0', 'O', 'O', 'O', 'O', 'O', 'O', 'O', 'O', 'B-V', 'B-A1', 'I-A1', 'I-A1', 'O', 'O', 'O', 'O', 'O', 'O', 'O', 'O', 'O', 'I-A1', 'O', 'O', 'O', 'O', 'O', 'I-A0', 'O', 'O']	['previous', 'studies', 'using', 'wild-type', 'encephalomyocarditis', 'virus', '(emcv)', 'and', 'mengo', 'virus', ',', 'and', 'variants', 'of', 'these', 'viruses', 'shown', 'to', 'be', 'genetically', 'engineered', 'to', 'substitute', 'or', '#truncate', 'the', 'poly(c)', 'tracts', 'have', 'produced', 'conflicting', 'data', 'on', 'the', 'role', 'of', 'the', 'poly(c)', 'tract', 'in', 'the', 'virulence', 'of', 'these', 'viruses', '.']
92	['O', 'O', 'O', 'B-A0', 'I-A0', 'I-A0', 'I-A0', 'I-A0', 'I-A0', 'I-A0', 'I-A0', 'I-A0', 'I-A0', 'I-A0', 'I-A0', 'I-A0', 'O', 'O', 'O', 'O', 'O', 'O', 'B-V', 'O', 'O', 'B-A1', 'I-A1', 'I-A1', 'O', 'O', 'O', 'O', 'O', 'O', 'O', 'O', 'O', 'I-A1', 'O', 'O', 'O', 'O', 'O', 'I-A0', 'O', 'O']	['previous', 'studies', 'using', 'wild-type', 'encephalomyocarditis', 'virus', '(emcv)', 'and', 'mengo', 'virus', ',', 'and', 'variants', 'of', 'these', 'viruses', 'shown', 'to', 'be', 'genetically', 'engineered', 'to', '#truncate', 'or', 'substitute', 'the', 'poly(c)', 'tracts', 'have', 'produced', 'conflicting', 'data', 'on', 'the', 'role', 'of', 'the', 'poly(c)', 'tract', 'in', 'the', 'virulence', 'of', 'these', 'viruses', '.']
93	['O', 'O', 'O', 'B-A0', 'I-A0', 'O', 'O', 'O', 'O', 'O', 'O', 'B-V', 'O', 'O', 'B-A1', 'I-A1', 'I-A1', 'O', 'O', 'O', 'O', 'O', 'O', 'O', 'O', 'O', 'O', 'O', 'O', 'O', 'O', 'O', 'O', 'O', 'O']	['previous', 'studies', 'using', 'tsc1', 'mutations', 'observed', 'to', 'be', 'genetically', 'engineered', 'to', '#truncate', 'or', 'substitute', 'the', 'protein', 'product', 'have', 'produced', 'conflicting', 'data', 'on', 'the', 'role', 'of', 'the', 'poly(c)', 'tract', 'in', 'the', 'virulence', 'of', 'these', 'viruses', '.']
94	['O', 'O', 'O', 'B-A0', 'I-A0', 'I-A0', 'I-A0', 'I-A0', 'I-A0', 'I-A0', 'I-A0', 'I-A0', 'I-A0', 'I-A0', 'I-A0', 'I-A0', 'I-A0', 'I-A0', 'O', 'O', 'O', 'O', 'O', 'O', 'B-V', 'O', 'O', 'B-A1', 'I-A1', 'O', 'O', 'O', 'O', 'O', 'B-A1', 'O', 'O', 'B-A1', 'O', 'O', 'O', 'B-A1', 'O', 'O', 'O', 'O', 'O']	['previous', 'studies', 'using', 'nonsense', 'mutations', '(32%)', ',', 'insertions', 'or', 'deletions', '(29', '.6%)', ',', 'or', 'splicing', 'changes', '(6', '.2%)', 'observed', 'to', 'be', 'genetically', 'engineered', 'to', '#truncate', 'or', 'substitute', 'the', 'protein', 'have', 'produced', 'conflicting', 'data', 'on', 'the', 'role', 'of', 'the', 'poly(c)', 'tract', 'in', 'the', 'virulence', 'of', 'these', 'viruses', '.']
95	['O', 'O', 'O', 'B-A0', 'I-A0', 'I-A0', 'I-A0', 'I-A0', 'I-A0', 'I-A0', 'I-A0', 'I-A0', 'I-A0', 'I-A0', 'I-A0', 'I-A0', 'I-A0', 'I-A0', 'O', 'O', 'O', 'B-V', 'O', 'O', 'B-A1', 'I-A1', 'O', 'O', 'O', 'O', 'O', 'B-A1', 'O', 'O', 'B-A1', 'O', 'O', 'O', 'B-A1', 'O', 'O', 'O', 'O', 'O']	['previous', 'studies', 'using', 'nonsense', 'mutations', '(32%)', ',', 'insertions', 'or', 'deletions', '(29', '.6%)', ',', 'or', 'splicing', 'changes', '(6', '.2%)', 'genetically', 'engineered', 'to', '#truncate', 'or', 'substitute', 'the', 'protein', 'have', 'produced', 'conflicting', 'data', 'on', 'the', 'role', 'of', 'the', 'poly(c)', 'tract', 'in', 'the', 'virulence', 'of', 'these', 'viruses', '.']
96	['O', 'O', 'O', 'B-A0', 'I-A0', 'I-A0', 'I-A0', 'I-A0', 'I-A0', 'I-A0', 'I-A0', 'I-A0', 'I-A0', 'I-A0', 'I-A0', 'I-A0', 'O', 'O', 'O', 'B-V', 'O', 'O', 'B-A1', 'I-A1', 'I-A1', 'O', 'O', 'O', 'O', 'O', 'O', 'O', 'O', 'O', 'I-A1', 'O', 'O', 'O', 'O', 'O', 'I-A0', 'O', 'O']	['previous', 'studies', 'using', 'wild-type', 'encephalomyocarditis', 'virus', '(emcv)', 'and', 'mengo', 'virus', ',', 'and', 'variants', 'of', 'these', 'viruses', 'genetically', 'engineered', 'to', '#truncate', 'or', 'substitute', 'the', 'poly(c)', 'tracts', 'have', 'produced', 'conflicting', 'data', 'on', 'the', 'role', 'of', 'the', 'poly(c)', 'tract', 'in', 'the', 'virulence', 'of', 'these', 'viruses', '.']
97	['O', 'O', 'O', 'B-A0', 'I-A0', 'I-A0', 'I-A0', 'I-A0', 'I-A0', 'I-A0', 'I-A0', 'I-A0', 'I-A0', 'I-A0', 'I-A0', 'I-A0', 'O', 'O', 'O', 'O', 'O', 'O', 'O', 'O', 'B-V', 'O', 'O', 'B-A1', 'I-A1', 'I-A1', 'O', 'O', 'O', 'O', 'O', 'O', 'O', 'O', 'O', 'I-A1', 'O', 'O', 'O', 'O', 'O', 'I-A0', 'O', 'O']	['previous', 'studies', 'using', 'wild-type', 'encephalomyocarditis', 'virus', '(emcv)', 'and', 'mengo', 'virus', ',', 'and', 'variants', 'of', 'these', 'viruses', 'that', 'are', 'observed', 'to', 'be', 'genetically', 'engineered', 'to', '#truncate', 'or', 'substitute', 'the', 'poly(c)', 'tracts', 'have', 'produced', 'conflicting', 'data', 'on', 'the', 'role', 'of', 'the', 'poly(c)', 'tract', 'in', 'the', 'virulence', 'of', 'these', 'viruses', '.']
98	['O', 'O', 'O', 'B-A0', 'I-A0', 'O', 'O', 'O', 'O', 'O', 'B-V', 'O', 'O', 'B-A1', 'I-A1', 'I-A1', 'O', 'O', 'O', 'O', 'O', 'O', 'O', 'O', 'O', 'O', 'O', 'O', 'O', 'O', 'O', 'O', 'O', 'O']	['previous', 'studies', 'using', 'tsc1', 'mutations', 'that', 'are', 'genetically', 'engineered', 'to', '#truncate', 'or', 'substitute', 'the', 'protein', 'product', 'have', 'produced', 'conflicting', 'data', 'on', 'the', 'role', 'of', 'the', 'poly(c)', 'tract', 'in', 'the', 'virulence', 'of', 'these', 'viruses', '.']
99	['O', 'O', 'B-A0', 'I-A0', 'I-A0', 'I-A0', 'I-A0', 'I-A0', 'I-A0', 'I-A0', 'I-A0', 'I-A0', 'I-A0', 'I-A0', 'I-A0', 'B-V', 'B-A1', 'I-A1', 'I-A1', 'O']	['virtually', 'all', 'wild-type', 'encephalomyocarditis', 'virus', '(emcv)', 'and', 'mengo', 'virus', ',', 'and', 'variants', 'of', 'these', 'viruses', '#truncated', 'the', 'poly(c)', 'tracts', '.']
100	['O', 'O', 'O', 'B-A0', 'I-A0', 'I-A0', 'I-A0', 'I-A0', 'I-A0', 'I-A0', 'I-A0', 'I-A0', 'I-A0', 'I-A0', 'I-A0', 'I-A0', 'I-A0', 'I-A0', 'O', 'O', 'O', 'O', 'O', 'O', 'O', 'O', 'O', 'B-V', 'B-A1', 'I-A1', 'O', 'O', 'O', 'O', 'O', 'B-A1', 'O', 'O', 'B-A1', 'O', 'O', 'O', 'B-A1', 'O', 'O', 'O', 'O', 'O']	['previous', 'studies', 'using', 'nonsense', 'mutations', '(32%)', ',', 'insertions', 'or', 'deletions', '(29', '.6%)', ',', 'or', 'splicing', 'changes', '(6', '.2%)', 'being', 'able', 'to', 'be', 'genetically', 'engineered', 'to', 'substitute', 'or', '#truncate', 'the', 'protein', 'have', 'produced', 'conflicting', 'data', 'on', 'the', 'role', 'of', 'the', 'poly(c)', 'tract', 'in', 'the', 'virulence', 'of', 'these', 'viruses', '.']
101	['O', 'O', 'B-A0', 'I-A0', 'I-A0', 'I-A0', 'I-A0', 'I-A0', 'I-A0', 'I-A0', 'I-A0', 'I-A0', 'I-A0', 'I-A0', 'I-A0', 'I-A0', 'I-A0', 'O', 'B-V', 'B-A1', 'I-A1', 'O']	['virtually', 'all', 'nonsense', 'mutations', '(32%)', ',', 'insertions', 'or', 'deletions', '(29', '.6%)', ',', 'or', 'splicing', 'changes', '(6', '.2%)', 'dramatically', '#truncate', 'the', 'protein', '.']
102	['O', 'O', 'B-A0', 'I-A0', 'I-A0', 'I-A0', 'I-A0', 'I-A0', 'I-A0', 'I-A0', 'I-A0', 'I-A0', 'I-A0', 'I-A0', 'I-A0', 'O', 'O', 'O', 'O', 'O', 'B-V', 'B-A1', 'I-A1', 'I-A1', 'O']	['virtually', 'all', 'wild-type', 'encephalomyocarditis', 'virus', '(emcv)', 'and', 'mengo', 'virus', ',', 'and', 'variants', 'of', 'these', 'viruses', 'have', 'been', 'predicted', 'to', 'dramatically', '#truncate', 'the', 'poly(c)', 'tracts', '.']
103	['O', 'O', 'B-A0', 'I-A0', 'O', 'O', 'O', 'O', 'B-V', 'B-A1', 'I-A1', 'I-A1', 'O']	['virtually', 'all', 'tsc1', 'mutations', 'have', 'the', 'ability', 'to', '#truncate', 'the', 'protein', 'product', '.']
104	['O', 'O', 'O', 'B-A0', 'I-A0', 'I-A0', 'I-A0', 'I-A0', 'I-A0', 'I-A0', 'I-A0', 'I-A0', 'I-A0', 'I-A0', 'I-A0', 'I-A0', 'I-A0', 'I-A0', 'O', 'O', 'O', 'O', 'O', 'O', 'O', 'B-V', 'O', 'O', 'B-A1', 'I-A1', 'O', 'O', 'O', 'O', 'O', 'B-A1', 'O', 'O', 'B-A1', 'O', 'O', 'O', 'B-A1', 'O', 'O', 'O', 'O', 'O']	['previous', 'studies', 'using', 'nonsense', 'mutations', '(32%)', ',', 'insertions', 'or', 'deletions', '(29', '.6%)', ',', 'or', 'splicing', 'changes', '(6', '.2%)', 'that', 'may', 'have', 'been', 'genetically', 'engineered', 'to', '#truncate', 'or', 'substitute', 'the', 'protein', 'have', 'produced', 'conflicting', 'data', 'on', 'the', 'role', 'of', 'the', 'poly(c)', 'tract', 'in', 'the', 'virulence', 'of', 'these', 'viruses', '.']
105	['O', 'O', 'B-A0', 'I-A0', 'I-A0', 'I-A0', 'I-A0', 'I-A0', 'I-A0', 'I-A0', 'I-A0', 'I-A0', 'I-A0', 'I-A0', 'I-A0', 'B-V', 'B-A1', 'I-A1', 'I-A1', 'O']	['virtually', 'all', 'wild-type', 'encephalomyocarditis', 'virus', '(emcv)', 'and', 'mengo', 'virus', ',', 'and', 'variants', 'of', 'these', 'viruses', '#truncate', 'the', 'poly(c)', 'tracts', '.']
106	['O', 'O', 'O', 'B-A0', 'I-A0', 'O', 'O', 'O', 'O', 'O', 'O', 'O', 'O', 'O', 'B-V', 'B-A1', 'I-A1', 'I-A1', 'O', 'O', 'O', 'O', 'O', 'O', 'O', 'O', 'O', 'O', 'O', 'O', 'O', 'O', 'O', 'O', 'O', 'O']	['previous', 'studies', 'using', 'tsc1', 'mutations', 'that', 'may', 'have', 'been', 'genetically', 'engineered', 'to', 'substitute', 'or', '#truncate', 'the', 'protein', 'product', 'have', 'produced', 'conflicting', 'data', 'on', 'the', 'role', 'of', 'the', 'poly(c)', 'tract', 'in', 'the', 'virulence', 'of', 'these', 'viruses', '.']
107	['O', 'O', 'O', 'B-A0', 'I-A0', 'O', 'O', 'O', 'O', 'O', 'O', 'O', 'O', 'O', 'B-V', 'B-A1', 'I-A1', 'I-A1', 'O', 'O', 'O', 'O', 'O', 'O', 'O', 'O', 'O', 'O', 'O', 'O', 'O', 'O', 'O', 'O', 'O', 'O']	['previous', 'studies', 'using', 'tsc1', 'mutations', 'being', 'able', 'to', 'be', 'genetically', 'engineered', 'to', 'substitute', 'or', '#truncate', 'the', 'protein', 'product', 'have', 'produced', 'conflicting', 'data', 'on', 'the', 'role', 'of', 'the', 'poly(c)', 'tract', 'in', 'the', 'virulence', 'of', 'these', 'viruses', '.']
108	['O', 'O', 'B-A0', 'I-A0', 'O', 'O', 'O', 'B-V', 'B-A1', 'I-A1', 'I-A1', 'O']	['virtually', 'all', 'tsc1', 'mutations', 'are', 'able', 'to', '#truncate', 'the', 'protein', 'product', '.']
109	['O', 'O', 'B-A0', 'I-A0', 'O', 'B-V', 'B-A1', 'I-A1', 'I-A1', 'O']	['virtually', 'all', 'tsc1', 'mutations', 'will', '#truncate', 'the', 'protein', 'product', '.']
110	['O', 'O', 'B-A0', 'I-A0', 'O', 'O', 'O', 'O', 'B-V', 'B-A1', 'I-A1', 'I-A1', 'O']	['virtually', 'all', 'tsc1', 'mutations', 'are', 'found', 'to', 'dramatically', '#truncate', 'the', 'protein', 'product', '.']
111	['O', 'O', 'B-A0', 'I-A0', 'I-A0', 'I-A0', 'I-A0', 'I-A0', 'I-A0', 'I-A0', 'I-A0', 'I-A0', 'I-A0', 'I-A0', 'I-A0', 'O', 'O', 'B-V', 'B-A1', 'I-A1', 'I-A1', 'O']	['virtually', 'all', 'wild-type', 'encephalomyocarditis', 'virus', '(emcv)', 'and', 'mengo', 'virus', ',', 'and', 'variants', 'of', 'these', 'viruses', 'may', 'have', '#truncated', 'the', 'poly(c)', 'tracts', '.']
112	['O', 'O', 'O', 'B-A0', 'I-A0', 'I-A0', 'I-A0', 'I-A0', 'I-A0', 'I-A0', 'I-A0', 'I-A0', 'I-A0', 'I-A0', 'I-A0', 'I-A0', 'O', 'O', 'O', 'O', 'O', 'O', 'O', 'B-V', 'B-A1', 'I-A1', 'I-A1', 'O', 'O', 'O', 'O', 'O', 'O', 'O', 'O', 'O', 'I-A1', 'O', 'O', 'O', 'O', 'O', 'I-A0', 'O', 'O']	['previous', 'studies', 'using', 'wild-type', 'encephalomyocarditis', 'virus', '(emcv)', 'and', 'mengo', 'virus', ',', 'and', 'variants', 'of', 'these', 'viruses', 'that', 'are', 'genetically', 'engineered', 'to', 'substitute', 'or', '#truncate', 'the', 'poly(c)', 'tracts', 'have', 'produced', 'conflicting', 'data', 'on', 'the', 'role', 'of', 'the', 'poly(c)', 'tract', 'in', 'the', 'virulence', 'of', 'these', 'viruses', '.']
113	['O', 'O', 'B-A0', 'I-A0', 'I-A0', 'I-A0', 'I-A0', 'I-A0', 'I-A0', 'I-A0', 'I-A0', 'I-A0', 'I-A0', 'I-A0', 'I-A0', 'O', 'O', 'B-V', 'B-A1', 'I-A1', 'I-A1', 'O']	['virtually', 'all', 'wild-type', 'encephalomyocarditis', 'virus', '(emcv)', 'and', 'mengo', 'virus', ',', 'and', 'variants', 'of', 'these', 'viruses', 'may', 'dramatically', '#truncate', 'the', 'poly(c)', 'tracts', '.']
114	['O', 'O', 'B-A0', 'I-A0', 'O', 'O', 'O', 'O', 'O', 'B-V', 'B-A1', 'I-A1', 'I-A1', 'O']	['virtually', 'all', 'tsc1', 'mutations', 'have', 'been', 'predicted', 'to', 'dramatically', '#truncate', 'the', 'protein', 'product', '.']
115	['O', 'O', 'B-A0', 'I-A0', 'I-A0', 'I-A0', 'I-A0', 'I-A0', 'I-A0', 'I-A0', 'I-A0', 'I-A0', 'I-A0', 'I-A0', 'I-A0', 'I-A0', 'I-A0', 'O', 'O', 'O', 'O', 'B-V', 'B-A1', 'I-A1', 'O']	['virtually', 'all', 'nonsense', 'mutations', '(32%)', ',', 'insertions', 'or', 'deletions', '(29', '.6%)', ',', 'or', 'splicing', 'changes', '(6', '.2%)', 'are', 'found', 'to', 'dramatically', '#truncate', 'the', 'protein', '.']
116	['O', 'O', 'O', 'B-A0', 'I-A0', 'I-A0', 'I-A0', 'I-A0', 'I-A0', 'I-A0', 'I-A0', 'I-A0', 'I-A0', 'I-A0', 'I-A0', 'I-A0', 'I-A0', 'I-A0', 'O', 'O', 'O', 'O', 'O', 'O', 'O', 'O', 'B-V', 'O', 'O', 'B-A1', 'I-A1', 'O', 'O', 'O', 'O', 'O', 'B-A1', 'O', 'O', 'B-A1', 'O', 'O', 'O', 'B-A1', 'O', 'O', 'O', 'O', 'O']	['previous', 'studies', 'using', 'nonsense', 'mutations', '(32%)', ',', 'insertions', 'or', 'deletions', '(29', '.6%)', ',', 'or', 'splicing', 'changes', '(6', '.2%)', 'that', 'are', 'able', 'to', 'be', 'genetically', 'engineered', 'to', '#truncate', 'or', 'substitute', 'the', 'protein', 'have', 'produced', 'conflicting', 'data', 'on', 'the', 'role', 'of', 'the', 'poly(c)', 'tract', 'in', 'the', 'virulence', 'of', 'these', 'viruses', '.']
117	['O', 'O', 'B-A0', 'I-A0', 'I-A0', 'I-A0', 'I-A0', 'I-A0', 'I-A0', 'I-A0', 'I-A0', 'I-A0', 'I-A0', 'I-A0', 'I-A0', 'I-A0', 'I-A0', 'O', 'O', 'O', 'O', 'B-V', 'B-A1', 'I-A1', 'O']	['virtually', 'all', 'nonsense', 'mutations', '(32%)', ',', 'insertions', 'or', 'deletions', '(29', '.6%)', ',', 'or', 'splicing', 'changes', '(6', '.2%)', 'have', 'the', 'ability', 'to', '#truncate', 'the', 'protein', '.']
118	['O', 'O', 'O', 'B-A0', 'I-A0', 'I-A0', 'I-A0', 'I-A0', 'I-A0', 'I-A0', 'I-A0', 'I-A0', 'I-A0', 'I-A0', 'I-A0', 'I-A0', 'O', 'O', 'O', 'O', 'O', 'O', 'O', 'O', 'O', 'O', 'B-V', 'B-A1', 'I-A1', 'I-A1', 'O', 'O', 'O', 'O', 'O', 'O', 'O', 'O', 'O', 'I-A1', 'O', 'O', 'O', 'O', 'O', 'I-A0', 'O', 'O']	['previous', 'studies', 'using', 'wild-type', 'encephalomyocarditis', 'virus', '(emcv)', 'and', 'mengo', 'virus', ',', 'and', 'variants', 'of', 'these', 'viruses', 'that', 'are', 'able', 'to', 'be', 'genetically', 'engineered', 'to', 'substitute', 'or', '#truncate', 'the', 'poly(c)', 'tracts', 'have', 'produced', 'conflicting', 'data', 'on', 'the', 'role', 'of', 'the', 'poly(c)', 'tract', 'in', 'the', 'virulence', 'of', 'these', 'viruses', '.']
119	['O', 'O', 'O', 'B-A0', 'I-A0', 'O', 'O', 'O', 'O', 'O', 'O', 'O', 'O', 'O', 'O', 'B-V', 'B-A1', 'I-A1', 'I-A1', 'O', 'O', 'O', 'O', 'O', 'O', 'O', 'O', 'O', 'O', 'O', 'O', 'O', 'O', 'O', 'O', 'O', 'O']	['previous', 'studies', 'using', 'tsc1', 'mutations', 'that', 'are', 'likely', 'to', 'be', 'genetically', 'engineered', 'to', 'substitute', 'or', '#truncate', 'the', 'protein', 'product', 'have', 'produced', 'conflicting', 'data', 'on', 'the', 'role', 'of', 'the', 'poly(c)', 'tract', 'in', 'the', 'virulence', 'of', 'these', 'viruses', '.']
120	['O', 'O', 'B-A0', 'I-A0', 'O', 'O', 'O', 'O', 'B-V', 'B-A1', 'I-A1', 'I-A1', 'O']	['virtually', 'all', 'tsc1', 'mutations', 'have', 'been', 'predicted', 'to', '#truncate', 'the', 'protein', 'product', '.']
121	['O', 'O', 'O', 'B-A0', 'I-A0', 'I-A0', 'I-A0', 'I-A0', 'I-A0', 'I-A0', 'I-A0', 'I-A0', 'I-A0', 'I-A0', 'I-A0', 'I-A0', 'O', 'O', 'O', 'O', 'O', 'O', 'O', 'O', 'B-V', 'B-A1', 'I-A1', 'I-A1', 'O', 'O', 'O', 'O', 'O', 'O', 'O', 'O', 'O', 'I-A1', 'O', 'O', 'O', 'O', 'O', 'I-A0', 'O', 'O']	['previous', 'studies', 'using', 'wild-type', 'encephalomyocarditis', 'virus', '(emcv)', 'and', 'mengo', 'virus', ',', 'and', 'variants', 'of', 'these', 'viruses', 'that', 'can', 'be', 'genetically', 'engineered', 'to', 'substitute', 'or', '#truncate', 'the', 'poly(c)', 'tracts', 'have', 'produced', 'conflicting', 'data', 'on', 'the', 'role', 'of', 'the', 'poly(c)', 'tract', 'in', 'the', 'virulence', 'of', 'these', 'viruses', '.']
122	['O', 'O', 'B-A0', 'I-A0', 'O', 'O', 'B-V', 'B-A1', 'I-A1', 'I-A1', 'O']	['virtually', 'all', 'tsc1', 'mutations', 'have', 'dramatically', '#truncated', 'the', 'protein', 'product', '.']
123	['O', 'O', 'O', 'B-A0', 'I-A0', 'I-A0', 'I-A0', 'I-A0', 'I-A0', 'I-A0', 'I-A0', 'I-A0', 'I-A0', 'I-A0', 'I-A0', 'I-A0', 'I-A0', 'I-A0', 'O', 'O', 'O', 'O', 'O', 'O', 'O', 'O', 'O', 'O', 'O', 'B-V', 'B-A1', 'I-A1', 'O', 'O', 'O', 'O', 'O', 'B-A1', 'O', 'O', 'B-A1', 'O', 'O', 'O', 'B-A1', 'O', 'O', 'O', 'O', 'O']	['previous', 'studies', 'using', 'nonsense', 'mutations', '(32%)', ',', 'insertions', 'or', 'deletions', '(29', '.6%)', ',', 'or', 'splicing', 'changes', '(6', '.2%)', 'that', 'have', 'been', 'shown', 'to', 'be', 'genetically', 'engineered', 'to', 'substitute', 'or', '#truncate', 'the', 'protein', 'have', 'produced', 'conflicting', 'data', 'on', 'the', 'role', 'of', 'the', 'poly(c)', 'tract', 'in', 'the', 'virulence', 'of', 'these', 'viruses', '.']
124	['B-A1', 'I-A1', 'O', 'O', 'B-V', 'O', 'B-A0', 'I-A0', 'I-A0', 'I-A0', 'I-A0', 'I-A0', 'I-A0', 'I-A0', 'I-A0', 'I-A0', 'I-A0', 'I-A0', 'I-A0', 'I-A0', 'I-A0', 'O', 'B-A1', 'O', 'O', 'O', 'O', 'O', 'B-A1', 'O', 'O', 'O', 'O', 'B-A1', 'O', 'O', 'O', 'O', 'O', 'O', 'O', 'O', 'O', 'O', 'O', 'O', 'O', 'O', 'O', 'O', 'O', 'O', 'O']	['the', 'protein', 'will', 'be', '#truncated', 'through', 'nonsense', 'mutations', '(32%)', ',', 'insertions', 'or', 'deletions', '(29', '.6%)', ',', 'or', 'splicing', 'changes', '(6', '.2%)', 'by', 'the', 'majority', 'of', 'changes', ',', 'although', 'the', 'figures', 'were', 'biased', 'by', 'the', 'methods', 'employed', ',', 'and', ',', 'in', 'sequenced', 'areas', ',', 'approximately', '50%', 'of', 'all', 'mutations', 'were', 'missense', 'or', 'in-frame', '.']
125	['O', 'O', 'B-A0', 'I-A0', 'I-A0', 'I-A0', 'I-A0', 'I-A0', 'I-A0', 'I-A0', 'I-A0', 'I-A0', 'I-A0', 'I-A0', 'I-A0', 'I-A0', 'I-A0', 'O', 'O', 'B-V', 'B-A1', 'I-A1', 'O']	['virtually', 'all', 'nonsense', 'mutations', '(32%)', ',', 'insertions', 'or', 'deletions', '(29', '.6%)', ',', 'or', 'splicing', 'changes', '(6', '.2%)', 'will', 'dramatically', '#truncate', 'the', 'protein', '.']
126	['O', 'O', 'O', 'B-A0', 'I-A0', 'O', 'O', 'O', 'O', 'O', 'O', 'B-V', 'O', 'O', 'B-A1', 'I-A1', 'I-A1', 'O', 'O', 'O', 'O', 'O', 'O', 'O', 'O', 'O', 'O', 'O', 'O', 'O', 'O', 'O', 'O', 'O', 'O']	['previous', 'studies', 'using', 'tsc1', 'mutations', 'that', 'have', 'been', 'genetically', 'engineered', 'to', '#truncate', 'or', 'substitute', 'the', 'protein', 'product', 'have', 'produced', 'conflicting', 'data', 'on', 'the', 'role', 'of', 'the', 'poly(c)', 'tract', 'in', 'the', 'virulence', 'of', 'these', 'viruses', '.']
127	['O', 'O', 'O', 'B-A0', 'I-A0', 'O', 'O', 'O', 'O', 'O', 'O', 'O', 'B-V', 'B-A1', 'I-A1', 'I-A1', 'O', 'O', 'O', 'O', 'O', 'O', 'O', 'O', 'O', 'O', 'O', 'O', 'O', 'O', 'O', 'O', 'O', 'O']	['previous', 'studies', 'using', 'tsc1', 'mutations', 'that', 'are', 'genetically', 'engineered', 'to', 'substitute', 'or', '#truncate', 'the', 'protein', 'product', 'have', 'produced', 'conflicting', 'data', 'on', 'the', 'role', 'of', 'the', 'poly(c)', 'tract', 'in', 'the', 'virulence', 'of', 'these', 'viruses', '.']
128	['B-A1', 'I-A1', 'O', 'O', 'O', 'O', 'B-V', 'O', 'B-A1', 'O', 'O', 'O', 'O', 'B-A0', 'I-A0', 'I-A0', 'I-A0', 'I-A0', 'I-A0', 'I-A0', 'I-A0', 'I-A0', 'I-A0', 'I-A0', 'I-A0', 'I-A0', 'I-A0', 'I-A0', 'O', 'O', 'B-A1', 'O', 'O', 'O', 'O', 'B-A1', 'O', 'O', 'O', 'O', 'O', 'O', 'O', 'O', 'O', 'O', 'O', 'O', 'O', 'O', 'O', 'O', 'O', 'O', 'O']	['the', 'protein', 'is', 'likely', 'to', 'be', '#truncated', 'by', 'the', 'majority', 'of', 'changes', 'through', 'nonsense', 'mutations', '(32%)', ',', 'insertions', 'or', 'deletions', '(29', '.6%)', ',', 'or', 'splicing', 'changes', '(6', '.2%)', ',', 'although', 'the', 'figures', 'were', 'biased', 'by', 'the', 'methods', 'employed', ',', 'and', ',', 'in', 'sequenced', 'areas', ',', 'approximately', '50%', 'of', 'all', 'mutations', 'were', 'missense', 'or', 'in-frame', '.']
129	['O', 'O', 'B-A0', 'I-A0', 'I-A0', 'I-A0', 'I-A0', 'I-A0', 'I-A0', 'I-A0', 'I-A0', 'I-A0', 'I-A0', 'I-A0', 'I-A0', 'O', 'O', 'O', 'B-V', 'B-A1', 'I-A1', 'I-A1', 'O']	['virtually', 'all', 'wild-type', 'encephalomyocarditis', 'virus', '(emcv)', 'and', 'mengo', 'virus', ',', 'and', 'variants', 'of', 'these', 'viruses', 'may', 'have', 'dramatically', '#truncated', 'the', 'poly(c)', 'tracts', '.']
130	['O', 'O', 'B-A0', 'I-A0', 'I-A0', 'I-A0', 'I-A0', 'I-A0', 'I-A0', 'I-A0', 'I-A0', 'I-A0', 'I-A0', 'I-A0', 'I-A0', 'I-A0', 'I-A0', 'O', 'O', 'O', 'O', 'B-V', 'B-A1', 'I-A1', 'O']	['virtually', 'all', 'nonsense', 'mutations', '(32%)', ',', 'insertions', 'or', 'deletions', '(29', '.6%)', ',', 'or', 'splicing', 'changes', '(6', '.2%)', 'have', 'been', 'predicted', 'to', '#truncate', 'the', 'protein', '.']
131	['O', 'O', 'B-A0', 'I-A0', 'I-A0', 'I-A0', 'I-A0', 'I-A0', 'I-A0', 'I-A0', 'I-A0', 'I-A0', 'I-A0', 'I-A0', 'I-A0', 'O', 'O', 'O', 'B-V', 'B-A1', 'I-A1', 'I-A1', 'O']	['virtually', 'all', 'wild-type', 'encephalomyocarditis', 'virus', '(emcv)', 'and', 'mengo', 'virus', ',', 'and', 'variants', 'of', 'these', 'viruses', 'are', 'predicted', 'to', '#truncate', 'the', 'poly(c)', 'tracts', '.']
132	['O', 'O', 'O', 'B-A0', 'I-A0', 'I-A0', 'I-A0', 'I-A0', 'I-A0', 'I-A0', 'I-A0', 'I-A0', 'I-A0', 'I-A0', 'I-A0', 'I-A0', 'O', 'O', 'O', 'O', 'O', 'O', 'B-V', 'O', 'O', 'B-A1', 'I-A1', 'I-A1', 'O', 'O', 'O', 'O', 'O', 'O', 'O', 'O', 'O', 'I-A1', 'O', 'O', 'O', 'O', 'O', 'I-A0', 'O', 'O']	['previous', 'studies', 'using', 'wild-type', 'encephalomyocarditis', 'virus', '(emcv)', 'and', 'mengo', 'virus', ',', 'and', 'variants', 'of', 'these', 'viruses', 'that', 'may', 'be', 'genetically', 'engineered', 'to', '#truncate', 'or', 'substitute', 'the', 'poly(c)', 'tracts', 'have', 'produced', 'conflicting', 'data', 'on', 'the', 'role', 'of', 'the', 'poly(c)', 'tract', 'in', 'the', 'virulence', 'of', 'these', 'viruses', '.']
133	['O', 'O', 'B-A0', 'I-A0', 'I-A0', 'I-A0', 'I-A0', 'I-A0', 'I-A0', 'I-A0', 'I-A0', 'I-A0', 'I-A0', 'I-A0', 'I-A0', 'O', 'O', 'O', 'B-V', 'B-A1', 'I-A1', 'I-A1', 'O']	['virtually', 'all', 'wild-type', 'encephalomyocarditis', 'virus', '(emcv)', 'and', 'mengo', 'virus', ',', 'and', 'variants', 'of', 'these', 'viruses', 'are', 'found', 'to', '#truncate', 'the', 'poly(c)', 'tracts', '.']
134	['O', 'O', 'B-A0', 'I-A0', 'I-A0', 'I-A0', 'I-A0', 'I-A0', 'I-A0', 'I-A0', 'I-A0', 'I-A0', 'I-A0', 'I-A0', 'I-A0', 'O', 'O', 'O', 'O', 'B-V', 'B-A1', 'I-A1', 'I-A1', 'O']	['virtually', 'all', 'wild-type', 'encephalomyocarditis', 'virus', '(emcv)', 'and', 'mengo', 'virus', ',', 'and', 'variants', 'of', 'these', 'viruses', 'have', 'been', 'predicted', 'to', '#truncate', 'the', 'poly(c)', 'tracts', '.']
135	['B-A1', 'I-A1', 'O', 'B-V', 'O', 'B-A0', 'I-A0', 'I-A0', 'I-A0', 'I-A0', 'I-A0', 'I-A0', 'I-A0', 'I-A0', 'I-A0', 'I-A0', 'I-A0', 'I-A0', 'I-A0', 'I-A0', 'O', 'B-A1', 'O', 'O', 'O', 'O', 'O', 'B-A1', 'O', 'O', 'O', 'O', 'B-A1', 'O', 'O', 'O', 'O', 'O', 'O', 'O', 'O', 'O', 'O', 'O', 'O', 'O', 'O', 'O', 'O', 'O', 'O', 'O']	['the', 'protein', 'is', '#truncated', 'through', 'nonsense', 'mutations', '(32%)', ',', 'insertions', 'or', 'deletions', '(29', '.6%)', ',', 'or', 'splicing', 'changes', '(6', '.2%)', 'by', 'the', 'majority', 'of', 'changes', ',', 'although', 'the', 'figures', 'were', 'biased', 'by', 'the', 'methods', 'employed', ',', 'and', ',', 'in', 'sequenced', 'areas', ',', 'approximately', '50%', 'of', 'all', 'mutations', 'were', 'missense', 'or', 'in-frame', '.']
136	['O', 'O', 'O', 'B-A0', 'I-A0', 'I-A0', 'I-A0', 'I-A0', 'I-A0', 'I-A0', 'I-A0', 'I-A0', 'I-A0', 'I-A0', 'I-A0', 'I-A0', 'O', 'O', 'O', 'O', 'O', 'O', 'O', 'O', 'B-V', 'B-A1', 'I-A1', 'I-A1', 'O', 'O', 'O', 'O', 'O', 'O', 'O', 'O', 'O', 'I-A1', 'O', 'O', 'O', 'O', 'O', 'I-A0', 'O', 'O']	['previous', 'studies', 'using', 'wild-type', 'encephalomyocarditis', 'virus', '(emcv)', 'and', 'mengo', 'virus', ',', 'and', 'variants', 'of', 'these', 'viruses', 'that', 'may', 'be', 'genetically', 'engineered', 'to', 'substitute', 'or', '#truncate', 'the', 'poly(c)', 'tracts', 'have', 'produced', 'conflicting', 'data', 'on', 'the', 'role', 'of', 'the', 'poly(c)', 'tract', 'in', 'the', 'virulence', 'of', 'these', 'viruses', '.']
137	['O', 'O', 'B-A0', 'I-A0', 'I-A0', 'I-A0', 'I-A0', 'I-A0', 'I-A0', 'I-A0', 'I-A0', 'I-A0', 'I-A0', 'I-A0', 'I-A0', 'O', 'O', 'B-V', 'B-A1', 'I-A1', 'I-A1', 'O']	['virtually', 'all', 'wild-type', 'encephalomyocarditis', 'virus', '(emcv)', 'and', 'mengo', 'virus', ',', 'and', 'variants', 'of', 'these', 'viruses', 'can', 'dramatically', '#truncate', 'the', 'poly(c)', 'tracts', '.']
138	['O', 'O', 'B-A0', 'I-A0', 'O', 'B-V', 'B-A1', 'I-A1', 'I-A1', 'O']	['virtually', 'all', 'tsc1', 'mutations', 'dramatically', '#truncated', 'the', 'protein', 'product', '.']
139	['O', 'O', 'O', 'B-A0', 'I-A0', 'O', 'O', 'O', 'O', 'O', 'O', 'O', 'O', 'O', 'O', 'B-V', 'B-A1', 'I-A1', 'I-A1', 'O', 'O', 'O', 'O', 'O', 'O', 'O', 'O', 'O', 'O', 'O', 'O', 'O', 'O', 'O', 'O', 'O', 'O']	['previous', 'studies', 'using', 'tsc1', 'mutations', 'that', 'are', 'observed', 'to', 'be', 'genetically', 'engineered', 'to', 'substitute', 'or', '#truncate', 'the', 'protein', 'product', 'have', 'produced', 'conflicting', 'data', 'on', 'the', 'role', 'of', 'the', 'poly(c)', 'tract', 'in', 'the', 'virulence', 'of', 'these', 'viruses', '.']
140	['O', 'O', 'O', 'B-A0', 'I-A0', 'O', 'O', 'O', 'O', 'O', 'O', 'O', 'B-V', 'O', 'O', 'B-A1', 'I-A1', 'I-A1', 'O', 'O', 'O', 'O', 'O', 'O', 'O', 'O', 'O', 'O', 'O', 'O', 'O', 'O', 'O', 'O', 'O', 'O']	['previous', 'studies', 'using', 'tsc1', 'mutations', 'that', 'may', 'have', 'been', 'genetically', 'engineered', 'to', '#truncate', 'or', 'substitute', 'the', 'protein', 'product', 'have', 'produced', 'conflicting', 'data', 'on', 'the', 'role', 'of', 'the', 'poly(c)', 'tract', 'in', 'the', 'virulence', 'of', 'these', 'viruses', '.']
141	['B-A1', 'I-A1', 'O', 'O', 'O', 'B-V', 'O', 'B-A0', 'I-A0', 'I-A0', 'I-A0', 'I-A0', 'I-A0', 'I-A0', 'I-A0', 'I-A0', 'I-A0', 'I-A0', 'I-A0', 'I-A0', 'I-A0', 'I-A0', 'O', 'B-A1', 'O', 'O', 'O', 'O', 'O', 'B-A1', 'O', 'O', 'O', 'O', 'B-A1', 'O', 'O', 'O', 'O', 'O', 'O', 'O', 'O', 'O', 'O', 'O', 'O', 'O', 'O', 'O', 'O', 'O', 'O', 'O']	['the', 'protein', 'may', 'have', 'been', '#truncated', 'through', 'nonsense', 'mutations', '(32%)', ',', 'insertions', 'or', 'deletions', '(29', '.6%)', ',', 'or', 'splicing', 'changes', '(6', '.2%)', 'by', 'the', 'majority', 'of', 'changes', ',', 'although', 'the', 'figures', 'were', 'biased', 'by', 'the', 'methods', 'employed', ',', 'and', ',', 'in', 'sequenced', 'areas', ',', 'approximately', '50%', 'of', 'all', 'mutations', 'were', 'missense', 'or', 'in-frame', '.']
142	['B-A1', 'I-A1', 'O', 'O', 'O', 'O', 'O', 'B-V', 'O', 'B-A0', 'I-A0', 'I-A0', 'I-A0', 'I-A0', 'I-A0', 'I-A0', 'I-A0', 'I-A0', 'I-A0', 'I-A0', 'I-A0', 'I-A0', 'I-A0', 'I-A0', 'O', 'B-A1', 'O', 'O', 'O', 'O', 'O', 'B-A1', 'O', 'O', 'O', 'O', 'B-A1', 'O', 'O', 'O', 'O', 'O', 'O', 'O', 'O', 'O', 'O', 'O', 'O', 'O', 'O', 'O', 'O', 'O', 'O', 'O']	['the', 'protein', 'has', 'been', 'shown', 'to', 'be', '#truncated', 'through', 'nonsense', 'mutations', '(32%)', ',', 'insertions', 'or', 'deletions', '(29', '.6%)', ',', 'or', 'splicing', 'changes', '(6', '.2%)', 'by', 'the', 'majority', 'of', 'changes', ',', 'although', 'the', 'figures', 'were', 'biased', 'by', 'the', 'methods', 'employed', ',', 'and', ',', 'in', 'sequenced', 'areas', ',', 'approximately', '50%', 'of', 'all', 'mutations', 'were', 'missense', 'or', 'in-frame', '.']
143	['O', 'O', 'B-A0', 'I-A0', 'O', 'O', 'B-V', 'B-A1', 'I-A1', 'I-A1', 'O']	['virtually', 'all', 'tsc1', 'mutations', 'can', 'dramatically', '#truncate', 'the', 'protein', 'product', '.']
144	['O', 'O', 'O', 'B-A0', 'I-A0', 'I-A0', 'I-A0', 'I-A0', 'I-A0', 'I-A0', 'I-A0', 'I-A0', 'I-A0', 'I-A0', 'I-A0', 'I-A0', 'O', 'O', 'O', 'O', 'O', 'O', 'O', 'B-V', 'O', 'O', 'B-A1', 'I-A1', 'I-A1', 'O', 'O', 'O', 'O', 'O', 'O', 'O', 'O', 'O', 'I-A1', 'O', 'O', 'O', 'O', 'O', 'I-A0', 'O', 'O']	['previous', 'studies', 'using', 'wild-type', 'encephalomyocarditis', 'virus', '(emcv)', 'and', 'mengo', 'virus', ',', 'and', 'variants', 'of', 'these', 'viruses', 'being', 'able', 'to', 'be', 'genetically', 'engineered', 'to', '#truncate', 'or', 'substitute', 'the', 'poly(c)', 'tracts', 'have', 'produced', 'conflicting', 'data', 'on', 'the', 'role', 'of', 'the', 'poly(c)', 'tract', 'in', 'the', 'virulence', 'of', 'these', 'viruses', '.']
145	['O', 'O', 'O', 'B-A0', 'I-A0', 'O', 'O', 'O', 'O', 'O', 'O', 'O', 'O', 'B-V', 'B-A1', 'I-A1', 'I-A1', 'O', 'O', 'O', 'O', 'O', 'O', 'O', 'O', 'O', 'O', 'O', 'O', 'O', 'O', 'O', 'O', 'O', 'O']	['previous', 'studies', 'using', 'tsc1', 'mutations', 'that', 'may', 'be', 'genetically', 'engineered', 'to', 'substitute', 'or', '#truncate', 'the', 'protein', 'product', 'have', 'produced', 'conflicting', 'data', 'on', 'the', 'role', 'of', 'the', 'poly(c)', 'tract', 'in', 'the', 'virulence', 'of', 'these', 'viruses', '.']
146	['O', 'O', 'B-A0', 'I-A0', 'I-A0', 'I-A0', 'I-A0', 'I-A0', 'I-A0', 'I-A0', 'I-A0', 'I-A0', 'I-A0', 'I-A0', 'I-A0', 'I-A0', 'I-A0', 'O', 'O', 'O', 'B-V', 'B-A1', 'I-A1', 'O']	['virtually', 'all', 'nonsense', 'mutations', '(32%)', ',', 'insertions', 'or', 'deletions', '(29', '.6%)', ',', 'or', 'splicing', 'changes', '(6', '.2%)', 'may', 'have', 'dramatically', '#truncated', 'the', 'protein', '.']
147	['O', 'O', 'O', 'B-A0', 'I-A0', 'I-A0', 'I-A0', 'I-A0', 'I-A0', 'I-A0', 'I-A0', 'I-A0', 'I-A0', 'I-A0', 'I-A0', 'I-A0', 'O', 'O', 'O', 'O', 'O', 'O', 'B-V', 'O', 'O', 'B-A1', 'I-A1', 'I-A1', 'O', 'O', 'O', 'O', 'O', 'O', 'O', 'O', 'O', 'I-A1', 'O', 'O', 'O', 'O', 'O', 'I-A0', 'O', 'O']	['previous', 'studies', 'using', 'wild-type', 'encephalomyocarditis', 'virus', '(emcv)', 'and', 'mengo', 'virus', ',', 'and', 'variants', 'of', 'these', 'viruses', 'that', 'can', 'be', 'genetically', 'engineered', 'to', '#truncate', 'or', 'substitute', 'the', 'poly(c)', 'tracts', 'have', 'produced', 'conflicting', 'data', 'on', 'the', 'role', 'of', 'the', 'poly(c)', 'tract', 'in', 'the', 'virulence', 'of', 'these', 'viruses', '.']
148	['O', 'O', 'O', 'B-A0', 'I-A0', 'O', 'O', 'O', 'O', 'O', 'O', 'B-V', 'O', 'O', 'B-A1', 'I-A1', 'I-A1', 'O', 'O', 'O', 'O', 'O', 'O', 'O', 'O', 'O', 'O', 'O', 'O', 'O', 'O', 'O', 'O', 'O', 'O']	['previous', 'studies', 'using', 'tsc1', 'mutations', 'that', 'will', 'be', 'genetically', 'engineered', 'to', '#truncate', 'or', 'substitute', 'the', 'protein', 'product', 'have', 'produced', 'conflicting', 'data', 'on', 'the', 'role', 'of', 'the', 'poly(c)', 'tract', 'in', 'the', 'virulence', 'of', 'these', 'viruses', '.']
149	['O', 'O', 'B-A0', 'I-A0', 'I-A0', 'I-A0', 'I-A0', 'I-A0', 'I-A0', 'I-A0', 'I-A0', 'I-A0', 'I-A0', 'I-A0', 'I-A0', 'O', 'B-V', 'B-A1', 'I-A1', 'I-A1', 'O']	['virtually', 'all', 'wild-type', 'encephalomyocarditis', 'virus', '(emcv)', 'and', 'mengo', 'virus', ',', 'and', 'variants', 'of', 'these', 'viruses', 'dramatically', '#truncate', 'the', 'poly(c)', 'tracts', '.']
150	['B-A1', 'I-A1', 'O', 'O', 'O', 'O', 'O', 'B-V', 'O', 'B-A1', 'O', 'O', 'O', 'O', 'B-A0', 'I-A0', 'I-A0', 'I-A0', 'I-A0', 'I-A0', 'I-A0', 'I-A0', 'I-A0', 'I-A0', 'I-A0', 'I-A0', 'I-A0', 'I-A0', 'I-A0', 'O', 'O', 'B-A1', 'O', 'O', 'O', 'O', 'B-A1', 'O', 'O', 'O', 'O', 'O', 'O', 'O', 'O', 'O', 'O', 'O', 'O', 'O', 'O', 'O', 'O', 'O', 'O', 'O']	['the', 'protein', 'has', 'been', 'shown', 'to', 'be', '#truncated', 'by', 'the', 'majority', 'of', 'changes', 'through', 'nonsense', 'mutations', '(32%)', ',', 'insertions', 'or', 'deletions', '(29', '.6%)', ',', 'or', 'splicing', 'changes', '(6', '.2%)', ',', 'although', 'the', 'figures', 'were', 'biased', 'by', 'the', 'methods', 'employed', ',', 'and', ',', 'in', 'sequenced', 'areas', ',', 'approximately', '50%', 'of', 'all', 'mutations', 'were', 'missense', 'or', 'in-frame', '.']
151	['B-A1', 'I-A1', 'O', 'B-V', 'O', 'B-A1', 'O', 'O', 'O', 'O', 'B-A0', 'I-A0', 'I-A0', 'I-A0', 'I-A0', 'I-A0', 'I-A0', 'I-A0', 'I-A0', 'I-A0', 'I-A0', 'I-A0', 'I-A0', 'I-A0', 'I-A0', 'O', 'O', 'B-A1', 'O', 'O', 'O', 'O', 'B-A1', 'O', 'O', 'O', 'O', 'O', 'O', 'O', 'O', 'O', 'O', 'O', 'O', 'O', 'O', 'O', 'O', 'O', 'O', 'O']	['the', 'protein', 'was', '#truncated', 'by', 'the', 'majority', 'of', 'changes', 'through', 'nonsense', 'mutations', '(32%)', ',', 'insertions', 'or', 'deletions', '(29', '.6%)', ',', 'or', 'splicing', 'changes', '(6', '.2%)', ',', 'although', 'the', 'figures', 'were', 'biased', 'by', 'the', 'methods', 'employed', ',', 'and', ',', 'in', 'sequenced', 'areas', ',', 'approximately', '50%', 'of', 'all', 'mutations', 'were', 'missense', 'or', 'in-frame', '.']
152	['O', 'O', 'B-A0', 'I-A0', 'I-A0', 'I-A0', 'I-A0', 'I-A0', 'I-A0', 'I-A0', 'I-A0', 'I-A0', 'I-A0', 'I-A0', 'I-A0', 'O', 'B-V', 'B-A1', 'I-A1', 'I-A1', 'O']	['virtually', 'all', 'wild-type', 'encephalomyocarditis', 'virus', '(emcv)', 'and', 'mengo', 'virus', ',', 'and', 'variants', 'of', 'these', 'viruses', 'have', '#truncated', 'the', 'poly(c)', 'tracts', '.']
153	['O', 'O', 'O', 'B-A0', 'I-A0', 'I-A0', 'I-A0', 'I-A0', 'I-A0', 'I-A0', 'I-A0', 'I-A0', 'I-A0', 'I-A0', 'I-A0', 'I-A0', 'I-A0', 'I-A0', 'O', 'O', 'O', 'O', 'O', 'O', 'B-V', 'O', 'O', 'B-A1', 'I-A1', 'O', 'O', 'O', 'O', 'O', 'B-A1', 'O', 'O', 'B-A1', 'O', 'O', 'O', 'B-A1', 'O', 'O', 'O', 'O', 'O']	['previous', 'studies', 'using', 'nonsense', 'mutations', '(32%)', ',', 'insertions', 'or', 'deletions', '(29', '.6%)', ',', 'or', 'splicing', 'changes', '(6', '.2%)', 'that', 'can', 'be', 'genetically', 'engineered', 'to', '#truncate', 'or', 'substitute', 'the', 'protein', 'have', 'produced', 'conflicting', 'data', 'on', 'the', 'role', 'of', 'the', 'poly(c)', 'tract', 'in', 'the', 'virulence', 'of', 'these', 'viruses', '.']
154	['O', 'O', 'O', 'B-A0', 'I-A0', 'I-A0', 'I-A0', 'I-A0', 'I-A0', 'I-A0', 'I-A0', 'I-A0', 'I-A0', 'I-A0', 'I-A0', 'I-A0', 'O', 'O', 'O', 'O', 'O', 'O', 'O', 'O', 'B-V', 'B-A1', 'I-A1', 'I-A1', 'O', 'O', 'O', 'O', 'O', 'O', 'O', 'O', 'O', 'I-A1', 'O', 'O', 'O', 'O', 'O', 'I-A0', 'O', 'O']	['previous', 'studies', 'using', 'wild-type', 'encephalomyocarditis', 'virus', '(emcv)', 'and', 'mengo', 'virus', ',', 'and', 'variants', 'of', 'these', 'viruses', 'that', 'have', 'been', 'genetically', 'engineered', 'to', 'substitute', 'or', '#truncate', 'the', 'poly(c)', 'tracts', 'have', 'produced', 'conflicting', 'data', 'on', 'the', 'role', 'of', 'the', 'poly(c)', 'tract', 'in', 'the', 'virulence', 'of', 'these', 'viruses', '.']
155	['O', 'O', 'B-A0', 'I-A0', 'O', 'O', 'O', 'B-V', 'B-A1', 'I-A1', 'I-A1', 'O']	['virtually', 'all', 'tsc1', 'mutations', 'are', 'predicted', 'to', '#truncate', 'the', 'protein', 'product', '.']
156	['B-A1', 'I-A1', 'O', 'O', 'B-V', 'O', 'B-A1', 'O', 'O', 'O', 'O', 'B-A0', 'I-A0', 'I-A0', 'I-A0', 'I-A0', 'I-A0', 'I-A0', 'I-A0', 'I-A0', 'I-A0', 'I-A0', 'I-A0', 'I-A0', 'I-A0', 'I-A0', 'O', 'O', 'B-A1', 'O', 'O', 'O', 'O', 'B-A1', 'O', 'O', 'O', 'O', 'O', 'O', 'O', 'O', 'O', 'O', 'O', 'O', 'O', 'O', 'O', 'O', 'O', 'O', 'O']	['the', 'protein', 'will', 'be', '#truncated', 'by', 'the', 'majority', 'of', 'changes', 'through', 'nonsense', 'mutations', '(32%)', ',', 'insertions', 'or', 'deletions', '(29', '.6%)', ',', 'or', 'splicing', 'changes', '(6', '.2%)', ',', 'although', 'the', 'figures', 'were', 'biased', 'by', 'the', 'methods', 'employed', ',', 'and', ',', 'in', 'sequenced', 'areas', ',', 'approximately', '50%', 'of', 'all', 'mutations', 'were', 'missense', 'or', 'in-frame', '.']
157	['O', 'O', 'O', 'B-A0', 'I-A0', 'I-A0', 'I-A0', 'I-A0', 'I-A0', 'I-A0', 'I-A0', 'I-A0', 'I-A0', 'I-A0', 'I-A0', 'I-A0', 'O', 'O', 'O', 'O', 'O', 'B-V', 'O', 'O', 'B-A1', 'I-A1', 'I-A1', 'O', 'O', 'O', 'O', 'O', 'O', 'O', 'O', 'O', 'I-A1', 'O', 'O', 'O', 'O', 'O', 'I-A0', 'O', 'O']	['previous', 'studies', 'using', 'wild-type', 'encephalomyocarditis', 'virus', '(emcv)', 'and', 'mengo', 'virus', ',', 'and', 'variants', 'of', 'these', 'viruses', 'that', 'were', 'genetically', 'engineered', 'to', '#truncate', 'or', 'substitute', 'the', 'poly(c)', 'tracts', 'have', 'produced', 'conflicting', 'data', 'on', 'the', 'role', 'of', 'the', 'poly(c)', 'tract', 'in', 'the', 'virulence', 'of', 'these', 'viruses', '.']
158	['O', 'O', 'O', 'B-A0', 'I-A0', 'I-A0', 'I-A0', 'I-A0', 'I-A0', 'I-A0', 'I-A0', 'I-A0', 'I-A0', 'I-A0', 'I-A0', 'I-A0', 'I-A0', 'I-A0', 'O', 'O', 'O', 'O', 'O', 'O', 'O', 'O', 'B-V', 'B-A1', 'I-A1', 'O', 'O', 'O', 'O', 'O', 'B-A1', 'O', 'O', 'B-A1', 'O', 'O', 'O', 'B-A1', 'O', 'O', 'O', 'O', 'O']	['previous', 'studies', 'using', 'nonsense', 'mutations', '(32%)', ',', 'insertions', 'or', 'deletions', '(29', '.6%)', ',', 'or', 'splicing', 'changes', '(6', '.2%)', 'that', 'may', 'be', 'genetically', 'engineered', 'to', 'substitute', 'or', '#truncate', 'the', 'protein', 'have', 'produced', 'conflicting', 'data', 'on', 'the', 'role', 'of', 'the', 'poly(c)', 'tract', 'in', 'the', 'virulence', 'of', 'these', 'viruses', '.']
159	['O', 'O', 'O', 'B-A0', 'I-A0', 'I-A0', 'I-A0', 'I-A0', 'I-A0', 'I-A0', 'I-A0', 'I-A0', 'I-A0', 'I-A0', 'I-A0', 'I-A0', 'I-A0', 'I-A0', 'O', 'O', 'O', 'O', 'O', 'O', 'O', 'B-V', 'B-A1', 'I-A1', 'O', 'O', 'O', 'O', 'O', 'B-A1', 'O', 'O', 'B-A1', 'O', 'O', 'O', 'B-A1', 'O', 'O', 'O', 'O', 'O']	['previous', 'studies', 'using', 'nonsense', 'mutations', '(32%)', ',', 'insertions', 'or', 'deletions', '(29', '.6%)', ',', 'or', 'splicing', 'changes', '(6', '.2%)', 'that', 'were', 'genetically', 'engineered', 'to', 'substitute', 'or', '#truncate', 'the', 'protein', 'have', 'produced', 'conflicting', 'data', 'on', 'the', 'role', 'of', 'the', 'poly(c)', 'tract', 'in', 'the', 'virulence', 'of', 'these', 'viruses', '.']
160	['O', 'O', 'O', 'B-A0', 'I-A0', 'I-A0', 'I-A0', 'I-A0', 'I-A0', 'I-A0', 'I-A0', 'I-A0', 'I-A0', 'I-A0', 'I-A0', 'I-A0', 'O', 'O', 'O', 'O', 'O', 'B-V', 'O', 'O', 'B-A1', 'I-A1', 'I-A1', 'O', 'O', 'O', 'O', 'O', 'O', 'O', 'O', 'O', 'I-A1', 'O', 'O', 'O', 'O', 'O', 'I-A0', 'O', 'O']	['previous', 'studies', 'using', 'wild-type', 'encephalomyocarditis', 'virus', '(emcv)', 'and', 'mengo', 'virus', ',', 'and', 'variants', 'of', 'these', 'viruses', 'that', 'are', 'genetically', 'engineered', 'to', '#truncate', 'or', 'substitute', 'the', 'poly(c)', 'tracts', 'have', 'produced', 'conflicting', 'data', 'on', 'the', 'role', 'of', 'the', 'poly(c)', 'tract', 'in', 'the', 'virulence', 'of', 'these', 'viruses', '.']
