0	['O', 'O', 'O', 'O', 'O', 'O', 'O', 'B-A0', 'I-A0', 'O', 'O', 'O', 'B-V', 'O', 'O', 'O', 'O', 'O', 'O', 'O', 'O']	['after', 'androgen', 'withdrawal', 'and', 'antiandrogen', 'treatment', ',', 'cancer', 'cells', 'may', 'cease', 'to', '#proliferate', 'and', 'undergo', 'apoptosis', ',', 'causing', 'tumor', 'regression', '.']
1	['O', 'O', 'O', 'B-A0', 'I-A0', 'O', 'O', 'B-V', 'O', 'B-A2', 'I-A2', 'O', 'O', 'O', 'O', 'O', 'O', 'O', 'O', 'O', 'O', 'O', 'O', 'O', 'O', 'O', 'O', 'O', 'O', 'O']	['the', 'ability', 'of', 'ebd', 'cells', 'that', 'will', '#proliferate', 'strongly', 'in', 'vivo', 'was', 'examined', 'by', 'injection', 'of', '3', '?', '106', 'lvec', 'cells', 'into', 'the', 'calf', 'muscle', 'of', '3', 'immunocompromised', 'mice', '.']
2	['O', 'O', 'O', 'O', 'B-A0', 'I-A0', 'I-A0', 'I-A0', 'O', 'O', 'O', 'O', 'O', 'O', 'O', 'B-V', 'O', 'B-A1', 'I-A1', 'I-A1', 'I-A1', 'I-A1', 'O', 'O', 'O', 'O', 'O', 'O', 'O', 'O', 'O', 'O', 'O', 'O', 'O', 'O', 'O', 'O', 'O', 'O']	['our', 'observations', 'illustrate', 'that', 'adult', 'naive', 't', 'cells', 'was', 'endowed', 'with', 'the', 'biochemical', 'machinery', 'to', '#proliferate', 'indefinitely', 'when', 'transferred', 'to', 'lymphopenic', 'hosts', ',', 'yet', ',', 'there', 'are', 'intrinsic', 'mechanisms', 'that', 'effectively', 'circumscribe', 'the', 'extent', 'and', 'duration', 'of', 'trophoblast', 'proliferation', '.']
3	['O', 'O', 'O', 'B-A0', 'I-A0', 'O', 'O', 'B-V', 'B-A2', 'I-A2', 'O', 'O', 'O', 'O', 'O', 'O', 'O', 'O', 'O', 'O', 'O', 'O', 'O', 'O', 'O', 'O', 'O', 'O', 'O']	['the', 'ability', 'of', 'ebd', 'cells', 'having', 'strongly', '#proliferated', 'in', 'vivo', 'was', 'examined', 'by', 'injection', 'of', '3', '?', '106', 'lvec', 'cells', 'into', 'the', 'calf', 'muscle', 'of', '3', 'immunocompromised', 'mice', '.']
4	['O', 'O', 'O', 'B-A0', 'I-A0', 'O', 'O', 'O', 'O', 'B-V', 'O', 'B-A2', 'I-A2', 'O', 'O', 'O', 'O', 'O', 'O', 'O', 'O', 'O', 'O', 'O', 'O', 'O', 'O', 'O', 'O', 'O', 'O', 'O']	['the', 'ability', 'of', 'ebd', 'cells', 'having', 'the', 'ability', 'to', '#proliferate', 'strongly', 'in', 'vivo', 'was', 'examined', 'by', 'injection', 'of', '3', '?', '106', 'lvec', 'cells', 'into', 'the', 'calf', 'muscle', 'of', '3', 'immunocompromised', 'mice', '.']
5	['O', 'O', 'O', 'O', 'O', 'O', 'O', 'B-A0', 'I-A0', 'O', 'O', 'O', 'O', 'O', 'B-V', 'O', 'O', 'O', 'O', 'O', 'O', 'O', 'O']	['after', 'androgen', 'withdrawal', 'and', 'antiandrogen', 'treatment', ',', 'cancer', 'cells', 'are', 'able', 'to', 'cease', 'to', '#proliferate', 'and', 'undergo', 'apoptosis', ',', 'causing', 'tumor', 'regression', '.']
6	['O', 'O', 'O', 'B-A0', 'I-A0', 'O', 'O', 'B-V', 'B-A2', 'I-A2', 'O', 'O', 'O', 'O', 'O', 'O', 'O', 'O', 'O', 'O', 'O', 'O', 'O', 'O', 'O', 'O', 'O', 'O', 'O']	['the', 'ability', 'of', 'ebd', 'cells', 'that', 'may', '#proliferate', 'in', 'vivo', 'was', 'examined', 'by', 'injection', 'of', '3', '?', '106', 'lvec', 'cells', 'into', 'the', 'calf', 'muscle', 'of', '3', 'immunocompromised', 'mice', '.']
7	['O', 'O', 'B-A0', 'I-A0', 'I-A0', 'I-A0', 'O', 'O', 'O', 'O', 'O', 'O', 'O', 'O', 'O', 'O', 'O', 'O', 'O', 'O', 'O', 'O', 'O', 'O', 'O', 'O', 'O', 'O', 'O', 'O', 'B-V', 'B-A1', 'I-A1', 'I-A1', 'I-A1', 'I-A1', 'O']	['treatment', 'of', 'adult', 'naive', 't', 'cells', 'of', 'different', 'origin', 'with', 'the', 'ganglioside', 'biosynthesis', 'inhibitors', 'fumonisin', 'b1', ',', 'd-threo-1-phenyl-2-decanoylamino-3-morpholino-1-propanol', 'or', 'd-1-threo-1-phenyl-2-hexa-decanoylamino-3-pyrrolidino-1-propanol-hcl', ',', 'has', 'the', 'ability', 'to', 'significantly', 'impair', 'their', 'capacity', 'to', '#proliferate', 'when', 'transferred', 'to', 'lymphopenic', 'hosts', '.']
8	['O', 'O', 'O', 'B-A0', 'I-A0', 'O', 'O', 'O', 'O', 'B-V', 'B-A2', 'I-A2', 'O', 'O', 'O', 'O', 'O', 'O', 'O', 'O', 'O', 'O', 'O', 'O', 'O', 'O', 'O', 'O', 'O', 'O', 'O']	['the', 'ability', 'of', 'ebd', 'cells', 'that', 'is', 'observed', 'to', '#proliferate', 'in', 'vivo', 'was', 'examined', 'by', 'injection', 'of', '3', '?', '106', 'lvec', 'cells', 'into', 'the', 'calf', 'muscle', 'of', '3', 'immunocompromised', 'mice', '.']
9	['O', 'O', 'O', 'O', 'B-A0', 'I-A0', 'I-A0', 'I-A0', 'O', 'O', 'O', 'O', 'O', 'O', 'O', 'O', 'B-V', 'O', 'B-A1', 'I-A1', 'I-A1', 'I-A1', 'I-A1', 'O', 'O', 'O', 'O', 'O', 'O', 'O', 'O', 'O', 'O', 'O', 'O', 'O', 'O', 'O', 'O', 'O', 'O']	['our', 'observations', 'illustrate', 'that', 'adult', 'naive', 't', 'cells', 'has', 'been', 'endowed', 'with', 'the', 'biochemical', 'machinery', 'to', '#proliferate', 'indefinitely', 'when', 'transferred', 'to', 'lymphopenic', 'hosts', ',', 'yet', ',', 'there', 'are', 'intrinsic', 'mechanisms', 'that', 'effectively', 'circumscribe', 'the', 'extent', 'and', 'duration', 'of', 'trophoblast', 'proliferation', '.']
10	['B-A0', 'I-A0', 'O', 'O', 'O', 'O', 'O', 'O', 'O', 'O', 'O', 'O', 'B-V', 'O', 'O', 'O', 'O', 'O', 'O', 'O', 'O', 'O', 'O']	['cancer', 'cells', 'may', 'be', 'characterized', 'by', 'either', 'an', 'increased', 'ability', 'to', 'strongly', '#proliferate', 'or', 'a', 'diminished', 'capacity', 'to', 'undergo', 'programmed', 'cell', 'death', '.']
11	['B-A0', 'I-A0', 'I-A0', 'I-A0', 'O', 'O', 'O', 'O', 'O', 'O', 'O', 'O', 'O', 'O', 'B-V', 'B-A1', 'I-A1', 'I-A1', 'I-A1', 'I-A1', 'O']	['adult', 'naive', 't', 'cells', ',', 'which', 'are', 'at', 'rest', 'in', 'normal', 'conditions', ',', 'can', '#proliferate', 'when', 'transferred', 'to', 'lymphopenic', 'hosts', '.']
12	['B-A0', 'I-A0', 'I-A0', 'I-A0', 'O', 'O', 'O', 'O', 'O', 'B-V', 'B-A1', 'I-A1', 'I-A1', 'I-A1', 'I-A1', 'O', 'O', 'O']	['adult', 'naive', 't', 'cells', 'can', 'regain', 'the', 'ability', 'to', '#proliferate', 'when', 'transferred', 'to', 'lymphopenic', 'hosts', '(figure', '6b)', '.']
13	['O', 'O', 'O', 'B-A0', 'I-A0', 'O', 'O', 'O', 'B-V', 'B-A2', 'I-A2', 'O', 'O', 'O', 'O', 'O', 'O', 'O', 'O', 'O', 'O', 'O', 'O', 'O', 'O', 'O', 'O', 'O', 'O', 'O']	['the', 'ability', 'of', 'ebd', 'cells', 'being', 'able', 'to', '#proliferate', 'in', 'vivo', 'was', 'examined', 'by', 'injection', 'of', '3', '?', '106', 'lvec', 'cells', 'into', 'the', 'calf', 'muscle', 'of', '3', 'immunocompromised', 'mice', '.']
14	['B-A0', 'I-A0', 'I-A0', 'I-A0', 'O', 'O', 'O', 'O', 'O', 'O', 'O', 'O', 'O', 'B-V', 'B-A1', 'I-A1', 'I-A1', 'I-A1', 'I-A1', 'O']	['adult', 'naive', 't', 'cells', ',', 'which', 'are', 'at', 'rest', 'in', 'normal', 'conditions', ',', '#proliferated', 'when', 'transferred', 'to', 'lymphopenic', 'hosts', '.']
15	['O', 'O', 'O', 'B-A0', 'I-A0', 'O', 'O', 'B-V', 'O', 'B-A2', 'I-A2', 'O', 'O', 'O', 'O', 'O', 'O', 'O', 'O', 'O', 'O', 'O', 'O', 'O', 'O', 'O', 'O', 'O', 'O', 'O']	['the', 'ability', 'of', 'ebd', 'cells', 'that', 'may', '#proliferate', 'strongly', 'in', 'vivo', 'was', 'examined', 'by', 'injection', 'of', '3', '?', '106', 'lvec', 'cells', 'into', 'the', 'calf', 'muscle', 'of', '3', 'immunocompromised', 'mice', '.']
16	['B-A0', 'I-A0', 'O', 'O', 'O', 'O', 'O', 'O', 'O', 'O', 'O', 'O', 'O', 'O', 'B-V', 'O', 'O', 'O', 'O', 'O', 'O', 'O', 'O', 'O', 'O']	['cancer', 'cells', 'are', 'believed', 'to', 'be', 'characterized', 'by', 'either', 'an', 'increased', 'ability', 'to', 'strongly', '#proliferate', 'or', 'a', 'diminished', 'capacity', 'to', 'undergo', 'programmed', 'cell', 'death', '.']
17	['O', 'O', 'O', 'B-A0', 'I-A0', 'O', 'O', 'O', 'B-V', 'B-A2', 'I-A2', 'O', 'O', 'O', 'O', 'O', 'O', 'O', 'O', 'O', 'O', 'O', 'O', 'O', 'O', 'O', 'O', 'O', 'O', 'O']	['the', 'ability', 'of', 'ebd', 'cells', 'being', 'observed', 'to', '#proliferate', 'in', 'vivo', 'was', 'examined', 'by', 'injection', 'of', '3', '?', '106', 'lvec', 'cells', 'into', 'the', 'calf', 'muscle', 'of', '3', 'immunocompromised', 'mice', '.']
18	['B-A0', 'I-A0', 'I-A0', 'I-A0', 'O', 'O', 'O', 'O', 'O', 'O', 'O', 'O', 'O', 'O', 'O', 'O', 'O', 'B-V', 'B-A1', 'I-A1', 'I-A1', 'I-A1', 'I-A1', 'O']	['adult', 'naive', 't', 'cells', ',', 'which', 'are', 'at', 'rest', 'in', 'normal', 'conditions', ',', 'have', 'the', 'ability', 'to', '#proliferate', 'when', 'transferred', 'to', 'lymphopenic', 'hosts', '.']
19	['O', 'O', 'O', 'O', 'O', 'O', 'O', 'B-A0', 'I-A0', 'O', 'O', 'O', 'O', 'O', 'O', 'B-V', 'O', 'O', 'O', 'O', 'O', 'O', 'O', 'O']	['after', 'androgen', 'withdrawal', 'and', 'antiandrogen', 'treatment', ',', 'cancer', 'cells', 'have', 'the', 'ability', 'to', 'cease', 'to', '#proliferate', 'and', 'undergo', 'apoptosis', ',', 'causing', 'tumor', 'regression', '.']
20	['O', 'O', 'O', 'O', 'O', 'O', 'O', 'B-A0', 'I-A0', 'O', 'O', 'O', 'O', 'O', 'O', 'O', 'B-V', 'O', 'O', 'O', 'O', 'O', 'O', 'O', 'O']	['after', 'androgen', 'withdrawal', 'and', 'antiandrogen', 'treatment', ',', 'cancer', 'cells', 'that', 'have', 'the', 'ability', 'to', 'cease', 'to', '#proliferate', 'and', 'undergo', 'apoptosis', 'will', 'cause', 'tumor', 'regression', '.']
21	['O', 'O', 'O', 'B-A0', 'I-A0', 'O', 'O', 'B-V', 'O', 'B-A2', 'I-A2', 'O', 'O', 'O', 'O', 'O', 'O', 'O', 'O', 'O', 'O', 'O', 'O', 'O', 'O', 'O', 'O', 'O', 'O', 'O']	['the', 'ability', 'of', 'ebd', 'cells', 'that', 'can', '#proliferate', 'strongly', 'in', 'vivo', 'was', 'examined', 'by', 'injection', 'of', '3', '?', '106', 'lvec', 'cells', 'into', 'the', 'calf', 'muscle', 'of', '3', 'immunocompromised', 'mice', '.']
22	['B-A0', 'I-A0', 'I-A0', 'I-A0', 'O', 'O', 'O', 'O', 'B-V', 'B-A1', 'I-A1', 'I-A1', 'I-A1', 'I-A1', 'O', 'O', 'O']	['adult', 'naive', 't', 'cells', 'regain', 'the', 'ability', 'to', '#proliferate', 'when', 'transferred', 'to', 'lymphopenic', 'hosts', '(figure', '6b)', '.']
23	['O', 'O', 'O', 'O', 'O', 'O', 'O', 'B-A0', 'I-A0', 'O', 'O', 'O', 'O', 'O', 'O', 'B-V', 'O', 'O', 'O', 'O', 'O', 'O', 'O', 'O']	['after', 'androgen', 'withdrawal', 'and', 'antiandrogen', 'treatment', ',', 'cancer', 'cells', 'having', 'the', 'ability', 'to', 'cease', 'to', '#proliferate', 'and', 'undergo', 'apoptosis', 'will', 'cause', 'tumor', 'regression', '.']
24	['B-A0', 'I-A0', 'I-A0', 'I-A0', 'O', 'O', 'O', 'O', 'O', 'O', 'O', 'O', 'O', 'O', 'O', 'O', 'B-V', 'O', 'B-A1', 'I-A1', 'I-A1', 'I-A1', 'I-A1', 'O']	['adult', 'naive', 't', 'cells', ',', 'which', 'are', 'at', 'rest', 'in', 'normal', 'conditions', ',', 'are', 'able', 'to', '#proliferate', 'strongly', 'when', 'transferred', 'to', 'lymphopenic', 'hosts', '.']
25	['B-A0', 'I-A0', 'I-A0', 'I-A0', 'O', 'O', 'O', 'O', 'O', 'B-V', 'O', 'B-A1', 'I-A1', 'I-A1', 'I-A1', 'I-A1', 'O', 'O', 'O']	['adult', 'naive', 't', 'cells', 'can', 'regain', 'the', 'ability', 'to', '#proliferate', 'indefinitely', 'when', 'transferred', 'to', 'lymphopenic', 'hosts', '(figure', '6b)', '.']
26	['O', 'O', 'O', 'B-A0', 'I-A0', 'O', 'O', 'O', 'O', 'O', 'B-V', 'O', 'B-A2', 'I-A2', 'O', 'O', 'O', 'O', 'O', 'O', 'O', 'O', 'O', 'O', 'O', 'O', 'O', 'O', 'O', 'O', 'O', 'O', 'O']	['the', 'ability', 'of', 'ebd', 'cells', 'that', 'have', 'the', 'ability', 'to', '#proliferate', 'strongly', 'in', 'vivo', 'was', 'examined', 'by', 'injection', 'of', '3', '?', '106', 'lvec', 'cells', 'into', 'the', 'calf', 'muscle', 'of', '3', 'immunocompromised', 'mice', '.']
27	['B-A0', 'I-A0', 'I-A0', 'I-A0', 'O', 'O', 'O', 'O', 'O', 'O', 'O', 'O', 'O', 'O', 'O', 'O', 'B-V', 'B-A1', 'I-A1', 'I-A1', 'I-A1', 'I-A1', 'O']	['adult', 'naive', 't', 'cells', ',', 'which', 'are', 'at', 'rest', 'in', 'normal', 'conditions', ',', 'are', 'able', 'to', '#proliferate', 'when', 'transferred', 'to', 'lymphopenic', 'hosts', '.']
28	['O', 'O', 'B-A0', 'I-A0', 'I-A0', 'I-A0', 'O', 'O', 'O', 'O', 'O', 'O', 'O', 'O', 'O', 'O', 'O', 'O', 'O', 'O', 'O', 'O', 'O', 'O', 'O', 'O', 'O', 'O', 'O', 'B-V', 'B-A1', 'I-A1', 'I-A1', 'I-A1', 'I-A1', 'O']	['treatment', 'of', 'adult', 'naive', 't', 'cells', 'of', 'different', 'origin', 'with', 'the', 'ganglioside', 'biosynthesis', 'inhibitors', 'fumonisin', 'b1', ',', 'd-threo-1-phenyl-2-decanoylamino-3-morpholino-1-propanol', 'or', 'd-1-threo-1-phenyl-2-hexa-decanoylamino-3-pyrrolidino-1-propanol-hcl', ',', 'has', 'the', 'ability', 'to', 'impair', 'their', 'capacity', 'to', '#proliferate', 'when', 'transferred', 'to', 'lymphopenic', 'hosts', '.']
29	['B-A0', 'I-A0', 'I-A0', 'I-A0', 'O', 'O', 'O', 'O', 'O', 'O', 'O', 'O', 'O', 'O', 'O', 'B-V', 'B-A1', 'I-A1', 'I-A1', 'I-A1', 'I-A1', 'O']	['adult', 'naive', 't', 'cells', ',', 'which', 'are', 'at', 'rest', 'in', 'normal', 'conditions', ',', 'could', 'have', '#proliferated', 'when', 'transferred', 'to', 'lymphopenic', 'hosts', '.']
30	['O', 'O', 'O', 'O', 'B-A0', 'I-A0', 'I-A0', 'I-A0', 'O', 'O', 'O', 'O', 'O', 'O', 'O', 'B-V', 'O', 'B-A1', 'I-A1', 'I-A1', 'I-A1', 'I-A1', 'O', 'O', 'O', 'O', 'O', 'O', 'O', 'O', 'O', 'O', 'O', 'O', 'O', 'O', 'O', 'O', 'O', 'O']	['our', 'observations', 'illustrate', 'that', 'adult', 'naive', 't', 'cells', 'is', 'endowed', 'with', 'the', 'biochemical', 'machinery', 'to', '#proliferate', 'indefinitely', 'when', 'transferred', 'to', 'lymphopenic', 'hosts', ',', 'yet', ',', 'there', 'are', 'intrinsic', 'mechanisms', 'that', 'effectively', 'circumscribe', 'the', 'extent', 'and', 'duration', 'of', 'trophoblast', 'proliferation', '.']
31	['O', 'O', 'O', 'O', 'O', 'O', 'O', 'B-A0', 'I-A0', 'O', 'O', 'O', 'O', 'O', 'B-V', 'O', 'O', 'O', 'O', 'O', 'O', 'O', 'O']	['after', 'androgen', 'withdrawal', 'and', 'antiandrogen', 'treatment', ',', 'cancer', 'cells', 'being', 'able', 'to', 'cease', 'to', '#proliferate', 'and', 'undergo', 'apoptosis', 'will', 'cause', 'tumor', 'regression', '.']
32	['O', 'O', 'O', 'O', 'B-A0', 'I-A0', 'I-A0', 'I-A0', 'O', 'O', 'O', 'O', 'O', 'O', 'O', 'O', 'O', 'O', 'B-V', 'B-A1', 'I-A1', 'I-A1', 'I-A1', 'I-A1', 'O', 'O', 'O', 'O', 'O', 'O', 'O', 'O', 'O', 'O', 'O', 'O', 'O', 'O', 'O', 'O', 'O', 'O']	['our', 'observations', 'illustrate', 'that', 'adult', 'naive', 't', 'cells', 'is', 'shown', 'to', 'be', 'endowed', 'with', 'the', 'biochemical', 'machinery', 'to', '#proliferate', 'when', 'transferred', 'to', 'lymphopenic', 'hosts', ',', 'yet', ',', 'there', 'are', 'intrinsic', 'mechanisms', 'that', 'effectively', 'circumscribe', 'the', 'extent', 'and', 'duration', 'of', 'trophoblast', 'proliferation', '.']
33	['O', 'O', 'O', 'B-A0', 'I-A0', 'O', 'O', 'O', 'O', 'O', 'B-V', 'B-A2', 'I-A2', 'O', 'O', 'O', 'O', 'O', 'O', 'O', 'O', 'O', 'O', 'O', 'O', 'O', 'O', 'O', 'O', 'O', 'O', 'O']	['the', 'ability', 'of', 'ebd', 'cells', 'that', 'have', 'the', 'ability', 'to', '#proliferate', 'in', 'vivo', 'was', 'examined', 'by', 'injection', 'of', '3', '?', '106', 'lvec', 'cells', 'into', 'the', 'calf', 'muscle', 'of', '3', 'immunocompromised', 'mice', '.']
34	['O', 'O', 'O', 'B-A0', 'I-A0', 'O', 'O', 'O', 'B-V', 'O', 'B-A2', 'I-A2', 'O', 'O', 'O', 'O', 'O', 'O', 'O', 'O', 'O', 'O', 'O', 'O', 'O', 'O', 'O', 'O', 'O', 'O', 'O']	['the', 'ability', 'of', 'ebd', 'cells', 'being', 'observed', 'to', '#proliferate', 'strongly', 'in', 'vivo', 'was', 'examined', 'by', 'injection', 'of', '3', '?', '106', 'lvec', 'cells', 'into', 'the', 'calf', 'muscle', 'of', '3', 'immunocompromised', 'mice', '.']
35	['B-A0', 'I-A0', 'O', 'O', 'O', 'O', 'O', 'O', 'O', 'O', 'O', 'O', 'B-V', 'O', 'O', 'O', 'O', 'O', 'O', 'O', 'O', 'O', 'O']	['cancer', 'cells', 'wil', 'be', 'characterized', 'by', 'either', 'an', 'increased', 'ability', 'for', 'strong', '#proliferating', 'or', 'a', 'diminished', 'capacity', 'to', 'undergo', 'programmed', 'cell', 'death', '.']
36	['B-A0', 'I-A0', 'I-A0', 'I-A0', 'O', 'O', 'O', 'O', 'O', 'O', 'O', 'O', 'B-V', 'O', 'B-A1', 'I-A1', 'I-A1', 'I-A1', 'I-A1', 'O', 'O', 'O']	['adult', 'naive', 't', 'cells', 'have', 'the', 'probability', 'of', 'regaining', 'the', 'ability', 'to', '#proliferate', 'indefinitely', 'when', 'transferred', 'to', 'lymphopenic', 'hosts', '(figure', '6b)', '.']
37	['B-A0', 'I-A0', 'I-A0', 'I-A0', 'O', 'O', 'O', 'O', 'O', 'O', 'O', 'O', 'O', 'O', 'B-V', 'B-A1', 'I-A1', 'I-A1', 'I-A1', 'I-A1', 'O']	['adult', 'naive', 't', 'cells', ',', 'which', 'are', 'at', 'rest', 'in', 'normal', 'conditions', ',', 'will', '#proliferate', 'when', 'transferred', 'to', 'lymphopenic', 'hosts', '.']
38	['B-A0', 'I-A0', 'I-A0', 'I-A0', 'O', 'O', 'O', 'O', 'O', 'B-V', 'O', 'B-A1', 'I-A1', 'I-A1', 'I-A1', 'I-A1', 'O', 'O', 'O']	['adult', 'naive', 't', 'cells', 'will', 'regain', 'the', 'ability', 'to', '#proliferate', 'indefinitely', 'when', 'transferred', 'to', 'lymphopenic', 'hosts', '(figure', '6b)', '.']
39	['B-A0', 'I-A0', 'I-A0', 'I-A0', 'O', 'O', 'O', 'O', 'O', 'O', 'O', 'O', 'O', 'B-V', 'O', 'B-A1', 'I-A1', 'I-A1', 'I-A1', 'I-A1', 'O']	['adult', 'naive', 't', 'cells', ',', 'which', 'are', 'at', 'rest', 'in', 'normal', 'conditions', ',', '#proliferate', 'strongly', 'when', 'transferred', 'to', 'lymphopenic', 'hosts', '.']
40	['O', 'O', 'O', 'O', 'B-A0', 'I-A0', 'I-A0', 'I-A0', 'O', 'O', 'O', 'O', 'O', 'O', 'O', 'O', 'O', 'O', 'B-V', 'O', 'B-A1', 'I-A1', 'I-A1', 'I-A1', 'I-A1', 'O', 'O', 'O', 'O', 'O', 'O', 'O', 'O', 'O', 'O', 'O', 'O', 'O', 'O', 'O', 'O', 'O', 'O']	['our', 'observations', 'illustrate', 'that', 'adult', 'naive', 't', 'cells', 'is', 'able', 'to', 'be', 'endowed', 'with', 'the', 'biochemical', 'machinery', 'to', '#proliferate', 'indefinitely', 'when', 'transferred', 'to', 'lymphopenic', 'hosts', ',', 'yet', ',', 'there', 'are', 'intrinsic', 'mechanisms', 'that', 'effectively', 'circumscribe', 'the', 'extent', 'and', 'duration', 'of', 'trophoblast', 'proliferation', '.']
41	['O', 'O', 'O', 'O', 'O', 'O', 'O', 'B-A0', 'I-A0', 'O', 'O', 'B-V', 'O', 'O', 'O', 'O', 'O', 'O', 'O', 'O']	['after', 'androgen', 'withdrawal', 'and', 'antiandrogen', 'treatment', ',', 'cancer', 'cells', 'cease', 'to', '#proliferate', 'and', 'undergo', 'apoptosis', ',', 'causing', 'tumor', 'regression', '.']
42	['O', 'O', 'O', 'O', 'O', 'O', 'O', 'B-A0', 'I-A0', 'O', 'O', 'B-V', 'O', 'O', 'O', 'O', 'O', 'O', 'O']	['after', 'androgen', 'withdrawal', 'and', 'antiandrogen', 'treatment', ',', 'cancer', 'cells', 'ceasing', 'to', '#proliferate', 'and', 'underwent', 'apoptosis', 'caused', 'tumor', 'regression', '.']
43	['B-A0', 'I-A0', 'I-A0', 'I-A0', 'O', 'O', 'O', 'O', 'O', 'O', 'O', 'O', 'O', 'O', 'B-V', 'B-A1', 'I-A1', 'I-A1', 'I-A1', 'I-A1', 'O']	['adult', 'naive', 't', 'cells', ',', 'which', 'are', 'at', 'rest', 'in', 'normal', 'conditions', ',', 'have', '#proliferated', 'when', 'transferred', 'to', 'lymphopenic', 'hosts', '.']
44	['B-A0', 'I-A0', 'I-A0', 'I-A0', 'O', 'O', 'O', 'O', 'O', 'O', 'O', 'O', 'B-V', 'B-A1', 'I-A1', 'I-A1', 'I-A1', 'I-A1', 'O', 'O', 'O']	['adult', 'naive', 't', 'cells', 'have', 'the', 'probability', 'of', 'regaining', 'the', 'ability', 'to', '#proliferate', 'when', 'transferred', 'to', 'lymphopenic', 'hosts', '(figure', '6b)', '.']
45	['O', 'O', 'O', 'O', 'O', 'O', 'O', 'B-A0', 'I-A0', 'O', 'O', 'O', 'B-V', 'O', 'O', 'O', 'O', 'O', 'O', 'O']	['after', 'androgen', 'withdrawal', 'and', 'antiandrogen', 'treatment', ',', 'cancer', 'cells', 'that', 'ceased', 'to', '#proliferate', 'and', 'underwent', 'apoptosis', 'caused', 'tumor', 'regression', '.']
46	['B-A0', 'I-A0', 'I-A0', 'I-A0', 'O', 'O', 'O', 'O', 'O', 'O', 'O', 'O', 'O', 'O', 'O', 'O', 'B-V', 'O', 'B-A1', 'I-A1', 'I-A1', 'I-A1', 'I-A1', 'O']	['adult', 'naive', 't', 'cells', ',', 'which', 'are', 'at', 'rest', 'in', 'normal', 'conditions', ',', 'are', 'observed', 'to', '#proliferate', 'strongly', 'when', 'transferred', 'to', 'lymphopenic', 'hosts', '.']
47	['O', 'O', 'B-A0', 'I-A0', 'I-A0', 'I-A0', 'O', 'O', 'O', 'O', 'O', 'O', 'O', 'O', 'O', 'O', 'O', 'O', 'O', 'O', 'O', 'O', 'O', 'O', 'O', 'O', 'O', 'O', 'B-V', 'B-A1', 'I-A1', 'I-A1', 'I-A1', 'I-A1', 'O']	['treatment', 'of', 'adult', 'naive', 't', 'cells', 'of', 'different', 'origin', 'with', 'the', 'ganglioside', 'biosynthesis', 'inhibitors', 'fumonisin', 'b1', ',', 'd-threo-1-phenyl-2-decanoylamino-3-morpholino-1-propanol', 'or', 'd-1-threo-1-phenyl-2-hexa-decanoylamino-3-pyrrolidino-1-propanol-hcl', ',', 'is', 'observed', 'to', 'impair', 'their', 'capacity', 'to', '#proliferate', 'when', 'transferred', 'to', 'lymphopenic', 'hosts', '.']
48	['B-A0', 'I-A0', 'I-A0', 'I-A0', 'O', 'O', 'O', 'O', 'O', 'O', 'O', 'O', 'O', 'O', 'O', 'O', 'B-V', 'B-A1', 'I-A1', 'I-A1', 'I-A1', 'I-A1', 'O']	['adult', 'naive', 't', 'cells', ',', 'which', 'are', 'at', 'rest', 'in', 'normal', 'conditions', ',', 'might', 'have', 'strongly', '#proliferated', 'when', 'transferred', 'to', 'lymphopenic', 'hosts', '.']
49	['O', 'O', 'O', 'O', 'B-A0', 'I-A0', 'I-A0', 'I-A0', 'O', 'O', 'O', 'O', 'O', 'O', 'O', 'O', 'B-V', 'O', 'B-A1', 'I-A1', 'I-A1', 'I-A1', 'I-A1', 'O', 'O', 'O', 'O', 'O', 'O', 'O', 'O', 'O', 'O', 'O', 'O', 'O', 'O', 'O', 'O', 'O', 'O']	['our', 'observations', 'illustrate', 'that', 'adult', 'naive', 't', 'cells', 'can', 'be', 'endowed', 'with', 'the', 'biochemical', 'machinery', 'to', '#proliferate', 'indefinitely', 'when', 'transferred', 'to', 'lymphopenic', 'hosts', ',', 'yet', ',', 'there', 'are', 'intrinsic', 'mechanisms', 'that', 'effectively', 'circumscribe', 'the', 'extent', 'and', 'duration', 'of', 'trophoblast', 'proliferation', '.']
50	['B-A0', 'I-A0', 'O', 'O', 'O', 'O', 'O', 'O', 'O', 'O', 'B-V', 'O', 'O', 'O', 'O', 'O', 'O', 'O', 'O', 'O', 'O']	['cancer', 'cells', 'was', 'characterized', 'by', 'either', 'an', 'increased', 'ability', 'to', '#proliferate', 'or', 'a', 'diminished', 'capacity', 'to', 'undergo', 'programmed', 'cell', 'death', '.']
51	['O', 'O', 'B-A0', 'I-A0', 'I-A0', 'I-A0', 'O', 'O', 'O', 'O', 'O', 'O', 'O', 'O', 'O', 'O', 'O', 'O', 'O', 'O', 'O', 'O', 'O', 'O', 'O', 'O', 'O', 'B-V', 'B-A1', 'I-A1', 'I-A1', 'I-A1', 'I-A1', 'O']	['treatment', 'of', 'adult', 'naive', 't', 'cells', 'of', 'different', 'origin', 'with', 'the', 'ganglioside', 'biosynthesis', 'inhibitors', 'fumonisin', 'b1', ',', 'd-threo-1-phenyl-2-decanoylamino-3-morpholino-1-propanol', 'or', 'd-1-threo-1-phenyl-2-hexa-decanoylamino-3-pyrrolidino-1-propanol-hcl', ',', 'will', 'significantly', 'impair', 'their', 'capacity', 'to', '#proliferate', 'when', 'transferred', 'to', 'lymphopenic', 'hosts', '.']
52	['O', 'O', 'O', 'B-A0', 'I-A0', 'O', 'O', 'B-V', 'B-A2', 'I-A2', 'O', 'O', 'O', 'O', 'O', 'O', 'O', 'O', 'O', 'O', 'O', 'O', 'O', 'O', 'O', 'O', 'O', 'O', 'O']	['the', 'ability', 'of', 'ebd', 'cells', 'that', 'will', '#proliferate', 'in', 'vivo', 'was', 'examined', 'by', 'injection', 'of', '3', '?', '106', 'lvec', 'cells', 'into', 'the', 'calf', 'muscle', 'of', '3', 'immunocompromised', 'mice', '.']
53	['O', 'O', 'O', 'O', 'B-A0', 'I-A0', 'I-A0', 'I-A0', 'O', 'O', 'O', 'O', 'O', 'O', 'O', 'O', 'O', 'O', 'O', 'B-V', 'B-A1', 'I-A1', 'I-A1', 'I-A1', 'I-A1', 'O', 'O', 'O', 'O', 'O', 'O', 'O', 'O', 'O', 'O', 'O', 'O', 'O', 'O', 'O', 'O', 'O', 'O']	['our', 'observations', 'illustrate', 'that', 'adult', 'naive', 't', 'cells', 'has', 'the', 'ability', 'to', 'be', 'endowed', 'with', 'the', 'biochemical', 'machinery', 'to', '#proliferate', 'when', 'transferred', 'to', 'lymphopenic', 'hosts', ',', 'yet', ',', 'there', 'are', 'intrinsic', 'mechanisms', 'that', 'effectively', 'circumscribe', 'the', 'extent', 'and', 'duration', 'of', 'trophoblast', 'proliferation', '.']
54	['O', 'O', 'O', 'O', 'O', 'O', 'O', 'B-A0', 'I-A0', 'O', 'O', 'B-V', 'O', 'O', 'O', 'O', 'O', 'O', 'O', 'O']	['after', 'androgen', 'withdrawal', 'and', 'antiandrogen', 'treatment', ',', 'cancer', 'cells', 'ceased', 'to', '#proliferate', 'and', 'underwent', 'apoptosis', ',', 'causing', 'tumor', 'regression', '.']
55	['O', 'O', 'O', 'B-A0', 'I-A0', 'B-V', 'B-A2', 'I-A2', 'O', 'O', 'O', 'O', 'O', 'O', 'O', 'O', 'O', 'O', 'O', 'O', 'O', 'O', 'O', 'O', 'O', 'O', 'O']	['the', 'ability', 'of', 'ebd', 'cells', '#proliferating', 'in', 'vivo', 'was', 'examined', 'by', 'injection', 'of', '3', '?', '106', 'lvec', 'cells', 'into', 'the', 'calf', 'muscle', 'of', '3', 'immunocompromised', 'mice', '.']
56	['O', 'O', 'B-A0', 'I-A0', 'I-A0', 'I-A0', 'O', 'O', 'O', 'O', 'O', 'O', 'O', 'O', 'O', 'O', 'O', 'O', 'O', 'O', 'O', 'O', 'O', 'O', 'O', 'O', 'B-V', 'B-A1', 'I-A1', 'I-A1', 'I-A1', 'I-A1', 'O']	['treatment', 'of', 'adult', 'naive', 't', 'cells', 'of', 'different', 'origin', 'with', 'the', 'ganglioside', 'biosynthesis', 'inhibitors', 'fumonisin', 'b1', ',', 'd-threo-1-phenyl-2-decanoylamino-3-morpholino-1-propanol', 'or', 'd-1-threo-1-phenyl-2-hexa-decanoylamino-3-pyrrolidino-1-propanol-hcl', ',', 'significantly', 'impaired', 'their', 'capacity', 'to', '#proliferate', 'when', 'transferred', 'to', 'lymphopenic', 'hosts', '.']
57	['O', 'O', 'O', 'B-A0', 'I-A0', 'O', 'O', 'O', 'O', 'B-V', 'O', 'B-A2', 'I-A2', 'O', 'O', 'O', 'O', 'O', 'O', 'O', 'O', 'O', 'O', 'O', 'O', 'O', 'O', 'O', 'O', 'O', 'O', 'O']	['the', 'ability', 'of', 'ebd', 'cells', 'that', 'is', 'observed', 'to', '#proliferate', 'strongly', 'in', 'vivo', 'was', 'examined', 'by', 'injection', 'of', '3', '?', '106', 'lvec', 'cells', 'into', 'the', 'calf', 'muscle', 'of', '3', 'immunocompromised', 'mice', '.']
58	['B-A0', 'I-A0', 'O', 'O', 'O', 'O', 'O', 'O', 'O', 'O', 'O', 'B-V', 'O', 'O', 'O', 'O', 'O', 'O', 'O', 'O', 'O', 'O']	['cancer', 'cells', 'may', 'be', 'characterized', 'by', 'either', 'an', 'increased', 'ability', 'to', '#proliferate', 'or', 'a', 'diminished', 'capacity', 'to', 'undergo', 'programmed', 'cell', 'death', '.']
59	['O', 'O', 'O', 'O', 'B-A0', 'I-A0', 'I-A0', 'I-A0', 'O', 'O', 'O', 'O', 'O', 'O', 'O', 'O', 'O', 'B-V', 'O', 'B-A1', 'I-A1', 'I-A1', 'I-A1', 'I-A1', 'O', 'O', 'O', 'O', 'O', 'O', 'O', 'O', 'O', 'O', 'O', 'O', 'O', 'O', 'O', 'O', 'O', 'O']	['our', 'observations', 'illustrate', 'that', 'adult', 'naive', 't', 'cells', 'may', 'have', 'been', 'endowed', 'with', 'the', 'biochemical', 'machinery', 'to', '#proliferate', 'indefinitely', 'when', 'transferred', 'to', 'lymphopenic', 'hosts', ',', 'yet', ',', 'there', 'are', 'intrinsic', 'mechanisms', 'that', 'effectively', 'circumscribe', 'the', 'extent', 'and', 'duration', 'of', 'trophoblast', 'proliferation', '.']
60	['O', 'O', 'O', 'B-A0', 'I-A0', 'O', 'O', 'B-V', 'B-A2', 'I-A2', 'O', 'O', 'O', 'O', 'O', 'O', 'O', 'O', 'O', 'O', 'O', 'O', 'O', 'O', 'O', 'O', 'O', 'O', 'O']	['the', 'ability', 'of', 'ebd', 'cells', 'that', 'have', '#proliferated', 'in', 'vivo', 'was', 'examined', 'by', 'injection', 'of', '3', '?', '106', 'lvec', 'cells', 'into', 'the', 'calf', 'muscle', 'of', '3', 'immunocompromised', 'mice', '.']
61	['O', 'O', 'B-A0', 'I-A0', 'I-A0', 'I-A0', 'O', 'O', 'O', 'O', 'O', 'O', 'O', 'O', 'O', 'O', 'O', 'O', 'O', 'O', 'O', 'O', 'O', 'O', 'O', 'O', 'B-V', 'B-A1', 'I-A1', 'I-A1', 'I-A1', 'I-A1', 'O']	['treatment', 'of', 'adult', 'naive', 't', 'cells', 'of', 'different', 'origin', 'with', 'the', 'ganglioside', 'biosynthesis', 'inhibitors', 'fumonisin', 'b1', ',', 'd-threo-1-phenyl-2-decanoylamino-3-morpholino-1-propanol', 'or', 'd-1-threo-1-phenyl-2-hexa-decanoylamino-3-pyrrolidino-1-propanol-hcl', ',', 'can', 'impair', 'their', 'capacity', 'to', '#proliferate', 'when', 'transferred', 'to', 'lymphopenic', 'hosts', '.']
62	['O', 'O', 'O', 'O', 'B-A0', 'I-A0', 'I-A0', 'I-A0', 'O', 'O', 'O', 'O', 'O', 'O', 'O', 'O', 'B-V', 'B-A1', 'I-A1', 'I-A1', 'I-A1', 'I-A1', 'O', 'O', 'O', 'O', 'O', 'O', 'O', 'O', 'O', 'O', 'O', 'O', 'O', 'O', 'O', 'O', 'O', 'O']	['our', 'observations', 'illustrate', 'that', 'adult', 'naive', 't', 'cells', 'has', 'been', 'endowed', 'with', 'the', 'biochemical', 'machinery', 'to', '#proliferate', 'when', 'transferred', 'to', 'lymphopenic', 'hosts', ',', 'yet', ',', 'there', 'are', 'intrinsic', 'mechanisms', 'that', 'effectively', 'circumscribe', 'the', 'extent', 'and', 'duration', 'of', 'trophoblast', 'proliferation', '.']
63	['O', 'O', 'O', 'B-A0', 'I-A0', 'O', 'O', 'O', 'O', 'B-V', 'O', 'B-A2', 'I-A2', 'O', 'O', 'O', 'O', 'O', 'O', 'O', 'O', 'O', 'O', 'O', 'O', 'O', 'O', 'O', 'O', 'O', 'O', 'O']	['the', 'ability', 'of', 'ebd', 'cells', 'that', 'is', 'able', 'to', '#proliferate', 'strongly', 'in', 'vivo', 'was', 'examined', 'by', 'injection', 'of', '3', '?', '106', 'lvec', 'cells', 'into', 'the', 'calf', 'muscle', 'of', '3', 'immunocompromised', 'mice', '.']
64	['O', 'O', 'O', 'O', 'O', 'O', 'O', 'B-A0', 'I-A0', 'O', 'O', 'O', 'O', 'O', 'B-V', 'O', 'O', 'O', 'O', 'O', 'O', 'O', 'O']	['after', 'androgen', 'withdrawal', 'and', 'antiandrogen', 'treatment', ',', 'cancer', 'cells', 'are', 'observed', 'to', 'cease', 'to', '#proliferate', 'and', 'undergo', 'apoptosis', ',', 'causing', 'tumor', 'regression', '.']
65	['B-A0', 'I-A0', 'O', 'O', 'O', 'O', 'O', 'O', 'O', 'O', 'O', 'O', 'B-V', 'O', 'O', 'O', 'O', 'O', 'O', 'O', 'O', 'O', 'O']	['cancer', 'cells', 'can', 'be', 'characterized', 'by', 'either', 'an', 'increased', 'ability', 'to', 'strongly', '#proliferate', 'or', 'a', 'diminished', 'capacity', 'to', 'undergo', 'programmed', 'cell', 'death', '.']
66	['O', 'O', 'O', 'O', 'B-A0', 'I-A0', 'I-A0', 'I-A0', 'O', 'O', 'O', 'O', 'O', 'O', 'O', 'O', 'O', 'O', 'B-V', 'B-A1', 'I-A1', 'I-A1', 'I-A1', 'I-A1', 'O', 'O', 'O', 'O', 'O', 'O', 'O', 'O', 'O', 'O', 'O', 'O', 'O', 'O', 'O', 'O', 'O', 'O']	['our', 'observations', 'illustrate', 'that', 'adult', 'naive', 't', 'cells', 'is', 'able', 'to', 'be', 'endowed', 'with', 'the', 'biochemical', 'machinery', 'to', '#proliferate', 'when', 'transferred', 'to', 'lymphopenic', 'hosts', ',', 'yet', ',', 'there', 'are', 'intrinsic', 'mechanisms', 'that', 'effectively', 'circumscribe', 'the', 'extent', 'and', 'duration', 'of', 'trophoblast', 'proliferation', '.']
67	['B-A0', 'I-A0', 'I-A0', 'I-A0', 'O', 'O', 'O', 'O', 'O', 'O', 'O', 'B-V', 'B-A1', 'I-A1', 'I-A1', 'I-A1', 'I-A1', 'O', 'O', 'O']	['adult', 'naive', 't', 'cells', 'are', 'able', 'to', 'regain', 'the', 'ability', 'to', '#proliferate', 'when', 'transferred', 'to', 'lymphopenic', 'hosts', '(figure', '6b)', '.']
68	['B-A0', 'I-A0', 'O', 'O', 'O', 'O', 'O', 'O', 'O', 'O', 'O', 'B-V', 'O', 'O', 'O', 'O', 'O', 'O', 'O', 'O', 'O', 'O']	['cancer', 'cells', 'was', 'characterized', 'by', 'either', 'an', 'increased', 'ability', 'to', 'strongly', '#proliferate', 'or', 'a', 'diminished', 'capacity', 'to', 'undergo', 'programmed', 'cell', 'death', '.']
69	['B-A0', 'I-A0', 'I-A0', 'O', 'O', 'O', 'O', 'O', 'O', 'O', 'B-V', 'O', 'B-A1', 'I-A1', 'I-A1', 'I-A1', 'I-A1', 'I-A1', 'O', 'O', 'O']	['stat5ab-/-peripheral', 't', 'cells', 'are', 'observed', 'to', 'regain', 'the', 'ability', 'to', '#proliferate', 'indefinitely', 'upon', 'introduction', 'of', 'full-length', 'wild-type', 'stat5a', '(figure', '6b)', '.']
70	['B-A0', 'I-A0', 'I-A0', 'O', 'O', 'O', 'O', 'O', 'O', 'O', 'O', 'O', 'O', 'B-V', 'B-A1', 'I-A1', 'O']	['the', 'human', 'placenta', ',', 'which', 'are', 'at', 'rest', 'in', 'normal', 'conditions', ',', 'may', '#proliferate', 'throughout', 'gestation', '.']
71	['O', 'O', 'O', 'O', 'O', 'O', 'O', 'B-A0', 'I-A0', 'I-A0', 'I-A0', 'I-A0', 'I-A0', 'O', 'O', 'O', 'O', 'O', 'O', 'B-V', 'O', 'O', 'O', 'O', 'O', 'O', 'O', 'O']	['after', 'androgen', 'withdrawal', 'and', 'antiandrogen', 'treatment', ',', 'the', 'androgen', 'responsive', 'prostate', 'cancer', 'cells', 'that', 'are', 'observed', 'to', 'cease', 'to', '#proliferate', 'and', 'undergo', 'apoptosis', 'will', 'cause', 'tumor', 'regression', '.']
72	['O', 'O', 'O', 'O', 'B-A0', 'I-A0', 'I-A0', 'O', 'O', 'O', 'O', 'O', 'O', 'O', 'O', 'B-V', 'B-A1', 'I-A1', 'I-A1', 'I-A1', 'I-A1', 'I-A1', 'O', 'O', 'O', 'O', 'O', 'O', 'O', 'O', 'O', 'O', 'O', 'O', 'O', 'O', 'O', 'O', 'O', 'O']	['our', 'observations', 'illustrate', 'that', 'stat5ab-/-peripheral', 't', 'cells', 'will', 'be', 'endowed', 'with', 'the', 'biochemical', 'machinery', 'to', '#proliferate', 'upon', 'introduction', 'of', 'full-length', 'wild-type', 'stat5a', ',', 'yet', ',', 'there', 'are', 'intrinsic', 'mechanisms', 'that', 'effectively', 'circumscribe', 'the', 'extent', 'and', 'duration', 'of', 'trophoblast', 'proliferation', '.']
73	['B-A0', 'I-A0', 'I-A0', 'O', 'O', 'O', 'O', 'O', 'O', 'O', 'B-V', 'B-A1', 'I-A1', 'I-A1', 'I-A1', 'I-A1', 'I-A1', 'O', 'O', 'O']	['stat5ab-/-peripheral', 't', 'cells', 'are', 'able', 'to', 'regain', 'the', 'ability', 'to', '#proliferate', 'upon', 'introduction', 'of', 'full-length', 'wild-type', 'stat5a', '(figure', '6b)', '.']
74	['B-A0', 'I-A0', 'I-A0', 'I-A0', 'I-A0', 'I-A0', 'O', 'O', 'O', 'O', 'O', 'O', 'O', 'O', 'O', 'B-V', 'O', 'O', 'O', 'O', 'O', 'O', 'O', 'O', 'O', 'O']	['the', 'androgen', 'responsive', 'prostate', 'cancer', 'cells', 'are', 'characterized', 'by', 'either', 'an', 'increased', 'ability', 'for', 'strong', '#proliferating', 'or', 'a', 'diminished', 'capacity', 'to', 'undergo', 'programmed', 'cell', 'death', '.']
75	['B-A0', 'I-A0', 'I-A0', 'I-A0', 'I-A0', 'I-A0', 'O', 'O', 'O', 'O', 'O', 'O', 'O', 'O', 'O', 'O', 'O', 'B-V', 'O', 'O', 'O', 'O', 'O', 'O', 'O', 'O', 'O', 'O']	['the', 'androgen', 'responsive', 'prostate', 'cancer', 'cells', 'are', 'believed', 'to', 'be', 'characterized', 'by', 'either', 'an', 'increased', 'ability', 'to', '#proliferate', 'or', 'a', 'diminished', 'capacity', 'to', 'undergo', 'programmed', 'cell', 'death', '.']
76	['B-A0', 'I-A0', 'I-A0', 'O', 'O', 'O', 'O', 'O', 'B-V', 'B-A1', 'I-A1', 'I-A1', 'I-A1', 'I-A1', 'I-A1', 'O', 'O', 'O']	['stat5ab-/-peripheral', 't', 'cells', 'can', 'regain', 'the', 'ability', 'to', '#proliferate', 'upon', 'introduction', 'of', 'full-length', 'wild-type', 'stat5a', '(figure', '6b)', '.']
77	['B-A0', 'I-A0', 'I-A0', 'I-A0', 'I-A0', 'I-A0', 'O', 'O', 'O', 'O', 'O', 'O', 'O', 'O', 'O', 'B-V', 'O', 'O', 'O', 'O', 'O', 'O', 'O', 'O', 'O', 'O']	['the', 'androgen', 'responsive', 'prostate', 'cancer', 'cells', 'has', 'been', 'characterized', 'by', 'either', 'an', 'increased', 'ability', 'to', '#proliferate', 'or', 'a', 'diminished', 'capacity', 'to', 'undergo', 'programmed', 'cell', 'death', '.']
78	['B-A0', 'I-A0', 'I-A0', 'O', 'O', 'O', 'O', 'O', 'O', 'B-V', 'O', 'B-A1', 'I-A1', 'I-A1', 'I-A1', 'I-A1', 'I-A1', 'O', 'O', 'O']	['stat5ab-/-peripheral', 't', 'cells', 'may', 'have', 'regained', 'the', 'ability', 'to', '#proliferate', 'indefinitely', 'upon', 'introduction', 'of', 'full-length', 'wild-type', 'stat5a', '(figure', '6b)', '.']
79	['B-A0', 'I-A0', 'I-A0', 'O', 'O', 'O', 'O', 'O', 'O', 'O', 'O', 'O', 'O', 'B-V', 'O', 'B-A1', 'I-A1', 'O']	['the', 'human', 'placenta', ',', 'which', 'are', 'at', 'rest', 'in', 'normal', 'conditions', ',', 'can', '#proliferate', 'strongly', 'throughout', 'gestation', '.']
80	['B-A0', 'I-A0', 'I-A0', 'O', 'O', 'O', 'O', 'O', 'O', 'O', 'O', 'O', 'O', 'B-V', 'O', 'B-A1', 'I-A1', 'I-A1', 'I-A1', 'I-A1', 'I-A1', 'O']	['stat5ab-/-peripheral', 't', 'cells', ',', 'which', 'are', 'at', 'rest', 'in', 'normal', 'conditions', ',', 'may', '#proliferate', 'strongly', 'upon', 'introduction', 'of', 'full-length', 'wild-type', 'stat5a', '.']
81	['B-A0', 'I-A0', 'I-A0', 'O', 'O', 'O', 'O', 'B-V', 'B-A1', 'I-A1', 'I-A1', 'I-A1', 'I-A1', 'I-A1', 'O', 'O', 'O']	['stat5ab-/-peripheral', 't', 'cells', 'regain', 'the', 'ability', 'to', '#proliferate', 'upon', 'introduction', 'of', 'full-length', 'wild-type', 'stat5a', '(figure', '6b)', '.']
82	['O', 'O', 'O', 'O', 'B-A0', 'I-A0', 'I-A0', 'O', 'O', 'O', 'O', 'O', 'O', 'O', 'O', 'B-V', 'B-A1', 'I-A1', 'O', 'O', 'O', 'O', 'O', 'O', 'O', 'O', 'O', 'O', 'O', 'O', 'O', 'O', 'O', 'O', 'O', 'O']	['our', 'observations', 'illustrate', 'that', 'the', 'human', 'placenta', 'can', 'be', 'endowed', 'with', 'the', 'biochemical', 'machinery', 'to', '#proliferate', 'throughout', 'gestation', ',', 'yet', ',', 'there', 'are', 'intrinsic', 'mechanisms', 'that', 'effectively', 'circumscribe', 'the', 'extent', 'and', 'duration', 'of', 'trophoblast', 'proliferation', '.']
83	['B-A0', 'I-A0', 'I-A0', 'O', 'O', 'O', 'O', 'O', 'O', 'O', 'B-V', 'B-A1', 'I-A1', 'O', 'O', 'O']	['the', 'human', 'placenta', 'are', 'able', 'to', 'regain', 'the', 'ability', 'to', '#proliferate', 'throughout', 'gestation', '(figure', '6b)', '.']
84	['O', 'O', 'O', 'O', 'B-A0', 'I-A0', 'I-A0', 'O', 'O', 'O', 'O', 'O', 'O', 'O', 'O', 'O', 'B-V', 'O', 'B-A1', 'I-A1', 'I-A1', 'I-A1', 'I-A1', 'I-A1', 'O', 'O', 'O', 'O', 'O', 'O', 'O', 'O', 'O', 'O', 'O', 'O', 'O', 'O', 'O', 'O', 'O', 'O']	['our', 'observations', 'illustrate', 'that', 'stat5ab-/-peripheral', 't', 'cells', 'may', 'have', 'been', 'endowed', 'with', 'the', 'biochemical', 'machinery', 'to', '#proliferate', 'indefinitely', 'upon', 'introduction', 'of', 'full-length', 'wild-type', 'stat5a', ',', 'yet', ',', 'there', 'are', 'intrinsic', 'mechanisms', 'that', 'effectively', 'circumscribe', 'the', 'extent', 'and', 'duration', 'of', 'trophoblast', 'proliferation', '.']
85	['B-A0', 'I-A0', 'I-A0', 'O', 'O', 'O', 'O', 'O', 'O', 'O', 'O', 'O', 'O', 'O', 'O', 'B-V', 'B-A1', 'I-A1', 'O']	['the', 'human', 'placenta', ',', 'which', 'are', 'at', 'rest', 'in', 'normal', 'conditions', ',', 'are', 'observed', 'to', '#proliferate', 'throughout', 'gestation', '.']
86	['O', 'O', 'B-A0', 'I-A0', 'I-A0', 'O', 'O', 'O', 'O', 'O', 'O', 'O', 'O', 'O', 'O', 'O', 'O', 'O', 'O', 'O', 'O', 'O', 'O', 'O', 'O', 'O', 'O', 'B-V', 'B-A1', 'I-A1', 'O']	['treatment', 'of', 'the', 'human', 'placenta', 'of', 'different', 'origin', 'with', 'the', 'ganglioside', 'biosynthesis', 'inhibitors', 'fumonisin', 'b1', ',', 'd-threo-1-phenyl-2-decanoylamino-3-morpholino-1-propanol', 'or', 'd-1-threo-1-phenyl-2-hexa-decanoylamino-3-pyrrolidino-1-propanol-hcl', ',', 'is', 'observed', 'to', 'impair', 'their', 'capacity', 'to', '#proliferate', 'throughout', 'gestation', '.']
87	['O', 'O', 'B-A0', 'I-A0', 'I-A0', 'O', 'O', 'O', 'O', 'O', 'O', 'O', 'O', 'O', 'O', 'O', 'O', 'O', 'O', 'O', 'O', 'O', 'O', 'O', 'O', 'O', 'O', 'B-V', 'B-A1', 'I-A1', 'I-A1', 'I-A1', 'I-A1', 'I-A1', 'O']	['treatment', 'of', 'stat5ab-/-peripheral', 't', 'cells', 'of', 'different', 'origin', 'with', 'the', 'ganglioside', 'biosynthesis', 'inhibitors', 'fumonisin', 'b1', ',', 'd-threo-1-phenyl-2-decanoylamino-3-morpholino-1-propanol', 'or', 'd-1-threo-1-phenyl-2-hexa-decanoylamino-3-pyrrolidino-1-propanol-hcl', ',', 'is', 'able', 'to', 'impair', 'their', 'capacity', 'to', '#proliferate', 'upon', 'introduction', 'of', 'full-length', 'wild-type', 'stat5a', '.']
88	['B-A0', 'I-A0', 'I-A0', 'O', 'O', 'O', 'O', 'O', 'O', 'O', 'O', 'O', 'B-V', 'B-A1', 'I-A1', 'O']	['the', 'human', 'placenta', ',', 'which', 'are', 'at', 'rest', 'in', 'normal', 'conditions', ',', '#proliferated', 'throughout', 'gestation', '.']
89	['B-A0', 'I-A0', 'I-A0', 'O', 'O', 'O', 'O', 'O', 'O', 'B-V', 'B-A1', 'I-A1', 'I-A1', 'I-A1', 'I-A1', 'I-A1', 'O', 'O', 'O']	['stat5ab-/-peripheral', 't', 'cells', 'may', 'have', 'regained', 'the', 'ability', 'to', '#proliferate', 'upon', 'introduction', 'of', 'full-length', 'wild-type', 'stat5a', '(figure', '6b)', '.']
90	['B-A0', 'I-A0', 'I-A0', 'O', 'O', 'O', 'O', 'O', 'B-V', 'B-A1', 'I-A1', 'O', 'O', 'O']	['the', 'human', 'placenta', 'have', 'regained', 'the', 'ability', 'to', '#proliferate', 'throughout', 'gestation', '(figure', '6b)', '.']
91	['O', 'O', 'B-A0', 'I-A0', 'I-A0', 'O', 'O', 'O', 'O', 'O', 'O', 'O', 'O', 'O', 'O', 'O', 'O', 'O', 'O', 'O', 'O', 'O', 'O', 'O', 'O', 'O', 'O', 'O', 'B-V', 'B-A1', 'I-A1', 'I-A1', 'I-A1', 'I-A1', 'I-A1', 'O']	['treatment', 'of', 'stat5ab-/-peripheral', 't', 'cells', 'of', 'different', 'origin', 'with', 'the', 'ganglioside', 'biosynthesis', 'inhibitors', 'fumonisin', 'b1', ',', 'd-threo-1-phenyl-2-decanoylamino-3-morpholino-1-propanol', 'or', 'd-1-threo-1-phenyl-2-hexa-decanoylamino-3-pyrrolidino-1-propanol-hcl', ',', 'has', 'the', 'ability', 'to', 'impair', 'their', 'capacity', 'to', '#proliferate', 'upon', 'introduction', 'of', 'full-length', 'wild-type', 'stat5a', '.']
92	['O', 'O', 'O', 'O', 'O', 'O', 'O', 'B-A0', 'I-A0', 'I-A0', 'I-A0', 'I-A0', 'I-A0', 'O', 'O', 'O', 'O', 'O', 'O', 'B-V', 'O', 'O', 'O', 'O', 'O', 'O', 'O', 'O']	['after', 'androgen', 'withdrawal', 'and', 'antiandrogen', 'treatment', ',', 'the', 'androgen', 'responsive', 'prostate', 'cancer', 'cells', 'having', 'the', 'ability', 'to', 'cease', 'to', '#proliferate', 'and', 'undergo', 'apoptosis', 'will', 'cause', 'tumor', 'regression', '.']
93	['B-A0', 'I-A0', 'I-A0', 'O', 'O', 'O', 'O', 'O', 'O', 'B-V', 'O', 'B-A1', 'I-A1', 'O', 'O', 'O']	['the', 'human', 'placenta', 'may', 'have', 'regained', 'the', 'ability', 'to', '#proliferate', 'indefinitely', 'throughout', 'gestation', '(figure', '6b)', '.']
94	['B-A0', 'I-A0', 'I-A0', 'O', 'O', 'O', 'O', 'O', 'O', 'O', 'B-V', 'O', 'B-A1', 'I-A1', 'O', 'O', 'O']	['the', 'human', 'placenta', 'are', 'observed', 'to', 'regain', 'the', 'ability', 'to', '#proliferate', 'indefinitely', 'throughout', 'gestation', '(figure', '6b)', '.']
95	['O', 'O', 'O', 'O', 'B-A0', 'I-A0', 'I-A0', 'O', 'O', 'O', 'O', 'O', 'O', 'O', 'O', 'B-V', 'B-A1', 'I-A1', 'I-A1', 'I-A1', 'I-A1', 'I-A1', 'O', 'O', 'O', 'O', 'O', 'O', 'O', 'O', 'O', 'O', 'O', 'O', 'O', 'O', 'O', 'O', 'O', 'O']	['our', 'observations', 'illustrate', 'that', 'stat5ab-/-peripheral', 't', 'cells', 'can', 'be', 'endowed', 'with', 'the', 'biochemical', 'machinery', 'to', '#proliferate', 'upon', 'introduction', 'of', 'full-length', 'wild-type', 'stat5a', ',', 'yet', ',', 'there', 'are', 'intrinsic', 'mechanisms', 'that', 'effectively', 'circumscribe', 'the', 'extent', 'and', 'duration', 'of', 'trophoblast', 'proliferation', '.']
96	['B-A0', 'I-A0', 'I-A0', 'O', 'O', 'O', 'O', 'B-V', 'O', 'B-A1', 'I-A1', 'I-A1', 'I-A1', 'I-A1', 'I-A1', 'O', 'O', 'O']	['stat5ab-/-peripheral', 't', 'cells', 'regained', 'the', 'ability', 'to', '#proliferate', 'indefinitely', 'upon', 'introduction', 'of', 'full-length', 'wild-type', 'stat5a', '(figure', '6b)', '.']
97	['O', 'O', 'O', 'O', 'B-A0', 'I-A0', 'I-A0', 'O', 'O', 'O', 'O', 'O', 'O', 'O', 'O', 'O', 'O', 'B-V', 'B-A1', 'I-A1', 'O', 'O', 'O', 'O', 'O', 'O', 'O', 'O', 'O', 'O', 'O', 'O', 'O', 'O', 'O', 'O', 'O', 'O']	['our', 'observations', 'illustrate', 'that', 'the', 'human', 'placenta', 'is', 'able', 'to', 'be', 'endowed', 'with', 'the', 'biochemical', 'machinery', 'to', '#proliferate', 'throughout', 'gestation', ',', 'yet', ',', 'there', 'are', 'intrinsic', 'mechanisms', 'that', 'effectively', 'circumscribe', 'the', 'extent', 'and', 'duration', 'of', 'trophoblast', 'proliferation', '.']
98	['B-A0', 'I-A0', 'I-A0', 'O', 'O', 'O', 'O', 'O', 'O', 'O', 'O', 'O', 'O', 'O', 'B-V', 'O', 'B-A1', 'I-A1', 'O']	['the', 'human', 'placenta', ',', 'which', 'are', 'at', 'rest', 'in', 'normal', 'conditions', ',', 'could', 'have', '#proliferated', 'strongly', 'throughout', 'gestation', '.']
99	['B-A0', 'I-A0', 'I-A0', 'O', 'O', 'O', 'O', 'O', 'O', 'O', 'O', 'O', 'O', 'O', 'B-V', 'B-A1', 'I-A1', 'O']	['the', 'human', 'placenta', ',', 'which', 'are', 'at', 'rest', 'in', 'normal', 'conditions', ',', 'will', 'strongly', '#proliferate', 'throughout', 'gestation', '.']
100	['B-A0', 'I-A0', 'I-A0', 'O', 'O', 'O', 'O', 'O', 'O', 'O', 'O', 'O', 'O', 'B-V', 'B-A1', 'I-A1', 'I-A1', 'I-A1', 'I-A1', 'I-A1', 'O']	['stat5ab-/-peripheral', 't', 'cells', ',', 'which', 'are', 'at', 'rest', 'in', 'normal', 'conditions', ',', 'will', '#proliferate', 'upon', 'introduction', 'of', 'full-length', 'wild-type', 'stat5a', '.']
101	['O', 'O', 'O', 'O', 'O', 'O', 'O', 'B-A0', 'I-A0', 'I-A0', 'I-A0', 'I-A0', 'I-A0', 'O', 'O', 'B-V', 'O', 'O', 'O', 'O', 'O', 'O', 'O']	['after', 'androgen', 'withdrawal', 'and', 'antiandrogen', 'treatment', ',', 'the', 'androgen', 'responsive', 'prostate', 'cancer', 'cells', 'ceasing', 'to', '#proliferate', 'and', 'underwent', 'apoptosis', 'caused', 'tumor', 'regression', '.']
102	['B-A0', 'I-A0', 'I-A0', 'O', 'O', 'O', 'O', 'O', 'O', 'O', 'O', 'O', 'O', 'O', 'B-V', 'O', 'B-A1', 'I-A1', 'O']	['the', 'human', 'placenta', ',', 'which', 'are', 'at', 'rest', 'in', 'normal', 'conditions', ',', 'might', 'have', '#proliferated', 'strongly', 'throughout', 'gestation', '.']
103	['O', 'O', 'O', 'O', 'B-A0', 'I-A0', 'I-A0', 'O', 'O', 'O', 'O', 'O', 'O', 'O', 'O', 'O', 'O', 'B-V', 'B-A1', 'I-A1', 'I-A1', 'I-A1', 'I-A1', 'I-A1', 'O', 'O', 'O', 'O', 'O', 'O', 'O', 'O', 'O', 'O', 'O', 'O', 'O', 'O', 'O', 'O', 'O', 'O']	['our', 'observations', 'illustrate', 'that', 'stat5ab-/-peripheral', 't', 'cells', 'is', 'able', 'to', 'be', 'endowed', 'with', 'the', 'biochemical', 'machinery', 'to', '#proliferate', 'upon', 'introduction', 'of', 'full-length', 'wild-type', 'stat5a', ',', 'yet', ',', 'there', 'are', 'intrinsic', 'mechanisms', 'that', 'effectively', 'circumscribe', 'the', 'extent', 'and', 'duration', 'of', 'trophoblast', 'proliferation', '.']
104	['B-A0', 'I-A0', 'I-A0', 'O', 'O', 'O', 'O', 'O', 'B-V', 'B-A1', 'I-A1', 'O', 'O', 'O']	['the', 'human', 'placenta', 'will', 'regain', 'the', 'ability', 'to', '#proliferate', 'throughout', 'gestation', '(figure', '6b)', '.']
105	['O', 'O', 'O', 'O', 'B-A0', 'I-A0', 'I-A0', 'O', 'O', 'O', 'O', 'O', 'O', 'O', 'O', 'O', 'O', 'O', 'B-V', 'B-A1', 'I-A1', 'O', 'O', 'O', 'O', 'O', 'O', 'O', 'O', 'O', 'O', 'O', 'O', 'O', 'O', 'O', 'O', 'O', 'O']	['our', 'observations', 'illustrate', 'that', 'the', 'human', 'placenta', 'has', 'the', 'ability', 'to', 'be', 'endowed', 'with', 'the', 'biochemical', 'machinery', 'to', '#proliferate', 'throughout', 'gestation', ',', 'yet', ',', 'there', 'are', 'intrinsic', 'mechanisms', 'that', 'effectively', 'circumscribe', 'the', 'extent', 'and', 'duration', 'of', 'trophoblast', 'proliferation', '.']
106	['B-A0', 'I-A0', 'I-A0', 'O', 'O', 'O', 'O', 'B-V', 'B-A1', 'I-A1', 'O', 'O', 'O']	['the', 'human', 'placenta', 'regained', 'the', 'ability', 'to', '#proliferate', 'throughout', 'gestation', '(figure', '6b)', '.']
107	['B-A0', 'I-A0', 'I-A0', 'O', 'O', 'O', 'O', 'O', 'O', 'O', 'B-V', 'O', 'B-A1', 'I-A1', 'O', 'O', 'O']	['the', 'human', 'placenta', 'are', 'able', 'to', 'regain', 'the', 'ability', 'to', '#proliferate', 'indefinitely', 'throughout', 'gestation', '(figure', '6b)', '.']
108	['O', 'O', 'O', 'O', 'O', 'O', 'O', 'B-A0', 'I-A0', 'I-A0', 'I-A0', 'I-A0', 'I-A0', 'O', 'O', 'B-V', 'O', 'O', 'O', 'O', 'O', 'O', 'O', 'O']	['after', 'androgen', 'withdrawal', 'and', 'antiandrogen', 'treatment', ',', 'the', 'androgen', 'responsive', 'prostate', 'cancer', 'cells', 'cease', 'to', '#proliferate', 'and', 'undergo', 'apoptosis', ',', 'causing', 'tumor', 'regression', '.']
109	['O', 'O', 'O', 'O', 'O', 'O', 'O', 'B-A0', 'I-A0', 'I-A0', 'I-A0', 'I-A0', 'I-A0', 'O', 'O', 'B-V', 'O', 'O', 'O', 'O', 'O', 'O', 'O', 'O']	['after', 'androgen', 'withdrawal', 'and', 'antiandrogen', 'treatment', ',', 'the', 'androgen', 'responsive', 'prostate', 'cancer', 'cells', 'ceased', 'to', '#proliferate', 'and', 'underwent', 'apoptosis', ',', 'causing', 'tumor', 'regression', '.']
110	['O', 'O', 'O', 'O', 'B-A0', 'I-A0', 'I-A0', 'O', 'O', 'O', 'O', 'O', 'O', 'O', 'O', 'B-V', 'O', 'B-A1', 'I-A1', 'O', 'O', 'O', 'O', 'O', 'O', 'O', 'O', 'O', 'O', 'O', 'O', 'O', 'O', 'O', 'O', 'O', 'O']	['our', 'observations', 'illustrate', 'that', 'the', 'human', 'placenta', 'has', 'been', 'endowed', 'with', 'the', 'biochemical', 'machinery', 'to', '#proliferate', 'indefinitely', 'throughout', 'gestation', ',', 'yet', ',', 'there', 'are', 'intrinsic', 'mechanisms', 'that', 'effectively', 'circumscribe', 'the', 'extent', 'and', 'duration', 'of', 'trophoblast', 'proliferation', '.']
111	['O', 'O', 'O', 'O', 'B-A0', 'I-A0', 'I-A0', 'O', 'O', 'O', 'O', 'O', 'O', 'O', 'O', 'O', 'O', 'O', 'B-V', 'O', 'B-A1', 'I-A1', 'O', 'O', 'O', 'O', 'O', 'O', 'O', 'O', 'O', 'O', 'O', 'O', 'O', 'O', 'O', 'O', 'O', 'O']	['our', 'observations', 'illustrate', 'that', 'the', 'human', 'placenta', 'has', 'the', 'ability', 'to', 'be', 'endowed', 'with', 'the', 'biochemical', 'machinery', 'to', '#proliferate', 'indefinitely', 'throughout', 'gestation', ',', 'yet', ',', 'there', 'are', 'intrinsic', 'mechanisms', 'that', 'effectively', 'circumscribe', 'the', 'extent', 'and', 'duration', 'of', 'trophoblast', 'proliferation', '.']
112	['B-A0', 'I-A0', 'I-A0', 'O', 'O', 'O', 'O', 'O', 'O', 'O', 'O', 'O', 'O', 'O', 'O', 'B-V', 'O', 'B-A1', 'I-A1', 'O']	['the', 'human', 'placenta', ',', 'which', 'are', 'at', 'rest', 'in', 'normal', 'conditions', ',', 'are', 'able', 'to', '#proliferate', 'strongly', 'throughout', 'gestation', '.']
113	['B-A0', 'I-A0', 'I-A0', 'O', 'O', 'O', 'O', 'O', 'O', 'O', 'O', 'O', 'O', 'O', 'B-V', 'B-A1', 'I-A1', 'I-A1', 'I-A1', 'I-A1', 'I-A1', 'O']	['stat5ab-/-peripheral', 't', 'cells', ',', 'which', 'are', 'at', 'rest', 'in', 'normal', 'conditions', ',', 'could', 'have', '#proliferated', 'upon', 'introduction', 'of', 'full-length', 'wild-type', 'stat5a', '.']
114	['O', 'O', 'O', 'O', 'O', 'O', 'O', 'B-A0', 'I-A0', 'I-A0', 'I-A0', 'I-A0', 'I-A0', 'O', 'O', 'O', 'O', 'O', 'B-V', 'O', 'O', 'O', 'O', 'O', 'O', 'O', 'O']	['after', 'androgen', 'withdrawal', 'and', 'antiandrogen', 'treatment', ',', 'the', 'androgen', 'responsive', 'prostate', 'cancer', 'cells', 'being', 'able', 'to', 'cease', 'to', '#proliferate', 'and', 'undergo', 'apoptosis', 'will', 'cause', 'tumor', 'regression', '.']
115	['B-A0', 'I-A0', 'I-A0', 'O', 'O', 'O', 'O', 'O', 'O', 'O', 'O', 'O', 'O', 'O', 'O', 'B-V', 'B-A1', 'I-A1', 'I-A1', 'I-A1', 'I-A1', 'I-A1', 'O']	['stat5ab-/-peripheral', 't', 'cells', ',', 'which', 'are', 'at', 'rest', 'in', 'normal', 'conditions', ',', 'are', 'observed', 'to', '#proliferate', 'upon', 'introduction', 'of', 'full-length', 'wild-type', 'stat5a', '.']
116	['O', 'O', 'B-A0', 'I-A0', 'I-A0', 'O', 'O', 'O', 'O', 'O', 'O', 'O', 'O', 'O', 'O', 'O', 'O', 'O', 'O', 'O', 'O', 'O', 'O', 'O', 'O', 'O', 'O', 'O', 'O', 'B-V', 'B-A1', 'I-A1', 'O']	['treatment', 'of', 'the', 'human', 'placenta', 'of', 'different', 'origin', 'with', 'the', 'ganglioside', 'biosynthesis', 'inhibitors', 'fumonisin', 'b1', ',', 'd-threo-1-phenyl-2-decanoylamino-3-morpholino-1-propanol', 'or', 'd-1-threo-1-phenyl-2-hexa-decanoylamino-3-pyrrolidino-1-propanol-hcl', ',', 'has', 'the', 'ability', 'to', 'significantly', 'impair', 'their', 'capacity', 'to', '#proliferate', 'throughout', 'gestation', '.']
117	['O', 'O', 'O', 'O', 'B-A0', 'I-A0', 'I-A0', 'O', 'O', 'O', 'O', 'O', 'O', 'O', 'B-V', 'O', 'B-A1', 'I-A1', 'O', 'O', 'O', 'O', 'O', 'O', 'O', 'O', 'O', 'O', 'O', 'O', 'O', 'O', 'O', 'O', 'O', 'O']	['our', 'observations', 'illustrate', 'that', 'the', 'human', 'placenta', 'is', 'endowed', 'with', 'the', 'biochemical', 'machinery', 'to', '#proliferate', 'indefinitely', 'throughout', 'gestation', ',', 'yet', ',', 'there', 'are', 'intrinsic', 'mechanisms', 'that', 'effectively', 'circumscribe', 'the', 'extent', 'and', 'duration', 'of', 'trophoblast', 'proliferation', '.']
118	['O', 'O', 'O', 'O', 'B-A0', 'I-A0', 'I-A0', 'O', 'O', 'O', 'O', 'O', 'O', 'O', 'O', 'B-V', 'B-A1', 'I-A1', 'O', 'O', 'O', 'O', 'O', 'O', 'O', 'O', 'O', 'O', 'O', 'O', 'O', 'O', 'O', 'O', 'O', 'O']	['our', 'observations', 'illustrate', 'that', 'the', 'human', 'placenta', 'has', 'been', 'endowed', 'with', 'the', 'biochemical', 'machinery', 'to', '#proliferate', 'throughout', 'gestation', ',', 'yet', ',', 'there', 'are', 'intrinsic', 'mechanisms', 'that', 'effectively', 'circumscribe', 'the', 'extent', 'and', 'duration', 'of', 'trophoblast', 'proliferation', '.']
119	['O', 'O', 'B-A0', 'I-A0', 'I-A0', 'O', 'O', 'O', 'O', 'O', 'O', 'O', 'O', 'O', 'O', 'O', 'O', 'O', 'O', 'O', 'O', 'O', 'O', 'O', 'O', 'B-V', 'B-A1', 'I-A1', 'I-A1', 'I-A1', 'I-A1', 'I-A1', 'O']	['treatment', 'of', 'stat5ab-/-peripheral', 't', 'cells', 'of', 'different', 'origin', 'with', 'the', 'ganglioside', 'biosynthesis', 'inhibitors', 'fumonisin', 'b1', ',', 'd-threo-1-phenyl-2-decanoylamino-3-morpholino-1-propanol', 'or', 'd-1-threo-1-phenyl-2-hexa-decanoylamino-3-pyrrolidino-1-propanol-hcl', ',', 'significantly', 'impaired', 'their', 'capacity', 'to', '#proliferate', 'upon', 'introduction', 'of', 'full-length', 'wild-type', 'stat5a', '.']
120	['B-A0', 'I-A0', 'I-A0', 'O', 'O', 'O', 'O', 'O', 'O', 'O', 'O', 'B-V', 'O', 'B-A1', 'I-A1', 'O', 'O', 'O']	['the', 'human', 'placenta', 'have', 'the', 'probability', 'of', 'regaining', 'the', 'ability', 'to', '#proliferate', 'indefinitely', 'throughout', 'gestation', '(figure', '6b)', '.']
121	['O', 'O', 'B-A0', 'I-A0', 'I-A0', 'O', 'O', 'O', 'O', 'O', 'O', 'O', 'O', 'O', 'O', 'O', 'O', 'O', 'O', 'O', 'O', 'O', 'O', 'O', 'O', 'B-V', 'B-A1', 'I-A1', 'I-A1', 'I-A1', 'I-A1', 'I-A1', 'O']	['treatment', 'of', 'stat5ab-/-peripheral', 't', 'cells', 'of', 'different', 'origin', 'with', 'the', 'ganglioside', 'biosynthesis', 'inhibitors', 'fumonisin', 'b1', ',', 'd-threo-1-phenyl-2-decanoylamino-3-morpholino-1-propanol', 'or', 'd-1-threo-1-phenyl-2-hexa-decanoylamino-3-pyrrolidino-1-propanol-hcl', ',', 'can', 'impair', 'their', 'capacity', 'to', '#proliferate', 'upon', 'introduction', 'of', 'full-length', 'wild-type', 'stat5a', '.']
122	['B-A0', 'I-A0', 'I-A0', 'O', 'O', 'O', 'O', 'B-V', 'B-A1', 'I-A1', 'I-A1', 'I-A1', 'I-A1', 'I-A1', 'O', 'O', 'O']	['stat5ab-/-peripheral', 't', 'cells', 'regained', 'the', 'ability', 'to', '#proliferate', 'upon', 'introduction', 'of', 'full-length', 'wild-type', 'stat5a', '(figure', '6b)', '.']
123	['B-A0', 'I-A0', 'I-A0', 'O', 'O', 'O', 'O', 'O', 'O', 'O', 'O', 'O', 'O', 'O', 'B-V', 'B-A1', 'I-A1', 'O']	['the', 'human', 'placenta', ',', 'which', 'are', 'at', 'rest', 'in', 'normal', 'conditions', ',', 'can', 'strongly', '#proliferate', 'throughout', 'gestation', '.']
124	['O', 'O', 'B-A0', 'I-A0', 'I-A0', 'O', 'O', 'O', 'O', 'O', 'O', 'O', 'O', 'O', 'O', 'O', 'O', 'O', 'O', 'O', 'O', 'O', 'O', 'O', 'O', 'O', 'O', 'O', 'B-V', 'B-A1', 'I-A1', 'O']	['treatment', 'of', 'the', 'human', 'placenta', 'of', 'different', 'origin', 'with', 'the', 'ganglioside', 'biosynthesis', 'inhibitors', 'fumonisin', 'b1', ',', 'd-threo-1-phenyl-2-decanoylamino-3-morpholino-1-propanol', 'or', 'd-1-threo-1-phenyl-2-hexa-decanoylamino-3-pyrrolidino-1-propanol-hcl', ',', 'has', 'the', 'ability', 'to', 'impair', 'their', 'capacity', 'to', '#proliferate', 'throughout', 'gestation', '.']
125	['B-A0', 'I-A0', 'I-A0', 'O', 'O', 'O', 'O', 'O', 'O', 'O', 'O', 'O', 'O', 'B-V', 'B-A1', 'I-A1', 'I-A1', 'I-A1', 'I-A1', 'I-A1', 'O']	['stat5ab-/-peripheral', 't', 'cells', ',', 'which', 'are', 'at', 'rest', 'in', 'normal', 'conditions', ',', 'may', '#proliferate', 'upon', 'introduction', 'of', 'full-length', 'wild-type', 'stat5a', '.']
126	['B-A0', 'I-A0', 'I-A0', 'I-A0', 'I-A0', 'I-A0', 'O', 'O', 'O', 'O', 'O', 'O', 'O', 'O', 'O', 'B-V', 'O', 'O', 'O', 'O', 'O', 'O', 'O', 'O', 'O', 'O']	['the', 'androgen', 'responsive', 'prostate', 'cancer', 'cells', 'may', 'be', 'characterized', 'by', 'either', 'an', 'increased', 'ability', 'to', '#proliferate', 'or', 'a', 'diminished', 'capacity', 'to', 'undergo', 'programmed', 'cell', 'death', '.']
127	['O', 'O', 'O', 'O', 'B-A0', 'I-A0', 'I-A0', 'O', 'O', 'O', 'O', 'O', 'O', 'O', 'O', 'O', 'O', 'B-V', 'O', 'B-A1', 'I-A1', 'I-A1', 'I-A1', 'I-A1', 'I-A1', 'O', 'O', 'O', 'O', 'O', 'O', 'O', 'O', 'O', 'O', 'O', 'O', 'O', 'O', 'O', 'O', 'O', 'O']	['our', 'observations', 'illustrate', 'that', 'stat5ab-/-peripheral', 't', 'cells', 'is', 'able', 'to', 'be', 'endowed', 'with', 'the', 'biochemical', 'machinery', 'to', '#proliferate', 'indefinitely', 'upon', 'introduction', 'of', 'full-length', 'wild-type', 'stat5a', ',', 'yet', ',', 'there', 'are', 'intrinsic', 'mechanisms', 'that', 'effectively', 'circumscribe', 'the', 'extent', 'and', 'duration', 'of', 'trophoblast', 'proliferation', '.']
128	['O', 'O', 'O', 'O', 'B-A0', 'I-A0', 'I-A0', 'O', 'O', 'O', 'O', 'O', 'O', 'O', 'O', 'B-V', 'B-A1', 'I-A1', 'I-A1', 'I-A1', 'I-A1', 'I-A1', 'O', 'O', 'O', 'O', 'O', 'O', 'O', 'O', 'O', 'O', 'O', 'O', 'O', 'O', 'O', 'O', 'O', 'O']	['our', 'observations', 'illustrate', 'that', 'stat5ab-/-peripheral', 't', 'cells', 'has', 'been', 'endowed', 'with', 'the', 'biochemical', 'machinery', 'to', '#proliferate', 'upon', 'introduction', 'of', 'full-length', 'wild-type', 'stat5a', ',', 'yet', ',', 'there', 'are', 'intrinsic', 'mechanisms', 'that', 'effectively', 'circumscribe', 'the', 'extent', 'and', 'duration', 'of', 'trophoblast', 'proliferation', '.']
129	['B-A0', 'I-A0', 'I-A0', 'O', 'O', 'O', 'O', 'O', 'O', 'O', 'O', 'O', 'O', 'B-V', 'B-A1', 'I-A1', 'O']	['the', 'human', 'placenta', ',', 'which', 'are', 'at', 'rest', 'in', 'normal', 'conditions', ',', 'will', '#proliferate', 'throughout', 'gestation', '.']
130	['B-A0', 'I-A0', 'I-A0', 'I-A0', 'I-A0', 'I-A0', 'O', 'O', 'O', 'O', 'O', 'O', 'O', 'O', 'B-V', 'O', 'O', 'O', 'O', 'O', 'O', 'O', 'O', 'O', 'O']	['the', 'androgen', 'responsive', 'prostate', 'cancer', 'cells', 'are', 'characterized', 'by', 'either', 'an', 'increased', 'ability', 'for', '#proliferating', 'or', 'a', 'diminished', 'capacity', 'to', 'undergo', 'programmed', 'cell', 'death', '.']
131	['B-A0', 'I-A0', 'I-A0', 'O', 'O', 'O', 'O', 'O', 'O', 'O', 'O', 'O', 'B-V', 'O', 'B-A1', 'I-A1', 'I-A1', 'I-A1', 'I-A1', 'I-A1', 'O']	['stat5ab-/-peripheral', 't', 'cells', ',', 'which', 'are', 'at', 'rest', 'in', 'normal', 'conditions', ',', '#proliferate', 'strongly', 'upon', 'introduction', 'of', 'full-length', 'wild-type', 'stat5a', '.']
132	['O', 'O', 'O', 'O', 'O', 'O', 'O', 'B-A0', 'I-A0', 'I-A0', 'I-A0', 'I-A0', 'I-A0', 'O', 'O', 'O', 'O', 'B-V', 'O', 'O', 'O', 'O', 'O', 'O', 'O', 'O']	['after', 'androgen', 'withdrawal', 'and', 'antiandrogen', 'treatment', ',', 'the', 'androgen', 'responsive', 'prostate', 'cancer', 'cells', 'that', 'can', 'cease', 'to', '#proliferate', 'and', 'undergo', 'apoptosis', 'will', 'cause', 'tumor', 'regression', '.']
133	['O', 'O', 'O', 'O', 'O', 'O', 'O', 'B-A0', 'I-A0', 'I-A0', 'I-A0', 'I-A0', 'I-A0', 'O', 'O', 'O', 'B-V', 'O', 'O', 'O', 'O', 'O', 'O', 'O', 'O']	['after', 'androgen', 'withdrawal', 'and', 'antiandrogen', 'treatment', ',', 'the', 'androgen', 'responsive', 'prostate', 'cancer', 'cells', 'can', 'cease', 'to', '#proliferate', 'and', 'undergo', 'apoptosis', ',', 'causing', 'tumor', 'regression', '.']
134	['O', 'O', 'B-A0', 'I-A0', 'I-A0', 'O', 'O', 'O', 'O', 'O', 'O', 'O', 'O', 'O', 'O', 'O', 'O', 'O', 'O', 'O', 'O', 'O', 'O', 'O', 'O', 'B-V', 'B-A1', 'I-A1', 'I-A1', 'I-A1', 'I-A1', 'I-A1', 'O']	['treatment', 'of', 'stat5ab-/-peripheral', 't', 'cells', 'of', 'different', 'origin', 'with', 'the', 'ganglioside', 'biosynthesis', 'inhibitors', 'fumonisin', 'b1', ',', 'd-threo-1-phenyl-2-decanoylamino-3-morpholino-1-propanol', 'or', 'd-1-threo-1-phenyl-2-hexa-decanoylamino-3-pyrrolidino-1-propanol-hcl', ',', 'has', 'impaired', 'their', 'capacity', 'to', '#proliferate', 'upon', 'introduction', 'of', 'full-length', 'wild-type', 'stat5a', '.']
135	['B-A0', 'I-A0', 'I-A0', 'O', 'O', 'O', 'O', 'O', 'B-V', 'O', 'B-A1', 'I-A1', 'O', 'O', 'O']	['the', 'human', 'placenta', 'have', 'regained', 'the', 'ability', 'to', '#proliferate', 'indefinitely', 'throughout', 'gestation', '(figure', '6b)', '.']
136	['B-A0', 'I-A0', 'I-A0', 'O', 'O', 'O', 'O', 'O', 'O', 'O', 'O', 'O', 'O', 'B-V', 'O', 'B-A1', 'I-A1', 'O']	['the', 'human', 'placenta', ',', 'which', 'are', 'at', 'rest', 'in', 'normal', 'conditions', ',', 'may', '#proliferate', 'strongly', 'throughout', 'gestation', '.']
137	['O', 'O', 'O', 'O', 'O', 'O', 'O', 'B-A0', 'I-A0', 'I-A0', 'I-A0', 'I-A0', 'I-A0', 'O', 'O', 'O', 'O', 'B-V', 'O', 'O', 'O', 'O', 'O', 'O', 'O', 'O']	['after', 'androgen', 'withdrawal', 'and', 'antiandrogen', 'treatment', ',', 'the', 'androgen', 'responsive', 'prostate', 'cancer', 'cells', 'that', 'will', 'cease', 'to', '#proliferate', 'and', 'undergo', 'apoptosis', 'will', 'cause', 'tumor', 'regression', '.']
138	['B-A0', 'I-A0', 'I-A0', 'O', 'O', 'O', 'O', 'O', 'O', 'O', 'O', 'O', 'O', 'O', 'O', 'B-V', 'B-A1', 'I-A1', 'I-A1', 'I-A1', 'I-A1', 'I-A1', 'O']	['stat5ab-/-peripheral', 't', 'cells', ',', 'which', 'are', 'at', 'rest', 'in', 'normal', 'conditions', ',', 'could', 'have', 'strongly', '#proliferated', 'upon', 'introduction', 'of', 'full-length', 'wild-type', 'stat5a', '.']
139	['O', 'O', 'B-A0', 'I-A0', 'I-A0', 'O', 'O', 'O', 'O', 'O', 'O', 'O', 'O', 'O', 'O', 'O', 'O', 'O', 'O', 'O', 'O', 'O', 'O', 'O', 'O', 'B-V', 'B-A1', 'I-A1', 'O']	['treatment', 'of', 'the', 'human', 'placenta', 'of', 'different', 'origin', 'with', 'the', 'ganglioside', 'biosynthesis', 'inhibitors', 'fumonisin', 'b1', ',', 'd-threo-1-phenyl-2-decanoylamino-3-morpholino-1-propanol', 'or', 'd-1-threo-1-phenyl-2-hexa-decanoylamino-3-pyrrolidino-1-propanol-hcl', ',', 'significantly', 'impaired', 'their', 'capacity', 'to', '#proliferate', 'throughout', 'gestation', '.']
140	['B-A0', 'I-A0', 'I-A0', 'O', 'O', 'O', 'O', 'O', 'B-V', 'B-A1', 'I-A1', 'O', 'O', 'O']	['the', 'human', 'placenta', 'can', 'regain', 'the', 'ability', 'to', '#proliferate', 'throughout', 'gestation', '(figure', '6b)', '.']
141	['B-A0', 'I-A0', 'I-A0', 'O', 'O', 'O', 'O', 'B-V', 'B-A1', 'I-A1', 'O', 'O', 'O']	['the', 'human', 'placenta', 'regain', 'the', 'ability', 'to', '#proliferate', 'throughout', 'gestation', '(figure', '6b)', '.']
142	['O', 'O', 'B-A0', 'I-A0', 'I-A0', 'O', 'O', 'O', 'O', 'O', 'O', 'O', 'O', 'O', 'O', 'O', 'O', 'O', 'O', 'O', 'O', 'O', 'O', 'O', 'O', 'B-V', 'B-A1', 'I-A1', 'I-A1', 'I-A1', 'I-A1', 'I-A1', 'O']	['treatment', 'of', 'stat5ab-/-peripheral', 't', 'cells', 'of', 'different', 'origin', 'with', 'the', 'ganglioside', 'biosynthesis', 'inhibitors', 'fumonisin', 'b1', ',', 'd-threo-1-phenyl-2-decanoylamino-3-morpholino-1-propanol', 'or', 'd-1-threo-1-phenyl-2-hexa-decanoylamino-3-pyrrolidino-1-propanol-hcl', ',', 'will', 'impair', 'their', 'capacity', 'to', '#proliferate', 'upon', 'introduction', 'of', 'full-length', 'wild-type', 'stat5a', '.']
143	['B-A0', 'I-A0', 'I-A0', 'O', 'O', 'O', 'O', 'O', 'O', 'O', 'O', 'O', 'O', 'O', 'O', 'O', 'B-V', 'B-A1', 'I-A1', 'O']	['the', 'human', 'placenta', ',', 'which', 'are', 'at', 'rest', 'in', 'normal', 'conditions', ',', 'have', 'the', 'ability', 'to', '#proliferate', 'throughout', 'gestation', '.']
144	['B-A0', 'I-A0', 'I-A0', 'O', 'O', 'O', 'O', 'O', 'O', 'O', 'O', 'O', 'O', 'O', 'O', 'O', 'B-V', 'B-A1', 'I-A1', 'I-A1', 'I-A1', 'I-A1', 'I-A1', 'O']	['stat5ab-/-peripheral', 't', 'cells', ',', 'which', 'are', 'at', 'rest', 'in', 'normal', 'conditions', ',', 'have', 'the', 'ability', 'to', '#proliferate', 'upon', 'introduction', 'of', 'full-length', 'wild-type', 'stat5a', '.']
145	['O', 'O', 'B-A0', 'I-A0', 'I-A0', 'O', 'O', 'O', 'O', 'O', 'O', 'O', 'O', 'O', 'O', 'O', 'O', 'O', 'O', 'O', 'O', 'O', 'O', 'O', 'O', 'O', 'B-V', 'B-A1', 'I-A1', 'I-A1', 'I-A1', 'I-A1', 'I-A1', 'O']	['treatment', 'of', 'stat5ab-/-peripheral', 't', 'cells', 'of', 'different', 'origin', 'with', 'the', 'ganglioside', 'biosynthesis', 'inhibitors', 'fumonisin', 'b1', ',', 'd-threo-1-phenyl-2-decanoylamino-3-morpholino-1-propanol', 'or', 'd-1-threo-1-phenyl-2-hexa-decanoylamino-3-pyrrolidino-1-propanol-hcl', ',', 'will', 'significantly', 'impair', 'their', 'capacity', 'to', '#proliferate', 'upon', 'introduction', 'of', 'full-length', 'wild-type', 'stat5a', '.']
146	['O', 'O', 'B-A0', 'I-A0', 'I-A0', 'O', 'O', 'O', 'O', 'O', 'O', 'O', 'O', 'O', 'O', 'O', 'O', 'O', 'O', 'O', 'O', 'O', 'O', 'O', 'O', 'O', 'O', 'O', 'B-V', 'B-A1', 'I-A1', 'I-A1', 'I-A1', 'I-A1', 'I-A1', 'O']	['treatment', 'of', 'stat5ab-/-peripheral', 't', 'cells', 'of', 'different', 'origin', 'with', 'the', 'ganglioside', 'biosynthesis', 'inhibitors', 'fumonisin', 'b1', ',', 'd-threo-1-phenyl-2-decanoylamino-3-morpholino-1-propanol', 'or', 'd-1-threo-1-phenyl-2-hexa-decanoylamino-3-pyrrolidino-1-propanol-hcl', ',', 'is', 'observed', 'to', 'significantly', 'impair', 'their', 'capacity', 'to', '#proliferate', 'upon', 'introduction', 'of', 'full-length', 'wild-type', 'stat5a', '.']
147	['B-A0', 'I-A0', 'I-A0', 'O', 'O', 'O', 'O', 'O', 'O', 'O', 'O', 'B-V', 'B-A1', 'I-A1', 'O', 'O', 'O']	['the', 'human', 'placenta', 'have', 'the', 'probability', 'of', 'regaining', 'the', 'ability', 'to', '#proliferate', 'throughout', 'gestation', '(figure', '6b)', '.']
148	['B-A0', 'I-A0', 'I-A0', 'O', 'O', 'O', 'O', 'O', 'B-V', 'O', 'B-A1', 'I-A1', 'I-A1', 'I-A1', 'I-A1', 'I-A1', 'O', 'O', 'O']	['stat5ab-/-peripheral', 't', 'cells', 'will', 'regain', 'the', 'ability', 'to', '#proliferate', 'indefinitely', 'upon', 'introduction', 'of', 'full-length', 'wild-type', 'stat5a', '(figure', '6b)', '.']
149	['O', 'O', 'O', 'O', 'B-A0', 'I-A0', 'I-A0', 'O', 'O', 'O', 'O', 'O', 'O', 'O', 'O', 'O', 'B-V', 'B-A1', 'I-A1', 'I-A1', 'I-A1', 'I-A1', 'I-A1', 'O', 'O', 'O', 'O', 'O', 'O', 'O', 'O', 'O', 'O', 'O', 'O', 'O', 'O', 'O', 'O', 'O', 'O']	['our', 'observations', 'illustrate', 'that', 'stat5ab-/-peripheral', 't', 'cells', 'may', 'have', 'been', 'endowed', 'with', 'the', 'biochemical', 'machinery', 'to', '#proliferate', 'upon', 'introduction', 'of', 'full-length', 'wild-type', 'stat5a', ',', 'yet', ',', 'there', 'are', 'intrinsic', 'mechanisms', 'that', 'effectively', 'circumscribe', 'the', 'extent', 'and', 'duration', 'of', 'trophoblast', 'proliferation', '.']
150	['B-A0', 'I-A0', 'I-A0', 'O', 'O', 'O', 'O', 'O', 'O', 'O', 'B-V', 'B-A1', 'I-A1', 'O', 'O', 'O']	['the', 'human', 'placenta', 'are', 'observed', 'to', 'regain', 'the', 'ability', 'to', '#proliferate', 'throughout', 'gestation', '(figure', '6b)', '.']
151	['B-A0', 'I-A0', 'I-A0', 'I-A0', 'I-A0', 'I-A0', 'O', 'O', 'O', 'O', 'O', 'O', 'O', 'O', 'O', 'O', 'B-V', 'O', 'O', 'O', 'O', 'O', 'O', 'O', 'O', 'O', 'O']	['the', 'androgen', 'responsive', 'prostate', 'cancer', 'cells', 'may', 'be', 'characterized', 'by', 'either', 'an', 'increased', 'ability', 'to', 'strongly', '#proliferate', 'or', 'a', 'diminished', 'capacity', 'to', 'undergo', 'programmed', 'cell', 'death', '.']
152	['O', 'O', 'O', 'O', 'O', 'O', 'O', 'B-A0', 'I-A0', 'I-A0', 'I-A0', 'I-A0', 'I-A0', 'O', 'O', 'O', 'B-V', 'O', 'O', 'O', 'O', 'O', 'O', 'O']	['after', 'androgen', 'withdrawal', 'and', 'antiandrogen', 'treatment', ',', 'the', 'androgen', 'responsive', 'prostate', 'cancer', 'cells', 'that', 'ceased', 'to', '#proliferate', 'and', 'underwent', 'apoptosis', 'caused', 'tumor', 'regression', '.']
153	['B-A0', 'I-A0', 'I-A0', 'O', 'O', 'O', 'O', 'O', 'O', 'O', 'O', 'O', 'O', 'O', 'B-V', 'B-A1', 'I-A1', 'I-A1', 'I-A1', 'I-A1', 'I-A1', 'O']	['stat5ab-/-peripheral', 't', 'cells', ',', 'which', 'are', 'at', 'rest', 'in', 'normal', 'conditions', ',', 'have', 'strongly', '#proliferated', 'upon', 'introduction', 'of', 'full-length', 'wild-type', 'stat5a', '.']
154	['O', 'O', 'O', 'O', 'O', 'O', 'O', 'B-A0', 'I-A0', 'I-A0', 'I-A0', 'I-A0', 'I-A0', 'O', 'O', 'O', 'O', 'O', 'B-V', 'O', 'O', 'O', 'O', 'O', 'O', 'O', 'O']	['after', 'androgen', 'withdrawal', 'and', 'antiandrogen', 'treatment', ',', 'the', 'androgen', 'responsive', 'prostate', 'cancer', 'cells', 'being', 'observed', 'to', 'cease', 'to', '#proliferate', 'and', 'undergo', 'apoptosis', 'will', 'cause', 'tumor', 'regression', '.']
155	['O', 'O', 'O', 'O', 'O', 'O', 'O', 'B-A0', 'I-A0', 'I-A0', 'I-A0', 'I-A0', 'I-A0', 'O', 'O', 'O', 'O', 'B-V', 'O', 'O', 'O', 'O', 'O', 'O', 'O']	['after', 'androgen', 'withdrawal', 'and', 'antiandrogen', 'treatment', ',', 'the', 'androgen', 'responsive', 'prostate', 'cancer', 'cells', 'that', 'have', 'ceased', 'to', '#proliferate', 'and', 'undergo', 'apoptosis', 'caused', 'tumor', 'regression', '.']
156	['O', 'O', 'O', 'O', 'B-A0', 'I-A0', 'I-A0', 'O', 'O', 'O', 'O', 'O', 'O', 'O', 'O', 'O', 'O', 'B-V', 'B-A1', 'I-A1', 'O', 'O', 'O', 'O', 'O', 'O', 'O', 'O', 'O', 'O', 'O', 'O', 'O', 'O', 'O', 'O', 'O', 'O']	['our', 'observations', 'illustrate', 'that', 'the', 'human', 'placenta', 'is', 'shown', 'to', 'be', 'endowed', 'with', 'the', 'biochemical', 'machinery', 'to', '#proliferate', 'throughout', 'gestation', ',', 'yet', ',', 'there', 'are', 'intrinsic', 'mechanisms', 'that', 'effectively', 'circumscribe', 'the', 'extent', 'and', 'duration', 'of', 'trophoblast', 'proliferation', '.']
157	['O', 'O', 'B-A0', 'I-A0', 'I-A0', 'O', 'O', 'O', 'O', 'O', 'O', 'O', 'O', 'O', 'O', 'O', 'O', 'O', 'O', 'O', 'O', 'O', 'O', 'O', 'B-V', 'B-A1', 'I-A1', 'I-A1', 'I-A1', 'I-A1', 'I-A1', 'O']	['treatment', 'of', 'stat5ab-/-peripheral', 't', 'cells', 'of', 'different', 'origin', 'with', 'the', 'ganglioside', 'biosynthesis', 'inhibitors', 'fumonisin', 'b1', ',', 'd-threo-1-phenyl-2-decanoylamino-3-morpholino-1-propanol', 'or', 'd-1-threo-1-phenyl-2-hexa-decanoylamino-3-pyrrolidino-1-propanol-hcl', ',', 'impairs', 'their', 'capacity', 'to', '#proliferate', 'upon', 'introduction', 'of', 'full-length', 'wild-type', 'stat5a', '.']
158	['B-A0', 'I-A0', 'I-A0', 'O', 'O', 'O', 'O', 'O', 'O', 'O', 'O', 'O', 'O', 'O', 'O', 'B-V', 'O', 'B-A1', 'I-A1', 'O']	['the', 'human', 'placenta', ',', 'which', 'are', 'at', 'rest', 'in', 'normal', 'conditions', ',', 'are', 'observed', 'to', '#proliferate', 'strongly', 'throughout', 'gestation', '.']
159	['B-A0', 'I-A0', 'I-A0', 'O', 'O', 'O', 'O', 'O', 'O', 'O', 'O', 'O', 'O', 'O', 'B-V', 'B-A1', 'I-A1', 'O']	['the', 'human', 'placenta', ',', 'which', 'are', 'at', 'rest', 'in', 'normal', 'conditions', ',', 'may', 'strongly', '#proliferate', 'throughout', 'gestation', '.']
160	['B-A0', 'I-A0', 'I-A0', 'O', 'O', 'O', 'O', 'O', 'O', 'O', 'O', 'O', 'B-V', 'O', 'B-A1', 'I-A1', 'O']	['the', 'human', 'placenta', ',', 'which', 'are', 'at', 'rest', 'in', 'normal', 'conditions', ',', '#proliferate', 'strongly', 'throughout', 'gestation', '.']
161	['B-A0', 'I-A0', 'I-A0', 'O', 'O', 'O', 'O', 'O', 'O', 'O', 'O', 'O', 'O', 'O', 'O', 'B-V', 'B-A1', 'I-A1', 'I-A1', 'I-A1', 'I-A1', 'I-A1', 'O']	['stat5ab-/-peripheral', 't', 'cells', ',', 'which', 'are', 'at', 'rest', 'in', 'normal', 'conditions', ',', 'might', 'have', 'strongly', '#proliferated', 'upon', 'introduction', 'of', 'full-length', 'wild-type', 'stat5a', '.']
162	['B-A0', 'I-A0', 'I-A0', 'O', 'O', 'O', 'O', 'O', 'O', 'O', 'O', 'O', 'O', 'B-V', 'O', 'B-A1', 'I-A1', 'I-A1', 'I-A1', 'I-A1', 'I-A1', 'O']	['stat5ab-/-peripheral', 't', 'cells', ',', 'which', 'are', 'at', 'rest', 'in', 'normal', 'conditions', ',', 'will', '#proliferate', 'strongly', 'upon', 'introduction', 'of', 'full-length', 'wild-type', 'stat5a', '.']
