0	['B-O', 'B-O', 'B-O', 'B-O', 'B-O', 'B-O', 'B-O', 'B-O', 'B-O', 'B-O', 'B-O', 'B-O', 'B-O', 'B-O', 'B-O', 'B-O', 'B-O', 'B-O', 'B-O', 'B-O', 'B-O', 'B-O', 'B-O', 'B-O', 'B-O', 'B-O', 'B-O', 'B-O', 'B-O', 'B-O', 'B-O', 'B-O', 'B-O', 'B-O', 'B-O', 'B-O', 'B-O', 'B-O', 'B-O', 'B-O', 'B-O', 'B-O', 'B-O', 'B-O', 'B-O', 'B-O', 'B-O']	['specifically', ',', 'the', 'stat5a', 'molecule', 'in', 'which', 'the', 'c-terminus', 'was', '#truncated', 'at', 'amino', 'acids', '740', 'or', '751', 'effectively', 'blocked', 'the', 'induction', 'of', 'both', 'cis', 'and', 'osm', ',', 'whereas', 'the', 'c-terminal', 'truncations', 'at', 'amino', 'acids', '762', 'or', '773', 'had', 'no', 'effect', 'on', 'the', 'induction', 'of', 'either', 'gene', '.']
1	['B-O', 'B-O', 'B-O', 'B-O', 'B-O', 'B-O', 'B-O', 'B-O', 'B-O', 'B-O', 'B-O', 'B-O', 'B-O', 'B-O', 'B-O', 'B-O', 'B-O', 'B-O', 'B-O', 'B-O', 'B-O', 'B-O', 'B-O', 'B-O', 'B-O', 'B-O', 'B-O', 'B-O', 'B-O', 'B-O', 'B-O', 'B-O', 'B-O', 'B-O', 'B-O', 'B-O', 'B-O', 'B-O', 'B-O', 'B-O', 'B-O', 'B-O', 'B-O', 'B-O', 'B-O', 'B-O', 'B-O', 'B-O', 'B-O', 'B-O']	['specifically', ',', 'the', 'stat5a', 'molecule', 'in', 'which', 'the', 'c-terminus', 'is', 'likely', 'to', 'be', '#truncated', 'at', 'amino', 'acids', '740', 'or', '751', 'effectively', 'blocked', 'the', 'induction', 'of', 'both', 'cis', 'and', 'osm', ',', 'whereas', 'the', 'c-terminal', 'truncations', 'at', 'amino', 'acids', '762', 'or', '773', 'had', 'no', 'effect', 'on', 'the', 'induction', 'of', 'either', 'gene', '.']
2	['B-O', 'B-O', 'B-O', 'B-O', 'B-O', 'B-O', 'B-O', 'B-O', 'B-O', 'B-O', 'B-O', 'B-O', 'B-O', 'B-O', 'B-O', 'B-O', 'B-O', 'B-O', 'B-O', 'B-O', 'B-O', 'B-O', 'B-O', 'B-O', 'B-O', 'B-O', 'B-O', 'B-O', 'B-O', 'B-O', 'B-O', 'B-O', 'B-O', 'B-O', 'B-O', 'B-O', 'B-O', 'B-O', 'B-O', 'B-O', 'B-O']	['the', 'putative', 'resulting', 'protein', 'retained', 'the', 'region', 'encoding', 'the', 'structural', 'and', 'functional', 'elements', 'of', 'the', 'amine', 'oxidase', 'but', 'the', 'second', 'and', 'fourth', 'srcr', 'domains', 'have', 'been', 'shown', 'to', 'be', '#truncated', 'and', 'the', 'potential', 'bmp-1', 'cleavage', 'site', 'has', 'not', 'been', 'present', '.']
3	['B-O', 'B-O', 'B-O', 'B-O', 'B-O', 'B-O', 'B-O', 'B-O', 'B-O', 'B-O', 'B-O', 'B-O', 'B-O', 'B-O', 'B-O', 'B-O', 'B-O', 'B-O', 'B-O', 'B-O', 'B-O', 'B-O', 'B-O', 'B-O', 'B-O', 'B-O', 'B-O', 'B-O', 'B-O']	['to', 'generate', 'this', 'protein', ',', 'the', 'receptor', 'will', 'be', '#truncated', 'prior', 'to', 'two', 'consecutive', 'proline', 'residues', '(`pp-motif_)', 'present', 'in', 'the', 'junction', 'between', 'domains', '2', 'and', '3', '(figure', '1)', '.']
4	['B-O', 'B-O', 'B-O', 'B-O', 'B-O', 'B-O', 'B-O', 'B-O', 'B-O', 'B-O', 'B-O', 'B-O', 'B-O', 'B-O', 'B-O', 'B-O', 'B-O', 'B-O', 'B-O', 'B-O', 'B-O', 'B-O', 'B-O', 'B-O']	['c-terminally', 'truncated', 'stat5a', 'proteins', 'likely', 'to', 'be', '#truncated', 'at', 'amino', 'acids', '762', 'or', '773', 'had', 'no', 'effect', 'on', 'the', 'induction', 'of', 'either', 'gene', '.']
5	['B-O', 'B-O', 'B-O', 'B-O', 'B-O', 'B-O', 'B-O', 'B-O', 'B-O', 'B-O', 'B-O', 'B-O', 'B-O', 'B-O', 'B-O', 'B-O', 'B-O', 'B-O', 'B-O', 'B-O', 'B-O', 'B-O', 'B-O']	['c-terminally', 'truncated', 'stat5a', 'proteins', 'that', 'are', '#truncated', 'at', 'amino', 'acids', '762', 'or', '773', 'had', 'no', 'effect', 'on', 'the', 'induction', 'of', 'either', 'gene', '.']
6	['B-O', 'B-O', 'B-O', 'B-O', 'B-O', 'B-O', 'B-O', 'B-O', 'B-O', 'B-O', 'B-O', 'B-O', 'B-O', 'B-O', 'B-O', 'B-O', 'B-O', 'B-O', 'B-O', 'B-O', 'B-O', 'B-O', 'B-O', 'B-O', 'B-O', 'B-O', 'B-O', 'B-O', 'B-O', 'B-O', 'B-O', 'B-O', 'B-O', 'B-O', 'B-O', 'B-O', 'B-O', 'B-O', 'B-O', 'B-O', 'B-O', 'B-O', 'B-O', 'B-O', 'B-O', 'B-O', 'B-O']	['electrophoretic', 'mobility', 'shift', 'assays', 'showed', 'that', 'the', 'full-length', 'bcl6', 'protein', 'extracted', 'from', 'transfected', 'cos', 'cells', 'and', 'a', 'bacterially', 'expressed', 'protein', 'that', 'contained', 'the', 'bcl6', 'zinc', 'fingers', 'and', 'has', 'been', 'shown', 'to', 'be', 'remarkably', '#truncated', 'can', 'bind', 'specifically', 'to', 'dna', 'from', 'the', 'u3', 'promoter/enhancer', 'region', 'of', 'hiv-1', '.']
7	['B-O', 'B-O', 'B-O', 'B-O', 'B-O', 'B-O', 'B-O', 'B-O', 'B-O', 'B-O', 'B-O', 'B-O', 'B-O', 'B-O', 'B-O', 'B-O', 'B-O', 'B-O', 'B-O', 'B-O', 'B-O', 'B-O', 'B-O']	['therefore', ',', 'to', 'generate', 'a', 'comparable', 'soluble', 'fragment', 'to', 'ic1-2d/190', ',', 'pvr', 'has', 'been', 'shown', 'to', 'be', '#truncated', 'prior', 'to', 'the', 'pp-motif', '.']
8	['B-O', 'B-O', 'B-O', 'B-O', 'B-O', 'B-O', 'B-O', 'B-O', 'B-O', 'B-O', 'B-O', 'B-O', 'B-O', 'B-O', 'B-O', 'B-O', 'B-O', 'B-O', 'B-O', 'B-O', 'B-O', 'B-O', 'B-O', 'B-O', 'B-O', 'B-O', 'B-O', 'B-O', 'B-O', 'B-O', 'B-O', 'B-O', 'B-O', 'B-O', 'B-O', 'B-O', 'B-O', 'B-O', 'B-O', 'B-O', 'B-O', 'B-O', 'B-O', 'B-O', 'B-O', 'B-O', 'B-O', 'B-O', 'B-O', 'B-O']	['specifically', ',', 'the', 'stat5a', 'molecule', 'in', 'which', 'the', 'c-terminus', 'is', 'able', 'to', 'be', '#truncated', 'at', 'amino', 'acids', '740', 'or', '751', 'effectively', 'blocked', 'the', 'induction', 'of', 'both', 'cis', 'and', 'osm', ',', 'whereas', 'the', 'c-terminal', 'truncations', 'at', 'amino', 'acids', '762', 'or', '773', 'had', 'no', 'effect', 'on', 'the', 'induction', 'of', 'either', 'gene', '.']
9	['B-O', 'B-O', 'B-O', 'B-O', 'B-O', 'B-O', 'B-O', 'B-O', 'B-O', 'B-O', 'B-O', 'B-O', 'B-O', 'B-O', 'B-O', 'B-O', 'B-O', 'B-O', 'B-O', 'B-O', 'B-O', 'B-O', 'B-O', 'B-O', 'B-O', 'B-O', 'B-O', 'B-O', 'B-O', 'B-O', 'B-O', 'B-O', 'B-O', 'B-O', 'B-O', 'B-O', 'B-O', 'B-O', 'B-O', 'B-O', 'B-O', 'B-O', 'B-O', 'B-O', 'B-O', 'B-O', 'B-O', 'B-O', 'B-O', 'B-O', 'B-O']	['specifically', ',', 'the', 'stat5a', 'molecule', 'in', 'which', 'the', 'c-terminus', 'is', 'likely', 'to', 'be', 'remarkably', '#truncated', 'at', 'amino', 'acids', '740', 'or', '751', 'effectively', 'blocked', 'the', 'induction', 'of', 'both', 'cis', 'and', 'osm', ',', 'whereas', 'the', 'c-terminal', 'truncations', 'at', 'amino', 'acids', '762', 'or', '773', 'had', 'no', 'effect', 'on', 'the', 'induction', 'of', 'either', 'gene', '.']
10	['B-O', 'B-O', 'B-O', 'B-O', 'B-O', 'B-O', 'B-O', 'B-O', 'B-O', 'B-O', 'B-O', 'B-O', 'B-O', 'B-O', 'B-O', 'B-O', 'B-O', 'B-O', 'B-O', 'B-O']	['therefore', ',', 'to', 'generate', 'a', 'comparable', 'soluble', 'fragment', 'to', 'ic1-2d/190', ',', 'pvr', 'is', 'also', '#truncated', 'prior', 'to', 'the', 'pp-motif', '.']
11	['B-O', 'B-O', 'B-O', 'B-O', 'B-O', 'B-O', 'B-O', 'B-O', 'B-O', 'B-O', 'B-O', 'B-O', 'B-O', 'B-O', 'B-O', 'B-O', 'B-O', 'B-O', 'B-O', 'B-O', 'B-O', 'B-O', 'B-O', 'B-O', 'B-O']	['c-terminally', 'truncated', 'stat5a', 'proteins', 'observed', 'to', 'be', 'remarkably', '#truncated', 'at', 'amino', 'acids', '762', 'or', '773', 'had', 'no', 'effect', 'on', 'the', 'induction', 'of', 'either', 'gene', '.']
12	['B-O', 'B-O', 'B-O', 'B-O', 'B-O', 'B-O', 'B-O', 'B-O', 'B-O', 'B-O', 'B-O', 'B-O', 'B-O', 'B-O', 'B-O', 'B-O', 'B-O', 'B-O', 'B-O', 'B-O', 'B-O', 'B-O', 'B-O', 'B-O', 'B-O', 'B-O', 'B-O', 'B-O', 'B-O', 'B-O', 'B-O', 'B-O', 'B-O', 'B-O', 'B-O', 'B-O', 'B-O', 'B-O', 'B-O', 'B-O', 'B-O', 'B-O', 'B-O', 'B-O', 'B-O', 'B-O', 'B-O', 'B-O']	['specifically', ',', 'the', 'stat5a', 'molecule', 'in', 'which', 'the', 'c-terminus', 'will', 'be', '#truncated', 'at', 'amino', 'acids', '740', 'or', '751', 'effectively', 'blocked', 'the', 'induction', 'of', 'both', 'cis', 'and', 'osm', ',', 'whereas', 'the', 'c-terminal', 'truncations', 'at', 'amino', 'acids', '762', 'or', '773', 'had', 'no', 'effect', 'on', 'the', 'induction', 'of', 'either', 'gene', '.']
13	['B-O', 'B-O', 'B-O', 'B-O', 'B-O', 'B-O', 'B-O', 'B-O', 'B-O', 'B-O', 'B-O', 'B-O', 'B-O', 'B-O', 'B-O', 'B-O', 'B-O', 'B-O', 'B-O', 'B-O', 'B-O', 'B-O', 'B-O']	['therefore', ',', 'to', 'generate', 'a', 'comparable', 'soluble', 'fragment', 'to', 'ic1-2d/190', ',', 'pvr', 'is', 'also', 'able', 'to', 'be', '#truncated', 'prior', 'to', 'the', 'pp-motif', '.']
14	['B-O', 'B-O', 'B-O', 'B-O', 'B-O', 'B-O', 'B-O', 'B-O', 'B-O', 'B-O', 'B-O', 'B-O', 'B-O', 'B-O', 'B-O', 'B-O', 'B-O', 'B-O', 'B-O', 'B-O', 'B-O', 'B-O', 'B-O', 'B-O', 'B-O', 'B-O', 'B-O', 'B-O', 'B-O', 'B-O', 'B-O', 'B-O']	['to', 'generate', 'this', 'protein', ',', 'the', 'receptor', 'has', 'been', 'shown', 'to', 'be', '#truncated', 'prior', 'to', 'two', 'consecutive', 'proline', 'residues', '(`pp-motif_)', 'present', 'in', 'the', 'junction', 'between', 'domains', '2', 'and', '3', '(figure', '1)', '.']
15	['B-O', 'B-O', 'B-O', 'B-O', 'B-O', 'B-O', 'B-O', 'B-O', 'B-O', 'B-O', 'B-O', 'B-O', 'B-O', 'B-O', 'B-O', 'B-O', 'B-O', 'B-O', 'B-O', 'B-O', 'B-O', 'B-O', 'B-O', 'B-O', 'B-O', 'B-O', 'B-O', 'B-O', 'B-O', 'B-O', 'B-O', 'B-O', 'B-O', 'B-O', 'B-O', 'B-O', 'B-O', 'B-O', 'B-O', 'B-O', 'B-O', 'B-O', 'B-O']	['electrophoretic', 'mobility', 'shift', 'assays', 'showed', 'that', 'the', 'full-length', 'bcl6', 'protein', 'extracted', 'from', 'transfected', 'cos', 'cells', 'and', 'a', 'bacterially', 'expressed', 'protein', 'that', 'was', 'remarkably', '#truncated', 'and', 'contained', 'the', 'bcl6', 'zinc', 'fingers', 'can', 'bind', 'specifically', 'to', 'dna', 'from', 'the', 'u3', 'promoter/enhancer', 'region', 'of', 'hiv-1', '.']
16	['B-O', 'B-O', 'B-O', 'B-O', 'B-O', 'B-O', 'B-O', 'B-O', 'B-O', 'B-O', 'B-O', 'B-O', 'B-O', 'B-O', 'B-O', 'B-O', 'B-O', 'B-O', 'B-O', 'B-O', 'B-O', 'B-O', 'B-O', 'B-O', 'B-O', 'B-O', 'B-O', 'B-O', 'B-O', 'B-O', 'B-O', 'B-O', 'B-O', 'B-O', 'B-O', 'B-O', 'B-O', 'B-O', 'B-O', 'B-O', 'B-O', 'B-O', 'B-O', 'B-O', 'B-O']	['electrophoretic', 'mobility', 'shift', 'assays', 'showed', 'that', 'the', 'full-length', 'bcl6', 'protein', 'extracted', 'from', 'transfected', 'cos', 'cells', 'and', 'a', 'bacterially', 'expressed', 'protein', 'that', 'is', 'able', 'to', 'be', '#truncated', 'and', 'contains', 'the', 'bcl6', 'zinc', 'fingers', 'can', 'bind', 'specifically', 'to', 'dna', 'from', 'the', 'u3', 'promoter/enhancer', 'region', 'of', 'hiv-1', '.']
17	['B-O', 'B-O', 'B-O', 'B-O', 'B-O', 'B-O', 'B-O', 'B-O', 'B-O', 'B-O', 'B-O', 'B-O', 'B-O', 'B-O', 'B-O', 'B-O', 'B-O', 'B-O', 'B-O', 'B-O', 'B-O']	['therefore', ',', 'to', 'generate', 'a', 'comparable', 'soluble', 'fragment', 'to', 'ic1-2d/190', ',', 'pvr', 'will', 'also', 'be', '#truncated', 'prior', 'to', 'the', 'pp-motif', '.']
18	['B-O', 'B-O', 'B-O', 'B-O', 'B-O', 'B-O', 'B-O', 'B-O', 'B-O', 'B-O', 'B-O', 'B-O', 'B-O', 'B-O', 'B-O', 'B-O', 'B-O', 'B-O', 'B-O', 'B-O']	['to', 'generate', 'a', 'comparable', 'soluble', 'fragment', 'to', 'ic1-2d/190', ',', 'pvr', 'may', 'therefore', 'have', 'been', '#truncated', 'prior', 'to', 'the', 'pp-motif', '.']
19	['B-O', 'B-O', 'B-O', 'B-O', 'B-O', 'B-O', 'B-O', 'B-O', 'B-O', 'B-O', 'B-O', 'B-O', 'B-O', 'B-O', 'B-O', 'B-O', 'B-O', 'B-O', 'B-O', 'B-O', 'B-O', 'B-O', 'B-O', 'B-O', 'B-O', 'B-O', 'B-O', 'B-O', 'B-O', 'B-O', 'B-O', 'B-O', 'B-O', 'B-O', 'B-O', 'B-O', 'B-O', 'B-O', 'B-O', 'B-O', 'B-O', 'B-O', 'B-O', 'B-O', 'B-O', 'B-O', 'B-O', 'B-O']	['specifically', ',', 'the', 'stat5a', 'molecule', 'in', 'which', 'the', 'c-terminus', 'is', 'remarkably', '#truncated', 'at', 'amino', 'acids', '740', 'or', '751', 'effectively', 'blocked', 'the', 'induction', 'of', 'both', 'cis', 'and', 'osm', ',', 'whereas', 'the', 'c-terminal', 'truncations', 'at', 'amino', 'acids', '762', 'or', '773', 'had', 'no', 'effect', 'on', 'the', 'induction', 'of', 'either', 'gene', '.']
20	['B-O', 'B-O', 'B-O', 'B-O', 'B-O', 'B-O', 'B-O', 'B-O', 'B-O', 'B-O', 'B-O', 'B-O', 'B-O', 'B-O', 'B-O', 'B-O', 'B-O', 'B-O', 'B-O', 'B-O', 'B-O', 'B-O', 'B-O', 'B-O', 'B-O', 'B-O']	['c-terminally', 'truncated', 'stat5a', 'proteins', 'that', 'may', 'have', 'been', 'remarkably', '#truncated', 'at', 'amino', 'acids', '762', 'or', '773', 'had', 'no', 'effect', 'on', 'the', 'induction', 'of', 'either', 'gene', '.']
21	['B-O', 'B-O', 'B-O', 'B-O', 'B-O', 'B-O', 'B-O', 'B-O', 'B-O', 'B-O', 'B-O', 'B-O', 'B-O', 'B-O', 'B-O', 'B-O', 'B-O', 'B-O', 'B-O', 'B-O', 'B-O', 'B-O', 'B-O', 'B-O', 'B-O', 'B-O', 'B-O', 'B-O', 'B-O', 'B-O', 'B-O', 'B-O', 'B-O', 'B-O', 'B-O', 'B-O', 'B-O', 'B-O', 'B-O', 'B-O', 'B-O', 'B-O', 'B-O', 'B-O', 'B-O']	['using', 'the', 'complex', 'structure', 'of', 'bone', 'morphogenetic', 'protein-2', 'bound', 'to', 'its', 'type', 'i', 'receptor', '(alk3)', 'as', 'a', 'guide', ',', 'we', 'introduced', 'extracellular', 'domain', 'mutations', 'in', 'the', 'context', 'of', 'the', '#truncated', 'alk4', '(alk4-trunc)', 'construct', 'and', 'assessed', 'the', 'ability', 'of', 'the', 'mutants', 'to', 'inhibit', 'activin', 'function', '.']
22	['B-O', 'B-O', 'B-O', 'B-O', 'B-O', 'B-O', 'B-O', 'B-O', 'B-O', 'B-O', 'B-O', 'B-O', 'B-O', 'B-O', 'B-O', 'B-O', 'B-O', 'B-O', 'B-O', 'B-O', 'B-O', 'B-O', 'B-O', 'B-O', 'B-O', 'B-O', 'B-O', 'B-O', 'B-O', 'B-O', 'B-O', 'B-O', 'B-O', 'B-O', 'B-O', 'B-O', 'B-O', 'B-O', 'B-O', 'B-O', 'B-O', 'B-O', 'B-O']	['electrophoretic', 'mobility', 'shift', 'assays', 'showed', 'that', 'the', 'full-length', 'bcl6', 'protein', 'extracted', 'from', 'transfected', 'cos', 'cells', 'and', 'a', 'bacterially', 'expressed', 'protein', 'that', 'can', 'be', '#truncated', 'and', 'contains', 'the', 'bcl6', 'zinc', 'fingers', 'can', 'bind', 'specifically', 'to', 'dna', 'from', 'the', 'u3', 'promoter/enhancer', 'region', 'of', 'hiv-1', '.']
23	['B-O', 'B-O', 'B-O', 'B-O', 'B-O', 'B-O', 'B-O', 'B-O', 'B-O', 'B-O', 'B-O', 'B-O', 'B-O', 'B-O', 'B-O', 'B-O', 'B-O', 'B-O', 'B-O', 'B-O', 'B-O', 'B-O', 'B-O', 'B-O', 'B-O', 'B-O', 'B-O', 'B-O']	['to', 'generate', 'this', 'protein', ',', 'the', 'receptor', 'is', '#truncated', 'prior', 'to', 'two', 'consecutive', 'proline', 'residues', '(`pp-motif_)', 'present', 'in', 'the', 'junction', 'between', 'domains', '2', 'and', '3', '(figure', '1)', '.']
24	['B-O', 'B-O', 'B-O', 'B-O', 'B-O', 'B-O', 'B-O', 'B-O', 'B-O', 'B-O', 'B-O', 'B-O', 'B-O', 'B-O', 'B-O', 'B-O', 'B-O', 'B-O', 'B-O', 'B-O', 'B-O', 'B-O', 'B-O', 'B-O', 'B-O', 'B-O', 'B-O', 'B-O', 'B-O', 'B-O', 'B-O', 'B-O', 'B-O', 'B-O', 'B-O', 'B-O', 'B-O', 'B-O', 'B-O', 'B-O', 'B-O', 'B-O', 'B-O']	['electrophoretic', 'mobility', 'shift', 'assays', 'showed', 'that', 'the', 'full-length', 'bcl6', 'protein', 'extracted', 'from', 'transfected', 'cos', 'cells', 'and', 'a', 'bacterially', 'expressed', 'protein', 'that', 'may', 'be', '#truncated', 'and', 'contains', 'the', 'bcl6', 'zinc', 'fingers', 'can', 'bind', 'specifically', 'to', 'dna', 'from', 'the', 'u3', 'promoter/enhancer', 'region', 'of', 'hiv-1', '.']
25	['B-O', 'B-O', 'B-O', 'B-O', 'B-O', 'B-O', 'B-O', 'B-O', 'B-O', 'B-O', 'B-O', 'B-O', 'B-O', 'B-O', 'B-O', 'B-O', 'B-O', 'B-O', 'B-O', 'B-O', 'B-O', 'B-O', 'B-O', 'B-O', 'B-O', 'B-O', 'B-O', 'B-O', 'B-O', 'B-O', 'B-O', 'B-O', 'B-O', 'B-O', 'B-O', 'B-O', 'B-O', 'B-O', 'B-O', 'B-O', 'B-O', 'B-O', 'B-O', 'B-O', 'B-O', 'B-O', 'B-O', 'B-O', 'B-O']	['specifically', ',', 'the', 'stat5a', 'molecule', 'in', 'which', 'the', 'c-terminus', 'can', 'be', 'remarkably', '#truncated', 'at', 'amino', 'acids', '740', 'or', '751', 'effectively', 'blocked', 'the', 'induction', 'of', 'both', 'cis', 'and', 'osm', ',', 'whereas', 'the', 'c-terminal', 'truncations', 'at', 'amino', 'acids', '762', 'or', '773', 'had', 'no', 'effect', 'on', 'the', 'induction', 'of', 'either', 'gene', '.']
26	['B-O', 'B-O', 'B-O', 'B-O', 'B-O', 'B-O', 'B-O', 'B-O', 'B-O', 'B-O', 'B-O', 'B-O', 'B-O', 'B-O', 'B-O', 'B-O', 'B-O', 'B-O', 'B-O', 'B-O', 'B-O', 'B-O', 'B-O', 'B-O', 'B-O', 'B-O', 'B-O', 'B-O', 'B-O', 'B-O', 'B-O', 'B-O', 'B-O', 'B-O', 'B-O', 'B-O', 'B-O', 'B-O', 'B-O', 'B-O', 'B-O', 'B-O', 'B-O', 'B-O']	['electrophoretic', 'mobility', 'shift', 'assays', 'showed', 'that', 'the', 'full-length', 'bcl6', 'protein', 'extracted', 'from', 'transfected', 'cos', 'cells', 'and', 'a', 'bacterially', 'expressed', 'protein', 'that', 'may', 'have', 'been', '#truncated', 'and', 'contains', 'the', 'bcl6', 'zinc', 'fingers', 'can', 'bind', 'specifically', 'to', 'dna', 'from', 'the', 'u3', 'promoter/enhancer', 'region', 'of', 'hiv-1', '.']
27	['B-O', 'B-O', 'B-O', 'B-O', 'B-O', 'B-O', 'B-O', 'B-O', 'B-O', 'B-O', 'B-O', 'B-O', 'B-O', 'B-O', 'B-O', 'B-O', 'B-O', 'B-O', 'B-O', 'B-O', 'B-O', 'B-O', 'B-O', 'B-O', 'B-O', 'B-O', 'B-O', 'B-O', 'B-O', 'B-O', 'B-O', 'B-O', 'B-O', 'B-O', 'B-O', 'B-O', 'B-O', 'B-O', 'B-O', 'B-O', 'B-O', 'B-O', 'B-O', 'B-O', 'B-O', 'B-O', 'B-O', 'B-O', 'B-O', 'B-O', 'B-O', 'B-O']	['specifically', ',', 'the', 'stat5a', 'molecule', 'in', 'which', 'the', 'c-terminus', 'has', 'been', 'shown', 'to', 'be', 'remarkably', '#truncated', 'at', 'amino', 'acids', '740', 'or', '751', 'effectively', 'blocked', 'the', 'induction', 'of', 'both', 'cis', 'and', 'osm', ',', 'whereas', 'the', 'c-terminal', 'truncations', 'at', 'amino', 'acids', '762', 'or', '773', 'had', 'no', 'effect', 'on', 'the', 'induction', 'of', 'either', 'gene', '.']
28	['B-O', 'B-O', 'B-O', 'B-O', 'B-O', 'B-O', 'B-O', 'B-O', 'B-O', 'B-O', 'B-O', 'B-O', 'B-O', 'B-O', 'B-O', 'B-O', 'B-O', 'B-O', 'B-O', 'B-O', 'B-O', 'B-O', 'B-O', 'B-O', 'B-O', 'B-O', 'B-O', 'B-O', 'B-O']	['to', 'generate', 'this', 'protein', ',', 'the', 'receptor', 'has', 'been', '#truncated', 'prior', 'to', 'two', 'consecutive', 'proline', 'residues', '(`pp-motif_)', 'present', 'in', 'the', 'junction', 'between', 'domains', '2', 'and', '3', '(figure', '1)', '.']
29	['B-O', 'B-O', 'B-O', 'B-O', 'B-O', 'B-O', 'B-O', 'B-O', 'B-O', 'B-O', 'B-O', 'B-O', 'B-O', 'B-O', 'B-O', 'B-O', 'B-O', 'B-O', 'B-O', 'B-O', 'B-O', 'B-O', 'B-O', 'B-O']	['c-terminally', 'truncated', 'stat5a', 'proteins', 'that', 'may', 'be', '#truncated', 'at', 'amino', 'acids', '762', 'or', '773', 'had', 'no', 'effect', 'on', 'the', 'induction', 'of', 'either', 'gene', '.']
30	['B-O', 'B-O', 'B-O', 'B-O', 'B-O', 'B-O', 'B-O', 'B-O', 'B-O', 'B-O', 'B-O', 'B-O', 'B-O', 'B-O', 'B-O', 'B-O', 'B-O', 'B-O', 'B-O', 'B-O', 'B-O', 'B-O', 'B-O']	['therefore', ',', 'to', 'generate', 'a', 'comparable', 'soluble', 'fragment', 'to', 'ic1-2d/190', ',', 'pvr', 'is', 'also', 'observed', 'to', 'be', '#truncated', 'prior', 'to', 'the', 'pp-motif', '.']
31	['B-O', 'B-O', 'B-O', 'B-O', 'B-O', 'B-O', 'B-O', 'B-O', 'B-O', 'B-O', 'B-O', 'B-O', 'B-O', 'B-O', 'B-O', 'B-O', 'B-O', 'B-O', 'B-O', 'B-O', 'B-O', 'B-O', 'B-O', 'B-O', 'B-O', 'B-O', 'B-O', 'B-O', 'B-O', 'B-O', 'B-O', 'B-O', 'B-O', 'B-O', 'B-O', 'B-O', 'B-O']	['the', 'putative', 'resulting', 'protein', 'retained', 'the', 'region', 'encoding', 'the', 'structural', 'and', 'functional', 'elements', 'of', 'the', 'amine', 'oxidase', 'but', 'the', 'second', 'and', 'fourth', 'srcr', 'domains', 'may', 'be', '#truncated', 'and', 'the', 'potential', 'bmp-1', 'cleavage', 'site', 'is', 'not', 'present', '.']
32	['B-O', 'B-O', 'B-O', 'B-O', 'B-O', 'B-O', 'B-O', 'B-O', 'B-O', 'B-O', 'B-O', 'B-O', 'B-O', 'B-O', 'B-O', 'B-O', 'B-O', 'B-O', 'B-O', 'B-O', 'B-O', 'B-O', 'B-O', 'B-O', 'B-O', 'B-O', 'B-O', 'B-O', 'B-O', 'B-O', 'B-O', 'B-O', 'B-O', 'B-O', 'B-O', 'B-O', 'B-O', 'B-O', 'B-O', 'B-O', 'B-O', 'B-O', 'B-O', 'B-O', 'B-O', 'B-O', 'B-O', 'B-O', 'B-O', 'B-O', 'B-O']	['specifically', ',', 'the', 'stat5a', 'molecule', 'in', 'which', 'the', 'c-terminus', 'is', 'observed', 'to', 'be', 'remarkably', '#truncated', 'at', 'amino', 'acids', '740', 'or', '751', 'effectively', 'blocked', 'the', 'induction', 'of', 'both', 'cis', 'and', 'osm', ',', 'whereas', 'the', 'c-terminal', 'truncations', 'at', 'amino', 'acids', '762', 'or', '773', 'had', 'no', 'effect', 'on', 'the', 'induction', 'of', 'either', 'gene', '.']
33	['B-O', 'B-O', 'B-O', 'B-O', 'B-O', 'B-O', 'B-O', 'B-O', 'B-O', 'B-O', 'B-O', 'B-O', 'B-O', 'B-O', 'B-O', 'B-O', 'B-O', 'B-O', 'B-O', 'B-O', 'B-O', 'B-O', 'B-O', 'B-O', 'B-O', 'B-O', 'B-O', 'B-O', 'B-O']	['to', 'generate', 'this', 'protein', ',', 'the', 'receptor', 'can', 'be', '#truncated', 'prior', 'to', 'two', 'consecutive', 'proline', 'residues', '(`pp-motif_)', 'present', 'in', 'the', 'junction', 'between', 'domains', '2', 'and', '3', '(figure', '1)', '.']
34	['B-O', 'B-O', 'B-O', 'B-O', 'B-O', 'B-O', 'B-O', 'B-O', 'B-O', 'B-O', 'B-O', 'B-O', 'B-O', 'B-O', 'B-O', 'B-O', 'B-O', 'B-O', 'B-O', 'B-O', 'B-O', 'B-O']	['to', 'generate', 'a', 'comparable', 'soluble', 'fragment', 'to', 'ic1-2d/190', ',', 'pvr', 'has', 'therefore', 'been', 'shown', 'to', 'be', '#truncated', 'prior', 'to', 'the', 'pp-motif', '.']
35	['B-O', 'B-O', 'B-O', 'B-O', 'B-O', 'B-O', 'B-O', 'B-O', 'B-O', 'B-O', 'B-O', 'B-O', 'B-O', 'B-O', 'B-O', 'B-O', 'B-O', 'B-O', 'B-O', 'B-O', 'B-O', 'B-O', 'B-O', 'B-O', 'B-O', 'B-O', 'B-O', 'B-O', 'B-O', 'B-O', 'B-O', 'B-O', 'B-O', 'B-O', 'B-O', 'B-O', 'B-O', 'B-O', 'B-O', 'B-O', 'B-O', 'B-O', 'B-O', 'B-O', 'B-O', 'B-O', 'B-O']	['electrophoretic', 'mobility', 'shift', 'assays', 'showed', 'that', 'the', 'full-length', 'bcl6', 'protein', 'extracted', 'from', 'transfected', 'cos', 'cells', 'and', 'a', 'bacterially', 'expressed', 'protein', 'that', 'has', 'been', 'shown', 'to', 'be', 'remarkably', '#truncated', 'and', 'contained', 'the', 'bcl6', 'zinc', 'fingers', 'can', 'bind', 'specifically', 'to', 'dna', 'from', 'the', 'u3', 'promoter/enhancer', 'region', 'of', 'hiv-1', '.']
36	['B-O', 'B-O', 'B-O', 'B-O', 'B-O', 'B-O', 'B-O', 'B-O', 'B-O', 'B-O', 'B-O', 'B-O', 'B-O', 'B-O', 'B-O', 'B-O', 'B-O', 'B-O', 'B-O', 'B-O', 'B-O', 'B-O', 'B-O', 'B-O', 'B-O', 'B-O', 'B-O', 'B-O', 'B-O', 'B-O', 'B-O', 'B-O', 'B-O', 'B-O', 'B-O', 'B-O', 'B-O', 'B-O', 'B-O', 'B-O', 'B-O', 'B-O', 'B-O', 'B-O', 'B-O', 'B-O', 'B-O', 'B-O', 'B-O']	['specifically', ',', 'the', 'stat5a', 'molecule', 'in', 'which', 'the', 'c-terminus', 'may', 'have', 'been', '#truncated', 'at', 'amino', 'acids', '740', 'or', '751', 'effectively', 'blocked', 'the', 'induction', 'of', 'both', 'cis', 'and', 'osm', ',', 'whereas', 'the', 'c-terminal', 'truncations', 'at', 'amino', 'acids', '762', 'or', '773', 'had', 'no', 'effect', 'on', 'the', 'induction', 'of', 'either', 'gene', '.']
37	['B-O', 'B-O', 'B-O', 'B-O', 'B-O', 'B-O', 'B-O', 'B-O', 'B-O', 'B-O', 'B-O', 'B-O', 'B-O', 'B-O', 'B-O', 'B-O', 'B-O', 'B-O', 'B-O', 'B-O', 'B-O', 'B-O', 'B-O', 'B-O', 'B-O', 'B-O', 'B-O', 'B-O', 'B-O', 'B-O', 'B-O', 'B-O', 'B-O', 'B-O', 'B-O', 'B-O', 'B-O', 'B-O', 'B-O', 'B-O', 'B-O', 'B-O', 'B-O', 'B-O']	['electrophoretic', 'mobility', 'shift', 'assays', 'showed', 'that', 'the', 'full-length', 'bcl6', 'protein', 'extracted', 'from', 'transfected', 'cos', 'cells', 'and', 'a', 'bacterially', 'expressed', 'protein', 'that', 'has', 'been', 'remarkably', '#truncated', 'and', 'contained', 'the', 'bcl6', 'zinc', 'fingers', 'can', 'bind', 'specifically', 'to', 'dna', 'from', 'the', 'u3', 'promoter/enhancer', 'region', 'of', 'hiv-1', '.']
38	['B-O', 'B-O', 'B-O', 'B-O', 'B-O', 'B-O', 'B-O', 'B-O', 'B-O', 'B-O', 'B-O', 'B-O', 'B-O', 'B-O', 'B-O', 'B-O', 'B-O', 'B-O', 'B-O', 'B-O', 'B-O', 'B-O', 'B-O', 'B-O', 'B-O']	['c-terminally', 'truncated', 'stat5a', 'proteins', 'that', 'can', 'be', 'remarkably', '#truncated', 'at', 'amino', 'acids', '762', 'or', '773', 'had', 'no', 'effect', 'on', 'the', 'induction', 'of', 'either', 'gene', '.']
39	['B-O', 'B-O', 'B-O', 'B-O', 'B-O', 'B-O', 'B-O', 'B-O', 'B-O', 'B-O', 'B-O', 'B-O', 'B-O', 'B-O', 'B-O', 'B-O', 'B-O', 'B-O', 'B-O', 'B-O', 'B-O', 'B-O', 'B-O', 'B-O', 'B-O', 'B-O', 'B-O', 'B-O', 'B-O', 'B-O', 'B-O', 'B-O', 'B-O', 'B-O', 'B-O', 'B-O', 'B-O', 'B-O', 'B-O', 'B-O', 'B-O', 'B-O', 'B-O', 'B-O', 'B-O', 'B-O', 'B-O', 'B-O']	['specifically', ',', 'the', 'stat5a', 'molecule', 'in', 'which', 'the', 'c-terminus', 'has', 'been', '#truncated', 'at', 'amino', 'acids', '740', 'or', '751', 'effectively', 'blocked', 'the', 'induction', 'of', 'both', 'cis', 'and', 'osm', ',', 'whereas', 'the', 'c-terminal', 'truncations', 'at', 'amino', 'acids', '762', 'or', '773', 'had', 'no', 'effect', 'on', 'the', 'induction', 'of', 'either', 'gene', '.']
40	['B-O', 'B-O', 'B-O', 'B-O', 'B-O', 'B-O', 'B-O', 'B-O', 'B-O', 'B-O', 'B-O', 'B-O', 'B-O', 'B-O', 'B-O', 'B-O', 'B-O', 'B-O', 'B-O', 'B-O', 'B-O', 'B-O', 'B-O', 'B-O']	['c-terminally', 'truncated', 'stat5a', 'proteins', 'that', 'were', 'remarkably', '#truncated', 'at', 'amino', 'acids', '762', 'or', '773', 'had', 'no', 'effect', 'on', 'the', 'induction', 'of', 'either', 'gene', '.']
41	['B-O', 'B-O', 'B-O', 'B-O', 'B-O', 'B-O', 'B-O', 'B-O', 'B-O', 'B-O', 'B-O', 'B-O', 'B-O', 'B-O', 'B-O', 'B-O', 'B-O', 'B-O', 'B-O', 'B-O', 'B-O', 'B-O', 'B-O', 'B-O', 'B-O']	['c-terminally', 'truncated', 'stat5a', 'proteins', 'shown', 'to', 'be', 'remarkably', '#truncated', 'at', 'amino', 'acids', '762', 'or', '773', 'had', 'no', 'effect', 'on', 'the', 'induction', 'of', 'either', 'gene', '.']
42	['B-O', 'B-O', 'B-O', 'B-O', 'B-O', 'B-O', 'B-O', 'B-O', 'B-O', 'B-O', 'B-O', 'B-O', 'B-O', 'B-O', 'B-O', 'B-O', 'B-O', 'B-O', 'B-O', 'B-O', 'B-O', 'B-O', 'B-O', 'B-O', 'B-O', 'B-O', 'B-O', 'B-O', 'B-O', 'B-O', 'B-O', 'B-O', 'B-O', 'B-O', 'B-O', 'B-O', 'B-O', 'B-O', 'B-O', 'B-O', 'B-O', 'B-O', 'B-O', 'B-O', 'B-O', 'B-O']	['electrophoretic', 'mobility', 'shift', 'assays', 'showed', 'that', 'the', 'full-length', 'bcl6', 'protein', 'extracted', 'from', 'transfected', 'cos', 'cells', 'and', 'a', 'bacterially', 'expressed', 'protein', 'that', 'contains', 'the', 'bcl6', 'zinc', 'fingers', 'and', 'is', 'observed', 'to', 'be', 'remarkably', '#truncated', 'can', 'bind', 'specifically', 'to', 'dna', 'from', 'the', 'u3', 'promoter/enhancer', 'region', 'of', 'hiv-1', '.']
43	['B-O', 'B-O', 'B-O', 'B-O', 'B-O', 'B-O', 'B-O', 'B-O', 'B-O', 'B-O', 'B-O', 'B-O', 'B-O', 'B-O', 'B-O', 'B-O', 'B-O', 'B-O', 'B-O', 'B-O', 'B-O', 'B-O', 'B-O', 'B-O', 'B-O', 'B-O']	['c-terminally', 'truncated', 'stat5a', 'proteins', 'that', 'are', 'observed', 'to', 'be', '#truncated', 'at', 'amino', 'acids', '762', 'or', '773', 'had', 'no', 'effect', 'on', 'the', 'induction', 'of', 'either', 'gene', '.']
44	['B-O', 'B-O', 'B-O', 'B-O', 'B-O', 'B-O', 'B-O', 'B-O', 'B-O', 'B-O', 'B-O', 'B-O', 'B-O', 'B-O', 'B-O', 'B-O', 'B-O', 'B-O', 'B-O', 'B-O', 'B-O', 'B-O']	['c-terminally', 'truncated', 'stat5a', 'proteins', ',', '#truncated', 'at', 'amino', 'acids', '762', 'or', '773', 'had', 'no', 'effect', 'on', 'the', 'induction', 'of', 'either', 'gene', '.']
45	['B-O', 'B-O', 'B-O', 'B-O', 'B-O', 'B-O', 'B-O', 'B-O', 'B-O', 'B-O', 'B-O', 'B-O', 'B-O', 'B-O', 'B-O', 'B-O', 'B-O', 'B-O', 'B-O', 'B-O', 'B-O', 'B-O', 'B-O', 'B-O', 'B-O', 'B-O', 'B-O', 'B-O', 'B-O', 'B-O', 'B-O', 'B-O', 'B-O', 'B-O', 'B-O', 'B-O', 'B-O', 'B-O', 'B-O', 'B-O', 'B-O', 'B-O', 'B-O', 'B-O', 'B-O', 'B-O', 'B-O', 'B-O', 'B-O']	['specifically', ',', 'the', 'stat5a', 'molecule', 'in', 'which', 'the', 'c-terminus', 'will', 'be', 'remarkably', '#truncated', 'at', 'amino', 'acids', '740', 'or', '751', 'effectively', 'blocked', 'the', 'induction', 'of', 'both', 'cis', 'and', 'osm', ',', 'whereas', 'the', 'c-terminal', 'truncations', 'at', 'amino', 'acids', '762', 'or', '773', 'had', 'no', 'effect', 'on', 'the', 'induction', 'of', 'either', 'gene', '.']
46	['B-O', 'B-O', 'B-O', 'B-O', 'B-O', 'B-O', 'B-O', 'B-O', 'B-O', 'B-O', 'B-O', 'B-O', 'B-O', 'B-O', 'B-O', 'B-O', 'B-O', 'B-O', 'B-O', 'B-O', 'B-O', 'B-O', 'B-O', 'B-O', 'B-O', 'B-O', 'B-O', 'B-O', 'B-O']	['to', 'generate', 'this', 'protein', ',', 'the', 'receptor', 'may', 'be', '#truncated', 'prior', 'to', 'two', 'consecutive', 'proline', 'residues', '(`pp-motif_)', 'present', 'in', 'the', 'junction', 'between', 'domains', '2', 'and', '3', '(figure', '1)', '.']
47	['B-O', 'B-O', 'B-O', 'B-O', 'B-O', 'B-O', 'B-O', 'B-O', 'B-O', 'B-O', 'B-O', 'B-O', 'B-O', 'B-O', 'B-O', 'B-O', 'B-O', 'B-O', 'B-O', 'B-O', 'B-O', 'B-O', 'B-O', 'B-O', 'B-O', 'B-O', 'B-O', 'B-O', 'B-O', 'B-O', 'B-O', 'B-O', 'B-O', 'B-O', 'B-O', 'B-O', 'B-O', 'B-O', 'B-O', 'B-O', 'B-O', 'B-O', 'B-O', 'B-O', 'B-O', 'B-O', 'B-O', 'B-O', 'B-O', 'B-O', 'B-O', 'B-O']	['specifically', ',', 'the', 'stat5a', 'molecule', 'in', 'which', 'the', 'c-terminus', 'has', 'the', 'ability', 'to', 'be', 'remarkably', '#truncated', 'at', 'amino', 'acids', '740', 'or', '751', 'effectively', 'blocked', 'the', 'induction', 'of', 'both', 'cis', 'and', 'osm', ',', 'whereas', 'the', 'c-terminal', 'truncations', 'at', 'amino', 'acids', '762', 'or', '773', 'had', 'no', 'effect', 'on', 'the', 'induction', 'of', 'either', 'gene', '.']
48	['B-O', 'B-O', 'B-O', 'B-O', 'B-O', 'B-O', 'B-O', 'B-O', 'B-O', 'B-O', 'B-O', 'B-O', 'B-O', 'B-O', 'B-O', 'B-O', 'B-O', 'B-O', 'B-O', 'B-O', 'B-O', 'B-O', 'B-O', 'B-O', 'B-O', 'B-O', 'B-O', 'B-O', 'B-O', 'B-O', 'B-O', 'B-O', 'B-O', 'B-O', 'B-O', 'B-O', 'B-O', 'B-O', 'B-O', 'B-O', 'B-O', 'B-O', 'B-O']	['electrophoretic', 'mobility', 'shift', 'assays', 'showed', 'that', 'the', 'full-length', 'bcl6', 'protein', 'extracted', 'from', 'transfected', 'cos', 'cells', 'and', 'a', 'bacterially', 'expressed', 'protein', 'that', 'contains', 'the', 'bcl6', 'zinc', 'fingers', 'and', 'will', 'be', '#truncated', 'can', 'bind', 'specifically', 'to', 'dna', 'from', 'the', 'u3', 'promoter/enhancer', 'region', 'of', 'hiv-1', '.']
49	['B-O', 'B-O', 'B-O', 'B-O', 'B-O', 'B-O', 'B-O', 'B-O', 'B-O', 'B-O', 'B-O', 'B-O', 'B-O', 'B-O', 'B-O', 'B-O', 'B-O', 'B-O', 'B-O', 'B-O', 'B-O', 'B-O', 'B-O', 'B-O', 'B-O', 'B-O', 'B-O', 'B-O', 'B-O', 'B-O', 'B-O']	['to', 'generate', 'this', 'protein', ',', 'the', 'receptor', 'is', 'believed', 'to', 'be', '#truncated', 'prior', 'to', 'two', 'consecutive', 'proline', 'residues', '(`pp-motif_)', 'present', 'in', 'the', 'junction', 'between', 'domains', '2', 'and', '3', '(figure', '1)', '.']
50	['B-O', 'B-O', 'B-O', 'B-O', 'B-O', 'B-O', 'B-O', 'B-O', 'B-O', 'B-O', 'B-O', 'B-O', 'B-O', 'B-O', 'B-O', 'B-O', 'B-O', 'B-O', 'B-O']	['to', 'generate', 'a', 'comparable', 'soluble', 'fragment', 'to', 'ic1-2d/190', ',', 'pvr', 'has', 'therefore', 'been', '#truncated', 'prior', 'to', 'the', 'pp-motif', '.']
51	['B-O', 'B-O', 'B-O', 'B-O', 'B-O', 'B-O', 'B-O', 'B-O', 'B-O', 'B-O', 'B-O', 'B-O', 'B-O', 'B-O', 'B-O', 'B-O', 'B-O', 'B-O', 'B-O', 'B-O', 'B-O', 'B-O', 'B-O', 'B-O', 'B-O', 'B-O', 'B-O', 'B-O', 'B-O', 'B-O', 'B-O', 'B-O', 'B-O', 'B-O', 'B-O', 'B-O', 'B-O', 'B-O', 'B-O', 'B-O', 'B-O', 'B-O', 'B-O', 'B-O']	['electrophoretic', 'mobility', 'shift', 'assays', 'showed', 'that', 'the', 'full-length', 'bcl6', 'protein', 'extracted', 'from', 'transfected', 'cos', 'cells', 'and', 'a', 'bacterially', 'expressed', 'protein', 'that', 'may', 'be', 'remarkably', '#truncated', 'and', 'contains', 'the', 'bcl6', 'zinc', 'fingers', 'can', 'bind', 'specifically', 'to', 'dna', 'from', 'the', 'u3', 'promoter/enhancer', 'region', 'of', 'hiv-1', '.']
52	['B-O', 'B-O', 'B-O', 'B-O', 'B-O', 'B-O', 'B-O', 'B-O', 'B-O', 'B-O', 'B-O', 'B-O', 'B-O', 'B-O', 'B-O', 'B-O', 'B-O', 'B-O', 'B-O', 'B-O', 'B-O', 'B-O', 'B-O']	['therefore', ',', 'to', 'generate', 'a', 'comparable', 'soluble', 'fragment', 'to', 'ic1-2d/190', ',', 'pvr', 'is', 'also', 'likely', 'to', 'be', '#truncated', 'prior', 'to', 'the', 'pp-motif', '.']
53	['B-O', 'B-O', 'B-O', 'B-O', 'B-O', 'B-O', 'B-O', 'B-O', 'B-O', 'B-O', 'B-O', 'B-O', 'B-O', 'B-O', 'B-O', 'B-O', 'B-O', 'B-O', 'B-O', 'B-O', 'B-O']	['to', 'generate', 'a', 'comparable', 'soluble', 'fragment', 'to', 'ic1-2d/190', ',', 'pvr', 'is', 'therefore', 'likely', 'to', 'be', '#truncated', 'prior', 'to', 'the', 'pp-motif', '.']
54	['B-O', 'B-O', 'B-O', 'B-O', 'B-O', 'B-O', 'B-O', 'B-O', 'B-O', 'B-O', 'B-O', 'B-O', 'B-O', 'B-O', 'B-O', 'B-O', 'B-O', 'B-O', 'B-O', 'B-O', 'B-O', 'B-O', 'B-O', 'B-O', 'B-O', 'B-O', 'B-O']	['c-terminally', 'truncated', 'stat5a', 'proteins', 'that', 'are', 'observed', 'to', 'be', 'remarkably', '#truncated', 'at', 'amino', 'acids', '762', 'or', '773', 'had', 'no', 'effect', 'on', 'the', 'induction', 'of', 'either', 'gene', '.']
55	['B-O', 'B-O', 'B-O', 'B-O', 'B-O', 'B-O', 'B-O', 'B-O', 'B-O', 'B-O', 'B-O', 'B-O', 'B-O', 'B-O', 'B-O', 'B-O', 'B-O', 'B-O', 'B-O', 'B-O', 'B-O', 'B-O', 'B-O', 'B-O', 'B-O', 'B-O', 'B-O', 'B-O', 'B-O', 'B-O', 'B-O', 'B-O', 'B-O', 'B-O', 'B-O', 'B-O', 'B-O', 'B-O', 'B-O', 'B-O', 'B-O', 'B-O', 'B-O', 'B-O', 'B-O', 'B-O', 'B-O', 'B-O', 'B-O']	['specifically', ',', 'the', 'stat5a', 'molecule', 'in', 'which', 'the', 'c-terminus', 'has', 'been', 'remarkably', '#truncated', 'at', 'amino', 'acids', '740', 'or', '751', 'effectively', 'blocked', 'the', 'induction', 'of', 'both', 'cis', 'and', 'osm', ',', 'whereas', 'the', 'c-terminal', 'truncations', 'at', 'amino', 'acids', '762', 'or', '773', 'had', 'no', 'effect', 'on', 'the', 'induction', 'of', 'either', 'gene', '.']
56	['B-O', 'B-O', 'B-O', 'B-O', 'B-O', 'B-O', 'B-O', 'B-O', 'B-O', 'B-O', 'B-O', 'B-O', 'B-O', 'B-O', 'B-O', 'B-O', 'B-O', 'B-O', 'B-O', 'B-O', 'B-O', 'B-O', 'B-O', 'B-O', 'B-O', 'B-O', 'B-O', 'B-O', 'B-O', 'B-O', 'B-O', 'B-O', 'B-O', 'B-O', 'B-O', 'B-O', 'B-O', 'B-O', 'B-O', 'B-O', 'B-O', 'B-O', 'B-O']	['electrophoretic', 'mobility', 'shift', 'assays', 'showed', 'that', 'the', 'full-length', 'bcl6', 'protein', 'extracted', 'from', 'transfected', 'cos', 'cells', 'and', 'a', 'bacterially', 'expressed', 'protein', 'that', 'contained', 'the', 'bcl6', 'zinc', 'fingers', 'and', 'was', 'remarkably', '#truncated', 'can', 'bind', 'specifically', 'to', 'dna', 'from', 'the', 'u3', 'promoter/enhancer', 'region', 'of', 'hiv-1', '.']
57	['B-O', 'B-O', 'B-O', 'B-O', 'B-O', 'B-O', 'B-O', 'B-O', 'B-O', 'B-O', 'B-O', 'B-O', 'B-O', 'B-O', 'B-O', 'B-O', 'B-O', 'B-O', 'B-O', 'B-O', 'B-O', 'B-O', 'B-O']	['c-terminally', 'truncated', 'stat5a', 'proteins', 'that', 'were', '#truncated', 'at', 'amino', 'acids', '762', 'or', '773', 'had', 'no', 'effect', 'on', 'the', 'induction', 'of', 'either', 'gene', '.']
58	['B-O', 'B-O', 'B-O', 'B-O', 'B-O', 'B-O', 'B-O', 'B-O', 'B-O', 'B-O', 'B-O', 'B-O', 'B-O', 'B-O', 'B-O', 'B-O', 'B-O', 'B-O', 'B-O', 'B-O', 'B-O', 'B-O', 'B-O', 'B-O', 'B-O', 'B-O', 'B-O', 'B-O', 'B-O', 'B-O', 'B-O', 'B-O', 'B-O', 'B-O', 'B-O', 'B-O', 'B-O', 'B-O', 'B-O', 'B-O', 'B-O', 'B-O', 'B-O']	['electrophoretic', 'mobility', 'shift', 'assays', 'showed', 'that', 'the', 'full-length', 'bcl6', 'protein', 'extracted', 'from', 'transfected', 'cos', 'cells', 'and', 'a', 'bacterially', 'expressed', 'protein', 'that', 'contains', 'the', 'bcl6', 'zinc', 'fingers', 'and', 'can', 'be', '#truncated', 'can', 'bind', 'specifically', 'to', 'dna', 'from', 'the', 'u3', 'promoter/enhancer', 'region', 'of', 'hiv-1', '.']
59	['B-O', 'B-O', 'B-O', 'B-O', 'B-O', 'B-O', 'B-O', 'B-O', 'B-O', 'B-O', 'B-O', 'B-O', 'B-O', 'B-O', 'B-O', 'B-O', 'B-O', 'B-O', 'B-O', 'B-O', 'B-O', 'B-O', 'B-O', 'B-O', 'B-O', 'B-O', 'B-O', 'B-O', 'B-O', 'B-O', 'B-O', 'B-O', 'B-O', 'B-O', 'B-O', 'B-O', 'B-O', 'B-O', 'B-O', 'B-O', 'B-O', 'B-O', 'B-O', 'B-O']	['electrophoretic', 'mobility', 'shift', 'assays', 'showed', 'that', 'the', 'full-length', 'bcl6', 'protein', 'extracted', 'from', 'transfected', 'cos', 'cells', 'and', 'a', 'bacterially', 'expressed', 'protein', 'that', 'will', 'be', 'remarkably', '#truncated', 'and', 'contains', 'the', 'bcl6', 'zinc', 'fingers', 'can', 'bind', 'specifically', 'to', 'dna', 'from', 'the', 'u3', 'promoter/enhancer', 'region', 'of', 'hiv-1', '.']
60	['B-O', 'B-O', 'B-O', 'B-O', 'B-O', 'B-O', 'B-O', 'B-O', 'B-O', 'B-O', 'B-O', 'B-O', 'B-O', 'B-O', 'B-O', 'B-O', 'B-O', 'B-O', 'B-O', 'B-O', 'B-O']	['therefore', ',', 'to', 'generate', 'a', 'comparable', 'soluble', 'fragment', 'to', 'ic1-2d/190', ',', 'pvr', 'can', 'also', 'be', '#truncated', 'prior', 'to', 'the', 'pp-motif', '.']
61	['B-O', 'B-O', 'B-O', 'B-O', 'B-O', 'B-O', 'B-O', 'B-O', 'B-O', 'B-O', 'B-O', 'B-O', 'B-O', 'B-O', 'B-O', 'B-O', 'B-O', 'B-O', 'B-O', 'B-O', 'B-O', 'B-O', 'B-O', 'B-O', 'B-O', 'B-O', 'B-O', 'B-O', 'B-O', 'B-O', 'B-O', 'B-O', 'B-O', 'B-O', 'B-O', 'B-O', 'B-O', 'B-O', 'B-O']	['the', 'putative', 'resulting', 'protein', 'retained', 'the', 'region', 'encoding', 'the', 'structural', 'and', 'functional', 'elements', 'of', 'the', 'amine', 'oxidase', 'but', 'the', 'second', 'and', 'fourth', 'srcr', 'domains', 'are', 'likely', 'to', 'be', '#truncated', 'and', 'the', 'potential', 'bmp-1', 'cleavage', 'site', 'was', 'not', 'present', '.']
62	['B-O', 'B-O', 'B-O', 'B-O', 'B-O', 'B-O', 'B-O', 'B-O', 'B-O', 'B-O', 'B-O', 'B-O', 'B-O', 'B-O', 'B-O', 'B-O', 'B-O', 'B-O', 'B-O', 'B-O', 'B-O']	['therefore', ',', 'to', 'generate', 'a', 'comparable', 'soluble', 'fragment', 'to', 'ic1-2d/190', ',', 'pvr', 'may', 'have', 'been', '#truncated', 'prior', 'to', 'the', 'pp-motif', '.']
63	['B-O', 'B-O', 'B-O', 'B-O', 'B-O', 'B-O', 'B-O', 'B-O', 'B-O', 'B-O', 'B-O', 'B-O', 'B-O', 'B-O', 'B-O', 'B-O', 'B-O', 'B-O', 'B-O', 'B-O', 'B-O', 'B-O', 'B-O', 'B-O', 'B-O', 'B-O', 'B-O', 'B-O', 'B-O', 'B-O', 'B-O', 'B-O', 'B-O', 'B-O', 'B-O', 'B-O', 'B-O', 'B-O', 'B-O', 'B-O', 'B-O', 'B-O', 'B-O']	['electrophoretic', 'mobility', 'shift', 'assays', 'showed', 'that', 'the', 'full-length', 'bcl6', 'protein', 'extracted', 'from', 'transfected', 'cos', 'cells', 'and', 'a', 'bacterially', 'expressed', 'protein', 'that', 'is', 'remarkably', '#truncated', 'and', 'contains', 'the', 'bcl6', 'zinc', 'fingers', 'can', 'bind', 'specifically', 'to', 'dna', 'from', 'the', 'u3', 'promoter/enhancer', 'region', 'of', 'hiv-1', '.']
64	['B-O', 'B-O', 'B-O', 'B-O', 'B-O', 'B-O', 'B-O', 'B-O', 'B-O', 'B-O', 'B-O', 'B-O', 'B-O', 'B-O', 'B-O', 'B-O', 'B-O', 'B-O', 'B-O', 'B-O', 'B-O', 'B-O', 'B-O', 'B-O', 'B-O', 'B-O', 'B-O', 'B-O', 'B-O', 'B-O', 'B-O', 'B-O', 'B-O', 'B-O', 'B-O', 'B-O', 'B-O', 'B-O', 'B-O', 'B-O', 'B-O', 'B-O', 'B-O', 'B-O']	['electrophoretic', 'mobility', 'shift', 'assays', 'showed', 'that', 'the', 'full-length', 'bcl6', 'protein', 'extracted', 'from', 'transfected', 'cos', 'cells', 'and', 'a', 'bacterially', 'expressed', 'protein', 'that', 'contains', 'the', 'bcl6', 'zinc', 'fingers', 'and', 'will', 'be', 'remarkably', '#truncated', 'can', 'bind', 'specifically', 'to', 'dna', 'from', 'the', 'u3', 'promoter/enhancer', 'region', 'of', 'hiv-1', '.']
65	['B-O', 'B-O', 'B-O', 'B-O', 'B-O', 'B-O', 'B-O', 'B-O', 'B-O', 'B-O', 'B-O', 'B-O', 'B-O', 'B-O', 'B-O', 'B-O', 'B-O', 'B-O', 'B-O', 'B-O', 'B-O', 'B-O', 'B-O', 'B-O', 'B-O', 'B-O', 'B-O', 'B-O', 'B-O', 'B-O', 'B-O', 'B-O', 'B-O', 'B-O', 'B-O', 'B-O', 'B-O', 'B-O', 'B-O', 'B-O', 'B-O', 'B-O', 'B-O', 'B-O', 'B-O', 'B-O', 'B-O', 'B-O']	['specifically', ',', 'the', 'stat5a', 'molecule', 'in', 'which', 'the', 'c-terminus', 'may', 'be', '#truncated', 'at', 'amino', 'acids', '740', 'or', '751', 'effectively', 'blocked', 'the', 'induction', 'of', 'both', 'cis', 'and', 'osm', ',', 'whereas', 'the', 'c-terminal', 'truncations', 'at', 'amino', 'acids', '762', 'or', '773', 'had', 'no', 'effect', 'on', 'the', 'induction', 'of', 'either', 'gene', '.']
66	['B-O', 'B-O', 'B-O', 'B-O', 'B-O', 'B-O', 'B-O', 'B-O', 'B-O', 'B-O', 'B-O', 'B-O', 'B-O', 'B-O', 'B-O', 'B-O', 'B-O', 'B-O', 'B-O', 'B-O', 'B-O', 'B-O', 'B-O', 'B-O', 'B-O', 'B-O', 'B-O', 'B-O', 'B-O', 'B-O', 'B-O', 'B-O', 'B-O', 'B-O', 'B-O', 'B-O', 'B-O', 'B-O', 'B-O']	['the', 'putative', 'resulting', 'protein', 'retained', 'the', 'region', 'encoding', 'the', 'structural', 'and', 'functional', 'elements', 'of', 'the', 'amine', 'oxidase', 'but', 'the', 'second', 'and', 'fourth', 'srcr', 'domains', 'are', 'able', 'to', 'be', '#truncated', 'and', 'the', 'potential', 'bmp-1', 'cleavage', 'site', 'is', 'not', 'present', '.']
67	['B-O', 'B-O', 'B-O', 'B-O', 'B-O', 'B-O', 'B-O', 'B-O', 'B-O', 'B-O', 'B-O', 'B-O', 'B-O', 'B-O', 'B-O', 'B-O', 'B-O', 'B-O', 'B-O', 'B-O', 'B-O', 'B-O', 'B-O', 'B-O', 'B-O', 'B-O', 'B-O', 'B-O', 'B-O', 'B-O', 'B-O', 'B-O', 'B-O', 'B-O', 'B-O', 'B-O', 'B-O', 'B-O', 'B-O', 'B-O', 'B-O', 'B-O', 'B-O', 'B-O', 'B-O']	['electrophoretic', 'mobility', 'shift', 'assays', 'showed', 'that', 'the', 'full-length', 'bcl6', 'protein', 'extracted', 'from', 'transfected', 'cos', 'cells', 'and', 'a', 'bacterially', 'expressed', 'protein', 'that', 'contains', 'the', 'bcl6', 'zinc', 'fingers', 'and', 'is', 'observed', 'to', 'be', '#truncated', 'can', 'bind', 'specifically', 'to', 'dna', 'from', 'the', 'u3', 'promoter/enhancer', 'region', 'of', 'hiv-1', '.']
68	['B-O', 'B-O', 'B-O', 'B-O', 'B-O', 'B-O', 'B-O', 'B-O', 'B-O', 'B-O', 'B-O', 'B-O', 'B-O', 'B-O', 'B-O', 'B-O', 'B-O', 'B-O', 'B-O', 'B-O', 'B-O', 'B-O', 'B-O', 'B-O', 'B-O', 'B-O', 'B-O']	['c-terminally', 'truncated', 'stat5a', 'proteins', 'that', 'are', 'able', 'to', 'be', 'remarkably', '#truncated', 'at', 'amino', 'acids', '762', 'or', '773', 'had', 'no', 'effect', 'on', 'the', 'induction', 'of', 'either', 'gene', '.']
69	['B-O', 'B-O', 'B-O', 'B-O', 'B-O', 'B-O', 'B-O', 'B-O', 'B-O', 'B-O', 'B-O', 'B-O', 'B-O', 'B-O', 'B-O', 'B-O', 'B-O', 'B-O', 'B-O', 'B-O', 'B-O', 'B-O', 'B-O', 'B-O', 'B-O', 'B-O']	['c-terminally', 'truncated', 'stat5a', 'proteins', 'that', 'are', 'likely', 'to', 'be', '#truncated', 'at', 'amino', 'acids', '762', 'or', '773', 'had', 'no', 'effect', 'on', 'the', 'induction', 'of', 'either', 'gene', '.']
70	['B-O', 'B-O', 'B-O', 'B-O', 'B-O', 'B-O', 'B-O', 'B-O', 'B-O', 'B-O', 'B-O', 'B-O', 'B-O', 'B-O', 'B-O', 'B-O', 'B-O', 'B-O', 'B-O', 'B-O', 'B-O', 'B-O', 'B-O', 'B-O', 'B-O', 'B-O', 'B-O', 'B-O', 'B-O', 'B-O', 'B-O', 'B-O', 'B-O', 'B-O', 'B-O', 'B-O', 'B-O', 'B-O']	['the', 'putative', 'resulting', 'protein', 'retained', 'the', 'region', 'encoding', 'the', 'structural', 'and', 'functional', 'elements', 'of', 'the', 'amine', 'oxidase', 'but', 'the', 'second', 'and', 'fourth', 'srcr', 'domains', 'may', 'have', 'been', '#truncated', 'and', 'the', 'potential', 'bmp-1', 'cleavage', 'site', 'is', 'not', 'present', '.']
71	['B-O', 'B-O', 'B-O', 'B-O', 'B-O', 'B-O', 'B-O', 'B-O', 'B-O', 'B-O', 'B-O', 'B-O', 'B-O', 'B-O', 'B-O', 'B-O', 'B-O', 'B-O', 'B-O', 'B-O', 'B-O', 'B-O', 'B-O', 'B-O', 'B-O', 'B-O', 'B-O', 'B-O', 'B-O', 'B-O', 'B-O', 'B-O', 'B-O', 'B-O', 'B-O', 'B-O', 'B-O', 'B-O', 'B-O', 'B-O', 'B-O', 'B-O', 'B-O', 'B-O', 'B-O']	['electrophoretic', 'mobility', 'shift', 'assays', 'showed', 'that', 'the', 'full-length', 'bcl6', 'protein', 'extracted', 'from', 'transfected', 'cos', 'cells', 'and', 'a', 'bacterially', 'expressed', 'protein', 'that', 'contains', 'the', 'bcl6', 'zinc', 'fingers', 'and', 'is', 'likely', 'to', 'be', '#truncated', 'can', 'bind', 'specifically', 'to', 'dna', 'from', 'the', 'u3', 'promoter/enhancer', 'region', 'of', 'hiv-1', '.']
72	['B-O', 'B-O', 'B-O', 'B-O', 'B-O', 'B-O', 'B-O', 'B-O', 'B-O', 'B-O', 'B-O', 'B-O', 'B-O', 'B-O', 'B-O', 'B-O', 'B-O', 'B-O', 'B-O', 'B-O', 'B-O', 'B-O', 'B-O']	['virtually', 'all', 'nonsense', 'mutations', '(32%)', ',', 'insertions', 'or', 'deletions', '(29', '.6%)', ',', 'or', 'splicing', 'changes', '(6', '.2%)', 'can', 'dramatically', '#truncate', 'the', 'protein', '.']
73	['B-O', 'B-O', 'B-O', 'B-O', 'B-O', 'B-O', 'B-O', 'B-O', 'B-O', 'B-O', 'B-O', 'B-O', 'B-O', 'B-O', 'B-O', 'B-O', 'B-O', 'B-O', 'B-O', 'B-O', 'B-O', 'B-O', 'B-O', 'B-O', 'B-O', 'B-O', 'B-O', 'B-O', 'B-O', 'B-O', 'B-O', 'B-O', 'B-O', 'B-O', 'B-O', 'B-O', 'B-O', 'B-O', 'B-O', 'B-O', 'B-O', 'B-O', 'B-O', 'B-O', 'B-O', 'B-O']	['previous', 'studies', 'using', 'wild-type', 'encephalomyocarditis', 'virus', '(emcv)', 'and', 'mengo', 'virus', ',', 'and', 'variants', 'of', 'these', 'viruses', 'observed', 'to', 'be', 'genetically', 'engineered', 'to', 'substitute', 'or', '#truncate', 'the', 'poly(c)', 'tracts', 'have', 'produced', 'conflicting', 'data', 'on', 'the', 'role', 'of', 'the', 'poly(c)', 'tract', 'in', 'the', 'virulence', 'of', 'these', 'viruses', '.']
74	['B-O', 'B-O', 'B-O', 'B-O', 'B-O', 'B-O', 'B-O', 'B-O', 'B-O', 'B-O', 'B-O', 'B-O', 'B-O', 'B-O', 'B-O', 'B-O', 'B-O', 'B-O', 'B-O', 'B-O', 'B-O', 'B-O', 'B-O', 'B-O', 'B-O', 'B-O', 'B-O', 'B-O', 'B-O', 'B-O', 'B-O', 'B-O', 'B-O', 'B-O', 'B-O', 'B-O', 'B-O', 'B-O', 'B-O', 'B-O', 'B-O', 'B-O', 'B-O', 'B-O', 'B-O', 'B-O', 'B-O', 'B-O']	['previous', 'studies', 'using', 'nonsense', 'mutations', '(32%)', ',', 'insertions', 'or', 'deletions', '(29', '.6%)', ',', 'or', 'splicing', 'changes', '(6', '.2%)', 'being', 'able', 'to', 'be', 'genetically', 'engineered', 'to', '#truncate', 'or', 'substitute', 'the', 'protein', 'have', 'produced', 'conflicting', 'data', 'on', 'the', 'role', 'of', 'the', 'poly(c)', 'tract', 'in', 'the', 'virulence', 'of', 'these', 'viruses', '.']
75	['B-O', 'B-O', 'B-O', 'B-O', 'B-O', 'B-O', 'B-O', 'B-O', 'B-O', 'B-O', 'B-O', 'B-O', 'B-O', 'B-O', 'B-O', 'B-O', 'B-O', 'B-O', 'B-O', 'B-O', 'B-O', 'B-O', 'B-O', 'B-O', 'B-O', 'B-O', 'B-O', 'B-O', 'B-O', 'B-O', 'B-O', 'B-O', 'B-O', 'B-O', 'B-O', 'B-O', 'B-O', 'B-O', 'B-O', 'B-O', 'B-O', 'B-O', 'B-O', 'B-O', 'B-O', 'B-O', 'B-O', 'B-O', 'B-O']	['previous', 'studies', 'using', 'nonsense', 'mutations', '(32%)', ',', 'insertions', 'or', 'deletions', '(29', '.6%)', ',', 'or', 'splicing', 'changes', '(6', '.2%)', 'that', 'are', 'likely', 'to', 'be', 'genetically', 'engineered', 'to', 'substitute', 'or', '#truncate', 'the', 'protein', 'have', 'produced', 'conflicting', 'data', 'on', 'the', 'role', 'of', 'the', 'poly(c)', 'tract', 'in', 'the', 'virulence', 'of', 'these', 'viruses', '.']
76	['B-O', 'B-O', 'B-O', 'B-O', 'B-O', 'B-O', 'B-O', 'B-O', 'B-O', 'B-O', 'B-O', 'B-O', 'B-O', 'B-O', 'B-O', 'B-O', 'B-O', 'B-O', 'B-O', 'B-O', 'B-O', 'B-O', 'B-O', 'B-O', 'B-O', 'B-O', 'B-O', 'B-O', 'B-O', 'B-O', 'B-O', 'B-O', 'B-O', 'B-O', 'B-O', 'B-O', 'B-O', 'B-O', 'B-O', 'B-O', 'B-O', 'B-O', 'B-O', 'B-O', 'B-O', 'B-O', 'B-O']	['previous', 'studies', 'using', 'nonsense', 'mutations', '(32%)', ',', 'insertions', 'or', 'deletions', '(29', '.6%)', ',', 'or', 'splicing', 'changes', '(6', '.2%)', 'that', 'may', 'be', 'genetically', 'engineered', 'to', '#truncate', 'or', 'substitute', 'the', 'protein', 'have', 'produced', 'conflicting', 'data', 'on', 'the', 'role', 'of', 'the', 'poly(c)', 'tract', 'in', 'the', 'virulence', 'of', 'these', 'viruses', '.']
77	['B-O', 'B-O', 'B-O', 'B-O', 'B-O', 'B-O', 'B-O', 'B-O', 'B-O', 'B-O', 'B-O', 'B-O', 'B-O', 'B-O', 'B-O', 'B-O', 'B-O', 'B-O', 'B-O', 'B-O', 'B-O']	['virtually', 'all', 'nonsense', 'mutations', '(32%)', ',', 'insertions', 'or', 'deletions', '(29', '.6%)', ',', 'or', 'splicing', 'changes', '(6', '.2%)', '#truncate', 'the', 'protein', '.']
78	['B-O', 'B-O', 'B-O', 'B-O', 'B-O', 'B-O', 'B-O', 'B-O', 'B-O', 'B-O', 'B-O', 'B-O', 'B-O', 'B-O', 'B-O', 'B-O', 'B-O', 'B-O', 'B-O', 'B-O', 'B-O', 'B-O', 'B-O', 'B-O', 'B-O', 'B-O', 'B-O', 'B-O', 'B-O', 'B-O', 'B-O', 'B-O', 'B-O', 'B-O', 'B-O', 'B-O', 'B-O', 'B-O', 'B-O', 'B-O', 'B-O', 'B-O', 'B-O', 'B-O', 'B-O', 'B-O', 'B-O', 'B-O', 'B-O']	['previous', 'studies', 'using', 'wild-type', 'encephalomyocarditis', 'virus', '(emcv)', 'and', 'mengo', 'virus', ',', 'and', 'variants', 'of', 'these', 'viruses', 'that', 'have', 'been', 'shown', 'to', 'be', 'genetically', 'engineered', 'to', 'substitute', 'or', '#truncate', 'the', 'poly(c)', 'tracts', 'have', 'produced', 'conflicting', 'data', 'on', 'the', 'role', 'of', 'the', 'poly(c)', 'tract', 'in', 'the', 'virulence', 'of', 'these', 'viruses', '.']
79	['B-O', 'B-O', 'B-O', 'B-O', 'B-O', 'B-O', 'B-O', 'B-O', 'B-O', 'B-O', 'B-O', 'B-O', 'B-O', 'B-O', 'B-O', 'B-O', 'B-O', 'B-O', 'B-O', 'B-O', 'B-O', 'B-O', 'B-O', 'B-O', 'B-O', 'B-O']	['virtually', 'all', 'nonsense', 'mutations', '(32%)', ',', 'insertions', 'or', 'deletions', '(29', '.6%)', ',', 'or', 'splicing', 'changes', '(6', '.2%)', 'have', 'the', 'ability', 'to', 'dramatically', '#truncate', 'the', 'protein', '.']
80	['B-O', 'B-O', 'B-O', 'B-O', 'B-O', 'B-O', 'B-O', 'B-O', 'B-O', 'B-O', 'B-O', 'B-O', 'B-O', 'B-O', 'B-O', 'B-O', 'B-O', 'B-O', 'B-O', 'B-O', 'B-O', 'B-O']	['virtually', 'all', 'wild-type', 'encephalomyocarditis', 'virus', '(emcv)', 'and', 'mengo', 'virus', ',', 'and', 'variants', 'of', 'these', 'viruses', 'have', 'dramatically', '#truncated', 'the', 'poly(c)', 'tracts', '.']
81	['B-O', 'B-O', 'B-O', 'B-O', 'B-O', 'B-O', 'B-O', 'B-O', 'B-O', 'B-O', 'B-O', 'B-O', 'B-O', 'B-O', 'B-O', 'B-O', 'B-O', 'B-O', 'B-O', 'B-O', 'B-O', 'B-O']	['virtually', 'all', 'nonsense', 'mutations', '(32%)', ',', 'insertions', 'or', 'deletions', '(29', '.6%)', ',', 'or', 'splicing', 'changes', '(6', '.2%)', 'may', '#truncate', 'the', 'protein', '.']
82	['B-O', 'B-O', 'B-O', 'B-O', 'B-O', 'B-O', 'B-O', 'B-O', 'B-O', 'B-O', 'B-O', 'B-O', 'B-O', 'B-O', 'B-O', 'B-O', 'B-O', 'B-O', 'B-O', 'B-O', 'B-O', 'B-O', 'B-O']	['virtually', 'all', 'wild-type', 'encephalomyocarditis', 'virus', '(emcv)', 'and', 'mengo', 'virus', ',', 'and', 'variants', 'of', 'these', 'viruses', 'are', 'able', 'to', '#truncate', 'the', 'poly(c)', 'tracts', '.']
83	['B-O', 'B-O', 'B-O', 'B-O', 'B-O', 'B-O', 'B-O', 'B-O', 'B-O', 'B-O', 'B-O', 'B-O', 'B-O', 'B-O', 'B-O', 'B-O', 'B-O', 'B-O', 'B-O', 'B-O', 'B-O', 'B-O']	['virtually', 'all', 'wild-type', 'encephalomyocarditis', 'virus', '(emcv)', 'and', 'mengo', 'virus', ',', 'and', 'variants', 'of', 'these', 'viruses', 'will', 'dramatically', '#truncate', 'the', 'poly(c)', 'tracts', '.']
84	['B-O', 'B-O', 'B-O', 'B-O', 'B-O', 'B-O', 'B-O', 'B-O', 'B-O', 'B-O', 'B-O', 'B-O', 'B-O', 'B-O', 'B-O', 'B-O', 'B-O', 'B-O', 'B-O', 'B-O', 'B-O', 'B-O', 'B-O', 'B-O', 'B-O', 'B-O', 'B-O', 'B-O', 'B-O', 'B-O', 'B-O', 'B-O', 'B-O', 'B-O', 'B-O', 'B-O', 'B-O', 'B-O', 'B-O', 'B-O', 'B-O', 'B-O', 'B-O', 'B-O', 'B-O', 'B-O', 'B-O']	['previous', 'studies', 'using', 'nonsense', 'mutations', '(32%)', ',', 'insertions', 'or', 'deletions', '(29', '.6%)', ',', 'or', 'splicing', 'changes', '(6', '.2%)', 'that', 'have', 'been', 'genetically', 'engineered', 'to', 'substitute', 'or', '#truncate', 'the', 'protein', 'have', 'produced', 'conflicting', 'data', 'on', 'the', 'role', 'of', 'the', 'poly(c)', 'tract', 'in', 'the', 'virulence', 'of', 'these', 'viruses', '.']
85	['B-O', 'B-O', 'B-O', 'B-O', 'B-O', 'B-O', 'B-O', 'B-O', 'B-O', 'B-O', 'B-O', 'B-O', 'B-O', 'B-O', 'B-O', 'B-O', 'B-O', 'B-O', 'B-O', 'B-O', 'B-O', 'B-O', 'B-O']	['virtually', 'all', 'nonsense', 'mutations', '(32%)', ',', 'insertions', 'or', 'deletions', '(29', '.6%)', ',', 'or', 'splicing', 'changes', '(6', '.2%)', 'may', 'dramatically', '#truncate', 'the', 'protein', '.']
86	['B-O', 'B-O', 'B-O', 'B-O', 'B-O', 'B-O', 'B-O', 'B-O', 'B-O', 'B-O', 'B-O', 'B-O', 'B-O', 'B-O', 'B-O', 'B-O', 'B-O', 'B-O', 'B-O', 'B-O', 'B-O', 'B-O', 'B-O', 'B-O', 'B-O', 'B-O', 'B-O', 'B-O', 'B-O', 'B-O', 'B-O', 'B-O', 'B-O', 'B-O', 'B-O', 'B-O', 'B-O', 'B-O', 'B-O', 'B-O', 'B-O', 'B-O', 'B-O', 'B-O', 'B-O', 'B-O', 'B-O']	['previous', 'studies', 'using', 'wild-type', 'encephalomyocarditis', 'virus', '(emcv)', 'and', 'mengo', 'virus', ',', 'and', 'variants', 'of', 'these', 'viruses', 'that', 'may', 'have', 'been', 'genetically', 'engineered', 'to', 'substitute', 'or', '#truncate', 'the', 'poly(c)', 'tracts', 'have', 'produced', 'conflicting', 'data', 'on', 'the', 'role', 'of', 'the', 'poly(c)', 'tract', 'in', 'the', 'virulence', 'of', 'these', 'viruses', '.']
87	['B-O', 'B-O', 'B-O', 'B-O', 'B-O', 'B-O', 'B-O', 'B-O', 'B-O', 'B-O', 'B-O', 'B-O', 'B-O', 'B-O', 'B-O', 'B-O', 'B-O', 'B-O', 'B-O', 'B-O', 'B-O', 'B-O', 'B-O', 'B-O', 'B-O', 'B-O', 'B-O', 'B-O', 'B-O', 'B-O', 'B-O', 'B-O', 'B-O', 'B-O', 'B-O', 'B-O', 'B-O', 'B-O', 'B-O', 'B-O', 'B-O', 'B-O', 'B-O', 'B-O', 'B-O', 'B-O']	['previous', 'studies', 'using', 'nonsense', 'mutations', '(32%)', ',', 'insertions', 'or', 'deletions', '(29', '.6%)', ',', 'or', 'splicing', 'changes', '(6', '.2%)', 'that', 'are', 'genetically', 'engineered', 'to', 'substitute', 'or', '#truncate', 'the', 'protein', 'have', 'produced', 'conflicting', 'data', 'on', 'the', 'role', 'of', 'the', 'poly(c)', 'tract', 'in', 'the', 'virulence', 'of', 'these', 'viruses', '.']
88	['B-O', 'B-O', 'B-O', 'B-O', 'B-O', 'B-O', 'B-O', 'B-O', 'B-O', 'B-O', 'B-O', 'B-O', 'B-O', 'B-O', 'B-O', 'B-O', 'B-O', 'B-O', 'B-O', 'B-O', 'B-O', 'B-O', 'B-O', 'B-O', 'B-O', 'B-O', 'B-O', 'B-O', 'B-O', 'B-O', 'B-O', 'B-O', 'B-O', 'B-O', 'B-O', 'B-O', 'B-O', 'B-O', 'B-O', 'B-O', 'B-O', 'B-O', 'B-O', 'B-O', 'B-O', 'B-O', 'B-O', 'B-O']	['previous', 'studies', 'using', 'nonsense', 'mutations', '(32%)', ',', 'insertions', 'or', 'deletions', '(29', '.6%)', ',', 'or', 'splicing', 'changes', '(6', '.2%)', 'that', 'may', 'have', 'been', 'genetically', 'engineered', 'to', 'substitute', 'or', '#truncate', 'the', 'protein', 'have', 'produced', 'conflicting', 'data', 'on', 'the', 'role', 'of', 'the', 'poly(c)', 'tract', 'in', 'the', 'virulence', 'of', 'these', 'viruses', '.']
89	['B-O', 'B-O', 'B-O', 'B-O', 'B-O', 'B-O', 'B-O', 'B-O', 'B-O', 'B-O', 'B-O', 'B-O', 'B-O', 'B-O', 'B-O', 'B-O', 'B-O', 'B-O', 'B-O', 'B-O', 'B-O', 'B-O', 'B-O', 'B-O']	['virtually', 'all', 'nonsense', 'mutations', '(32%)', ',', 'insertions', 'or', 'deletions', '(29', '.6%)', ',', 'or', 'splicing', 'changes', '(6', '.2%)', 'are', 'found', 'to', '#truncate', 'the', 'protein', '.']
90	['B-O', 'B-O', 'B-O', 'B-O', 'B-O', 'B-O', 'B-O', 'B-O', 'B-O', 'B-O', 'B-O', 'B-O', 'B-O']	['virtually', 'all', 'tsc1', 'mutations', 'are', 'able', 'to', 'dramatically', '#truncate', 'the', 'protein', 'product', '.']
91	['B-O', 'B-O', 'B-O', 'B-O', 'B-O', 'B-O', 'B-O', 'B-O', 'B-O', 'B-O', 'B-O', 'B-O', 'B-O', 'B-O', 'B-O', 'B-O', 'B-O', 'B-O', 'B-O', 'B-O', 'B-O', 'B-O', 'B-O', 'B-O', 'B-O', 'B-O', 'B-O', 'B-O', 'B-O', 'B-O', 'B-O', 'B-O', 'B-O', 'B-O', 'B-O', 'B-O', 'B-O', 'B-O', 'B-O', 'B-O', 'B-O', 'B-O', 'B-O', 'B-O', 'B-O', 'B-O']	['previous', 'studies', 'using', 'wild-type', 'encephalomyocarditis', 'virus', '(emcv)', 'and', 'mengo', 'virus', ',', 'and', 'variants', 'of', 'these', 'viruses', 'shown', 'to', 'be', 'genetically', 'engineered', 'to', 'substitute', 'or', '#truncate', 'the', 'poly(c)', 'tracts', 'have', 'produced', 'conflicting', 'data', 'on', 'the', 'role', 'of', 'the', 'poly(c)', 'tract', 'in', 'the', 'virulence', 'of', 'these', 'viruses', '.']
92	['B-O', 'B-O', 'B-O', 'B-O', 'B-O', 'B-O', 'B-O', 'B-O', 'B-O', 'B-O', 'B-O', 'B-O', 'B-O', 'B-O', 'B-O', 'B-O', 'B-O', 'B-O', 'B-O', 'B-O', 'B-O', 'B-O', 'B-O', 'B-O', 'B-O', 'B-O', 'B-O', 'B-O', 'B-O', 'B-O', 'B-O', 'B-O', 'B-O', 'B-O', 'B-O', 'B-O', 'B-O', 'B-O', 'B-O', 'B-O', 'B-O', 'B-O', 'B-O', 'B-O', 'B-O', 'B-O']	['previous', 'studies', 'using', 'wild-type', 'encephalomyocarditis', 'virus', '(emcv)', 'and', 'mengo', 'virus', ',', 'and', 'variants', 'of', 'these', 'viruses', 'shown', 'to', 'be', 'genetically', 'engineered', 'to', '#truncate', 'or', 'substitute', 'the', 'poly(c)', 'tracts', 'have', 'produced', 'conflicting', 'data', 'on', 'the', 'role', 'of', 'the', 'poly(c)', 'tract', 'in', 'the', 'virulence', 'of', 'these', 'viruses', '.']
93	['B-O', 'B-O', 'B-O', 'B-O', 'B-O', 'B-O', 'B-O', 'B-O', 'B-O', 'B-O', 'B-O', 'B-O', 'B-O', 'B-O', 'B-O', 'B-O', 'B-O', 'B-O', 'B-O', 'B-O', 'B-O', 'B-O', 'B-O', 'B-O', 'B-O', 'B-O', 'B-O', 'B-O', 'B-O', 'B-O', 'B-O', 'B-O', 'B-O', 'B-O', 'B-O']	['previous', 'studies', 'using', 'tsc1', 'mutations', 'observed', 'to', 'be', 'genetically', 'engineered', 'to', '#truncate', 'or', 'substitute', 'the', 'protein', 'product', 'have', 'produced', 'conflicting', 'data', 'on', 'the', 'role', 'of', 'the', 'poly(c)', 'tract', 'in', 'the', 'virulence', 'of', 'these', 'viruses', '.']
94	['B-O', 'B-O', 'B-O', 'B-O', 'B-O', 'B-O', 'B-O', 'B-O', 'B-O', 'B-O', 'B-O', 'B-O', 'B-O', 'B-O', 'B-O', 'B-O', 'B-O', 'B-O', 'B-O', 'B-O', 'B-O', 'B-O', 'B-O', 'B-O', 'B-O', 'B-O', 'B-O', 'B-O', 'B-O', 'B-O', 'B-O', 'B-O', 'B-O', 'B-O', 'B-O', 'B-O', 'B-O', 'B-O', 'B-O', 'B-O', 'B-O', 'B-O', 'B-O', 'B-O', 'B-O', 'B-O', 'B-O']	['previous', 'studies', 'using', 'nonsense', 'mutations', '(32%)', ',', 'insertions', 'or', 'deletions', '(29', '.6%)', ',', 'or', 'splicing', 'changes', '(6', '.2%)', 'observed', 'to', 'be', 'genetically', 'engineered', 'to', '#truncate', 'or', 'substitute', 'the', 'protein', 'have', 'produced', 'conflicting', 'data', 'on', 'the', 'role', 'of', 'the', 'poly(c)', 'tract', 'in', 'the', 'virulence', 'of', 'these', 'viruses', '.']
95	['B-O', 'B-O', 'B-O', 'B-O', 'B-O', 'B-O', 'B-O', 'B-O', 'B-O', 'B-O', 'B-O', 'B-O', 'B-O', 'B-O', 'B-O', 'B-O', 'B-O', 'B-O', 'B-O', 'B-O', 'B-O', 'B-O', 'B-O', 'B-O', 'B-O', 'B-O', 'B-O', 'B-O', 'B-O', 'B-O', 'B-O', 'B-O', 'B-O', 'B-O', 'B-O', 'B-O', 'B-O', 'B-O', 'B-O', 'B-O', 'B-O', 'B-O', 'B-O', 'B-O']	['previous', 'studies', 'using', 'nonsense', 'mutations', '(32%)', ',', 'insertions', 'or', 'deletions', '(29', '.6%)', ',', 'or', 'splicing', 'changes', '(6', '.2%)', 'genetically', 'engineered', 'to', '#truncate', 'or', 'substitute', 'the', 'protein', 'have', 'produced', 'conflicting', 'data', 'on', 'the', 'role', 'of', 'the', 'poly(c)', 'tract', 'in', 'the', 'virulence', 'of', 'these', 'viruses', '.']
96	['B-O', 'B-O', 'B-O', 'B-O', 'B-O', 'B-O', 'B-O', 'B-O', 'B-O', 'B-O', 'B-O', 'B-O', 'B-O', 'B-O', 'B-O', 'B-O', 'B-O', 'B-O', 'B-O', 'B-O', 'B-O', 'B-O', 'B-O', 'B-O', 'B-O', 'B-O', 'B-O', 'B-O', 'B-O', 'B-O', 'B-O', 'B-O', 'B-O', 'B-O', 'B-O', 'B-O', 'B-O', 'B-O', 'B-O', 'B-O', 'B-O', 'B-O', 'B-O']	['previous', 'studies', 'using', 'wild-type', 'encephalomyocarditis', 'virus', '(emcv)', 'and', 'mengo', 'virus', ',', 'and', 'variants', 'of', 'these', 'viruses', 'genetically', 'engineered', 'to', '#truncate', 'or', 'substitute', 'the', 'poly(c)', 'tracts', 'have', 'produced', 'conflicting', 'data', 'on', 'the', 'role', 'of', 'the', 'poly(c)', 'tract', 'in', 'the', 'virulence', 'of', 'these', 'viruses', '.']
97	['B-O', 'B-O', 'B-O', 'B-O', 'B-O', 'B-O', 'B-O', 'B-O', 'B-O', 'B-O', 'B-O', 'B-O', 'B-O', 'B-O', 'B-O', 'B-O', 'B-O', 'B-O', 'B-O', 'B-O', 'B-O', 'B-O', 'B-O', 'B-O', 'B-O', 'B-O', 'B-O', 'B-O', 'B-O', 'B-O', 'B-O', 'B-O', 'B-O', 'B-O', 'B-O', 'B-O', 'B-O', 'B-O', 'B-O', 'B-O', 'B-O', 'B-O', 'B-O', 'B-O', 'B-O', 'B-O', 'B-O', 'B-O']	['previous', 'studies', 'using', 'wild-type', 'encephalomyocarditis', 'virus', '(emcv)', 'and', 'mengo', 'virus', ',', 'and', 'variants', 'of', 'these', 'viruses', 'that', 'are', 'observed', 'to', 'be', 'genetically', 'engineered', 'to', '#truncate', 'or', 'substitute', 'the', 'poly(c)', 'tracts', 'have', 'produced', 'conflicting', 'data', 'on', 'the', 'role', 'of', 'the', 'poly(c)', 'tract', 'in', 'the', 'virulence', 'of', 'these', 'viruses', '.']
98	['B-O', 'B-O', 'B-O', 'B-O', 'B-O', 'B-O', 'B-O', 'B-O', 'B-O', 'B-O', 'B-O', 'B-O', 'B-O', 'B-O', 'B-O', 'B-O', 'B-O', 'B-O', 'B-O', 'B-O', 'B-O', 'B-O', 'B-O', 'B-O', 'B-O', 'B-O', 'B-O', 'B-O', 'B-O', 'B-O', 'B-O', 'B-O', 'B-O', 'B-O']	['previous', 'studies', 'using', 'tsc1', 'mutations', 'that', 'are', 'genetically', 'engineered', 'to', '#truncate', 'or', 'substitute', 'the', 'protein', 'product', 'have', 'produced', 'conflicting', 'data', 'on', 'the', 'role', 'of', 'the', 'poly(c)', 'tract', 'in', 'the', 'virulence', 'of', 'these', 'viruses', '.']
99	['B-O', 'B-O', 'B-O', 'B-O', 'B-O', 'B-O', 'B-O', 'B-O', 'B-O', 'B-O', 'B-O', 'B-O', 'B-O', 'B-O', 'B-O', 'B-O', 'B-O', 'B-O', 'B-O', 'B-O']	['virtually', 'all', 'wild-type', 'encephalomyocarditis', 'virus', '(emcv)', 'and', 'mengo', 'virus', ',', 'and', 'variants', 'of', 'these', 'viruses', '#truncated', 'the', 'poly(c)', 'tracts', '.']
100	['B-O', 'B-O', 'B-O', 'B-O', 'B-O', 'B-O', 'B-O', 'B-O', 'B-O', 'B-O', 'B-O', 'B-O', 'B-O', 'B-O', 'B-O', 'B-O', 'B-O', 'B-O', 'B-O', 'B-O', 'B-O', 'B-O', 'B-O', 'B-O', 'B-O', 'B-O', 'B-O', 'B-O', 'B-O', 'B-O', 'B-O', 'B-O', 'B-O', 'B-O', 'B-O', 'B-O', 'B-O', 'B-O', 'B-O', 'B-O', 'B-O', 'B-O', 'B-O', 'B-O', 'B-O', 'B-O', 'B-O', 'B-O']	['previous', 'studies', 'using', 'nonsense', 'mutations', '(32%)', ',', 'insertions', 'or', 'deletions', '(29', '.6%)', ',', 'or', 'splicing', 'changes', '(6', '.2%)', 'being', 'able', 'to', 'be', 'genetically', 'engineered', 'to', 'substitute', 'or', '#truncate', 'the', 'protein', 'have', 'produced', 'conflicting', 'data', 'on', 'the', 'role', 'of', 'the', 'poly(c)', 'tract', 'in', 'the', 'virulence', 'of', 'these', 'viruses', '.']
101	['B-O', 'B-O', 'B-O', 'B-O', 'B-O', 'B-O', 'B-O', 'B-O', 'B-O', 'B-O', 'B-O', 'B-O', 'B-O', 'B-O', 'B-O', 'B-O', 'B-O', 'B-O', 'B-O', 'B-O', 'B-O', 'B-O']	['virtually', 'all', 'nonsense', 'mutations', '(32%)', ',', 'insertions', 'or', 'deletions', '(29', '.6%)', ',', 'or', 'splicing', 'changes', '(6', '.2%)', 'dramatically', '#truncate', 'the', 'protein', '.']
102	['B-O', 'B-O', 'B-O', 'B-O', 'B-O', 'B-O', 'B-O', 'B-O', 'B-O', 'B-O', 'B-O', 'B-O', 'B-O', 'B-O', 'B-O', 'B-O', 'B-O', 'B-O', 'B-O', 'B-O', 'B-O', 'B-O', 'B-O', 'B-O', 'B-O']	['virtually', 'all', 'wild-type', 'encephalomyocarditis', 'virus', '(emcv)', 'and', 'mengo', 'virus', ',', 'and', 'variants', 'of', 'these', 'viruses', 'have', 'been', 'predicted', 'to', 'dramatically', '#truncate', 'the', 'poly(c)', 'tracts', '.']
103	['B-O', 'B-O', 'B-O', 'B-O', 'B-O', 'B-O', 'B-O', 'B-O', 'B-O', 'B-O', 'B-O', 'B-O', 'B-O']	['virtually', 'all', 'tsc1', 'mutations', 'have', 'the', 'ability', 'to', '#truncate', 'the', 'protein', 'product', '.']
104	['B-O', 'B-O', 'B-O', 'B-O', 'B-O', 'B-O', 'B-O', 'B-O', 'B-O', 'B-O', 'B-O', 'B-O', 'B-O', 'B-O', 'B-O', 'B-O', 'B-O', 'B-O', 'B-O', 'B-O', 'B-O', 'B-O', 'B-O', 'B-O', 'B-O', 'B-O', 'B-O', 'B-O', 'B-O', 'B-O', 'B-O', 'B-O', 'B-O', 'B-O', 'B-O', 'B-O', 'B-O', 'B-O', 'B-O', 'B-O', 'B-O', 'B-O', 'B-O', 'B-O', 'B-O', 'B-O', 'B-O', 'B-O']	['previous', 'studies', 'using', 'nonsense', 'mutations', '(32%)', ',', 'insertions', 'or', 'deletions', '(29', '.6%)', ',', 'or', 'splicing', 'changes', '(6', '.2%)', 'that', 'may', 'have', 'been', 'genetically', 'engineered', 'to', '#truncate', 'or', 'substitute', 'the', 'protein', 'have', 'produced', 'conflicting', 'data', 'on', 'the', 'role', 'of', 'the', 'poly(c)', 'tract', 'in', 'the', 'virulence', 'of', 'these', 'viruses', '.']
105	['B-O', 'B-O', 'B-O', 'B-O', 'B-O', 'B-O', 'B-O', 'B-O', 'B-O', 'B-O', 'B-O', 'B-O', 'B-O', 'B-O', 'B-O', 'B-O', 'B-O', 'B-O', 'B-O', 'B-O']	['virtually', 'all', 'wild-type', 'encephalomyocarditis', 'virus', '(emcv)', 'and', 'mengo', 'virus', ',', 'and', 'variants', 'of', 'these', 'viruses', '#truncate', 'the', 'poly(c)', 'tracts', '.']
106	['B-O', 'B-O', 'B-O', 'B-O', 'B-O', 'B-O', 'B-O', 'B-O', 'B-O', 'B-O', 'B-O', 'B-O', 'B-O', 'B-O', 'B-O', 'B-O', 'B-O', 'B-O', 'B-O', 'B-O', 'B-O', 'B-O', 'B-O', 'B-O', 'B-O', 'B-O', 'B-O', 'B-O', 'B-O', 'B-O', 'B-O', 'B-O', 'B-O', 'B-O', 'B-O', 'B-O']	['previous', 'studies', 'using', 'tsc1', 'mutations', 'that', 'may', 'have', 'been', 'genetically', 'engineered', 'to', 'substitute', 'or', '#truncate', 'the', 'protein', 'product', 'have', 'produced', 'conflicting', 'data', 'on', 'the', 'role', 'of', 'the', 'poly(c)', 'tract', 'in', 'the', 'virulence', 'of', 'these', 'viruses', '.']
107	['B-O', 'B-O', 'B-O', 'B-O', 'B-O', 'B-O', 'B-O', 'B-O', 'B-O', 'B-O', 'B-O', 'B-O', 'B-O', 'B-O', 'B-O', 'B-O', 'B-O', 'B-O', 'B-O', 'B-O', 'B-O', 'B-O', 'B-O', 'B-O', 'B-O', 'B-O', 'B-O', 'B-O', 'B-O', 'B-O', 'B-O', 'B-O', 'B-O', 'B-O', 'B-O', 'B-O']	['previous', 'studies', 'using', 'tsc1', 'mutations', 'being', 'able', 'to', 'be', 'genetically', 'engineered', 'to', 'substitute', 'or', '#truncate', 'the', 'protein', 'product', 'have', 'produced', 'conflicting', 'data', 'on', 'the', 'role', 'of', 'the', 'poly(c)', 'tract', 'in', 'the', 'virulence', 'of', 'these', 'viruses', '.']
108	['B-O', 'B-O', 'B-O', 'B-O', 'B-O', 'B-O', 'B-O', 'B-O', 'B-O', 'B-O', 'B-O', 'B-O']	['virtually', 'all', 'tsc1', 'mutations', 'are', 'able', 'to', '#truncate', 'the', 'protein', 'product', '.']
109	['B-O', 'B-O', 'B-O', 'B-O', 'B-O', 'B-O', 'B-O', 'B-O', 'B-O', 'B-O']	['virtually', 'all', 'tsc1', 'mutations', 'will', '#truncate', 'the', 'protein', 'product', '.']
110	['B-O', 'B-O', 'B-O', 'B-O', 'B-O', 'B-O', 'B-O', 'B-O', 'B-O', 'B-O', 'B-O', 'B-O', 'B-O']	['virtually', 'all', 'tsc1', 'mutations', 'are', 'found', 'to', 'dramatically', '#truncate', 'the', 'protein', 'product', '.']
111	['B-O', 'B-O', 'B-O', 'B-O', 'B-O', 'B-O', 'B-O', 'B-O', 'B-O', 'B-O', 'B-O', 'B-O', 'B-O', 'B-O', 'B-O', 'B-O', 'B-O', 'B-O', 'B-O', 'B-O', 'B-O', 'B-O']	['virtually', 'all', 'wild-type', 'encephalomyocarditis', 'virus', '(emcv)', 'and', 'mengo', 'virus', ',', 'and', 'variants', 'of', 'these', 'viruses', 'may', 'have', '#truncated', 'the', 'poly(c)', 'tracts', '.']
112	['B-O', 'B-O', 'B-O', 'B-O', 'B-O', 'B-O', 'B-O', 'B-O', 'B-O', 'B-O', 'B-O', 'B-O', 'B-O', 'B-O', 'B-O', 'B-O', 'B-O', 'B-O', 'B-O', 'B-O', 'B-O', 'B-O', 'B-O', 'B-O', 'B-O', 'B-O', 'B-O', 'B-O', 'B-O', 'B-O', 'B-O', 'B-O', 'B-O', 'B-O', 'B-O', 'B-O', 'B-O', 'B-O', 'B-O', 'B-O', 'B-O', 'B-O', 'B-O', 'B-O', 'B-O']	['previous', 'studies', 'using', 'wild-type', 'encephalomyocarditis', 'virus', '(emcv)', 'and', 'mengo', 'virus', ',', 'and', 'variants', 'of', 'these', 'viruses', 'that', 'are', 'genetically', 'engineered', 'to', 'substitute', 'or', '#truncate', 'the', 'poly(c)', 'tracts', 'have', 'produced', 'conflicting', 'data', 'on', 'the', 'role', 'of', 'the', 'poly(c)', 'tract', 'in', 'the', 'virulence', 'of', 'these', 'viruses', '.']
113	['B-O', 'B-O', 'B-O', 'B-O', 'B-O', 'B-O', 'B-O', 'B-O', 'B-O', 'B-O', 'B-O', 'B-O', 'B-O', 'B-O', 'B-O', 'B-O', 'B-O', 'B-O', 'B-O', 'B-O', 'B-O', 'B-O']	['virtually', 'all', 'wild-type', 'encephalomyocarditis', 'virus', '(emcv)', 'and', 'mengo', 'virus', ',', 'and', 'variants', 'of', 'these', 'viruses', 'may', 'dramatically', '#truncate', 'the', 'poly(c)', 'tracts', '.']
114	['B-O', 'B-O', 'B-O', 'B-O', 'B-O', 'B-O', 'B-O', 'B-O', 'B-O', 'B-O', 'B-O', 'B-O', 'B-O', 'B-O']	['virtually', 'all', 'tsc1', 'mutations', 'have', 'been', 'predicted', 'to', 'dramatically', '#truncate', 'the', 'protein', 'product', '.']
115	['B-O', 'B-O', 'B-O', 'B-O', 'B-O', 'B-O', 'B-O', 'B-O', 'B-O', 'B-O', 'B-O', 'B-O', 'B-O', 'B-O', 'B-O', 'B-O', 'B-O', 'B-O', 'B-O', 'B-O', 'B-O', 'B-O', 'B-O', 'B-O', 'B-O']	['virtually', 'all', 'nonsense', 'mutations', '(32%)', ',', 'insertions', 'or', 'deletions', '(29', '.6%)', ',', 'or', 'splicing', 'changes', '(6', '.2%)', 'are', 'found', 'to', 'dramatically', '#truncate', 'the', 'protein', '.']
116	['B-O', 'B-O', 'B-O', 'B-O', 'B-O', 'B-O', 'B-O', 'B-O', 'B-O', 'B-O', 'B-O', 'B-O', 'B-O', 'B-O', 'B-O', 'B-O', 'B-O', 'B-O', 'B-O', 'B-O', 'B-O', 'B-O', 'B-O', 'B-O', 'B-O', 'B-O', 'B-O', 'B-O', 'B-O', 'B-O', 'B-O', 'B-O', 'B-O', 'B-O', 'B-O', 'B-O', 'B-O', 'B-O', 'B-O', 'B-O', 'B-O', 'B-O', 'B-O', 'B-O', 'B-O', 'B-O', 'B-O', 'B-O', 'B-O']	['previous', 'studies', 'using', 'nonsense', 'mutations', '(32%)', ',', 'insertions', 'or', 'deletions', '(29', '.6%)', ',', 'or', 'splicing', 'changes', '(6', '.2%)', 'that', 'are', 'able', 'to', 'be', 'genetically', 'engineered', 'to', '#truncate', 'or', 'substitute', 'the', 'protein', 'have', 'produced', 'conflicting', 'data', 'on', 'the', 'role', 'of', 'the', 'poly(c)', 'tract', 'in', 'the', 'virulence', 'of', 'these', 'viruses', '.']
117	['B-O', 'B-O', 'B-O', 'B-O', 'B-O', 'B-O', 'B-O', 'B-O', 'B-O', 'B-O', 'B-O', 'B-O', 'B-O', 'B-O', 'B-O', 'B-O', 'B-O', 'B-O', 'B-O', 'B-O', 'B-O', 'B-O', 'B-O', 'B-O', 'B-O']	['virtually', 'all', 'nonsense', 'mutations', '(32%)', ',', 'insertions', 'or', 'deletions', '(29', '.6%)', ',', 'or', 'splicing', 'changes', '(6', '.2%)', 'have', 'the', 'ability', 'to', '#truncate', 'the', 'protein', '.']
118	['B-O', 'B-O', 'B-O', 'B-O', 'B-O', 'B-O', 'B-O', 'B-O', 'B-O', 'B-O', 'B-O', 'B-O', 'B-O', 'B-O', 'B-O', 'B-O', 'B-O', 'B-O', 'B-O', 'B-O', 'B-O', 'B-O', 'B-O', 'B-O', 'B-O', 'B-O', 'B-O', 'B-O', 'B-O', 'B-O', 'B-O', 'B-O', 'B-O', 'B-O', 'B-O', 'B-O', 'B-O', 'B-O', 'B-O', 'B-O', 'B-O', 'B-O', 'B-O', 'B-O', 'B-O', 'B-O', 'B-O', 'B-O']	['previous', 'studies', 'using', 'wild-type', 'encephalomyocarditis', 'virus', '(emcv)', 'and', 'mengo', 'virus', ',', 'and', 'variants', 'of', 'these', 'viruses', 'that', 'are', 'able', 'to', 'be', 'genetically', 'engineered', 'to', 'substitute', 'or', '#truncate', 'the', 'poly(c)', 'tracts', 'have', 'produced', 'conflicting', 'data', 'on', 'the', 'role', 'of', 'the', 'poly(c)', 'tract', 'in', 'the', 'virulence', 'of', 'these', 'viruses', '.']
119	['B-O', 'B-O', 'B-O', 'B-O', 'B-O', 'B-O', 'B-O', 'B-O', 'B-O', 'B-O', 'B-O', 'B-O', 'B-O', 'B-O', 'B-O', 'B-O', 'B-O', 'B-O', 'B-O', 'B-O', 'B-O', 'B-O', 'B-O', 'B-O', 'B-O', 'B-O', 'B-O', 'B-O', 'B-O', 'B-O', 'B-O', 'B-O', 'B-O', 'B-O', 'B-O', 'B-O', 'B-O']	['previous', 'studies', 'using', 'tsc1', 'mutations', 'that', 'are', 'likely', 'to', 'be', 'genetically', 'engineered', 'to', 'substitute', 'or', '#truncate', 'the', 'protein', 'product', 'have', 'produced', 'conflicting', 'data', 'on', 'the', 'role', 'of', 'the', 'poly(c)', 'tract', 'in', 'the', 'virulence', 'of', 'these', 'viruses', '.']
120	['B-O', 'B-O', 'B-O', 'B-O', 'B-O', 'B-O', 'B-O', 'B-O', 'B-O', 'B-O', 'B-O', 'B-O', 'B-O']	['virtually', 'all', 'tsc1', 'mutations', 'have', 'been', 'predicted', 'to', '#truncate', 'the', 'protein', 'product', '.']
121	['B-O', 'B-O', 'B-O', 'B-O', 'B-O', 'B-O', 'B-O', 'B-O', 'B-O', 'B-O', 'B-O', 'B-O', 'B-O', 'B-O', 'B-O', 'B-O', 'B-O', 'B-O', 'B-O', 'B-O', 'B-O', 'B-O', 'B-O', 'B-O', 'B-O', 'B-O', 'B-O', 'B-O', 'B-O', 'B-O', 'B-O', 'B-O', 'B-O', 'B-O', 'B-O', 'B-O', 'B-O', 'B-O', 'B-O', 'B-O', 'B-O', 'B-O', 'B-O', 'B-O', 'B-O', 'B-O']	['previous', 'studies', 'using', 'wild-type', 'encephalomyocarditis', 'virus', '(emcv)', 'and', 'mengo', 'virus', ',', 'and', 'variants', 'of', 'these', 'viruses', 'that', 'can', 'be', 'genetically', 'engineered', 'to', 'substitute', 'or', '#truncate', 'the', 'poly(c)', 'tracts', 'have', 'produced', 'conflicting', 'data', 'on', 'the', 'role', 'of', 'the', 'poly(c)', 'tract', 'in', 'the', 'virulence', 'of', 'these', 'viruses', '.']
122	['B-O', 'B-O', 'B-O', 'B-O', 'B-O', 'B-O', 'B-O', 'B-O', 'B-O', 'B-O', 'B-O']	['virtually', 'all', 'tsc1', 'mutations', 'have', 'dramatically', '#truncated', 'the', 'protein', 'product', '.']
123	['B-O', 'B-O', 'B-O', 'B-O', 'B-O', 'B-O', 'B-O', 'B-O', 'B-O', 'B-O', 'B-O', 'B-O', 'B-O', 'B-O', 'B-O', 'B-O', 'B-O', 'B-O', 'B-O', 'B-O', 'B-O', 'B-O', 'B-O', 'B-O', 'B-O', 'B-O', 'B-O', 'B-O', 'B-O', 'B-O', 'B-O', 'B-O', 'B-O', 'B-O', 'B-O', 'B-O', 'B-O', 'B-O', 'B-O', 'B-O', 'B-O', 'B-O', 'B-O', 'B-O', 'B-O', 'B-O', 'B-O', 'B-O', 'B-O', 'B-O']	['previous', 'studies', 'using', 'nonsense', 'mutations', '(32%)', ',', 'insertions', 'or', 'deletions', '(29', '.6%)', ',', 'or', 'splicing', 'changes', '(6', '.2%)', 'that', 'have', 'been', 'shown', 'to', 'be', 'genetically', 'engineered', 'to', 'substitute', 'or', '#truncate', 'the', 'protein', 'have', 'produced', 'conflicting', 'data', 'on', 'the', 'role', 'of', 'the', 'poly(c)', 'tract', 'in', 'the', 'virulence', 'of', 'these', 'viruses', '.']
124	['B-O', 'B-O', 'B-O', 'B-O', 'B-O', 'B-O', 'B-O', 'B-O', 'B-O', 'B-O', 'B-O', 'B-O', 'B-O', 'B-O', 'B-O', 'B-O', 'B-O', 'B-O', 'B-O', 'B-O', 'B-O', 'B-O', 'B-O', 'B-O', 'B-O', 'B-O', 'B-O', 'B-O', 'B-O', 'B-O', 'B-O', 'B-O', 'B-O', 'B-O', 'B-O', 'B-O', 'B-O', 'B-O', 'B-O', 'B-O', 'B-O', 'B-O', 'B-O', 'B-O', 'B-O', 'B-O', 'B-O', 'B-O', 'B-O', 'B-O', 'B-O', 'B-O', 'B-O']	['the', 'protein', 'will', 'be', '#truncated', 'through', 'nonsense', 'mutations', '(32%)', ',', 'insertions', 'or', 'deletions', '(29', '.6%)', ',', 'or', 'splicing', 'changes', '(6', '.2%)', 'by', 'the', 'majority', 'of', 'changes', ',', 'although', 'the', 'figures', 'were', 'biased', 'by', 'the', 'methods', 'employed', ',', 'and', ',', 'in', 'sequenced', 'areas', ',', 'approximately', '50%', 'of', 'all', 'mutations', 'were', 'missense', 'or', 'in-frame', '.']
125	['B-O', 'B-O', 'B-O', 'B-O', 'B-O', 'B-O', 'B-O', 'B-O', 'B-O', 'B-O', 'B-O', 'B-O', 'B-O', 'B-O', 'B-O', 'B-O', 'B-O', 'B-O', 'B-O', 'B-O', 'B-O', 'B-O', 'B-O']	['virtually', 'all', 'nonsense', 'mutations', '(32%)', ',', 'insertions', 'or', 'deletions', '(29', '.6%)', ',', 'or', 'splicing', 'changes', '(6', '.2%)', 'will', 'dramatically', '#truncate', 'the', 'protein', '.']
126	['B-O', 'B-O', 'B-O', 'B-O', 'B-O', 'B-O', 'B-O', 'B-O', 'B-O', 'B-O', 'B-O', 'B-O', 'B-O', 'B-O', 'B-O', 'B-O', 'B-O', 'B-O', 'B-O', 'B-O', 'B-O', 'B-O', 'B-O', 'B-O', 'B-O', 'B-O', 'B-O', 'B-O', 'B-O', 'B-O', 'B-O', 'B-O', 'B-O', 'B-O', 'B-O']	['previous', 'studies', 'using', 'tsc1', 'mutations', 'that', 'have', 'been', 'genetically', 'engineered', 'to', '#truncate', 'or', 'substitute', 'the', 'protein', 'product', 'have', 'produced', 'conflicting', 'data', 'on', 'the', 'role', 'of', 'the', 'poly(c)', 'tract', 'in', 'the', 'virulence', 'of', 'these', 'viruses', '.']
127	['B-O', 'B-O', 'B-O', 'B-O', 'B-O', 'B-O', 'B-O', 'B-O', 'B-O', 'B-O', 'B-O', 'B-O', 'B-O', 'B-O', 'B-O', 'B-O', 'B-O', 'B-O', 'B-O', 'B-O', 'B-O', 'B-O', 'B-O', 'B-O', 'B-O', 'B-O', 'B-O', 'B-O', 'B-O', 'B-O', 'B-O', 'B-O', 'B-O', 'B-O']	['previous', 'studies', 'using', 'tsc1', 'mutations', 'that', 'are', 'genetically', 'engineered', 'to', 'substitute', 'or', '#truncate', 'the', 'protein', 'product', 'have', 'produced', 'conflicting', 'data', 'on', 'the', 'role', 'of', 'the', 'poly(c)', 'tract', 'in', 'the', 'virulence', 'of', 'these', 'viruses', '.']
128	['B-O', 'B-O', 'B-O', 'B-O', 'B-O', 'B-O', 'B-O', 'B-O', 'B-O', 'B-O', 'B-O', 'B-O', 'B-O', 'B-O', 'B-O', 'B-O', 'B-O', 'B-O', 'B-O', 'B-O', 'B-O', 'B-O', 'B-O', 'B-O', 'B-O', 'B-O', 'B-O', 'B-O', 'B-O', 'B-O', 'B-O', 'B-O', 'B-O', 'B-O', 'B-O', 'B-O', 'B-O', 'B-O', 'B-O', 'B-O', 'B-O', 'B-O', 'B-O', 'B-O', 'B-O', 'B-O', 'B-O', 'B-O', 'B-O', 'B-O', 'B-O', 'B-O', 'B-O', 'B-O', 'B-O']	['the', 'protein', 'is', 'likely', 'to', 'be', '#truncated', 'by', 'the', 'majority', 'of', 'changes', 'through', 'nonsense', 'mutations', '(32%)', ',', 'insertions', 'or', 'deletions', '(29', '.6%)', ',', 'or', 'splicing', 'changes', '(6', '.2%)', ',', 'although', 'the', 'figures', 'were', 'biased', 'by', 'the', 'methods', 'employed', ',', 'and', ',', 'in', 'sequenced', 'areas', ',', 'approximately', '50%', 'of', 'all', 'mutations', 'were', 'missense', 'or', 'in-frame', '.']
129	['B-O', 'B-O', 'B-O', 'B-O', 'B-O', 'B-O', 'B-O', 'B-O', 'B-O', 'B-O', 'B-O', 'B-O', 'B-O', 'B-O', 'B-O', 'B-O', 'B-O', 'B-O', 'B-O', 'B-O', 'B-O', 'B-O', 'B-O']	['virtually', 'all', 'wild-type', 'encephalomyocarditis', 'virus', '(emcv)', 'and', 'mengo', 'virus', ',', 'and', 'variants', 'of', 'these', 'viruses', 'may', 'have', 'dramatically', '#truncated', 'the', 'poly(c)', 'tracts', '.']
130	['B-O', 'B-O', 'B-O', 'B-O', 'B-O', 'B-O', 'B-O', 'B-O', 'B-O', 'B-O', 'B-O', 'B-O', 'B-O', 'B-O', 'B-O', 'B-O', 'B-O', 'B-O', 'B-O', 'B-O', 'B-O', 'B-O', 'B-O', 'B-O', 'B-O']	['virtually', 'all', 'nonsense', 'mutations', '(32%)', ',', 'insertions', 'or', 'deletions', '(29', '.6%)', ',', 'or', 'splicing', 'changes', '(6', '.2%)', 'have', 'been', 'predicted', 'to', '#truncate', 'the', 'protein', '.']
131	['B-O', 'B-O', 'B-O', 'B-O', 'B-O', 'B-O', 'B-O', 'B-O', 'B-O', 'B-O', 'B-O', 'B-O', 'B-O', 'B-O', 'B-O', 'B-O', 'B-O', 'B-O', 'B-O', 'B-O', 'B-O', 'B-O', 'B-O']	['virtually', 'all', 'wild-type', 'encephalomyocarditis', 'virus', '(emcv)', 'and', 'mengo', 'virus', ',', 'and', 'variants', 'of', 'these', 'viruses', 'are', 'predicted', 'to', '#truncate', 'the', 'poly(c)', 'tracts', '.']
132	['B-O', 'B-O', 'B-O', 'B-O', 'B-O', 'B-O', 'B-O', 'B-O', 'B-O', 'B-O', 'B-O', 'B-O', 'B-O', 'B-O', 'B-O', 'B-O', 'B-O', 'B-O', 'B-O', 'B-O', 'B-O', 'B-O', 'B-O', 'B-O', 'B-O', 'B-O', 'B-O', 'B-O', 'B-O', 'B-O', 'B-O', 'B-O', 'B-O', 'B-O', 'B-O', 'B-O', 'B-O', 'B-O', 'B-O', 'B-O', 'B-O', 'B-O', 'B-O', 'B-O', 'B-O', 'B-O']	['previous', 'studies', 'using', 'wild-type', 'encephalomyocarditis', 'virus', '(emcv)', 'and', 'mengo', 'virus', ',', 'and', 'variants', 'of', 'these', 'viruses', 'that', 'may', 'be', 'genetically', 'engineered', 'to', '#truncate', 'or', 'substitute', 'the', 'poly(c)', 'tracts', 'have', 'produced', 'conflicting', 'data', 'on', 'the', 'role', 'of', 'the', 'poly(c)', 'tract', 'in', 'the', 'virulence', 'of', 'these', 'viruses', '.']
133	['B-O', 'B-O', 'B-O', 'B-O', 'B-O', 'B-O', 'B-O', 'B-O', 'B-O', 'B-O', 'B-O', 'B-O', 'B-O', 'B-O', 'B-O', 'B-O', 'B-O', 'B-O', 'B-O', 'B-O', 'B-O', 'B-O', 'B-O']	['virtually', 'all', 'wild-type', 'encephalomyocarditis', 'virus', '(emcv)', 'and', 'mengo', 'virus', ',', 'and', 'variants', 'of', 'these', 'viruses', 'are', 'found', 'to', '#truncate', 'the', 'poly(c)', 'tracts', '.']
134	['B-O', 'B-O', 'B-O', 'B-O', 'B-O', 'B-O', 'B-O', 'B-O', 'B-O', 'B-O', 'B-O', 'B-O', 'B-O', 'B-O', 'B-O', 'B-O', 'B-O', 'B-O', 'B-O', 'B-O', 'B-O', 'B-O', 'B-O', 'B-O']	['virtually', 'all', 'wild-type', 'encephalomyocarditis', 'virus', '(emcv)', 'and', 'mengo', 'virus', ',', 'and', 'variants', 'of', 'these', 'viruses', 'have', 'been', 'predicted', 'to', '#truncate', 'the', 'poly(c)', 'tracts', '.']
135	['B-O', 'B-O', 'B-O', 'B-O', 'B-O', 'B-O', 'B-O', 'B-O', 'B-O', 'B-O', 'B-O', 'B-O', 'B-O', 'B-O', 'B-O', 'B-O', 'B-O', 'B-O', 'B-O', 'B-O', 'B-O', 'B-O', 'B-O', 'B-O', 'B-O', 'B-O', 'B-O', 'B-O', 'B-O', 'B-O', 'B-O', 'B-O', 'B-O', 'B-O', 'B-O', 'B-O', 'B-O', 'B-O', 'B-O', 'B-O', 'B-O', 'B-O', 'B-O', 'B-O', 'B-O', 'B-O', 'B-O', 'B-O', 'B-O', 'B-O', 'B-O', 'B-O']	['the', 'protein', 'is', '#truncated', 'through', 'nonsense', 'mutations', '(32%)', ',', 'insertions', 'or', 'deletions', '(29', '.6%)', ',', 'or', 'splicing', 'changes', '(6', '.2%)', 'by', 'the', 'majority', 'of', 'changes', ',', 'although', 'the', 'figures', 'were', 'biased', 'by', 'the', 'methods', 'employed', ',', 'and', ',', 'in', 'sequenced', 'areas', ',', 'approximately', '50%', 'of', 'all', 'mutations', 'were', 'missense', 'or', 'in-frame', '.']
136	['B-O', 'B-O', 'B-O', 'B-O', 'B-O', 'B-O', 'B-O', 'B-O', 'B-O', 'B-O', 'B-O', 'B-O', 'B-O', 'B-O', 'B-O', 'B-O', 'B-O', 'B-O', 'B-O', 'B-O', 'B-O', 'B-O', 'B-O', 'B-O', 'B-O', 'B-O', 'B-O', 'B-O', 'B-O', 'B-O', 'B-O', 'B-O', 'B-O', 'B-O', 'B-O', 'B-O', 'B-O', 'B-O', 'B-O', 'B-O', 'B-O', 'B-O', 'B-O', 'B-O', 'B-O', 'B-O']	['previous', 'studies', 'using', 'wild-type', 'encephalomyocarditis', 'virus', '(emcv)', 'and', 'mengo', 'virus', ',', 'and', 'variants', 'of', 'these', 'viruses', 'that', 'may', 'be', 'genetically', 'engineered', 'to', 'substitute', 'or', '#truncate', 'the', 'poly(c)', 'tracts', 'have', 'produced', 'conflicting', 'data', 'on', 'the', 'role', 'of', 'the', 'poly(c)', 'tract', 'in', 'the', 'virulence', 'of', 'these', 'viruses', '.']
137	['B-O', 'B-O', 'B-O', 'B-O', 'B-O', 'B-O', 'B-O', 'B-O', 'B-O', 'B-O', 'B-O', 'B-O', 'B-O', 'B-O', 'B-O', 'B-O', 'B-O', 'B-O', 'B-O', 'B-O', 'B-O', 'B-O']	['virtually', 'all', 'wild-type', 'encephalomyocarditis', 'virus', '(emcv)', 'and', 'mengo', 'virus', ',', 'and', 'variants', 'of', 'these', 'viruses', 'can', 'dramatically', '#truncate', 'the', 'poly(c)', 'tracts', '.']
138	['B-O', 'B-O', 'B-O', 'B-O', 'B-O', 'B-O', 'B-O', 'B-O', 'B-O', 'B-O']	['virtually', 'all', 'tsc1', 'mutations', 'dramatically', '#truncated', 'the', 'protein', 'product', '.']
139	['B-O', 'B-O', 'B-O', 'B-O', 'B-O', 'B-O', 'B-O', 'B-O', 'B-O', 'B-O', 'B-O', 'B-O', 'B-O', 'B-O', 'B-O', 'B-O', 'B-O', 'B-O', 'B-O', 'B-O', 'B-O', 'B-O', 'B-O', 'B-O', 'B-O', 'B-O', 'B-O', 'B-O', 'B-O', 'B-O', 'B-O', 'B-O', 'B-O', 'B-O', 'B-O', 'B-O', 'B-O']	['previous', 'studies', 'using', 'tsc1', 'mutations', 'that', 'are', 'observed', 'to', 'be', 'genetically', 'engineered', 'to', 'substitute', 'or', '#truncate', 'the', 'protein', 'product', 'have', 'produced', 'conflicting', 'data', 'on', 'the', 'role', 'of', 'the', 'poly(c)', 'tract', 'in', 'the', 'virulence', 'of', 'these', 'viruses', '.']
140	['B-O', 'B-O', 'B-O', 'B-O', 'B-O', 'B-O', 'B-O', 'B-O', 'B-O', 'B-O', 'B-O', 'B-O', 'B-O', 'B-O', 'B-O', 'B-O', 'B-O', 'B-O', 'B-O', 'B-O', 'B-O', 'B-O', 'B-O', 'B-O', 'B-O', 'B-O', 'B-O', 'B-O', 'B-O', 'B-O', 'B-O', 'B-O', 'B-O', 'B-O', 'B-O', 'B-O']	['previous', 'studies', 'using', 'tsc1', 'mutations', 'that', 'may', 'have', 'been', 'genetically', 'engineered', 'to', '#truncate', 'or', 'substitute', 'the', 'protein', 'product', 'have', 'produced', 'conflicting', 'data', 'on', 'the', 'role', 'of', 'the', 'poly(c)', 'tract', 'in', 'the', 'virulence', 'of', 'these', 'viruses', '.']
141	['B-O', 'B-O', 'B-O', 'B-O', 'B-O', 'B-O', 'B-O', 'B-O', 'B-O', 'B-O', 'B-O', 'B-O', 'B-O', 'B-O', 'B-O', 'B-O', 'B-O', 'B-O', 'B-O', 'B-O', 'B-O', 'B-O', 'B-O', 'B-O', 'B-O', 'B-O', 'B-O', 'B-O', 'B-O', 'B-O', 'B-O', 'B-O', 'B-O', 'B-O', 'B-O', 'B-O', 'B-O', 'B-O', 'B-O', 'B-O', 'B-O', 'B-O', 'B-O', 'B-O', 'B-O', 'B-O', 'B-O', 'B-O', 'B-O', 'B-O', 'B-O', 'B-O', 'B-O', 'B-O']	['the', 'protein', 'may', 'have', 'been', '#truncated', 'through', 'nonsense', 'mutations', '(32%)', ',', 'insertions', 'or', 'deletions', '(29', '.6%)', ',', 'or', 'splicing', 'changes', '(6', '.2%)', 'by', 'the', 'majority', 'of', 'changes', ',', 'although', 'the', 'figures', 'were', 'biased', 'by', 'the', 'methods', 'employed', ',', 'and', ',', 'in', 'sequenced', 'areas', ',', 'approximately', '50%', 'of', 'all', 'mutations', 'were', 'missense', 'or', 'in-frame', '.']
142	['B-O', 'B-O', 'B-O', 'B-O', 'B-O', 'B-O', 'B-O', 'B-O', 'B-O', 'B-O', 'B-O', 'B-O', 'B-O', 'B-O', 'B-O', 'B-O', 'B-O', 'B-O', 'B-O', 'B-O', 'B-O', 'B-O', 'B-O', 'B-O', 'B-O', 'B-O', 'B-O', 'B-O', 'B-O', 'B-O', 'B-O', 'B-O', 'B-O', 'B-O', 'B-O', 'B-O', 'B-O', 'B-O', 'B-O', 'B-O', 'B-O', 'B-O', 'B-O', 'B-O', 'B-O', 'B-O', 'B-O', 'B-O', 'B-O', 'B-O', 'B-O', 'B-O', 'B-O', 'B-O', 'B-O', 'B-O']	['the', 'protein', 'has', 'been', 'shown', 'to', 'be', '#truncated', 'through', 'nonsense', 'mutations', '(32%)', ',', 'insertions', 'or', 'deletions', '(29', '.6%)', ',', 'or', 'splicing', 'changes', '(6', '.2%)', 'by', 'the', 'majority', 'of', 'changes', ',', 'although', 'the', 'figures', 'were', 'biased', 'by', 'the', 'methods', 'employed', ',', 'and', ',', 'in', 'sequenced', 'areas', ',', 'approximately', '50%', 'of', 'all', 'mutations', 'were', 'missense', 'or', 'in-frame', '.']
143	['B-O', 'B-O', 'B-O', 'B-O', 'B-O', 'B-O', 'B-O', 'B-O', 'B-O', 'B-O', 'B-O']	['virtually', 'all', 'tsc1', 'mutations', 'can', 'dramatically', '#truncate', 'the', 'protein', 'product', '.']
144	['B-O', 'B-O', 'B-O', 'B-O', 'B-O', 'B-O', 'B-O', 'B-O', 'B-O', 'B-O', 'B-O', 'B-O', 'B-O', 'B-O', 'B-O', 'B-O', 'B-O', 'B-O', 'B-O', 'B-O', 'B-O', 'B-O', 'B-O', 'B-O', 'B-O', 'B-O', 'B-O', 'B-O', 'B-O', 'B-O', 'B-O', 'B-O', 'B-O', 'B-O', 'B-O', 'B-O', 'B-O', 'B-O', 'B-O', 'B-O', 'B-O', 'B-O', 'B-O', 'B-O', 'B-O', 'B-O', 'B-O']	['previous', 'studies', 'using', 'wild-type', 'encephalomyocarditis', 'virus', '(emcv)', 'and', 'mengo', 'virus', ',', 'and', 'variants', 'of', 'these', 'viruses', 'being', 'able', 'to', 'be', 'genetically', 'engineered', 'to', '#truncate', 'or', 'substitute', 'the', 'poly(c)', 'tracts', 'have', 'produced', 'conflicting', 'data', 'on', 'the', 'role', 'of', 'the', 'poly(c)', 'tract', 'in', 'the', 'virulence', 'of', 'these', 'viruses', '.']
145	['B-O', 'B-O', 'B-O', 'B-O', 'B-O', 'B-O', 'B-O', 'B-O', 'B-O', 'B-O', 'B-O', 'B-O', 'B-O', 'B-O', 'B-O', 'B-O', 'B-O', 'B-O', 'B-O', 'B-O', 'B-O', 'B-O', 'B-O', 'B-O', 'B-O', 'B-O', 'B-O', 'B-O', 'B-O', 'B-O', 'B-O', 'B-O', 'B-O', 'B-O', 'B-O']	['previous', 'studies', 'using', 'tsc1', 'mutations', 'that', 'may', 'be', 'genetically', 'engineered', 'to', 'substitute', 'or', '#truncate', 'the', 'protein', 'product', 'have', 'produced', 'conflicting', 'data', 'on', 'the', 'role', 'of', 'the', 'poly(c)', 'tract', 'in', 'the', 'virulence', 'of', 'these', 'viruses', '.']
146	['B-O', 'B-O', 'B-O', 'B-O', 'B-O', 'B-O', 'B-O', 'B-O', 'B-O', 'B-O', 'B-O', 'B-O', 'B-O', 'B-O', 'B-O', 'B-O', 'B-O', 'B-O', 'B-O', 'B-O', 'B-O', 'B-O', 'B-O', 'B-O']	['virtually', 'all', 'nonsense', 'mutations', '(32%)', ',', 'insertions', 'or', 'deletions', '(29', '.6%)', ',', 'or', 'splicing', 'changes', '(6', '.2%)', 'may', 'have', 'dramatically', '#truncated', 'the', 'protein', '.']
147	['B-O', 'B-O', 'B-O', 'B-O', 'B-O', 'B-O', 'B-O', 'B-O', 'B-O', 'B-O', 'B-O', 'B-O', 'B-O', 'B-O', 'B-O', 'B-O', 'B-O', 'B-O', 'B-O', 'B-O', 'B-O', 'B-O', 'B-O', 'B-O', 'B-O', 'B-O', 'B-O', 'B-O', 'B-O', 'B-O', 'B-O', 'B-O', 'B-O', 'B-O', 'B-O', 'B-O', 'B-O', 'B-O', 'B-O', 'B-O', 'B-O', 'B-O', 'B-O', 'B-O', 'B-O', 'B-O']	['previous', 'studies', 'using', 'wild-type', 'encephalomyocarditis', 'virus', '(emcv)', 'and', 'mengo', 'virus', ',', 'and', 'variants', 'of', 'these', 'viruses', 'that', 'can', 'be', 'genetically', 'engineered', 'to', '#truncate', 'or', 'substitute', 'the', 'poly(c)', 'tracts', 'have', 'produced', 'conflicting', 'data', 'on', 'the', 'role', 'of', 'the', 'poly(c)', 'tract', 'in', 'the', 'virulence', 'of', 'these', 'viruses', '.']
148	['B-O', 'B-O', 'B-O', 'B-O', 'B-O', 'B-O', 'B-O', 'B-O', 'B-O', 'B-O', 'B-O', 'B-O', 'B-O', 'B-O', 'B-O', 'B-O', 'B-O', 'B-O', 'B-O', 'B-O', 'B-O', 'B-O', 'B-O', 'B-O', 'B-O', 'B-O', 'B-O', 'B-O', 'B-O', 'B-O', 'B-O', 'B-O', 'B-O', 'B-O', 'B-O']	['previous', 'studies', 'using', 'tsc1', 'mutations', 'that', 'will', 'be', 'genetically', 'engineered', 'to', '#truncate', 'or', 'substitute', 'the', 'protein', 'product', 'have', 'produced', 'conflicting', 'data', 'on', 'the', 'role', 'of', 'the', 'poly(c)', 'tract', 'in', 'the', 'virulence', 'of', 'these', 'viruses', '.']
149	['B-O', 'B-O', 'B-O', 'B-O', 'B-O', 'B-O', 'B-O', 'B-O', 'B-O', 'B-O', 'B-O', 'B-O', 'B-O', 'B-O', 'B-O', 'B-O', 'B-O', 'B-O', 'B-O', 'B-O', 'B-O']	['virtually', 'all', 'wild-type', 'encephalomyocarditis', 'virus', '(emcv)', 'and', 'mengo', 'virus', ',', 'and', 'variants', 'of', 'these', 'viruses', 'dramatically', '#truncate', 'the', 'poly(c)', 'tracts', '.']
150	['B-O', 'B-O', 'B-O', 'B-O', 'B-O', 'B-O', 'B-O', 'B-O', 'B-O', 'B-O', 'B-O', 'B-O', 'B-O', 'B-O', 'B-O', 'B-O', 'B-O', 'B-O', 'B-O', 'B-O', 'B-O', 'B-O', 'B-O', 'B-O', 'B-O', 'B-O', 'B-O', 'B-O', 'B-O', 'B-O', 'B-O', 'B-O', 'B-O', 'B-O', 'B-O', 'B-O', 'B-O', 'B-O', 'B-O', 'B-O', 'B-O', 'B-O', 'B-O', 'B-O', 'B-O', 'B-O', 'B-O', 'B-O', 'B-O', 'B-O', 'B-O', 'B-O', 'B-O', 'B-O', 'B-O', 'B-O']	['the', 'protein', 'has', 'been', 'shown', 'to', 'be', '#truncated', 'by', 'the', 'majority', 'of', 'changes', 'through', 'nonsense', 'mutations', '(32%)', ',', 'insertions', 'or', 'deletions', '(29', '.6%)', ',', 'or', 'splicing', 'changes', '(6', '.2%)', ',', 'although', 'the', 'figures', 'were', 'biased', 'by', 'the', 'methods', 'employed', ',', 'and', ',', 'in', 'sequenced', 'areas', ',', 'approximately', '50%', 'of', 'all', 'mutations', 'were', 'missense', 'or', 'in-frame', '.']
151	['B-O', 'B-O', 'B-O', 'B-O', 'B-O', 'B-O', 'B-O', 'B-O', 'B-O', 'B-O', 'B-O', 'B-O', 'B-O', 'B-O', 'B-O', 'B-O', 'B-O', 'B-O', 'B-O', 'B-O', 'B-O', 'B-O', 'B-O', 'B-O', 'B-O', 'B-O', 'B-O', 'B-O', 'B-O', 'B-O', 'B-O', 'B-O', 'B-O', 'B-O', 'B-O', 'B-O', 'B-O', 'B-O', 'B-O', 'B-O', 'B-O', 'B-O', 'B-O', 'B-O', 'B-O', 'B-O', 'B-O', 'B-O', 'B-O', 'B-O', 'B-O', 'B-O']	['the', 'protein', 'was', '#truncated', 'by', 'the', 'majority', 'of', 'changes', 'through', 'nonsense', 'mutations', '(32%)', ',', 'insertions', 'or', 'deletions', '(29', '.6%)', ',', 'or', 'splicing', 'changes', '(6', '.2%)', ',', 'although', 'the', 'figures', 'were', 'biased', 'by', 'the', 'methods', 'employed', ',', 'and', ',', 'in', 'sequenced', 'areas', ',', 'approximately', '50%', 'of', 'all', 'mutations', 'were', 'missense', 'or', 'in-frame', '.']
152	['B-O', 'B-O', 'B-O', 'B-O', 'B-O', 'B-O', 'B-O', 'B-O', 'B-O', 'B-O', 'B-O', 'B-O', 'B-O', 'B-O', 'B-O', 'B-O', 'B-O', 'B-O', 'B-O', 'B-O', 'B-O']	['virtually', 'all', 'wild-type', 'encephalomyocarditis', 'virus', '(emcv)', 'and', 'mengo', 'virus', ',', 'and', 'variants', 'of', 'these', 'viruses', 'have', '#truncated', 'the', 'poly(c)', 'tracts', '.']
153	['B-O', 'B-O', 'B-O', 'B-O', 'B-O', 'B-O', 'B-O', 'B-O', 'B-O', 'B-O', 'B-O', 'B-O', 'B-O', 'B-O', 'B-O', 'B-O', 'B-O', 'B-O', 'B-O', 'B-O', 'B-O', 'B-O', 'B-O', 'B-O', 'B-O', 'B-O', 'B-O', 'B-O', 'B-O', 'B-O', 'B-O', 'B-O', 'B-O', 'B-O', 'B-O', 'B-O', 'B-O', 'B-O', 'B-O', 'B-O', 'B-O', 'B-O', 'B-O', 'B-O', 'B-O', 'B-O', 'B-O']	['previous', 'studies', 'using', 'nonsense', 'mutations', '(32%)', ',', 'insertions', 'or', 'deletions', '(29', '.6%)', ',', 'or', 'splicing', 'changes', '(6', '.2%)', 'that', 'can', 'be', 'genetically', 'engineered', 'to', '#truncate', 'or', 'substitute', 'the', 'protein', 'have', 'produced', 'conflicting', 'data', 'on', 'the', 'role', 'of', 'the', 'poly(c)', 'tract', 'in', 'the', 'virulence', 'of', 'these', 'viruses', '.']
154	['B-O', 'B-O', 'B-O', 'B-O', 'B-O', 'B-O', 'B-O', 'B-O', 'B-O', 'B-O', 'B-O', 'B-O', 'B-O', 'B-O', 'B-O', 'B-O', 'B-O', 'B-O', 'B-O', 'B-O', 'B-O', 'B-O', 'B-O', 'B-O', 'B-O', 'B-O', 'B-O', 'B-O', 'B-O', 'B-O', 'B-O', 'B-O', 'B-O', 'B-O', 'B-O', 'B-O', 'B-O', 'B-O', 'B-O', 'B-O', 'B-O', 'B-O', 'B-O', 'B-O', 'B-O', 'B-O']	['previous', 'studies', 'using', 'wild-type', 'encephalomyocarditis', 'virus', '(emcv)', 'and', 'mengo', 'virus', ',', 'and', 'variants', 'of', 'these', 'viruses', 'that', 'have', 'been', 'genetically', 'engineered', 'to', 'substitute', 'or', '#truncate', 'the', 'poly(c)', 'tracts', 'have', 'produced', 'conflicting', 'data', 'on', 'the', 'role', 'of', 'the', 'poly(c)', 'tract', 'in', 'the', 'virulence', 'of', 'these', 'viruses', '.']
155	['B-O', 'B-O', 'B-O', 'B-O', 'B-O', 'B-O', 'B-O', 'B-O', 'B-O', 'B-O', 'B-O', 'B-O']	['virtually', 'all', 'tsc1', 'mutations', 'are', 'predicted', 'to', '#truncate', 'the', 'protein', 'product', '.']
156	['B-O', 'B-O', 'B-O', 'B-O', 'B-O', 'B-O', 'B-O', 'B-O', 'B-O', 'B-O', 'B-O', 'B-O', 'B-O', 'B-O', 'B-O', 'B-O', 'B-O', 'B-O', 'B-O', 'B-O', 'B-O', 'B-O', 'B-O', 'B-O', 'B-O', 'B-O', 'B-O', 'B-O', 'B-O', 'B-O', 'B-O', 'B-O', 'B-O', 'B-O', 'B-O', 'B-O', 'B-O', 'B-O', 'B-O', 'B-O', 'B-O', 'B-O', 'B-O', 'B-O', 'B-O', 'B-O', 'B-O', 'B-O', 'B-O', 'B-O', 'B-O', 'B-O', 'B-O']	['the', 'protein', 'will', 'be', '#truncated', 'by', 'the', 'majority', 'of', 'changes', 'through', 'nonsense', 'mutations', '(32%)', ',', 'insertions', 'or', 'deletions', '(29', '.6%)', ',', 'or', 'splicing', 'changes', '(6', '.2%)', ',', 'although', 'the', 'figures', 'were', 'biased', 'by', 'the', 'methods', 'employed', ',', 'and', ',', 'in', 'sequenced', 'areas', ',', 'approximately', '50%', 'of', 'all', 'mutations', 'were', 'missense', 'or', 'in-frame', '.']
157	['B-O', 'B-O', 'B-O', 'B-O', 'B-O', 'B-O', 'B-O', 'B-O', 'B-O', 'B-O', 'B-O', 'B-O', 'B-O', 'B-O', 'B-O', 'B-O', 'B-O', 'B-O', 'B-O', 'B-O', 'B-O', 'B-O', 'B-O', 'B-O', 'B-O', 'B-O', 'B-O', 'B-O', 'B-O', 'B-O', 'B-O', 'B-O', 'B-O', 'B-O', 'B-O', 'B-O', 'B-O', 'B-O', 'B-O', 'B-O', 'B-O', 'B-O', 'B-O', 'B-O', 'B-O']	['previous', 'studies', 'using', 'wild-type', 'encephalomyocarditis', 'virus', '(emcv)', 'and', 'mengo', 'virus', ',', 'and', 'variants', 'of', 'these', 'viruses', 'that', 'were', 'genetically', 'engineered', 'to', '#truncate', 'or', 'substitute', 'the', 'poly(c)', 'tracts', 'have', 'produced', 'conflicting', 'data', 'on', 'the', 'role', 'of', 'the', 'poly(c)', 'tract', 'in', 'the', 'virulence', 'of', 'these', 'viruses', '.']
158	['B-O', 'B-O', 'B-O', 'B-O', 'B-O', 'B-O', 'B-O', 'B-O', 'B-O', 'B-O', 'B-O', 'B-O', 'B-O', 'B-O', 'B-O', 'B-O', 'B-O', 'B-O', 'B-O', 'B-O', 'B-O', 'B-O', 'B-O', 'B-O', 'B-O', 'B-O', 'B-O', 'B-O', 'B-O', 'B-O', 'B-O', 'B-O', 'B-O', 'B-O', 'B-O', 'B-O', 'B-O', 'B-O', 'B-O', 'B-O', 'B-O', 'B-O', 'B-O', 'B-O', 'B-O', 'B-O', 'B-O']	['previous', 'studies', 'using', 'nonsense', 'mutations', '(32%)', ',', 'insertions', 'or', 'deletions', '(29', '.6%)', ',', 'or', 'splicing', 'changes', '(6', '.2%)', 'that', 'may', 'be', 'genetically', 'engineered', 'to', 'substitute', 'or', '#truncate', 'the', 'protein', 'have', 'produced', 'conflicting', 'data', 'on', 'the', 'role', 'of', 'the', 'poly(c)', 'tract', 'in', 'the', 'virulence', 'of', 'these', 'viruses', '.']
159	['B-O', 'B-O', 'B-O', 'B-O', 'B-O', 'B-O', 'B-O', 'B-O', 'B-O', 'B-O', 'B-O', 'B-O', 'B-O', 'B-O', 'B-O', 'B-O', 'B-O', 'B-O', 'B-O', 'B-O', 'B-O', 'B-O', 'B-O', 'B-O', 'B-O', 'B-O', 'B-O', 'B-O', 'B-O', 'B-O', 'B-O', 'B-O', 'B-O', 'B-O', 'B-O', 'B-O', 'B-O', 'B-O', 'B-O', 'B-O', 'B-O', 'B-O', 'B-O', 'B-O', 'B-O', 'B-O']	['previous', 'studies', 'using', 'nonsense', 'mutations', '(32%)', ',', 'insertions', 'or', 'deletions', '(29', '.6%)', ',', 'or', 'splicing', 'changes', '(6', '.2%)', 'that', 'were', 'genetically', 'engineered', 'to', 'substitute', 'or', '#truncate', 'the', 'protein', 'have', 'produced', 'conflicting', 'data', 'on', 'the', 'role', 'of', 'the', 'poly(c)', 'tract', 'in', 'the', 'virulence', 'of', 'these', 'viruses', '.']
160	['B-O', 'B-O', 'B-O', 'B-O', 'B-O', 'B-O', 'B-O', 'B-O', 'B-O', 'B-O', 'B-O', 'B-O', 'B-O', 'B-O', 'B-O', 'B-O', 'B-O', 'B-O', 'B-O', 'B-O', 'B-O', 'B-O', 'B-O', 'B-O', 'B-O', 'B-O', 'B-O', 'B-O', 'B-O', 'B-O', 'B-O', 'B-O', 'B-O', 'B-O', 'B-O', 'B-O', 'B-O', 'B-O', 'B-O', 'B-O', 'B-O', 'B-O', 'B-O', 'B-O', 'B-O']	['previous', 'studies', 'using', 'wild-type', 'encephalomyocarditis', 'virus', '(emcv)', 'and', 'mengo', 'virus', ',', 'and', 'variants', 'of', 'these', 'viruses', 'that', 'are', 'genetically', 'engineered', 'to', '#truncate', 'or', 'substitute', 'the', 'poly(c)', 'tracts', 'have', 'produced', 'conflicting', 'data', 'on', 'the', 'role', 'of', 'the', 'poly(c)', 'tract', 'in', 'the', 'virulence', 'of', 'these', 'viruses', '.']
