0	['B-O', 'B-O', 'B-O', 'B-O', 'B-O', 'B-O', 'B-O', 'B-O', 'B-O', 'B-O', 'B-O', 'B-O', 'B-O', 'B-O', 'B-O', 'B-O', 'B-O', 'B-O', 'B-O', 'B-O', 'B-O', 'B-O', 'B-O', 'B-O']	['maz', '#encoded', 'a', 'transcription', 'factor', 'with', 'dual', 'roles', 'in', 'transcription', 'initiation', 'and', 'termination', ',', 'which', 'is', 'involved', 'in', 'l-ascorbate', 'metabolism', 'in', 'escherichia', 'coli', '.']
1	['B-O', 'B-O', 'B-O', 'B-O', 'B-O', 'B-O', 'B-O', 'B-O', 'B-O', 'B-O', 'B-O', 'B-O', 'B-O', 'B-O', 'B-O', 'B-O']	['in', 'plants', 'it', 'is', 'estimated', 'that', 'the', '6-pyruvoyl-tetrahydropterin', 'synthase', 'are', '#encoded', 'by', 'all', 'six', 'exons', '.']
2	['B-O', 'B-O', 'B-O', 'B-O', 'B-O', 'B-O', 'B-O', 'B-O', 'B-O', 'B-O', 'B-O', 'B-O', 'B-O', 'B-O', 'B-O']	['maz', 'has', '#encoded', 'a', 'transcription', 'factor', 'with', 'dual', 'roles', 'in', 'transcription', 'initiation', 'and', 'termination', '.']
3	['B-O', 'B-O', 'B-O', 'B-O', 'B-O', 'B-O', 'B-O', 'B-O', 'B-O', 'B-O', 'B-O', 'B-O', 'B-O', 'B-O', 'B-O']	['our', 'reseach', 'shows', 'that', 'a', 'multipass', 'integral', 'membrane', 'protein', 'are', '#encoded', 'by', 'a', 'pre-mrna', '.']
4	['B-O', 'B-O', 'B-O', 'B-O', 'B-O', 'B-O', 'B-O', 'B-O', 'B-O', 'B-O', 'B-O', 'B-O', 'B-O', 'B-O', 'B-O', 'B-O', 'B-O', 'B-O', 'B-O', 'B-O', 'B-O', 'B-O', 'B-O', 'B-O', 'B-O', 'B-O', 'B-O', 'B-O', 'B-O']	['expression', 'proteins', 'involved', 'in', 'pre-mrna', 'splicing', 'northern', 'analysis', 'of', 'poly', '(a)', '+', 'rna', 'from', 'various', 'tissues', 'reveals', 'that', 'sbp2', 'is', '#encoded', 'by', 'as', 'many', 'as', 'a', 'gene', 'family', '.']
5	['B-O', 'B-O', 'B-O', 'B-O', 'B-O', 'B-O', 'B-O', 'B-O', 'B-O']	['a', 'pre-mrna', '#encodes', 'a', 'multipass', 'integral', 'membrane', 'protein', '.']
6	['B-O', 'B-O', 'B-O', 'B-O', 'B-O', 'B-O', 'B-O', 'B-O', 'B-O', 'B-O', 'B-O', 'B-O', 'B-O', 'B-O', 'B-O', 'B-O', 'B-O', 'B-O', 'B-O', 'B-O', 'B-O', 'B-O', 'B-O', 'B-O', 'B-O', 'B-O', 'B-O', 'B-O', 'B-O']	['the', 'escherichia', 'coli', 'yjha', '(renamed', 'nanc)', 'gene', '#encoded', 'a', 'protein', 'of', 'the', 'kdgm', 'family', 'of', 'outer', 'membrane-specific', 'channels', ',', 'which', 'is', 'involved', 'in', 'l-ascorbate', 'metabolism', 'in', 'escherichia', 'coli', '.']
7	['B-O', 'B-O', 'B-O', 'B-O', 'B-O', 'B-O', 'B-O', 'B-O', 'B-O', 'B-O', 'B-O', 'B-O', 'B-O']	['our', 'reseach', 'shows', 'that', 'a', 'pre-mrna', '#encode', 'a', 'multipass', 'integral', 'membrane', 'protein', '.']
8	['B-O', 'B-O', 'B-O', 'B-O', 'B-O', 'B-O', 'B-O', 'B-O', 'B-O', 'B-O', 'B-O', 'B-O', 'B-O', 'B-O', 'B-O', 'B-O', 'B-O', 'B-O', 'B-O', 'B-O', 'B-O', 'B-O', 'B-O', 'B-O']	['expression', 'proteins', 'involved', 'in', 'pre-mrna', 'splicing', 'northern', 'analysis', 'of', 'poly', '(a)', '+', 'rna', 'from', 'various', 'tissues', 'shows', 'that', 'a', 'gene', 'family', '#encode', 'sbp2', '.']
9	['B-O', 'B-O', 'B-O', 'B-O', 'B-O', 'B-O', 'B-O', 'B-O', 'B-O', 'B-O']	['murine', 'and', 'human', 'cdnas', 'is', 'believed', 'to', '#encode', 'cp2', '.']
10	['B-O', 'B-O', 'B-O', 'B-O', 'B-O', 'B-O', 'B-O', 'B-O', 'B-O', 'B-O', 'B-O', 'B-O', 'B-O', 'B-O', 'B-O', 'B-O', 'B-O', 'B-O', 'B-O', 'B-O', 'B-O', 'B-O', 'B-O', 'B-O', 'B-O', 'B-O', 'B-O', 'B-O', 'B-O', 'B-O', 'B-O', 'B-O', 'B-O', 'B-O', 'B-O', 'B-O', 'B-O', 'B-O', 'B-O']	['the', 'human', 'snrpn', '(small', 'nuclear', 'ribonucleoprotein', 'polypeptide', 'n)', 'gene', 'is', 'one', 'of', 'a', 'gene', 'family', 'having', '#encoded', 'proteins', 'involved', 'in', 'pre-mrna', 'splicing', 'and', 'maps', 'to', 'the', 'smallest', 'deletion', 'region', 'involved', 'in', 'the', 'prader-willi', 'syndrome', '(pws)', 'within', 'chromosome', '15q11-q13', '.']
11	['B-O', 'B-O', 'B-O', 'B-O', 'B-O', 'B-O', 'B-O', 'B-O', 'B-O', 'B-O', 'B-O', 'B-O', 'B-O', 'B-O', 'B-O', 'B-O', 'B-O', 'B-O', 'B-O', 'B-O', 'B-O', 'B-O', 'B-O', 'B-O', 'B-O', 'B-O', 'B-O', 'B-O', 'B-O', 'B-O', 'B-O', 'B-O', 'B-O']	['compound', 'heterozygous', 'or', 'homozygous', 'mutations', 'spread', 'over', 'all', 'six', 'exons', '#encoding', 'the', '6-pyruvoyl-tetrahydropterin', 'synthase', 'cause', 'an', 'autosomal', 'recessively', 'inherited', 'variant', 'of', 'hyperphenylalaninemia', ',', 'mostly', 'accompanied', 'by', 'a', 'deficiency', 'of', 'dopamine', 'and', 'serotonin', '.']
12	['B-O', 'B-O', 'B-O', 'B-O', 'B-O', 'B-O', 'B-O', 'B-O', 'B-O', 'B-O', 'B-O', 'B-O', 'B-O', 'B-O', 'B-O', 'B-O', 'B-O', 'B-O', 'B-O', 'B-O', 'B-O', 'B-O', 'B-O', 'B-O', 'B-O', 'B-O', 'B-O', 'B-O']	['a', 'gene', 'family', ',', 'which', '#encode', 'proteins', 'involved', 'in', 'pre-mrna', 'splicing', ',', 'respectively', ',', 'is', 'affected', 'in', 'a', 'reciprocal', 'manner', 'by', 'the', 'osmolarity', 'of', 'the', 'growth', 'medium', '.']
13	['B-O', 'B-O', 'B-O', 'B-O', 'B-O', 'B-O', 'B-O', 'B-O', 'B-O', 'B-O', 'B-O', 'B-O', 'B-O', 'B-O', 'B-O', 'B-O', 'B-O', 'B-O', 'B-O', 'B-O', 'B-O', 'B-O', 'B-O', 'B-O', 'B-O', 'B-O', 'B-O', 'B-O']	['expression', 'a', 'multipass', 'integral', 'membrane', 'protein', 'northern', 'analysis', 'of', 'poly', '(a)', '+', 'rna', 'from', 'various', 'tissues', 'reveals', 'that', 'sbp2', 'was', '#encoded', 'by', 'as', 'many', 'as', 'a', 'pre-mrna', '.']
14	['B-O', 'B-O', 'B-O', 'B-O', 'B-O', 'B-O', 'B-O', 'B-O', 'B-O', 'B-O', 'B-O', 'B-O', 'B-O', 'B-O', 'B-O', 'B-O', 'B-O', 'B-O', 'B-O', 'B-O', 'B-O', 'B-O', 'B-O', 'B-O', 'B-O', 'B-O', 'B-O', 'B-O', 'B-O', 'B-O', 'B-O', 'B-O', 'B-O']	['the', 'escherichia', 'coli', 'yjha', '(renamed', 'nanc)', 'gene', 'is', 'believed', 'to', 'have', '#encoded', 'a', 'protein', 'of', 'the', 'kdgm', 'family', 'of', 'outer', 'membrane-specific', 'channels', ',', 'which', 'is', 'involved', 'in', 'l-ascorbate', 'metabolism', 'in', 'escherichia', 'coli', '.']
15	['B-O', 'B-O', 'B-O', 'B-O', 'B-O', 'B-O', 'B-O', 'B-O', 'B-O', 'B-O', 'B-O', 'B-O', 'B-O', 'B-O', 'B-O', 'B-O', 'B-O', 'B-O', 'B-O', 'B-O', 'B-O']	['a', 'protein', 'of', 'the', 'kdgm', 'family', 'of', 'outer', 'membrane-specific', 'channels', 'is', '#encoded', 'by', 'the', 'escherichia', 'coli', 'yjha', '(renamed', 'nanc)', 'gene', '.']
16	['B-O', 'B-O', 'B-O', 'B-O', 'B-O', 'B-O', 'B-O', 'B-O', 'B-O', 'B-O', 'B-O', 'B-O', 'B-O', 'B-O', 'B-O', 'B-O', 'B-O', 'B-O', 'B-O']	['a', 'transcription', 'factor', 'with', 'dual', 'roles', 'in', 'transcription', 'initiation', 'and', 'termination', 'are', 'shown', 'to', 'be', '#encoded', 'by', 'maz', '.']
17	['B-O', 'B-O', 'B-O', 'B-O', 'B-O', 'B-O', 'B-O', 'B-O', 'B-O', 'B-O', 'B-O', 'B-O', 'B-O', 'B-O', 'B-O', 'B-O', 'B-O', 'B-O', 'B-O', 'B-O', 'B-O', 'B-O', 'B-O', 'B-O']	['murine', 'and', 'human', 'cdnas', ',', '#encoding', 'cp2', ',', 'respectively', ',', 'is', 'affected', 'in', 'a', 'reciprocal', 'manner', 'by', 'the', 'osmolarity', 'of', 'the', 'growth', 'medium', '.']
18	['B-O', 'B-O', 'B-O', 'B-O', 'B-O', 'B-O', 'B-O', 'B-O', 'B-O', 'B-O', 'B-O', 'B-O', 'B-O', 'B-O', 'B-O', 'B-O', 'B-O', 'B-O', 'B-O', 'B-O', 'B-O', 'B-O']	['a', 'protein', 'of', 'the', 'kdgm', 'family', 'of', 'outer', 'membrane-specific', 'channels', 'have', 'been', '#encoded', 'by', 'the', 'escherichia', 'coli', 'yjha', '(renamed', 'nanc)', 'gene', '.']
19	['B-O', 'B-O', 'B-O', 'B-O', 'B-O', 'B-O', 'B-O', 'B-O', 'B-O', 'B-O', 'B-O', 'B-O', 'B-O', 'B-O', 'B-O', 'B-O', 'B-O', 'B-O', 'B-O', 'B-O', 'B-O', 'B-O', 'B-O', 'B-O', 'B-O', 'B-O', 'B-O', 'B-O', 'B-O', 'B-O', 'B-O', 'B-O']	['we', 'recently', 'all', 'six', 'exons', 'that', '#encode', 'the', '6-pyruvoyl-tetrahydropterin', 'synthase', ',', 'a', 'cellular', 'transcription', 'factor', 'that', 'interacts', 'with', 'the', 'alpha-globin', 'promoter', 'as', 'well', 'as', 'with', 'additional', 'cellular', 'and', 'viral', 'promoter', 'elements', '.']
20	['B-O', 'B-O', 'B-O', 'B-O', 'B-O', 'B-O', 'B-O', 'B-O', 'B-O', 'B-O', 'B-O', 'B-O', 'B-O', 'B-O', 'B-O', 'B-O', 'B-O', 'B-O', 'B-O', 'B-O', 'B-O', 'B-O', 'B-O', 'B-O', 'B-O']	['expression', 'the', '6-pyruvoyl-tetrahydropterin', 'synthase', 'northern', 'analysis', 'of', 'poly', '(a)', '+', 'rna', 'from', 'various', 'tissues', 'shows', 'all', 'six', 'exons', 'are', 'shown', 'to', 'have', '#encoded', 'sbp2', '.']
21	['B-O', 'B-O', 'B-O', 'B-O', 'B-O', 'B-O', 'B-O', 'B-O', 'B-O', 'B-O', 'B-O', 'B-O', 'B-O', 'B-O', 'B-O', 'B-O', 'B-O', 'B-O', 'B-O', 'B-O', 'B-O', 'B-O', 'B-O', 'B-O', 'B-O', 'B-O', 'B-O', 'B-O', 'B-O']	['expression', 'a', 'multipass', 'integral', 'membrane', 'protein', 'northern', 'analysis', 'of', 'poly', '(a)', '+', 'rna', 'from', 'various', 'tissues', 'reveals', 'that', 'sbp2', 'has', 'been', '#encoded', 'by', 'as', 'many', 'as', 'a', 'pre-mrna', '.']
22	['B-O', 'B-O', 'B-O', 'B-O', 'B-O', 'B-O', 'B-O', 'B-O', 'B-O', 'B-O', 'B-O', 'B-O', 'B-O', 'B-O', 'B-O', 'B-O', 'B-O', 'B-O']	['in', 'plants', 'it', 'is', 'estimated', 'that', 'a', 'gene', 'family', 'may', 'have', '#encoded', 'proteins', 'involved', 'in', 'pre-mrna', 'splicing', '.']
23	['B-O', 'B-O', 'B-O', 'B-O', 'B-O', 'B-O', 'B-O', 'B-O', 'B-O', 'B-O', 'B-O', 'B-O', 'B-O', 'B-O', 'B-O', 'B-O', 'B-O', 'B-O', 'B-O']	['a', 'transcription', 'factor', 'with', 'dual', 'roles', 'in', 'transcription', 'initiation', 'and', 'termination', 'was', 'shown', 'to', 'be', '#encoded', 'by', 'maz', '.']
24	['B-O', 'B-O', 'B-O', 'B-O', 'B-O', 'B-O', 'B-O', 'B-O', 'B-O', 'B-O', 'B-O', 'B-O', 'B-O', 'B-O', 'B-O', 'B-O', 'B-O', 'B-O', 'B-O']	['a', 'pre-mrna', '#encodes', 'a', 'multipass', 'integral', 'membrane', 'protein', ',', 'which', 'is', 'involved', 'in', 'l-ascorbate', 'metabolism', 'in', 'escherichia', 'coli', '.']
25	['B-O', 'B-O', 'B-O', 'B-O', 'B-O', 'B-O', 'B-O', 'B-O', 'B-O', 'B-O']	['cp2', 'may', 'be', '#encoded', 'by', 'murine', 'and', 'human', 'cdnas', '.']
26	['B-O', 'B-O', 'B-O', 'B-O', 'B-O', 'B-O', 'B-O', 'B-O', 'B-O', 'B-O', 'B-O', 'B-O', 'B-O', 'B-O', 'B-O', 'B-O', 'B-O', 'B-O', 'B-O', 'B-O', 'B-O', 'B-O', 'B-O', 'B-O', 'B-O', 'B-O', 'B-O', 'B-O', 'B-O', 'B-O', 'B-O', 'B-O', 'B-O', 'B-O', 'B-O', 'B-O', 'B-O', 'B-O']	['we', 'recently', 'encloned', 'maz', '#encoding', 'a', 'transcription', 'factor', 'with', 'dual', 'roles', 'in', 'transcription', 'initiation', 'and', 'termination', ',', 'a', 'cellular', 'transcription', 'factor', 'that', 'interacts', 'with', 'the', 'alpha-globin', 'promoter', 'as', 'well', 'as', 'with', 'additional', 'cellular', 'and', 'viral', 'promoter', 'elements', '.']
27	['B-O', 'B-O', 'B-O', 'B-O', 'B-O', 'B-O', 'B-O', 'B-O', 'B-O', 'B-O', 'B-O', 'B-O', 'B-O', 'B-O', 'B-O', 'B-O', 'B-O', 'B-O', 'B-O', 'B-O', 'B-O', 'B-O', 'B-O', 'B-O', 'B-O', 'B-O', 'B-O', 'B-O', 'B-O', 'B-O', 'B-O', 'B-O', 'B-O', 'B-O', 'B-O', 'B-O', 'B-O', 'B-O', 'B-O', 'B-O', 'B-O', 'B-O', 'B-O']	['a', 'transcription', 'factor', 'with', 'dual', 'roles', 'in', 'transcription', 'initiation', 'and', 'termination', ',', 'a', 'cellular', 'transcription', 'factor', 'that', 'interacts', 'with', 'the', 'alpha-globin', 'promoter', 'as', 'well', 'as', 'with', 'additional', 'cellular', 'and', 'viral', 'promoter', 'elements', ',', 'may', 'be', '#encoded', 'by', 'maz', 'which', 'we', 'recently', 'encloned', '.']
28	['B-O', 'B-O', 'B-O', 'B-O', 'B-O', 'B-O', 'B-O', 'B-O', 'B-O', 'B-O', 'B-O', 'B-O', 'B-O', 'B-O', 'B-O', 'B-O', 'B-O', 'B-O', 'B-O', 'B-O', 'B-O', 'B-O', 'B-O', 'B-O', 'B-O', 'B-O', 'B-O', 'B-O', 'B-O', 'B-O', 'B-O', 'B-O', 'B-O', 'B-O', 'B-O', 'B-O', 'B-O']	['the', 'escherichia', 'coli', 'yjha', '(renamed', 'nanc)', 'gene', ',', 'which', '#encoded', 'a', 'protein', 'of', 'the', 'kdgm', 'family', 'of', 'outer', 'membrane-specific', 'channels', ',', 'respectively', ',', 'was', 'affected', 'in', 'a', 'reciprocal', 'manner', 'by', 'the', 'osmolarity', 'of', 'the', 'growth', 'medium', '.']
29	['B-O', 'B-O', 'B-O', 'B-O', 'B-O', 'B-O', 'B-O', 'B-O', 'B-O', 'B-O', 'B-O', 'B-O', 'B-O', 'B-O', 'B-O', 'B-O', 'B-O']	['a', 'transcription', 'factor', 'with', 'dual', 'roles', 'in', 'transcription', 'initiation', 'and', 'termination', 'may', 'be', '#encoded', 'by', 'maz', '.']
30	['B-O', 'B-O', 'B-O', 'B-O', 'B-O', 'B-O', 'B-O', 'B-O', 'B-O', 'B-O', 'B-O', 'B-O', 'B-O', 'B-O', 'B-O', 'B-O', 'B-O', 'B-O', 'B-O']	['in', 'plants', 'it', 'is', 'estimated', 'that', 'a', 'gene', 'family', 'are', 'able', 'to', '#encode', 'proteins', 'involved', 'in', 'pre-mrna', 'splicing', '.']
31	['B-O', 'B-O', 'B-O', 'B-O', 'B-O', 'B-O', 'B-O', 'B-O', 'B-O', 'B-O', 'B-O', 'B-O', 'B-O', 'B-O', 'B-O', 'B-O', 'B-O', 'B-O', 'B-O', 'B-O', 'B-O', 'B-O', 'B-O']	['it', 'is', 'possible', ',', 'therefore', ',', 'that', 'a', 'gene', 'family', 'are', 'involved', 'in', 'the', 'process', 'of', '#encoding', 'proteins', 'involved', 'in', 'pre-mrna', 'splicing', '.']
32	['B-O', 'B-O', 'B-O', 'B-O', 'B-O', 'B-O', 'B-O', 'B-O', 'B-O', 'B-O', 'B-O', 'B-O', 'B-O', 'B-O', 'B-O', 'B-O', 'B-O', 'B-O', 'B-O', 'B-O', 'B-O', 'B-O', 'B-O', 'B-O', 'B-O', 'B-O']	['all', 'six', 'exons', ',', 'which', '#encode', 'the', '6-pyruvoyl-tetrahydropterin', 'synthase', ',', 'respectively', ',', 'is', 'affected', 'in', 'a', 'reciprocal', 'manner', 'by', 'the', 'osmolarity', 'of', 'the', 'growth', 'medium', '.']
33	['B-O', 'B-O', 'B-O', 'B-O', 'B-O', 'B-O', 'B-O', 'B-O', 'B-O', 'B-O', 'B-O', 'B-O', 'B-O', 'B-O', 'B-O', 'B-O', 'B-O', 'B-O', 'B-O', 'B-O', 'B-O', 'B-O']	['the', 'escherichia', 'coli', 'yjha', '(renamed', 'nanc)', 'gene', 'is', 'able', 'to', '#encode', 'a', 'protein', 'of', 'the', 'kdgm', 'family', 'of', 'outer', 'membrane-specific', 'channels', '.']
34	['B-O', 'B-O', 'B-O', 'B-O', 'B-O', 'B-O', 'B-O', 'B-O', 'B-O', 'B-O', 'B-O', 'B-O', 'B-O', 'B-O', 'B-O', 'B-O', 'B-O', 'B-O', 'B-O']	['the', 'escherichia', 'coli', 'yjha', '(renamed', 'nanc)', 'gene', '#encoded', 'a', 'protein', 'of', 'the', 'kdgm', 'family', 'of', 'outer', 'membrane-specific', 'channels', '.']
35	['B-O', 'B-O', 'B-O', 'B-O', 'B-O', 'B-O', 'B-O', 'B-O', 'B-O', 'B-O', 'B-O', 'B-O', 'B-O', 'B-O', 'B-O', 'B-O', 'B-O', 'B-O', 'B-O', 'B-O', 'B-O', 'B-O', 'B-O', 'B-O', 'B-O', 'B-O', 'B-O', 'B-O', 'B-O', 'B-O', 'B-O', 'B-O', 'B-O', 'B-O', 'B-O', 'B-O']	['the', 'escherichia', 'coli', 'yjha', '(renamed', 'nanc)', 'gene', ',', '#encoding', 'a', 'protein', 'of', 'the', 'kdgm', 'family', 'of', 'outer', 'membrane-specific', 'channels', ',', 'respectively', ',', 'is', 'affected', 'in', 'a', 'reciprocal', 'manner', 'by', 'the', 'osmolarity', 'of', 'the', 'growth', 'medium', '.']
36	['B-O', 'B-O', 'B-O', 'B-O', 'B-O', 'B-O', 'B-O', 'B-O', 'B-O', 'B-O', 'B-O', 'B-O', 'B-O', 'B-O', 'B-O', 'B-O', 'B-O', 'B-O', 'B-O', 'B-O', 'B-O']	['a', 'protein', 'of', 'the', 'kdgm', 'family', 'of', 'outer', 'membrane-specific', 'channels', 'was', '#encoded', 'by', 'the', 'escherichia', 'coli', 'yjha', '(renamed', 'nanc)', 'gene', '.']
37	['B-O', 'B-O', 'B-O', 'B-O', 'B-O', 'B-O', 'B-O', 'B-O', 'B-O', 'B-O', 'B-O', 'B-O', 'B-O', 'B-O', 'B-O']	['in', 'plants', 'it', 'is', 'estimated', 'that', 'all', 'six', 'exons', 'have', '#encoded', 'the', '6-pyruvoyl-tetrahydropterin', 'synthase', '.']
38	['B-O', 'B-O', 'B-O', 'B-O', 'B-O', 'B-O', 'B-O', 'B-O', 'B-O', 'B-O', 'B-O', 'B-O', 'B-O', 'B-O', 'B-O', 'B-O', 'B-O', 'B-O', 'B-O', 'B-O']	['murine', 'and', 'human', 'cdnas', 'is', 'shown', 'to', '#encode', 'cp2', ',', 'which', 'is', 'involved', 'in', 'l-ascorbate', 'metabolism', 'in', 'escherichia', 'coli', '.']
39	['B-O', 'B-O', 'B-O', 'B-O', 'B-O', 'B-O', 'B-O', 'B-O', 'B-O', 'B-O', 'B-O', 'B-O', 'B-O', 'B-O', 'B-O', 'B-O', 'B-O', 'B-O', 'B-O', 'B-O', 'B-O', 'B-O', 'B-O', 'B-O', 'B-O']	['expression', 'proteins', 'involved', 'in', 'pre-mrna', 'splicing', 'northern', 'analysis', 'of', 'poly', '(a)', '+', 'rna', 'from', 'various', 'tissues', 'shows', 'that', 'a', 'gene', 'family', 'have', '#encoded', 'sbp2', '.']
40	['B-O', 'B-O', 'B-O', 'B-O', 'B-O', 'B-O', 'B-O', 'B-O', 'B-O', 'B-O', 'B-O', 'B-O', 'B-O', 'B-O', 'B-O', 'B-O', 'B-O', 'B-O', 'B-O', 'B-O', 'B-O', 'B-O', 'B-O', 'B-O', 'B-O', 'B-O', 'B-O', 'B-O', 'B-O', 'B-O', 'B-O', 'B-O', 'B-O', 'B-O', 'B-O', 'B-O', 'B-O', 'B-O', 'B-O', 'B-O', 'B-O', 'B-O', 'B-O', 'B-O', 'B-O', 'B-O']	['we', 'recently', 'encloned', 'the', 'escherichia', 'coli', 'yjha', '(renamed', 'nanc)', 'gene', 'which', 'may', 'have', '#encoded', 'a', 'protein', 'of', 'the', 'kdgm', 'family', 'of', 'outer', 'membrane-specific', 'channels', ',', 'a', 'cellular', 'transcription', 'factor', 'that', 'interacts', 'with', 'the', 'alpha-globin', 'promoter', 'as', 'well', 'as', 'with', 'additional', 'cellular', 'and', 'viral', 'promoter', 'elements', '.']
41	['B-O', 'B-O', 'B-O', 'B-O', 'B-O', 'B-O', 'B-O', 'B-O', 'B-O', 'B-O', 'B-O', 'B-O', 'B-O', 'B-O', 'B-O', 'B-O', 'B-O', 'B-O', 'B-O', 'B-O', 'B-O', 'B-O', 'B-O', 'B-O', 'B-O', 'B-O', 'B-O', 'B-O', 'B-O', 'B-O', 'B-O', 'B-O', 'B-O', 'B-O', 'B-O', 'B-O', 'B-O', 'B-O', 'B-O', 'B-O']	['we', 'recently', 'encloned', 'maz', 'that', 'have', '#encoded', 'a', 'transcription', 'factor', 'with', 'dual', 'roles', 'in', 'transcription', 'initiation', 'and', 'termination', ',', 'a', 'cellular', 'transcription', 'factor', 'that', 'interacts', 'with', 'the', 'alpha-globin', 'promoter', 'as', 'well', 'as', 'with', 'additional', 'cellular', 'and', 'viral', 'promoter', 'elements', '.']
42	['B-O', 'B-O', 'B-O', 'B-O', 'B-O', 'B-O', 'B-O', 'B-O', 'B-O', 'B-O', 'B-O', 'B-O', 'B-O', 'B-O']	['our', 'reseach', 'shows', 'that', 'a', 'gene', 'family', '#encode', 'proteins', 'involved', 'in', 'pre-mrna', 'splicing', '.']
43	['B-O', 'B-O', 'B-O', 'B-O', 'B-O', 'B-O', 'B-O', 'B-O', 'B-O', 'B-O', 'B-O', 'B-O', 'B-O', 'B-O', 'B-O', 'B-O', 'B-O', 'B-O', 'B-O', 'B-O', 'B-O', 'B-O', 'B-O', 'B-O', 'B-O', 'B-O', 'B-O']	['maz', 'is', 'able', 'to', '#encode', 'a', 'transcription', 'factor', 'with', 'dual', 'roles', 'in', 'transcription', 'initiation', 'and', 'termination', ',', 'which', 'is', 'involved', 'in', 'l-ascorbate', 'metabolism', 'in', 'escherichia', 'coli', '.']
44	['B-O', 'B-O', 'B-O', 'B-O', 'B-O', 'B-O', 'B-O', 'B-O', 'B-O', 'B-O', 'B-O', 'B-O']	['cp2', 'was', 'believed', 'to', 'be', '#encoded', 'by', 'murine', 'and', 'human', 'cdnas', '.']
45	['B-O', 'B-O', 'B-O', 'B-O', 'B-O', 'B-O', 'B-O', 'B-O']	['murine', 'and', 'human', 'cdnas', 'has', '#encoded', 'cp2', '.']
46	['B-O', 'B-O', 'B-O', 'B-O', 'B-O', 'B-O', 'B-O', 'B-O', 'B-O', 'B-O', 'B-O', 'B-O', 'B-O', 'B-O', 'B-O', 'B-O', 'B-O', 'B-O', 'B-O', 'B-O', 'B-O', 'B-O', 'B-O', 'B-O', 'B-O', 'B-O', 'B-O', 'B-O']	['expression', 'the', '6-pyruvoyl-tetrahydropterin', 'synthase', 'northern', 'analysis', 'of', 'poly', '(a)', '+', 'rna', 'from', 'various', 'tissues', 'reveals', 'that', 'sbp2', 'has', 'been', '#encoded', 'by', 'as', 'many', 'as', 'all', 'six', 'exons', '.']
47	['B-O', 'B-O', 'B-O', 'B-O', 'B-O', 'B-O', 'B-O', 'B-O', 'B-O', 'B-O', 'B-O', 'B-O', 'B-O', 'B-O']	['our', 'reseach', 'shows', 'that', 'a', 'pre-mrna', 'have', '#encoded', 'a', 'multipass', 'integral', 'membrane', 'protein', '.']
48	['B-O', 'B-O', 'B-O', 'B-O', 'B-O', 'B-O', 'B-O', 'B-O', 'B-O', 'B-O', 'B-O', 'B-O', 'B-O', 'B-O']	['in', 'plants', 'it', 'is', 'estimated', 'that', 'all', 'six', 'exons', '#encode', 'the', '6-pyruvoyl-tetrahydropterin', 'synthase', '.']
49	['B-O', 'B-O', 'B-O', 'B-O', 'B-O', 'B-O', 'B-O', 'B-O', 'B-O', 'B-O', 'B-O', 'B-O', 'B-O', 'B-O', 'B-O', 'B-O', 'B-O', 'B-O', 'B-O']	['murine', 'and', 'human', 'cdnas', 'has', 'been', '#encoding', 'cp2', ',', 'which', 'is', 'involved', 'in', 'l-ascorbate', 'metabolism', 'in', 'escherichia', 'coli', '.']
50	['B-O', 'B-O', 'B-O', 'B-O', 'B-O', 'B-O', 'B-O', 'B-O', 'B-O']	['cp2', 'are', '#encoded', 'by', 'murine', 'and', 'human', 'cdnas', '.']
51	['B-O', 'B-O', 'B-O', 'B-O', 'B-O', 'B-O', 'B-O', 'B-O', 'B-O', 'B-O', 'B-O', 'B-O', 'B-O', 'B-O', 'B-O', 'B-O', 'B-O', 'B-O', 'B-O', 'B-O', 'B-O', 'B-O', 'B-O', 'B-O', 'B-O', 'B-O']	['maz', 'has', 'been', '#encoding', 'a', 'transcription', 'factor', 'with', 'dual', 'roles', 'in', 'transcription', 'initiation', 'and', 'termination', ',', 'which', 'is', 'involved', 'in', 'l-ascorbate', 'metabolism', 'in', 'escherichia', 'coli', '.']
52	['B-O', 'B-O', 'B-O', 'B-O', 'B-O', 'B-O', 'B-O', 'B-O', 'B-O', 'B-O', 'B-O', 'B-O', 'B-O', 'B-O', 'B-O', 'B-O', 'B-O', 'B-O', 'B-O', 'B-O', 'B-O', 'B-O', 'B-O', 'B-O']	['a', 'protein', 'of', 'the', 'kdgm', 'family', 'of', 'outer', 'membrane-specific', 'channels', 'was', 'believed', 'to', 'be', '#encoded', 'by', 'the', 'escherichia', 'coli', 'yjha', '(renamed', 'nanc)', 'gene', '.']
53	['B-O', 'B-O', 'B-O', 'B-O', 'B-O', 'B-O', 'B-O', 'B-O', 'B-O', 'B-O', 'B-O', 'B-O', 'B-O', 'B-O']	['our', 'reseach', 'shows', 'that', 'the', '6-pyruvoyl-tetrahydropterin', 'synthase', 'were', '#encoded', 'by', 'all', 'six', 'exons', '.']
54	['B-O', 'B-O', 'B-O', 'B-O', 'B-O', 'B-O', 'B-O', 'B-O', 'B-O', 'B-O', 'B-O', 'B-O', 'B-O', 'B-O', 'B-O', 'B-O', 'B-O', 'B-O', 'B-O', 'B-O', 'B-O', 'B-O', 'B-O', 'B-O', 'B-O', 'B-O', 'B-O', 'B-O', 'B-O', 'B-O', 'B-O']	['we', 'recently', 'encloned', 'murine', 'and', 'human', 'cdnas', '#encoding', 'cp2', ',', 'a', 'cellular', 'transcription', 'factor', 'that', 'interacts', 'with', 'the', 'alpha-globin', 'promoter', 'as', 'well', 'as', 'with', 'additional', 'cellular', 'and', 'viral', 'promoter', 'elements', '.']
55	['B-O', 'B-O', 'B-O', 'B-O', 'B-O', 'B-O', 'B-O', 'B-O', 'B-O', 'B-O', 'B-O', 'B-O', 'B-O', 'B-O', 'B-O', 'B-O', 'B-O', 'B-O', 'B-O', 'B-O', 'B-O', 'B-O', 'B-O', 'B-O', 'B-O', 'B-O', 'B-O', 'B-O', 'B-O']	['expression', 'proteins', 'involved', 'in', 'pre-mrna', 'splicing', 'northern', 'analysis', 'of', 'poly', '(a)', '+', 'rna', 'from', 'various', 'tissues', 'reveals', 'that', 'sbp2', 'was', '#encoded', 'by', 'as', 'many', 'as', 'a', 'gene', 'family', '.']
56	['B-O', 'B-O', 'B-O', 'B-O', 'B-O', 'B-O', 'B-O', 'B-O', 'B-O', 'B-O', 'B-O', 'B-O', 'B-O', 'B-O', 'B-O', 'B-O']	['in', 'plants', 'it', 'is', 'estimated', 'that', 'all', 'six', 'exons', 'may', 'have', '#encoded', 'the', '6-pyruvoyl-tetrahydropterin', 'synthase', '.']
57	['B-O', 'B-O', 'B-O', 'B-O', 'B-O', 'B-O', 'B-O', 'B-O', 'B-O', 'B-O', 'B-O', 'B-O', 'B-O', 'B-O', 'B-O']	['our', 'reseach', 'shows', 'that', 'a', 'multipass', 'integral', 'membrane', 'protein', 'were', '#encoded', 'by', 'a', 'pre-mrna', '.']
58	['B-O', 'B-O', 'B-O', 'B-O', 'B-O', 'B-O', 'B-O', 'B-O', 'B-O', 'B-O', 'B-O', 'B-O', 'B-O', 'B-O', 'B-O', 'B-O', 'B-O', 'B-O', 'B-O', 'B-O', 'B-O', 'B-O', 'B-O', 'B-O', 'B-O', 'B-O', 'B-O', 'B-O', 'B-O', 'B-O']	['a', 'gene', 'family', 'is', 'shown', 'to', 'have', '#encoded', 'proteins', 'involved', 'in', 'pre-mrna', 'splicing', 'and', 'mapped', 'to', 'the', 'smallest', 'deletion', 'region', 'involved', 'in', 'the', 'prader-willi', 'syndrome', '(pws)', 'within', 'chromosome', '15q11-q13', '.']
59	['B-O', 'B-O', 'B-O', 'B-O', 'B-O', 'B-O', 'B-O', 'B-O', 'B-O', 'B-O', 'B-O', 'B-O', 'B-O', 'B-O', 'B-O', 'B-O', 'B-O', 'B-O', 'B-O', 'B-O', 'B-O', 'B-O', 'B-O', 'B-O', 'B-O', 'B-O', 'B-O']	['expression', 'the', '6-pyruvoyl-tetrahydropterin', 'synthase', 'northern', 'analysis', 'of', 'poly', '(a)', '+', 'rna', 'from', 'various', 'tissues', 'reveals', 'that', 'sbp2', 'is', '#encoded', 'by', 'as', 'many', 'as', 'all', 'six', 'exons', '.']
60	['B-O', 'B-O', 'B-O', 'B-O', 'B-O', 'B-O', 'B-O', 'B-O', 'B-O', 'B-O', 'B-O', 'B-O', 'B-O', 'B-O', 'B-O']	['our', 'reseach', 'shows', 'that', 'a', 'gene', 'family', 'have', '#encoded', 'proteins', 'involved', 'in', 'pre-mrna', 'splicing', '.']
61	['B-O', 'B-O', 'B-O', 'B-O', 'B-O', 'B-O', 'B-O', 'B-O', 'B-O', 'B-O', 'B-O', 'B-O', 'B-O', 'B-O', 'B-O', 'B-O', 'B-O', 'B-O', 'B-O', 'B-O', 'B-O', 'B-O', 'B-O', 'B-O', 'B-O', 'B-O', 'B-O', 'B-O', 'B-O', 'B-O', 'B-O', 'B-O', 'B-O', 'B-O', 'B-O', 'B-O', 'B-O', 'B-O', 'B-O', 'B-O', 'B-O', 'B-O', 'B-O', 'B-O', 'B-O', 'B-O', 'B-O', 'B-O', 'B-O', 'B-O']	['a', 'protein', 'of', 'the', 'kdgm', 'family', 'of', 'outer', 'membrane-specific', 'channels', ',', 'a', 'cellular', 'transcription', 'factor', 'that', 'interacts', 'with', 'the', 'alpha-globin', 'promoter', 'as', 'well', 'as', 'with', 'additional', 'cellular', 'and', 'viral', 'promoter', 'elements', ',', 'is', 'shown', 'to', 'be', '#encoded', 'by', 'the', 'escherichia', 'coli', 'yjha', '(renamed', 'nanc)', 'gene', 'which', 'we', 'recently', 'encloned', '.']
62	['B-O', 'B-O', 'B-O', 'B-O', 'B-O', 'B-O', 'B-O', 'B-O', 'B-O', 'B-O', 'B-O', 'B-O', 'B-O', 'B-O', 'B-O', 'B-O', 'B-O', 'B-O', 'B-O', 'B-O', 'B-O', 'B-O']	['expression', 'the', '6-pyruvoyl-tetrahydropterin', 'synthase', 'northern', 'analysis', 'of', 'poly', '(a)', '+', 'rna', 'from', 'various', 'tissues', 'shows', 'that', 'all', 'six', 'exons', '#encode', 'sbp2', '.']
63	['B-O', 'B-O', 'B-O', 'B-O', 'B-O', 'B-O', 'B-O', 'B-O', 'B-O']	['cp2', 'were', '#encoded', 'by', 'murine', 'and', 'human', 'cdnas', '.']
64	['B-O', 'B-O', 'B-O', 'B-O', 'B-O', 'B-O', 'B-O', 'B-O', 'B-O', 'B-O', 'B-O', 'B-O', 'B-O', 'B-O', 'B-O', 'B-O', 'B-O', 'B-O', 'B-O', 'B-O', 'B-O', 'B-O', 'B-O', 'B-O', 'B-O']	['murine', 'and', 'human', 'cdnas', ',', 'which', '#encoded', 'cp2', ',', 'respectively', ',', 'was', 'affected', 'in', 'a', 'reciprocal', 'manner', 'by', 'the', 'osmolarity', 'of', 'the', 'growth', 'medium', '.']
65	['B-O', 'B-O', 'B-O', 'B-O', 'B-O', 'B-O', 'B-O', 'B-O', 'B-O']	['cp2', 'is', '#encoded', 'by', 'murine', 'and', 'human', 'cdnas', '.']
66	['B-O', 'B-O', 'B-O', 'B-O', 'B-O', 'B-O', 'B-O', 'B-O', 'B-O', 'B-O', 'B-O', 'B-O']	['cp2', 'was', 'shown', 'to', 'be', '#encoded', 'by', 'murine', 'and', 'human', 'cdnas', '.']
67	['B-O', 'B-O', 'B-O', 'B-O', 'B-O', 'B-O', 'B-O', 'B-O', 'B-O', 'B-O', 'B-O', 'B-O', 'B-O', 'B-O', 'B-O', 'B-O', 'B-O', 'B-O']	['in', 'plants', 'it', 'is', 'estimated', 'that', 'proteins', 'involved', 'in', 'pre-mrna', 'splicing', 'are', '#encoded', 'by', 'a', 'gene', 'family', '.']
68	['B-O', 'B-O', 'B-O', 'B-O', 'B-O', 'B-O', 'B-O', 'B-O', 'B-O', 'B-O', 'B-O', 'B-O', 'B-O', 'B-O', 'B-O', 'B-O', 'B-O', 'B-O', 'B-O', 'B-O', 'B-O']	['the', 'escherichia', 'coli', 'yjha', '(renamed', 'nanc)', 'gene', 'may', 'have', '#encoded', 'a', 'protein', 'of', 'the', 'kdgm', 'family', 'of', 'outer', 'membrane-specific', 'channels', '.']
69	['B-O', 'B-O', 'B-O', 'B-O', 'B-O', 'B-O', 'B-O', 'B-O', 'B-O', 'B-O', 'B-O', 'B-O', 'B-O', 'B-O', 'B-O', 'B-O', 'B-O', 'B-O', 'B-O', 'B-O']	['the', 'escherichia', 'coli', 'yjha', '(renamed', 'nanc)', 'gene', 'has', '#encoded', 'a', 'protein', 'of', 'the', 'kdgm', 'family', 'of', 'outer', 'membrane-specific', 'channels', '.']
70	['B-O', 'B-O', 'B-O', 'B-O', 'B-O', 'B-O', 'B-O', 'B-O', 'B-O', 'B-O', 'B-O', 'B-O', 'B-O', 'B-O', 'B-O', 'B-O', 'B-O', 'B-O', 'B-O', 'B-O', 'B-O', 'B-O', 'B-O', 'B-O', 'B-O', 'B-O', 'B-O', 'B-O', 'B-O', 'B-O', 'B-O', 'B-O']	['the', 'escherichia', 'coli', 'yjha', '(renamed', 'nanc)', 'gene', 'is', 'able', 'to', '#encode', 'a', 'protein', 'of', 'the', 'kdgm', 'family', 'of', 'outer', 'membrane-specific', 'channels', ',', 'which', 'is', 'involved', 'in', 'l-ascorbate', 'metabolism', 'in', 'escherichia', 'coli', '.']
71	['B-O', 'B-O', 'B-O', 'B-O', 'B-O', 'B-O', 'B-O', 'B-O', 'B-O', 'B-O', 'B-O', 'B-O', 'B-O', 'B-O', 'B-O', 'B-O', 'B-O', 'B-O', 'B-O', 'B-O', 'B-O', 'B-O', 'B-O', 'B-O', 'B-O']	['expression', 'a', 'multipass', 'integral', 'membrane', 'protein', 'northern', 'analysis', 'of', 'poly', '(a)', '+', 'rna', 'from', 'various', 'tissues', 'shows', 'a', 'pre-mrna', 'are', 'shown', 'to', '#encode', 'sbp2', '.']
72	['B-O', 'B-O', 'B-O', 'B-O', 'B-O', 'B-O', 'B-O', 'B-O', 'B-O', 'B-O', 'B-O', 'B-O', 'B-O', 'B-O', 'B-O', 'B-O', 'B-O', 'B-O']	['in', 'plants', 'it', 'is', 'estimated', 'that', 'a', 'multipass', 'integral', 'membrane', 'protein', 'have', 'been', '#encoded', 'by', 'a', 'pre-mrna', '.']
73	['B-O', 'B-O', 'B-O', 'B-O', 'B-O', 'B-O', 'B-O', 'B-O', 'B-O', 'B-O', 'B-O', 'B-O', 'B-O', 'B-O', 'B-O', 'B-O']	['maz', 'may', 'have', '#encoded', 'a', 'transcription', 'factor', 'with', 'dual', 'roles', 'in', 'transcription', 'initiation', 'and', 'termination', '.']
74	['B-O', 'B-O', 'B-O', 'B-O', 'B-O', 'B-O', 'B-O', 'B-O', 'B-O', 'B-O', 'B-O', 'B-O', 'B-O', 'B-O', 'B-O', 'B-O', 'B-O']	['in', 'plants', 'it', 'is', 'estimated', 'that', 'a', 'multipass', 'integral', 'membrane', 'protein', 'are', '#encoded', 'by', 'a', 'pre-mrna', '.']
75	['B-O', 'B-O', 'B-O', 'B-O', 'B-O', 'B-O', 'B-O', 'B-O', 'B-O', 'B-O', 'B-O', 'B-O', 'B-O', 'B-O', 'B-O', 'B-O', 'B-O', 'B-O', 'B-O', 'B-O', 'B-O', 'B-O', 'B-O', 'B-O', 'B-O', 'B-O', 'B-O', 'B-O', 'B-O']	['expression', 'a', 'multipass', 'integral', 'membrane', 'protein', 'northern', 'analysis', 'of', 'poly', '(a)', '+', 'rna', 'from', 'various', 'tissues', 'reveals', 'that', 'sbp2', 'may', 'be', '#encoded', 'by', 'as', 'many', 'as', 'a', 'pre-mrna', '.']
76	['B-O', 'B-O', 'B-O', 'B-O', 'B-O', 'B-O', 'B-O', 'B-O', 'B-O', 'B-O', 'B-O', 'B-O', 'B-O', 'B-O', 'B-O', 'B-O', 'B-O', 'B-O', 'B-O', 'B-O', 'B-O', 'B-O', 'B-O', 'B-O', 'B-O', 'B-O', 'B-O']	['a', 'gene', 'family', 'has', '#encoded', 'proteins', 'involved', 'in', 'pre-mrna', 'splicing', 'and', 'mapped', 'to', 'the', 'smallest', 'deletion', 'region', 'involved', 'in', 'the', 'prader-willi', 'syndrome', '(pws)', 'within', 'chromosome', '15q11-q13', '.']
77	['B-O', 'B-O', 'B-O', 'B-O', 'B-O', 'B-O', 'B-O', 'B-O', 'B-O', 'B-O', 'B-O', 'B-O', 'B-O', 'B-O', 'B-O', 'B-O', 'B-O', 'B-O', 'B-O', 'B-O', 'B-O', 'B-O', 'B-O', 'B-O', 'B-O', 'B-O', 'B-O', 'B-O', 'B-O', 'B-O', 'B-O', 'B-O']	['we', 'recently', 'encloned', 'murine', 'and', 'human', 'cdnas', 'that', '#encoded', 'cp2', ',', 'a', 'cellular', 'transcription', 'factor', 'that', 'interacts', 'with', 'the', 'alpha-globin', 'promoter', 'as', 'well', 'as', 'with', 'additional', 'cellular', 'and', 'viral', 'promoter', 'elements', '.']
78	['B-O', 'B-O', 'B-O', 'B-O', 'B-O', 'B-O', 'B-O', 'B-O', 'B-O', 'B-O', 'B-O', 'B-O', 'B-O', 'B-O', 'B-O', 'B-O', 'B-O']	['in', 'plants', 'it', 'is', 'estimated', 'that', 'the', '6-pyruvoyl-tetrahydropterin', 'synthase', 'have', 'been', '#encoded', 'by', 'all', 'six', 'exons', '.']
79	['B-O', 'B-O', 'B-O', 'B-O', 'B-O', 'B-O', 'B-O', 'B-O', 'B-O', 'B-O', 'B-O', 'B-O', 'B-O', 'B-O', 'B-O', 'B-O', 'B-O', 'B-O', 'B-O', 'B-O', 'B-O', 'B-O', 'B-O', 'B-O', 'B-O', 'B-O', 'B-O', 'B-O', 'B-O', 'B-O', 'B-O', 'B-O', 'B-O', 'B-O', 'B-O', 'B-O', 'B-O', 'B-O']	['cp2', ',', 'a', 'cellular', 'transcription', 'factor', 'that', 'interacts', 'with', 'the', 'alpha-globin', 'promoter', 'as', 'well', 'as', 'with', 'additional', 'cellular', 'and', 'viral', 'promoter', 'elements', ',', 'is', 'shown', 'to', 'be', '#encoded', 'by', 'murine', 'and', 'human', 'cdnas', 'which', 'we', 'recently', 'encloned', '.']
80	['B-O', 'B-O', 'B-O', 'B-O', 'B-O', 'B-O', 'B-O', 'B-O', 'B-O', 'B-O', 'B-O', 'B-O', 'B-O', 'B-O', 'B-O', 'B-O', 'B-O', 'B-O', 'B-O', 'B-O']	['murine', 'and', 'human', 'cdnas', 'is', 'able', 'to', '#encode', 'cp2', ',', 'which', 'is', 'involved', 'in', 'l-ascorbate', 'metabolism', 'in', 'escherichia', 'coli', '.']
81	['B-O', 'B-O', 'B-O', 'B-O', 'B-O', 'B-O', 'B-O', 'B-O', 'B-O', 'B-O', 'B-O', 'B-O', 'B-O', 'B-O', 'B-O', 'B-O', 'B-O', 'B-O', 'B-O', 'B-O', 'B-O', 'B-O', 'B-O', 'B-O', 'B-O', 'B-O', 'B-O', 'B-O']	['maz', 'is', 'believed', 'to', 'have', '#encoded', 'a', 'transcription', 'factor', 'with', 'dual', 'roles', 'in', 'transcription', 'initiation', 'and', 'termination', ',', 'which', 'is', 'involved', 'in', 'l-ascorbate', 'metabolism', 'in', 'escherichia', 'coli', '.']
82	['B-O', 'B-O', 'B-O', 'B-O', 'B-O', 'B-O', 'B-O', 'B-O', 'B-O', 'B-O', 'B-O', 'B-O', 'B-O', 'B-O', 'B-O', 'B-O', 'B-O', 'B-O', 'B-O', 'B-O', 'B-O', 'B-O']	['the', 'escherichia', 'coli', 'yjha', '(renamed', 'nanc)', 'gene', 'is', 'believed', 'to', '#encode', 'a', 'protein', 'of', 'the', 'kdgm', 'family', 'of', 'outer', 'membrane-specific', 'channels', '.']
83	['B-O', 'B-O', 'B-O', 'B-O', 'B-O', 'B-O', 'B-O', 'B-O', 'B-O', 'B-O', 'B-O', 'B-O', 'B-O', 'B-O', 'B-O', 'B-O']	['maz', 'has', 'been', '#encoding', 'a', 'transcription', 'factor', 'with', 'dual', 'roles', 'in', 'transcription', 'initiation', 'and', 'termination', '.']
84	['B-O', 'B-O', 'B-O', 'B-O', 'B-O', 'B-O', 'B-O', 'B-O', 'B-O', 'B-O', 'B-O', 'B-O', 'B-O', 'B-O', 'B-O', 'B-O', 'B-O', 'B-O', 'B-O', 'B-O', 'B-O', 'B-O', 'B-O', 'B-O', 'B-O', 'B-O', 'B-O', 'B-O', 'B-O', 'B-O', 'B-O', 'B-O', 'B-O', 'B-O', 'B-O']	['compound', 'heterozygous', 'or', 'homozygous', 'mutations', 'spread', 'over', 'a', 'gene', 'family', '#encoding', 'proteins', 'involved', 'in', 'pre-mrna', 'splicing', 'cause', 'an', 'autosomal', 'recessively', 'inherited', 'variant', 'of', 'hyperphenylalaninemia', ',', 'mostly', 'accompanied', 'by', 'a', 'deficiency', 'of', 'dopamine', 'and', 'serotonin', '.']
85	['B-O', 'B-O', 'B-O', 'B-O', 'B-O', 'B-O', 'B-O', 'B-O', 'B-O', 'B-O', 'B-O', 'B-O', 'B-O', 'B-O', 'B-O', 'B-O']	['a', 'transcription', 'factor', 'with', 'dual', 'roles', 'in', 'transcription', 'initiation', 'and', 'termination', 'is', '#encoded', 'by', 'maz', '.']
86	['B-O', 'B-O', 'B-O', 'B-O', 'B-O', 'B-O', 'B-O', 'B-O', 'B-O', 'B-O', 'B-O', 'B-O']	['our', 'reseach', 'shows', 'that', 'all', 'six', 'exons', '#encode', 'the', '6-pyruvoyl-tetrahydropterin', 'synthase', '.']
87	['B-O', 'B-O', 'B-O', 'B-O', 'B-O', 'B-O', 'B-O', 'B-O', 'B-O', 'B-O', 'B-O', 'B-O', 'B-O', 'B-O', 'B-O', 'B-O', 'B-O', 'B-O', 'B-O', 'B-O', 'B-O', 'B-O', 'B-O', 'B-O', 'B-O', 'B-O', 'B-O', 'B-O', 'B-O', 'B-O', 'B-O', 'B-O', 'B-O', 'B-O', 'B-O', 'B-O', 'B-O', 'B-O', 'B-O', 'B-O', 'B-O', 'B-O', 'B-O', 'B-O', 'B-O']	['a', 'transcription', 'factor', 'with', 'dual', 'roles', 'in', 'transcription', 'initiation', 'and', 'termination', ',', 'a', 'cellular', 'transcription', 'factor', 'that', 'interacts', 'with', 'the', 'alpha-globin', 'promoter', 'as', 'well', 'as', 'with', 'additional', 'cellular', 'and', 'viral', 'promoter', 'elements', ',', 'is', 'shown', 'to', 'be', '#encoded', 'by', 'maz', 'which', 'we', 'recently', 'encloned', '.']
88	['B-O', 'B-O', 'B-O', 'B-O', 'B-O', 'B-O', 'B-O', 'B-O', 'B-O', 'B-O', 'B-O', 'B-O', 'B-O', 'B-O', 'B-O', 'B-O', 'B-O', 'B-O', 'B-O']	['a', 'transcription', 'factor', 'with', 'dual', 'roles', 'in', 'transcription', 'initiation', 'and', 'termination', 'were', 'shown', 'to', 'be', '#encoded', 'by', 'maz', '.']
89	['B-O', 'B-O', 'B-O', 'B-O', 'B-O', 'B-O', 'B-O', 'B-O', 'B-O', 'B-O', 'B-O', 'B-O', 'B-O', 'B-O', 'B-O', 'B-O', 'B-O']	['a', 'transcription', 'factor', 'with', 'dual', 'roles', 'in', 'transcription', 'initiation', 'and', 'termination', 'have', 'been', '#encoded', 'by', 'maz', '.']
90	['B-O', 'B-O', 'B-O', 'B-O', 'B-O', 'B-O', 'B-O']	['murine', 'and', 'human', 'cdnas', '#encoded', 'cp2', '.']
91	['B-O', 'B-O', 'B-O', 'B-O', 'B-O', 'B-O', 'B-O', 'B-O', 'B-O', 'B-O', 'B-O', 'B-O', 'B-O', 'B-O']	['maz', '#encoded', 'a', 'transcription', 'factor', 'with', 'dual', 'roles', 'in', 'transcription', 'initiation', 'and', 'termination', '.']
92	['B-O', 'B-O', 'B-O', 'B-O', 'B-O', 'B-O', 'B-O', 'B-O', 'B-O', 'B-O', 'B-O', 'B-O', 'B-O', 'B-O', 'B-O', 'B-O', 'B-O', 'B-O']	['all', 'six', 'exons', '#encodes', 'the', '6-pyruvoyl-tetrahydropterin', 'synthase', ',', 'which', 'is', 'involved', 'in', 'l-ascorbate', 'metabolism', 'in', 'escherichia', 'coli', '.']
93	['B-O', 'B-O', 'B-O', 'B-O', 'B-O', 'B-O', 'B-O', 'B-O', 'B-O', 'B-O', 'B-O', 'B-O', 'B-O', 'B-O', 'B-O', 'B-O', 'B-O']	['a', 'transcription', 'factor', 'with', 'dual', 'roles', 'in', 'transcription', 'initiation', 'and', 'termination', 'has', 'been', '#encoded', 'by', 'maz', '.']
94	['B-O', 'B-O', 'B-O', 'B-O', 'B-O', 'B-O', 'B-O', 'B-O', 'B-O', 'B-O', 'B-O', 'B-O', 'B-O', 'B-O', 'B-O', 'B-O', 'B-O']	['murine', 'and', 'human', 'cdnas', '#encoded', 'cp2', ',', 'which', 'is', 'involved', 'in', 'l-ascorbate', 'metabolism', 'in', 'escherichia', 'coli', '.']
95	['B-O', 'B-O', 'B-O', 'B-O', 'B-O', 'B-O', 'B-O', 'B-O', 'B-O', 'B-O', 'B-O', 'B-O', 'B-O', 'B-O', 'B-O', 'B-O', 'B-O', 'B-O', 'B-O', 'B-O', 'B-O', 'B-O', 'B-O', 'B-O', 'B-O', 'B-O']	['this', 'is', 'the', 'first', 'known', 'example', 'of', 'such', 'mutations', 'that', 'has', 'apparently', 'abolished', 'the', 'functional', 'splicing', 'of', 'a', 'pre-mrna', '#encoding', 'a', 'multipass', 'integral', 'membrane', 'protein', '.']
96	['B-O', 'B-O', 'B-O', 'B-O', 'B-O', 'B-O', 'B-O', 'B-O', 'B-O', 'B-O', 'B-O', 'B-O', 'B-O', 'B-O', 'B-O']	['in', 'plants', 'it', 'is', 'estimated', 'that', 'a', 'pre-mrna', '#encode', 'a', 'multipass', 'integral', 'membrane', 'protein', '.']
97	['B-O', 'B-O', 'B-O', 'B-O', 'B-O', 'B-O', 'B-O', 'B-O', 'B-O', 'B-O', 'B-O', 'B-O']	['cp2', 'were', 'shown', 'to', 'be', '#encoded', 'by', 'murine', 'and', 'human', 'cdnas', '.']
98	['B-O', 'B-O', 'B-O', 'B-O', 'B-O', 'B-O', 'B-O', 'B-O', 'B-O', 'B-O', 'B-O', 'B-O', 'B-O', 'B-O', 'B-O', 'B-O', 'B-O', 'B-O', 'B-O', 'B-O']	['it', 'is', 'possible', ',', 'therefore', ',', 'that', 'a', 'gene', 'family', 'are', 'involved', 'in', '#encoding', 'proteins', 'involved', 'in', 'pre-mrna', 'splicing', '.']
99	['B-O', 'B-O', 'B-O', 'B-O', 'B-O', 'B-O', 'B-O', 'B-O', 'B-O', 'B-O', 'B-O', 'B-O', 'B-O', 'B-O', 'B-O', 'B-O', 'B-O', 'B-O', 'B-O', 'B-O', 'B-O', 'B-O', 'B-O', 'B-O', 'B-O', 'B-O', 'B-O', 'B-O', 'B-O', 'B-O', 'B-O', 'B-O', 'B-O', 'B-O', 'B-O', 'B-O', 'B-O', 'B-O', 'B-O', 'B-O']	['proteins', 'involved', 'in', 'pre-mrna', 'splicing', 'have', 'been', '#encoded', 'by', 'a', 'gene', 'family', 'including', 'the', 'human', 'snrpn', '(small', 'nuclear', 'ribonucleoprotein', 'polypeptide', 'n)', 'gene', 'which', 'has', 'mapped', 'to', 'the', 'smallest', 'deletion', 'region', 'involved', 'in', 'the', 'prader-willi', 'syndrome', '(pws)', 'within', 'chromosome', '15q11-q13', '.']
100	['B-O', 'B-O', 'B-O', 'B-O', 'B-O', 'B-O', 'B-O', 'B-O', 'B-O', 'B-O', 'B-O', 'B-O', 'B-O', 'B-O', 'B-O', 'B-O', 'B-O', 'B-O', 'B-O', 'B-O', 'B-O', 'B-O', 'B-O', 'B-O', 'B-O', 'B-O', 'B-O', 'B-O', 'B-O', 'B-O', 'B-O', 'B-O', 'B-O', 'B-O', 'B-O', 'B-O', 'B-O', 'B-O', 'B-O', 'B-O', 'B-O']	['expression', 'a', 'protein', 'that', 'participates', 'in', 'the', 'second', 'step', 'of', 'the', 'splicing', 'reaction', 'northern', 'analysis', 'of', 'poly', '(a)', '+', 'rna', 'from', 'various', 'tissues', 'reveals', 'that', 'sbp2', 'is', '#encoded', 'by', 'as', 'many', 'as', 'the', 'prp17', 'gene', 'of', 'the', 'yeast', 'saccharomyces', 'cerevisiae', '.']
101	['B-O', 'B-O', 'B-O', 'B-O', 'B-O', 'B-O', 'B-O', 'B-O', 'B-O', 'B-O', 'B-O', 'B-O', 'B-O', 'B-O', 'B-O', 'B-O', 'B-O', 'B-O', 'B-O', 'B-O', 'B-O', 'B-O', 'B-O', 'B-O', 'B-O', 'B-O', 'B-O', 'B-O']	['our', 'reseach', 'shows', 'that', 'a', 'protein', 'that', 'participates', 'in', 'the', 'second', 'step', 'of', 'the', 'splicing', 'reaction', 'were', '#encoded', 'by', 'the', 'prp17', 'gene', 'of', 'the', 'yeast', 'saccharomyces', 'cerevisiae', '.']
102	['B-O', 'B-O', 'B-O', 'B-O', 'B-O', 'B-O', 'B-O', 'B-O', 'B-O', 'B-O', 'B-O', 'B-O', 'B-O', 'B-O', 'B-O', 'B-O', 'B-O', 'B-O', 'B-O', 'B-O']	['it', 'is', 'possible', ',', 'therefore', ',', 'that', 'the', 't', '.gondii', 'dhfr-ts', 'region', 'are', 'involved', 'in', '#encoding', 'resistance', 'to', 'wr99210', '.']
103	['B-O', 'B-O', 'B-O', 'B-O', 'B-O', 'B-O', 'B-O', 'B-O', 'B-O', 'B-O', 'B-O', 'B-O', 'B-O', 'B-O']	['the', 'repressor', 'of', 'the', 'yjfr-x', 'regulon', '(ula)', 'is', '#encoded', 'by', 'the', 'gene', 'yjfq', '.']
104	['B-O', 'B-O', 'B-O', 'B-O', 'B-O', 'B-O', 'B-O', 'B-O', 'B-O', 'B-O', 'B-O', 'B-O', 'B-O', 'B-O', 'B-O', 'B-O', 'B-O', 'B-O', 'B-O', 'B-O', 'B-O', 'B-O']	['the', 'prp17', 'gene', 'of', 'the', 'yeast', 'saccharomyces', 'cerevisiae', '#encodes', 'a', 'protein', 'that', 'participated', 'in', 'the', 'second', 'step', 'of', 'the', 'splicing', 'reaction', '.']
105	['B-O', 'B-O', 'B-O', 'B-O', 'B-O', 'B-O', 'B-O', 'B-O', 'B-O', 'B-O', 'B-O', 'B-O', 'B-O', 'B-O', 'B-O', 'B-O', 'B-O', 'B-O', 'B-O', 'B-O', 'B-O', 'B-O']	['the', 'proteins', 'required', 'for', 'utilization', 'of', 'sn-glycerol', '3-phosphate', 'and', 'its', 'precursors', 'has', 'been', '#encoded', 'by', 'the', 'glp', 'regulon', 'of', 'escherichia', 'coli', '.']
106	['B-O', 'B-O', 'B-O', 'B-O', 'B-O', 'B-O', 'B-O', 'B-O', 'B-O', 'B-O', 'B-O', 'B-O', 'B-O', 'B-O', 'B-O', 'B-O', 'B-O', 'B-O', 'B-O', 'B-O', 'B-O', 'B-O']	['the', 'gene', 'yjfq', '#encoded', 'the', 'repressor', 'of', 'the', 'yjfr-x', 'regulon', '(ula)', ',', 'which', 'is', 'involved', 'in', 'l-ascorbate', 'metabolism', 'in', 'escherichia', 'coli', '.']
107	['B-O', 'B-O', 'B-O', 'B-O', 'B-O', 'B-O', 'B-O', 'B-O', 'B-O', 'B-O', 'B-O', 'B-O', 'B-O', 'B-O', 'B-O', 'B-O', 'B-O', 'B-O', 'B-O', 'B-O', 'B-O', 'B-O', 'B-O', 'B-O', 'B-O']	['the', 'gene', 'yjfq', 'is', 'able', 'to', '#encode', 'the', 'repressor', 'of', 'the', 'yjfr-x', 'regulon', '(ula)', ',', 'which', 'is', 'involved', 'in', 'l-ascorbate', 'metabolism', 'in', 'escherichia', 'coli', '.']
108	['B-O', 'B-O', 'B-O', 'B-O', 'B-O', 'B-O', 'B-O', 'B-O', 'B-O', 'B-O', 'B-O', 'B-O', 'B-O', 'B-O', 'B-O', 'B-O', 'B-O', 'B-O', 'B-O', 'B-O', 'B-O', 'B-O', 'B-O', 'B-O', 'B-O', 'B-O', 'B-O', 'B-O', 'B-O', 'B-O', 'B-O', 'B-O', 'B-O', 'B-O', 'B-O']	['it', 'is', 'possible', ',', 'therefore', ',', 'that', 'the', 'prp17', 'gene', 'of', 'the', 'yeast', 'saccharomyces', 'cerevisiae', 'are', 'involved', 'in', 'the', 'process', 'of', '#encoding', 'a', 'protein', 'that', 'participated', 'in', 'the', 'second', 'step', 'of', 'the', 'splicing', 'reaction', '.']
109	['B-O', 'B-O', 'B-O', 'B-O', 'B-O', 'B-O', 'B-O', 'B-O', 'B-O', 'B-O', 'B-O', 'B-O', 'B-O', 'B-O', 'B-O', 'B-O', 'B-O', 'B-O', 'B-O', 'B-O', 'B-O', 'B-O', 'B-O', 'B-O', 'B-O', 'B-O', 'B-O', 'B-O', 'B-O', 'B-O', 'B-O', 'B-O', 'B-O', 'B-O', 'B-O', 'B-O', 'B-O', 'B-O', 'B-O', 'B-O', 'B-O', 'B-O', 'B-O', 'B-O', 'B-O', 'B-O']	['we', 'recently', 'the', 'prp17', 'gene', 'of', 'the', 'yeast', 'saccharomyces', 'cerevisiae', 'that', '#encode', 'a', 'protein', 'that', 'participates', 'in', 'the', 'second', 'step', 'of', 'the', 'splicing', 'reaction', ',', 'a', 'cellular', 'transcription', 'factor', 'that', 'interacts', 'with', 'the', 'alpha-globin', 'promoter', 'as', 'well', 'as', 'with', 'additional', 'cellular', 'and', 'viral', 'promoter', 'elements', '.']
110	['B-O', 'B-O', 'B-O', 'B-O', 'B-O', 'B-O', 'B-O', 'B-O', 'B-O', 'B-O', 'B-O', 'B-O', 'B-O', 'B-O']	['the', 'repressor', 'of', 'the', 'yjfr-x', 'regulon', '(ula)', 'are', '#encoded', 'by', 'the', 'gene', 'yjfq', '.']
111	['B-O', 'B-O', 'B-O', 'B-O', 'B-O', 'B-O', 'B-O', 'B-O', 'B-O', 'B-O', 'B-O', 'B-O', 'B-O', 'B-O', 'B-O', 'B-O', 'B-O', 'B-O', 'B-O', 'B-O', 'B-O', 'B-O']	['resistance', 'to', 'wr99210', 'has', 'been', '#encoded', 'by', 'the', 't', '.gondii', 'dhfr-ts', 'region', 'with', 'bamhi', 'and', 'kpni', 'and', 'replaced', 'with', 'human', 'dhfr', 'mutated']
112	['B-O', 'B-O', 'B-O', 'B-O', 'B-O', 'B-O', 'B-O', 'B-O', 'B-O', 'B-O', 'B-O', 'B-O', 'B-O', 'B-O', 'B-O', 'B-O', 'B-O', 'B-O', 'B-O', 'B-O', 'B-O', 'B-O', 'B-O', 'B-O', 'B-O', 'B-O', 'B-O', 'B-O', 'B-O', 'B-O']	['in', 'this', 'vector', ',', 'the', 't', '.gondii', 'dhfr-ts', 'region', 'that', 'was', 'shown', 'to', '#encode', 'resistance', 'to', 'wr99210', 'is', 'excised', 'with', 'bamhi', 'and', 'kpni', 'and', 'replaced', 'with', 'human', 'dhfr', 'mutated', '.']
113	['B-O', 'B-O', 'B-O', 'B-O', 'B-O', 'B-O', 'B-O', 'B-O', 'B-O', 'B-O', 'B-O', 'B-O', 'B-O', 'B-O', 'B-O', 'B-O', 'B-O', 'B-O', 'B-O', 'B-O', 'B-O', 'B-O', 'B-O', 'B-O', 'B-O', 'B-O', 'B-O', 'B-O', 'B-O', 'B-O']	['the', 'glp', 'regulon', 'of', 'escherichia', 'coli', 'has', '#encoded', 'the', 'proteins', 'required', 'for', 'utilization', 'of', 'sn-glycerol', '3-phosphate', 'and', 'its', 'precursors', ',', 'which', 'is', 'involved', 'in', 'l-ascorbate', 'metabolism', 'in', 'escherichia', 'coli', '.']
114	['B-O', 'B-O', 'B-O', 'B-O', 'B-O', 'B-O', 'B-O', 'B-O', 'B-O', 'B-O', 'B-O', 'B-O', 'B-O', 'B-O', 'B-O', 'B-O', 'B-O', 'B-O', 'B-O', 'B-O', 'B-O', 'B-O', 'B-O', 'B-O', 'B-O', 'B-O', 'B-O', 'B-O', 'B-O', 'B-O', 'B-O', 'B-O', 'B-O', 'B-O', 'B-O', 'B-O', 'B-O', 'B-O']	['we', 'recently', 'encloned', 'the', 'gene', 'yjfq', 'that', 'have', '#encoded', 'the', 'repressor', 'of', 'the', 'yjfr-x', 'regulon', '(ula)', ',', 'a', 'cellular', 'transcription', 'factor', 'that', 'interacts', 'with', 'the', 'alpha-globin', 'promoter', 'as', 'well', 'as', 'with', 'additional', 'cellular', 'and', 'viral', 'promoter', 'elements', '.']
115	['B-O', 'B-O', 'B-O', 'B-O', 'B-O', 'B-O', 'B-O', 'B-O', 'B-O', 'B-O', 'B-O', 'B-O', 'B-O', 'B-O', 'B-O', 'B-O', 'B-O', 'B-O', 'B-O', 'B-O', 'B-O', 'B-O', 'B-O', 'B-O', 'B-O', 'B-O', 'B-O', 'B-O', 'B-O', 'B-O', 'B-O', 'B-O', 'B-O', 'B-O', 'B-O', 'B-O', 'B-O', 'B-O', 'B-O', 'B-O', 'B-O', 'B-O', 'B-O', 'B-O', 'B-O', 'B-O', 'B-O']	['compound', 'heterozygous', 'or', 'homozygous', 'mutations', 'spread', 'over', 'the', 'prp17', 'gene', 'of', 'the', 'yeast', 'saccharomyces', 'cerevisiae', '#encoding', 'a', 'protein', 'that', 'participated', 'in', 'the', 'second', 'step', 'of', 'the', 'splicing', 'reaction', 'cause', 'an', 'autosomal', 'recessively', 'inherited', 'variant', 'of', 'hyperphenylalaninemia', ',', 'mostly', 'accompanied', 'by', 'a', 'deficiency', 'of', 'dopamine', 'and', 'serotonin', '.']
116	['B-O', 'B-O', 'B-O', 'B-O', 'B-O', 'B-O', 'B-O', 'B-O', 'B-O', 'B-O', 'B-O', 'B-O', 'B-O', 'B-O', 'B-O', 'B-O', 'B-O', 'B-O', 'B-O', 'B-O']	['expression', 'sbp2', 'northern', 'analysis', 'of', 'poly', '(a)', '+', 'rna', 'from', 'various', 'tissues', 'shows', 'that', 'three', 'distinct', 'transcripts', '#encode', 'sbp2', '.']
117	['B-O', 'B-O', 'B-O', 'B-O', 'B-O', 'B-O', 'B-O', 'B-O', 'B-O', 'B-O', 'B-O', 'B-O', 'B-O', 'B-O']	['in', 'plants', 'it', 'is', 'estimated', 'that', 'three', 'distinct', 'transcripts', 'may', 'have', '#encoded', 'sbp2', '.']
118	['B-O', 'B-O', 'B-O', 'B-O', 'B-O', 'B-O', 'B-O', 'B-O', 'B-O', 'B-O', 'B-O', 'B-O', 'B-O', 'B-O', 'B-O', 'B-O', 'B-O', 'B-O', 'B-O', 'B-O', 'B-O', 'B-O', 'B-O', 'B-O']	['a', 'protein', 'that', 'participated', 'in', 'the', 'second', 'step', 'of', 'the', 'splicing', 'reaction', 'was', '#encoded', 'by', 'the', 'prp17', 'gene', 'of', 'the', 'yeast', 'saccharomyces', 'cerevisiae', '.']
119	['B-O', 'B-O', 'B-O', 'B-O', 'B-O', 'B-O', 'B-O', 'B-O', 'B-O', 'B-O', 'B-O', 'B-O', 'B-O', 'B-O', 'B-O', 'B-O', 'B-O', 'B-O', 'B-O', 'B-O', 'B-O', 'B-O', 'B-O', 'B-O', 'B-O', 'B-O', 'B-O', 'B-O']	['the', 't', '.gondii', 'dhfr-ts', 'region', ',', 'which', '#encode', 'resistance', 'to', 'wr99210', ',', 'respectively', ',', 'is', 'affected', 'in', 'a', 'reciprocal', 'manner', 'by', 'the', 'osmolarity', 'of', 'the', 'growth', 'medium', '.']
120	['B-O', 'B-O', 'B-O', 'B-O', 'B-O', 'B-O', 'B-O', 'B-O', 'B-O', 'B-O', 'B-O', 'B-O', 'B-O', 'B-O', 'B-O', 'B-O', 'B-O', 'B-O', 'B-O', 'B-O', 'B-O', 'B-O', 'B-O', 'B-O', 'B-O', 'B-O', 'B-O', 'B-O', 'B-O', 'B-O', 'B-O', 'B-O', 'B-O', 'B-O', 'B-O', 'B-O', 'B-O', 'B-O', 'B-O', 'B-O', 'B-O', 'B-O']	['expression', 'a', 'protein', 'that', 'participated', 'in', 'the', 'second', 'step', 'of', 'the', 'splicing', 'reaction', 'northern', 'analysis', 'of', 'poly', '(a)', '+', 'rna', 'from', 'various', 'tissues', 'reveals', 'that', 'sbp2', 'has', 'been', '#encoded', 'by', 'as', 'many', 'as', 'the', 'prp17', 'gene', 'of', 'the', 'yeast', 'saccharomyces', 'cerevisiae', '.']
121	['B-O', 'B-O', 'B-O', 'B-O', 'B-O', 'B-O', 'B-O', 'B-O', 'B-O', 'B-O', 'B-O', 'B-O', 'B-O', 'B-O', 'B-O', 'B-O', 'B-O', 'B-O', 'B-O', 'B-O', 'B-O', 'B-O', 'B-O', 'B-O', 'B-O', 'B-O', 'B-O', 'B-O', 'B-O', 'B-O', 'B-O', 'B-O', 'B-O', 'B-O', 'B-O', 'B-O', 'B-O']	['expression', 'a', 'protein', 'that', 'participated', 'in', 'the', 'second', 'step', 'of', 'the', 'splicing', 'reaction', 'northern', 'analysis', 'of', 'poly', '(a)', '+', 'rna', 'from', 'various', 'tissues', 'shows', 'that', 'the', 'prp17', 'gene', 'of', 'the', 'yeast', 'saccharomyces', 'cerevisiae', 'have', '#encoded', 'sbp2', '.']
122	['B-O', 'B-O', 'B-O', 'B-O', 'B-O', 'B-O', 'B-O', 'B-O', 'B-O', 'B-O', 'B-O', 'B-O', 'B-O', 'B-O', 'B-O', 'B-O', 'B-O', 'B-O', 'B-O', 'B-O', 'B-O', 'B-O', 'B-O', 'B-O', 'B-O', 'B-O', 'B-O', 'B-O', 'B-O', 'B-O', 'B-O', 'B-O', 'B-O', 'B-O', 'B-O', 'B-O', 'B-O']	['expression', 'a', 'protein', 'that', 'participates', 'in', 'the', 'second', 'step', 'of', 'the', 'splicing', 'reaction', 'northern', 'analysis', 'of', 'poly', '(a)', '+', 'rna', 'from', 'various', 'tissues', 'shows', 'that', 'the', 'prp17', 'gene', 'of', 'the', 'yeast', 'saccharomyces', 'cerevisiae', 'have', '#encoded', 'sbp2', '.']
123	['B-O', 'B-O', 'B-O', 'B-O', 'B-O', 'B-O', 'B-O', 'B-O', 'B-O', 'B-O', 'B-O', 'B-O', 'B-O', 'B-O']	['the', 'gene', 'yjfq', 'has', 'been', '#encoding', 'the', 'repressor', 'of', 'the', 'yjfr-x', 'regulon', '(ula)', '.']
124	['B-O', 'B-O', 'B-O', 'B-O', 'B-O', 'B-O', 'B-O', 'B-O', 'B-O', 'B-O', 'B-O', 'B-O', 'B-O']	['the', 'gene', 'yjfq', 'will', '#encode', 'the', 'repressor', 'of', 'the', 'yjfr-x', 'regulon', '(ula)', '.']
125	['B-O', 'B-O', 'B-O', 'B-O', 'B-O', 'B-O', 'B-O', 'B-O', 'B-O', 'B-O', 'B-O', 'B-O', 'B-O', 'B-O', 'B-O', 'B-O', 'B-O', 'B-O', 'B-O', 'B-O', 'B-O', 'B-O', 'B-O', 'B-O']	['the', 'proteins', 'required', 'for', 'utilization', 'of', 'sn-glycerol', '3-phosphate', 'and', 'its', 'precursors', 'was', 'shown', 'to', 'be', '#encoded', 'by', 'the', 'glp', 'regulon', 'of', 'escherichia', 'coli', '.']
126	['B-O', 'B-O', 'B-O', 'B-O', 'B-O', 'B-O', 'B-O', 'B-O', 'B-O', 'B-O', 'B-O', 'B-O', 'B-O', 'B-O', 'B-O', 'B-O', 'B-O', 'B-O', 'B-O', 'B-O', 'B-O', 'B-O', 'B-O', 'B-O', 'B-O', 'B-O', 'B-O', 'B-O', 'B-O', 'B-O', 'B-O']	['in', 'plants', 'it', 'is', 'estimated', 'that', 'a', 'protein', 'that', 'participated', 'in', 'the', 'second', 'step', 'of', 'the', 'splicing', 'reaction', 'have', 'been', '#encoded', 'by', 'the', 'prp17', 'gene', 'of', 'the', 'yeast', 'saccharomyces', 'cerevisiae', '.']
127	['B-O', 'B-O', 'B-O', 'B-O', 'B-O', 'B-O', 'B-O', 'B-O', 'B-O', 'B-O', 'B-O', 'B-O', 'B-O', 'B-O', 'B-O', 'B-O', 'B-O', 'B-O', 'B-O', 'B-O', 'B-O', 'B-O', 'B-O', 'B-O', 'B-O', 'B-O']	['expression', 'sbp2', 'northern', 'analysis', 'of', 'poly', '(a)', '+', 'rna', 'from', 'various', 'tissues', 'reveals', 'that', 'sbp2', 'has', 'been', '#encoded', 'by', 'as', 'many', 'as', 'three', 'distinct', 'transcripts', '.']
128	['B-O', 'B-O', 'B-O', 'B-O', 'B-O', 'B-O', 'B-O', 'B-O', 'B-O', 'B-O', 'B-O', 'B-O', 'B-O', 'B-O', 'B-O', 'B-O', 'B-O', 'B-O', 'B-O', 'B-O', 'B-O', 'B-O', 'B-O', 'B-O', 'B-O', 'B-O', 'B-O', 'B-O', 'B-O', 'B-O']	['expression', 'resistance', 'to', 'wr99210', 'northern', 'analysis', 'of', 'poly', '(a)', '+', 'rna', 'from', 'various', 'tissues', 'reveals', 'that', 'sbp2', 'has', 'been', '#encoded', 'by', 'as', 'many', 'as', 'the', 't', '.gondii', 'dhfr-ts', 'region', '.']
129	['B-O', 'B-O', 'B-O', 'B-O', 'B-O', 'B-O', 'B-O', 'B-O', 'B-O', 'B-O', 'B-O', 'B-O', 'B-O', 'B-O', 'B-O', 'B-O', 'B-O', 'B-O', 'B-O', 'B-O', 'B-O', 'B-O', 'B-O', 'B-O', 'B-O', 'B-O', 'B-O', 'B-O', 'B-O', 'B-O', 'B-O', 'B-O', 'B-O', 'B-O', 'B-O', 'B-O']	['it', 'is', 'possible', ',', 'therefore', ',', 'that', 'the', 'prp17', 'gene', 'of', 'the', 'yeast', 'saccharomyces', 'cerevisiae', 'are', 'involved', 'in', 'regulating', 'its', 'expression', 'of', '#encoding', 'a', 'protein', 'that', 'participates', 'in', 'the', 'second', 'step', 'of', 'the', 'splicing', 'reaction', '.']
130	['B-O', 'B-O', 'B-O', 'B-O', 'B-O', 'B-O', 'B-O', 'B-O', 'B-O', 'B-O', 'B-O', 'B-O', 'B-O', 'B-O', 'B-O', 'B-O', 'B-O', 'B-O', 'B-O', 'B-O', 'B-O', 'B-O', 'B-O', 'B-O', 'B-O', 'B-O', 'B-O', 'B-O', 'B-O']	['the', 'gene', 'yjfq', ',', '#encoding', 'the', 'repressor', 'of', 'the', 'yjfr-x', 'regulon', '(ula)', ',', 'respectively', ',', 'is', 'affected', 'in', 'a', 'reciprocal', 'manner', 'by', 'the', 'osmolarity', 'of', 'the', 'growth', 'medium', '.']
131	['B-O', 'B-O', 'B-O', 'B-O', 'B-O', 'B-O', 'B-O', 'B-O', 'B-O', 'B-O', 'B-O', 'B-O', 'B-O', 'B-O', 'B-O', 'B-O', 'B-O', 'B-O', 'B-O', 'B-O', 'B-O', 'B-O', 'B-O', 'B-O', 'B-O', 'B-O', 'B-O', 'B-O', 'B-O', 'B-O', 'B-O', 'B-O', 'B-O', 'B-O', 'B-O']	['it', 'is', 'possible', ',', 'therefore', ',', 'that', 'the', 'prp17', 'gene', 'of', 'the', 'yeast', 'saccharomyces', 'cerevisiae', 'are', 'involved', 'in', 'the', 'process', 'of', '#encoding', 'a', 'protein', 'that', 'participates', 'in', 'the', 'second', 'step', 'of', 'the', 'splicing', 'reaction', '.']
132	['B-O', 'B-O', 'B-O', 'B-O', 'B-O', 'B-O', 'B-O', 'B-O', 'B-O', 'B-O', 'B-O', 'B-O', 'B-O', 'B-O', 'B-O', 'B-O', 'B-O', 'B-O', 'B-O', 'B-O', 'B-O', 'B-O', 'B-O', 'B-O', 'B-O', 'B-O', 'B-O', 'B-O', 'B-O', 'B-O', 'B-O', 'B-O']	['the', 'glp', 'regulon', 'of', 'escherichia', 'coli', 'is', 'shown', 'to', '#encode', 'the', 'proteins', 'required', 'for', 'utilization', 'of', 'sn-glycerol', '3-phosphate', 'and', 'its', 'precursors', ',', 'which', 'is', 'involved', 'in', 'l-ascorbate', 'metabolism', 'in', 'escherichia', 'coli', '.']
133	['B-O', 'B-O', 'B-O', 'B-O', 'B-O', 'B-O', 'B-O', 'B-O', 'B-O', 'B-O', 'B-O', 'B-O', 'B-O', 'B-O', 'B-O', 'B-O', 'B-O', 'B-O', 'B-O', 'B-O', 'B-O', 'B-O', 'B-O', 'B-O', 'B-O', 'B-O', 'B-O', 'B-O', 'B-O', 'B-O', 'B-O', 'B-O']	['it', 'is', 'possible', ',', 'therefore', ',', 'that', 'the', 'prp17', 'gene', 'of', 'the', 'yeast', 'saccharomyces', 'cerevisiae', 'are', 'involved', 'in', '#encoding', 'a', 'protein', 'that', 'participated', 'in', 'the', 'second', 'step', 'of', 'the', 'splicing', 'reaction', '.']
134	['B-O', 'B-O', 'B-O', 'B-O', 'B-O', 'B-O', 'B-O', 'B-O', 'B-O', 'B-O', 'B-O', 'B-O', 'B-O', 'B-O', 'B-O', 'B-O', 'B-O']	['in', 'plants', 'it', 'is', 'estimated', 'that', 'the', 't', '.gondii', 'dhfr-ts', 'region', 'have', '#encoded', 'resistance', 'to', 'wr99210', '.']
135	['B-O', 'B-O', 'B-O', 'B-O', 'B-O', 'B-O', 'B-O', 'B-O', 'B-O', 'B-O', 'B-O', 'B-O', 'B-O', 'B-O', 'B-O', 'B-O', 'B-O', 'B-O', 'B-O', 'B-O', 'B-O', 'B-O', 'B-O', 'B-O']	['three', 'distinct', 'transcripts', ',', 'which', '#encode', 'sbp2', ',', 'respectively', ',', 'is', 'affected', 'in', 'a', 'reciprocal', 'manner', 'by', 'the', 'osmolarity', 'of', 'the', 'growth', 'medium', '.']
136	['B-O', 'B-O', 'B-O', 'B-O', 'B-O', 'B-O', 'B-O', 'B-O', 'B-O', 'B-O', 'B-O', 'B-O', 'B-O', 'B-O', 'B-O', 'B-O', 'B-O', 'B-O', 'B-O', 'B-O', 'B-O', 'B-O']	['the', 'proteins', 'required', 'for', 'utilization', 'of', 'sn-glycerol', '3-phosphate', 'and', 'its', 'precursors', 'have', 'been', '#encoded', 'by', 'the', 'glp', 'regulon', 'of', 'escherichia', 'coli', '.']
137	['B-O', 'B-O', 'B-O', 'B-O', 'B-O', 'B-O', 'B-O', 'B-O', 'B-O', 'B-O', 'B-O', 'B-O', 'B-O', 'B-O', 'B-O', 'B-O', 'B-O', 'B-O', 'B-O', 'B-O']	['the', 'glp', 'regulon', 'of', 'escherichia', 'coli', 'will', '#encode', 'the', 'proteins', 'required', 'for', 'utilization', 'of', 'sn-glycerol', '3-phosphate', 'and', 'its', 'precursors', '.']
138	['B-O', 'B-O', 'B-O', 'B-O', 'B-O', 'B-O', 'B-O', 'B-O', 'B-O', 'B-O', 'B-O', 'B-O', 'B-O', 'B-O', 'B-O', 'B-O', 'B-O', 'B-O', 'B-O', 'B-O', 'B-O', 'B-O', 'B-O', 'B-O', 'B-O', 'B-O', 'B-O']	['a', 'protein', 'that', 'participates', 'in', 'the', 'second', 'step', 'of', 'the', 'splicing', 'reaction', 'is', 'shown', 'to', 'be', '#encoded', 'by', 'the', 'prp17', 'gene', 'of', 'the', 'yeast', 'saccharomyces', 'cerevisiae', '.']
139	['B-O', 'B-O', 'B-O', 'B-O', 'B-O', 'B-O', 'B-O', 'B-O', 'B-O', 'B-O', 'B-O', 'B-O', 'B-O', 'B-O', 'B-O']	['in', 'plants', 'it', 'is', 'estimated', 'that', 'three', 'distinct', 'transcripts', 'are', 'able', 'to', '#encode', 'sbp2', '.']
140	['B-O', 'B-O', 'B-O', 'B-O', 'B-O', 'B-O', 'B-O', 'B-O', 'B-O', 'B-O', 'B-O', 'B-O', 'B-O', 'B-O', 'B-O', 'B-O', 'B-O', 'B-O', 'B-O', 'B-O', 'B-O', 'B-O', 'B-O', 'B-O', 'B-O', 'B-O', 'B-O', 'B-O']	['our', 'reseach', 'shows', 'that', 'a', 'protein', 'that', 'participated', 'in', 'the', 'second', 'step', 'of', 'the', 'splicing', 'reaction', 'are', '#encoded', 'by', 'the', 'prp17', 'gene', 'of', 'the', 'yeast', 'saccharomyces', 'cerevisiae', '.']
141	['B-O', 'B-O', 'B-O', 'B-O', 'B-O', 'B-O', 'B-O', 'B-O', 'B-O', 'B-O', 'B-O', 'B-O', 'B-O', 'B-O', 'B-O', 'B-O', 'B-O', 'B-O', 'B-O', 'B-O', 'B-O', 'B-O']	['the', 'prp17', 'gene', 'of', 'the', 'yeast', 'saccharomyces', 'cerevisiae', '#encodes', 'a', 'protein', 'that', 'participates', 'in', 'the', 'second', 'step', 'of', 'the', 'splicing', 'reaction', '.']
142	['B-O', 'B-O', 'B-O', 'B-O', 'B-O', 'B-O', 'B-O', 'B-O', 'B-O', 'B-O', 'B-O', 'B-O', 'B-O', 'B-O', 'B-O', 'B-O', 'B-O', 'B-O', 'B-O', 'B-O', 'B-O', 'B-O', 'B-O', 'B-O', 'B-O', 'B-O', 'B-O', 'B-O']	['our', 'reseach', 'shows', 'that', 'a', 'protein', 'that', 'participated', 'in', 'the', 'second', 'step', 'of', 'the', 'splicing', 'reaction', 'were', '#encoded', 'by', 'the', 'prp17', 'gene', 'of', 'the', 'yeast', 'saccharomyces', 'cerevisiae', '.']
143	['B-O', 'B-O', 'B-O', 'B-O', 'B-O', 'B-O', 'B-O', 'B-O', 'B-O', 'B-O', 'B-O', 'B-O', 'B-O', 'B-O', 'B-O', 'B-O', 'B-O', 'B-O', 'B-O', 'B-O', 'B-O']	['the', 'proteins', 'required', 'for', 'utilization', 'of', 'sn-glycerol', '3-phosphate', 'and', 'its', 'precursors', 'is', '#encoded', 'by', 'the', 'glp', 'regulon', 'of', 'escherichia', 'coli', '.']
144	['B-O', 'B-O', 'B-O', 'B-O', 'B-O', 'B-O', 'B-O', 'B-O', 'B-O', 'B-O', 'B-O', 'B-O', 'B-O', 'B-O', 'B-O', 'B-O', 'B-O', 'B-O', 'B-O', 'B-O', 'B-O', 'B-O', 'B-O', 'B-O', 'B-O', 'B-O', 'B-O']	['expression', 'resistance', 'to', 'wr99210', 'northern', 'analysis', 'of', 'poly', '(a)', '+', 'rna', 'from', 'various', 'tissues', 'shows', 'the', 't', '.gondii', 'dhfr-ts', 'region', 'are', 'shown', 'to', 'have', '#encoded', 'sbp2', '.']
145	['B-O', 'B-O', 'B-O', 'B-O', 'B-O', 'B-O', 'B-O', 'B-O', 'B-O', 'B-O', 'B-O', 'B-O', 'B-O', 'B-O', 'B-O', 'B-O', 'B-O', 'B-O', 'B-O', 'B-O', 'B-O', 'B-O', 'B-O', 'B-O', 'B-O', 'B-O']	['expression', 'resistance', 'to', 'wr99210', 'northern', 'analysis', 'of', 'poly', '(a)', '+', 'rna', 'from', 'various', 'tissues', 'shows', 'the', 't', '.gondii', 'dhfr-ts', 'region', 'are', 'shown', 'to', '#encode', 'sbp2', '.']
146	['B-O', 'B-O', 'B-O', 'B-O', 'B-O', 'B-O', 'B-O', 'B-O', 'B-O', 'B-O', 'B-O', 'B-O', 'B-O', 'B-O', 'B-O', 'B-O', 'B-O', 'B-O', 'B-O', 'B-O', 'B-O', 'B-O', 'B-O', 'B-O']	['the', 'prp17', 'gene', 'of', 'the', 'yeast', 'saccharomyces', 'cerevisiae', 'may', 'have', '#encoded', 'a', 'protein', 'that', 'participated', 'in', 'the', 'second', 'step', 'of', 'the', 'splicing', 'reaction', '.']
147	['B-O', 'B-O', 'B-O', 'B-O', 'B-O', 'B-O', 'B-O', 'B-O', 'B-O', 'B-O', 'B-O', 'B-O', 'B-O', 'B-O', 'B-O', 'B-O', 'B-O', 'B-O', 'B-O', 'B-O', 'B-O', 'B-O', 'B-O', 'B-O', 'B-O', 'B-O', 'B-O', 'B-O', 'B-O', 'B-O', 'B-O', 'B-O', 'B-O', 'B-O', 'B-O', 'B-O', 'B-O', 'B-O', 'B-O', 'B-O', 'B-O', 'B-O', 'B-O', 'B-O', 'B-O', 'B-O']	['we', 'recently', 'the', 'prp17', 'gene', 'of', 'the', 'yeast', 'saccharomyces', 'cerevisiae', 'that', '#encode', 'a', 'protein', 'that', 'participated', 'in', 'the', 'second', 'step', 'of', 'the', 'splicing', 'reaction', ',', 'a', 'cellular', 'transcription', 'factor', 'that', 'interacts', 'with', 'the', 'alpha-globin', 'promoter', 'as', 'well', 'as', 'with', 'additional', 'cellular', 'and', 'viral', 'promoter', 'elements', '.']
148	['B-O', 'B-O', 'B-O', 'B-O', 'B-O', 'B-O', 'B-O', 'B-O', 'B-O', 'B-O', 'B-O', 'B-O', 'B-O', 'B-O', 'B-O', 'B-O', 'B-O', 'B-O', 'B-O', 'B-O', 'B-O', 'B-O']	['the', 'glp', 'regulon', 'of', 'escherichia', 'coli', 'is', 'shown', 'to', '#encode', 'the', 'proteins', 'required', 'for', 'utilization', 'of', 'sn-glycerol', '3-phosphate', 'and', 'its', 'precursors', '.']
149	['B-O', 'B-O', 'B-O', 'B-O', 'B-O', 'B-O', 'B-O', 'B-O', 'B-O', 'B-O', 'B-O', 'B-O']	['our', 'reseach', 'shows', 'that', 'sbp2', 'are', '#encoded', 'by', 'three', 'distinct', 'transcripts', '.']
150	['B-O', 'B-O', 'B-O', 'B-O', 'B-O', 'B-O', 'B-O', 'B-O', 'B-O', 'B-O', 'B-O', 'B-O', 'B-O', 'B-O', 'B-O', 'B-O', 'B-O', 'B-O', 'B-O', 'B-O', 'B-O', 'B-O', 'B-O', 'B-O', 'B-O', 'B-O', 'B-O', 'B-O', 'B-O', 'B-O', 'B-O']	['in', 'plants', 'it', 'is', 'estimated', 'that', 'the', 'prp17', 'gene', 'of', 'the', 'yeast', 'saccharomyces', 'cerevisiae', 'are', 'able', 'to', '#encode', 'a', 'protein', 'that', 'participates', 'in', 'the', 'second', 'step', 'of', 'the', 'splicing', 'reaction', '.']
151	['B-O', 'B-O', 'B-O', 'B-O', 'B-O', 'B-O', 'B-O', 'B-O', 'B-O', 'B-O', 'B-O', 'B-O', 'B-O', 'B-O']	['the', 'gene', 'yjfq', 'may', 'have', '#encoded', 'the', 'repressor', 'of', 'the', 'yjfr-x', 'regulon', '(ula)', '.']
152	['B-O', 'B-O', 'B-O', 'B-O', 'B-O', 'B-O', 'B-O', 'B-O', 'B-O', 'B-O', 'B-O', 'B-O', 'B-O', 'B-O', 'B-O', 'B-O', 'B-O', 'B-O', 'B-O', 'B-O', 'B-O', 'B-O', 'B-O', 'B-O', 'B-O', 'B-O', 'B-O', 'B-O', 'B-O', 'B-O']	['in', 'plants', 'it', 'is', 'estimated', 'that', 'the', 'prp17', 'gene', 'of', 'the', 'yeast', 'saccharomyces', 'cerevisiae', 'may', 'have', '#encoded', 'a', 'protein', 'that', 'participated', 'in', 'the', 'second', 'step', 'of', 'the', 'splicing', 'reaction', '.']
153	['B-O', 'B-O', 'B-O', 'B-O', 'B-O', 'B-O', 'B-O', 'B-O', 'B-O', 'B-O', 'B-O', 'B-O', 'B-O', 'B-O']	['the', 'repressor', 'of', 'the', 'yjfr-x', 'regulon', '(ula)', 'was', '#encoded', 'by', 'the', 'gene', 'yjfq', '.']
154	['B-O', 'B-O', 'B-O', 'B-O', 'B-O', 'B-O', 'B-O', 'B-O', 'B-O', 'B-O', 'B-O', 'B-O', 'B-O', 'B-O', 'B-O', 'B-O', 'B-O', 'B-O', 'B-O', 'B-O', 'B-O', 'B-O', 'B-O', 'B-O', 'B-O']	['expression', 'resistance', 'to', 'wr99210', 'northern', 'analysis', 'of', 'poly', '(a)', '+', 'rna', 'from', 'various', 'tissues', 'shows', 'that', 'the', 't', '.gondii', 'dhfr-ts', 'region', 'have', '#encoded', 'sbp2', '.']
155	['B-O', 'B-O', 'B-O', 'B-O', 'B-O', 'B-O', 'B-O', 'B-O', 'B-O', 'B-O', 'B-O', 'B-O', 'B-O', 'B-O', 'B-O', 'B-O', 'B-O', 'B-O', 'B-O', 'B-O', 'B-O', 'B-O', 'B-O', 'B-O', 'B-O', 'B-O', 'B-O']	['our', 'reseach', 'shows', 'that', 'the', 'prp17', 'gene', 'of', 'the', 'yeast', 'saccharomyces', 'cerevisiae', 'have', '#encoded', 'a', 'protein', 'that', 'participated', 'in', 'the', 'second', 'step', 'of', 'the', 'splicing', 'reaction', '.']
156	['B-O', 'B-O', 'B-O', 'B-O', 'B-O', 'B-O', 'B-O', 'B-O', 'B-O', 'B-O', 'B-O', 'B-O', 'B-O', 'B-O', 'B-O', 'B-O', 'B-O', 'B-O', 'B-O', 'B-O', 'B-O']	['the', 'proteins', 'required', 'for', 'utilization', 'of', 'sn-glycerol', '3-phosphate', 'and', 'its', 'precursors', 'was', '#encoded', 'by', 'the', 'glp', 'regulon', 'of', 'escherichia', 'coli', '.']
157	['B-O', 'B-O', 'B-O', 'B-O', 'B-O', 'B-O', 'B-O', 'B-O', 'B-O', 'B-O', 'B-O', 'B-O', 'B-O', 'B-O', 'B-O', 'B-O', 'B-O', 'B-O', 'B-O', 'B-O', 'B-O', 'B-O', 'B-O', 'B-O', 'B-O', 'B-O', 'B-O', 'B-O', 'B-O', 'B-O', 'B-O', 'B-O', 'B-O', 'B-O', 'B-O', 'B-O', 'B-O', 'B-O']	['expression', 'a', 'protein', 'that', 'participates', 'in', 'the', 'second', 'step', 'of', 'the', 'splicing', 'reaction', 'northern', 'analysis', 'of', 'poly', '(a)', '+', 'rna', 'from', 'various', 'tissues', 'shows', 'the', 'prp17', 'gene', 'of', 'the', 'yeast', 'saccharomyces', 'cerevisiae', 'are', 'shown', 'to', '#encode', 'sbp2', '.']
158	['B-O', 'B-O', 'B-O', 'B-O', 'B-O', 'B-O', 'B-O', 'B-O', 'B-O', 'B-O', 'B-O', 'B-O', 'B-O', 'B-O', 'B-O', 'B-O', 'B-O']	['the', 'repressor', 'of', 'the', 'yjfr-x', 'regulon', '(ula)', 'was', 'shown', 'to', 'be', '#encoded', 'by', 'the', 'gene', 'yjfq', '.']
159	['B-O', 'B-O', 'B-O', 'B-O', 'B-O', 'B-O', 'B-O', 'B-O', 'B-O', 'B-O', 'B-O', 'B-O', 'B-O', 'B-O', 'B-O', 'B-O', 'B-O', 'B-O', 'B-O', 'B-O', 'B-O', 'B-O', 'B-O', 'B-O', 'B-O']	['a', 'protein', 'that', 'participates', 'in', 'the', 'second', 'step', 'of', 'the', 'splicing', 'reaction', 'has', 'been', '#encoded', 'by', 'the', 'prp17', 'gene', 'of', 'the', 'yeast', 'saccharomyces', 'cerevisiae', '.']
160	['B-O', 'B-O', 'B-O', 'B-O', 'B-O', 'B-O', 'B-O', 'B-O', 'B-O', 'B-O', 'B-O', 'B-O', 'B-O', 'B-O', 'B-O', 'B-O', 'B-O']	['the', 'repressor', 'of', 'the', 'yjfr-x', 'regulon', '(ula)', 'were', 'shown', 'to', 'be', '#encoded', 'by', 'the', 'gene', 'yjfq', '.']
161	['B-O', 'B-O', 'B-O', 'B-O', 'B-O', 'B-O', 'B-O', 'B-O', 'B-O', 'B-O', 'B-O']	['the', 't', '.gondii', 'dhfr-ts', 'region', 'may', '#encode', 'resistance', 'to', 'wr99210', '.']
162	['B-O', 'B-O', 'B-O', 'B-O', 'B-O', 'B-O', 'B-O', 'B-O', 'B-O', 'B-O', 'B-O', 'B-O', 'B-O', 'B-O', 'B-O', 'B-O', 'B-O', 'B-O', 'B-O', 'B-O', 'B-O', 'B-O']	['expression', 'sbp2', 'northern', 'analysis', 'of', 'poly', '(a)', '+', 'rna', 'from', 'various', 'tissues', 'shows', 'three', 'distinct', 'transcripts', 'are', 'shown', 'to', '#encode', 'sbp2', '.']
163	['B-O', 'B-O', 'B-O', 'B-O', 'B-O', 'B-O', 'B-O', 'B-O', 'B-O', 'B-O', 'B-O', 'B-O', 'B-O', 'B-O', 'B-O']	['the', 'repressor', 'of', 'the', 'yjfr-x', 'regulon', '(ula)', 'have', 'been', '#encoded', 'by', 'the', 'gene', 'yjfq', '.']
164	['B-O', 'B-O', 'B-O', 'B-O', 'B-O', 'B-O', 'B-O', 'B-O', 'B-O', 'B-O', 'B-O', 'B-O', 'B-O', 'B-O', 'B-O', 'B-O', 'B-O', 'B-O', 'B-O', 'B-O', 'B-O', 'B-O', 'B-O', 'B-O', 'B-O', 'B-O', 'B-O', 'B-O', 'B-O', 'B-O', 'B-O', 'B-O', 'B-O', 'B-O', 'B-O', 'B-O', 'B-O', 'B-O', 'B-O', 'B-O', 'B-O']	['expression', 'a', 'protein', 'that', 'participated', 'in', 'the', 'second', 'step', 'of', 'the', 'splicing', 'reaction', 'northern', 'analysis', 'of', 'poly', '(a)', '+', 'rna', 'from', 'various', 'tissues', 'reveals', 'that', 'sbp2', 'is', '#encoded', 'by', 'as', 'many', 'as', 'the', 'prp17', 'gene', 'of', 'the', 'yeast', 'saccharomyces', 'cerevisiae', '.']
165	['B-O', 'B-O', 'B-O', 'B-O', 'B-O', 'B-O', 'B-O', 'B-O', 'B-O', 'B-O', 'B-O', 'B-O', 'B-O', 'B-O', 'B-O', 'B-O', 'B-O', 'B-O', 'B-O', 'B-O', 'B-O', 'B-O', 'B-O']	['the', 'prp17', 'gene', 'of', 'the', 'yeast', 'saccharomyces', 'cerevisiae', 'has', '#encoded', 'a', 'protein', 'that', 'participated', 'in', 'the', 'second', 'step', 'of', 'the', 'splicing', 'reaction', '.']
166	['B-O', 'B-O', 'B-O', 'B-O', 'B-O', 'B-O', 'B-O', 'B-O', 'B-O', 'B-O', 'B-O', 'B-O', 'B-O', 'B-O', 'B-O', 'B-O', 'B-O', 'B-O', 'B-O', 'B-O', 'B-O', 'B-O', 'B-O', 'B-O', 'B-O', 'B-O', 'B-O', 'B-O', 'B-O', 'B-O', 'B-O', 'B-O', 'B-O', 'B-O', 'B-O', 'B-O', 'B-O', 'B-O', 'B-O', 'B-O']	['the', 'prp17', 'gene', 'of', 'the', 'yeast', 'saccharomyces', 'cerevisiae', ',', 'which', '#encode', 'a', 'protein', 'that', 'participates', 'in', 'the', 'second', 'step', 'of', 'the', 'splicing', 'reaction', ',', 'respectively', ',', 'is', 'affected', 'in', 'a', 'reciprocal', 'manner', 'by', 'the', 'osmolarity', 'of', 'the', 'growth', 'medium', '.']
167	['B-O', 'B-O', 'B-O', 'B-O', 'B-O', 'B-O', 'B-O', 'B-O', 'B-O', 'B-O', 'B-O', 'B-O', 'B-O', 'B-O', 'B-O', 'B-O', 'B-O', 'B-O', 'B-O', 'B-O', 'B-O', 'B-O', 'B-O', 'B-O', 'B-O', 'B-O', 'B-O', 'B-O', 'B-O', 'B-O', 'B-O', 'B-O', 'B-O', 'B-O', 'B-O', 'B-O', 'B-O', 'B-O', 'B-O', 'B-O', 'B-O', 'B-O']	['expression', 'a', 'protein', 'that', 'participates', 'in', 'the', 'second', 'step', 'of', 'the', 'splicing', 'reaction', 'northern', 'analysis', 'of', 'poly', '(a)', '+', 'rna', 'from', 'various', 'tissues', 'reveals', 'that', 'sbp2', 'may', 'be', '#encoded', 'by', 'as', 'many', 'as', 'the', 'prp17', 'gene', 'of', 'the', 'yeast', 'saccharomyces', 'cerevisiae', '.']
168	['B-O', 'B-O', 'B-O', 'B-O', 'B-O', 'B-O', 'B-O', 'B-O', 'B-O', 'B-O', 'B-O', 'B-O', 'B-O', 'B-O', 'B-O', 'B-O', 'B-O', 'B-O', 'B-O', 'B-O', 'B-O', 'B-O', 'B-O', 'B-O', 'B-O', 'B-O', 'B-O', 'B-O', 'B-O', 'B-O']	['the', 'gene', 'yjfq', ',', 'which', '#encoded', 'the', 'repressor', 'of', 'the', 'yjfr-x', 'regulon', '(ula)', ',', 'respectively', ',', 'was', 'affected', 'in', 'a', 'reciprocal', 'manner', 'by', 'the', 'osmolarity', 'of', 'the', 'growth', 'medium', '.']
169	['B-O', 'B-O', 'B-O', 'B-O', 'B-O', 'B-O', 'B-O', 'B-O', 'B-O', 'B-O', 'B-O', 'B-O', 'B-O', 'B-O', 'B-O', 'B-O', 'B-O', 'B-O', 'B-O', 'B-O', 'B-O', 'B-O', 'B-O', 'B-O', 'B-O', 'B-O', 'B-O', 'B-O', 'B-O', 'B-O', 'B-O', 'B-O', 'B-O', 'B-O', 'B-O', 'B-O', 'B-O', 'B-O', 'B-O', 'B-O', 'B-O', 'B-O', 'B-O']	['the', 'repressor', 'of', 'the', 'yjfr-x', 'regulon', '(ula)', ',', 'a', 'cellular', 'transcription', 'factor', 'that', 'interacts', 'with', 'the', 'alpha-globin', 'promoter', 'as', 'well', 'as', 'with', 'additional', 'cellular', 'and', 'viral', 'promoter', 'elements', ',', 'is', 'shown', 'to', 'be', '#encoded', 'by', 'the', 'gene', 'yjfq', 'which', 'we', 'recently', 'encloned', '.']
170	['B-O', 'B-O', 'B-O', 'B-O', 'B-O', 'B-O', 'B-O', 'B-O', 'B-O', 'B-O', 'B-O', 'B-O', 'B-O', 'B-O', 'B-O', 'B-O', 'B-O', 'B-O', 'B-O', 'B-O', 'B-O', 'B-O', 'B-O', 'B-O', 'B-O', 'B-O', 'B-O', 'B-O', 'B-O', 'B-O', 'B-O', 'B-O', 'B-O', 'B-O', 'B-O', 'B-O']	['expression', 'a', 'protein', 'that', 'participated', 'in', 'the', 'second', 'step', 'of', 'the', 'splicing', 'reaction', 'northern', 'analysis', 'of', 'poly', '(a)', '+', 'rna', 'from', 'various', 'tissues', 'shows', 'that', 'the', 'prp17', 'gene', 'of', 'the', 'yeast', 'saccharomyces', 'cerevisiae', '#encode', 'sbp2', '.']
171	['B-O', 'B-O', 'B-O', 'B-O', 'B-O', 'B-O', 'B-O', 'B-O', 'B-O', 'B-O', 'B-O', 'B-O', 'B-O', 'B-O', 'B-O', 'B-O', 'B-O']	['the', 'repressor', 'of', 'the', 'yjfr-x', 'regulon', '(ula)', 'are', 'shown', 'to', 'be', '#encoded', 'by', 'the', 'gene', 'yjfq', '.']
172	['B-O', 'B-O', 'B-O', 'B-O', 'B-O', 'B-O', 'B-O', 'B-O', 'B-O', 'B-O', 'B-O', 'B-O', 'B-O', 'B-O', 'B-O']	['the', 'gene', 'yjfq', 'is', 'believed', 'to', '#encode', 'the', 'repressor', 'of', 'the', 'yjfr-x', 'regulon', '(ula)', '.']
173	['B-O', 'B-O', 'B-O', 'B-O', 'B-O', 'B-O', 'B-O', 'B-O', 'B-O', 'B-O', 'B-O', 'B-O', 'B-O', 'B-O', 'B-O', 'B-O', 'B-O', 'B-O', 'B-O', 'B-O', 'B-O', 'B-O', 'B-O']	['the', 'prp17', 'gene', 'of', 'the', 'yeast', 'saccharomyces', 'cerevisiae', 'may', '#encode', 'a', 'protein', 'that', 'participated', 'in', 'the', 'second', 'step', 'of', 'the', 'splicing', 'reaction', '.']
174	['B-O', 'B-O', 'B-O', 'B-O', 'B-O', 'B-O', 'B-O', 'B-O', 'B-O', 'B-O', 'B-O']	['our', 'reseach', 'shows', 'that', 'three', 'distinct', 'transcripts', 'have', '#encoded', 'sbp2', '.']
175	['B-O', 'B-O', 'B-O', 'B-O', 'B-O', 'B-O', 'B-O', 'B-O', 'B-O', 'B-O', 'B-O', 'B-O', 'B-O', 'B-O', 'B-O', 'B-O', 'B-O', 'B-O', 'B-O', 'B-O', 'B-O', 'B-O', 'B-O', 'B-O', 'B-O', 'B-O', 'B-O', 'B-O', 'B-O']	['in', 'plants', 'it', 'is', 'estimated', 'that', 'the', 'prp17', 'gene', 'of', 'the', 'yeast', 'saccharomyces', 'cerevisiae', 'have', '#encoded', 'a', 'protein', 'that', 'participated', 'in', 'the', 'second', 'step', 'of', 'the', 'splicing', 'reaction', '.']
176	['B-O', 'B-O', 'B-O', 'B-O', 'B-O', 'B-O', 'B-O', 'B-O', 'B-O', 'B-O', 'B-O', 'B-O', 'B-O', 'B-O', 'B-O', 'B-O', 'B-O', 'B-O', 'B-O', 'B-O', 'B-O', 'B-O', 'B-O', 'B-O']	['the', 'proteins', 'required', 'for', 'utilization', 'of', 'sn-glycerol', '3-phosphate', 'and', 'its', 'precursors', 'are', 'shown', 'to', 'be', '#encoded', 'by', 'the', 'glp', 'regulon', 'of', 'escherichia', 'coli', '.']
177	['B-O', 'B-O', 'B-O', 'B-O', 'B-O', 'B-O']	['three', 'distinct', 'transcripts', '#encodes', 'sbp2', '.']
178	['B-O', 'B-O', 'B-O', 'B-O', 'B-O', 'B-O', 'B-O', 'B-O', 'B-O', 'B-O', 'B-O', 'B-O', 'B-O', 'B-O', 'B-O', 'B-O', 'B-O', 'B-O', 'B-O', 'B-O', 'B-O', 'B-O', 'B-O', 'B-O', 'B-O', 'B-O', 'B-O', 'B-O']	['in', 'plants', 'it', 'is', 'estimated', 'that', 'the', 'prp17', 'gene', 'of', 'the', 'yeast', 'saccharomyces', 'cerevisiae', '#encode', 'a', 'protein', 'that', 'participated', 'in', 'the', 'second', 'step', 'of', 'the', 'splicing', 'reaction', '.']
179	['B-O', 'B-O', 'B-O', 'B-O', 'B-O', 'B-O', 'B-O', 'B-O', 'B-O', 'B-O', 'B-O', 'B-O', 'B-O', 'B-O', 'B-O', 'B-O', 'B-O', 'B-O', 'B-O', 'B-O', 'B-O', 'B-O', 'B-O', 'B-O']	['the', 'proteins', 'required', 'for', 'utilization', 'of', 'sn-glycerol', '3-phosphate', 'and', 'its', 'precursors', 'was', 'believed', 'to', 'be', '#encoded', 'by', 'the', 'glp', 'regulon', 'of', 'escherichia', 'coli', '.']
180	['B-O', 'B-O', 'B-O', 'B-O', 'B-O', 'B-O', 'B-O', 'B-O', 'B-O', 'B-O', 'B-O', 'B-O', 'B-O', 'B-O', 'B-O', 'B-O', 'B-O', 'B-O', 'B-O', 'B-O', 'B-O', 'B-O']	['the', 'proteins', 'required', 'for', 'utilization', 'of', 'sn-glycerol', '3-phosphate', 'and', 'its', 'precursors', 'may', 'be', '#encoded', 'by', 'the', 'glp', 'regulon', 'of', 'escherichia', 'coli', '.']
181	['B-O', 'B-O', 'B-O', 'B-O', 'B-O', 'B-O', 'B-O', 'B-O', 'B-O', 'B-O', 'B-O', 'B-O', 'B-O', 'B-O', 'B-O', 'B-O', 'B-O', 'B-O', 'B-O', 'B-O', 'B-O', 'B-O', 'B-O', 'B-O', 'B-O', 'B-O', 'B-O', 'B-O', 'B-O', 'B-O', 'B-O', 'B-O', 'B-O', 'B-O', 'B-O', 'B-O']	['the', 'glp', 'regulon', 'of', 'escherichia', 'coli', ',', '#encoding', 'the', 'proteins', 'required', 'for', 'utilization', 'of', 'sn-glycerol', '3-phosphate', 'and', 'its', 'precursors', ',', 'respectively', ',', 'is', 'affected', 'in', 'a', 'reciprocal', 'manner', 'by', 'the', 'osmolarity', 'of', 'the', 'growth', 'medium', '.']
182	['B-O', 'B-O', 'B-O', 'B-O', 'B-O', 'B-O', 'B-O', 'B-O', 'B-O', 'B-O', 'B-O', 'B-O', 'B-O', 'B-O', 'B-O', 'B-O', 'B-O', 'B-O', 'B-O', 'B-O', 'B-O']	['the', 'glp', 'regulon', 'of', 'escherichia', 'coli', 'has', 'been', '#encoding', 'the', 'proteins', 'required', 'for', 'utilization', 'of', 'sn-glycerol', '3-phosphate', 'and', 'its', 'precursors', '.']
183	['B-O', 'B-O', 'B-O', 'B-O', 'B-O', 'B-O', 'B-O', 'B-O', 'B-O', 'B-O', 'B-O', 'B-O', 'B-O', 'B-O', 'B-O', 'B-O', 'B-O', 'B-O', 'B-O', 'B-O', 'B-O', 'B-O', 'B-O']	['the', 'gene', 'yjfq', 'has', '#encoded', 'the', 'repressor', 'of', 'the', 'yjfr-x', 'regulon', '(ula)', ',', 'which', 'is', 'involved', 'in', 'l-ascorbate', 'metabolism', 'in', 'escherichia', 'coli', '.']
184	['B-O', 'B-O', 'B-O', 'B-O', 'B-O', 'B-O', 'B-O', 'B-O', 'B-O', 'B-O', 'B-O', 'B-O', 'B-O', 'B-O', 'B-O', 'B-O', 'B-O', 'B-O', 'B-O', 'B-O', 'B-O', 'B-O']	['the', 'glp', 'regulon', 'of', 'escherichia', 'coli', 'is', 'believed', 'to', '#encode', 'the', 'proteins', 'required', 'for', 'utilization', 'of', 'sn-glycerol', '3-phosphate', 'and', 'its', 'precursors', '.']
185	['B-O', 'B-O', 'B-O', 'B-O', 'B-O', 'B-O', 'B-O', 'B-O', 'B-O', 'B-O', 'B-O', 'B-O', 'B-O', 'B-O', 'B-O', 'B-O', 'B-O', 'B-O', 'B-O', 'B-O', 'B-O', 'B-O', 'B-O', 'B-O', 'B-O', 'B-O', 'B-O', 'B-O', 'B-O']	['in', 'plants', 'it', 'is', 'estimated', 'that', 'the', 'prp17', 'gene', 'of', 'the', 'yeast', 'saccharomyces', 'cerevisiae', 'have', '#encoded', 'a', 'protein', 'that', 'participates', 'in', 'the', 'second', 'step', 'of', 'the', 'splicing', 'reaction', '.']
186	['B-O', 'B-O', 'B-O', 'B-O', 'B-O', 'B-O', 'B-O', 'B-O', 'B-O', 'B-O', 'B-O', 'B-O', 'B-O', 'B-O', 'B-O', 'B-O', 'B-O', 'B-O', 'B-O', 'B-O', 'B-O', 'B-O', 'B-O', 'B-O', 'B-O', 'B-O', 'B-O', 'B-O', 'B-O', 'B-O', 'B-O']	['in', 'plants', 'it', 'is', 'estimated', 'that', 'a', 'protein', 'that', 'participates', 'in', 'the', 'second', 'step', 'of', 'the', 'splicing', 'reaction', 'have', 'been', '#encoded', 'by', 'the', 'prp17', 'gene', 'of', 'the', 'yeast', 'saccharomyces', 'cerevisiae', '.']
187	['B-O', 'B-O', 'B-O', 'B-O', 'B-O', 'B-O', 'B-O', 'B-O', 'B-O', 'B-O', 'B-O', 'B-O', 'B-O', 'B-O', 'B-O', 'B-O', 'B-O', 'B-O', 'B-O', 'B-O', 'B-O', 'B-O', 'B-O', 'B-O', 'B-O', 'B-O', 'B-O', 'B-O', 'B-O', 'B-O']	['in', 'this', 'vector', 'the', 't', '.gondii', 'dhfr-ts', 'region', 'was', 'able', 'to', '#encoded', 'resistance', 'to', 'wr99210', 'by', 'being', 'excised', 'with', 'bamhi', 'and', 'kpni', 'and', 'replaced', 'with', 'human', 'dhfr', 'mutated', 'that', '.']
188	['B-O', 'B-O', 'B-O', 'B-O', 'B-O', 'B-O', 'B-O', 'B-O', 'B-O', 'B-O', 'B-O', 'B-O', 'B-O', 'B-O', 'B-O', 'B-O', 'B-O', 'B-O', 'B-O', 'B-O', 'B-O', 'B-O', 'B-O', 'B-O', 'B-O', 'B-O', 'B-O', 'B-O', 'B-O', 'B-O', 'B-O', 'B-O']	['the', 'glp', 'regulon', 'of', 'escherichia', 'coli', 'is', 'able', 'to', '#encode', 'the', 'proteins', 'required', 'for', 'utilization', 'of', 'sn-glycerol', '3-phosphate', 'and', 'its', 'precursors', ',', 'which', 'is', 'involved', 'in', 'l-ascorbate', 'metabolism', 'in', 'escherichia', 'coli', '.']
189	['B-O', 'B-O', 'B-O', 'B-O', 'B-O', 'B-O', 'B-O', 'B-O', 'B-O', 'B-O', 'B-O', 'B-O', 'B-O', 'B-O', 'B-O', 'B-O', 'B-O', 'B-O', 'B-O', 'B-O', 'B-O', 'B-O', 'B-O', 'B-O']	['expression', 'resistance', 'to', 'wr99210', 'northern', 'analysis', 'of', 'poly', '(a)', '+', 'rna', 'from', 'various', 'tissues', 'shows', 'that', 'the', 't', '.gondii', 'dhfr-ts', 'region', '#encode', 'sbp2', '.']
190	['B-O', 'B-O', 'B-O', 'B-O', 'B-O', 'B-O', 'B-O', 'B-O', 'B-O', 'B-O', 'B-O', 'B-O', 'B-O', 'B-O', 'B-O', 'B-O', 'B-O', 'B-O', 'B-O', 'B-O', 'B-O', 'B-O', 'B-O', 'B-O']	['the', 'proteins', 'required', 'for', 'utilization', 'of', 'sn-glycerol', '3-phosphate', 'and', 'its', 'precursors', 'were', 'shown', 'to', 'be', '#encoded', 'by', 'the', 'glp', 'regulon', 'of', 'escherichia', 'coli', '.']
191	['B-O', 'B-O', 'B-O', 'B-O', 'B-O', 'B-O', 'B-O', 'B-O', 'B-O', 'B-O', 'B-O', 'B-O', 'B-O', 'B-O', 'B-O', 'B-O', 'B-O', 'B-O', 'B-O', 'B-O', 'B-O', 'B-O', 'B-O', 'B-O', 'B-O', 'B-O', 'B-O', 'B-O', 'B-O', 'B-O', 'B-O', 'B-O', 'B-O', 'B-O', 'B-O', 'B-O', 'B-O', 'B-O', 'B-O', 'B-O', 'B-O', 'B-O', 'B-O', 'B-O', 'B-O', 'B-O', 'B-O']	['compound', 'heterozygous', 'or', 'homozygous', 'mutations', 'spread', 'over', 'the', 'prp17', 'gene', 'of', 'the', 'yeast', 'saccharomyces', 'cerevisiae', '#encoding', 'a', 'protein', 'that', 'participates', 'in', 'the', 'second', 'step', 'of', 'the', 'splicing', 'reaction', 'cause', 'an', 'autosomal', 'recessively', 'inherited', 'variant', 'of', 'hyperphenylalaninemia', ',', 'mostly', 'accompanied', 'by', 'a', 'deficiency', 'of', 'dopamine', 'and', 'serotonin', '.']
192	['B-O', 'B-O', 'B-O', 'B-O', 'B-O', 'B-O', 'B-O', 'B-O', 'B-O', 'B-O', 'B-O', 'B-O', 'B-O', 'B-O', 'B-O', 'B-O', 'B-O', 'B-O', 'B-O', 'B-O', 'B-O', 'B-O', 'B-O', 'B-O', 'B-O', 'B-O']	['the', 'gene', 'yjfq', 'is', 'believed', 'to', 'have', '#encoded', 'the', 'repressor', 'of', 'the', 'yjfr-x', 'regulon', '(ula)', ',', 'which', 'is', 'involved', 'in', 'l-ascorbate', 'metabolism', 'in', 'escherichia', 'coli', '.']
193	['B-O', 'B-O', 'B-O', 'B-O', 'B-O', 'B-O', 'B-O', 'B-O', 'B-O', 'B-O', 'B-O', 'B-O', 'B-O', 'B-O', 'B-O', 'B-O', 'B-O', 'B-O', 'B-O', 'B-O', 'B-O', 'B-O', 'B-O', 'B-O', 'B-O', 'B-O', 'B-O', 'B-O', 'B-O', 'B-O', 'B-O', 'B-O', 'B-O', 'B-O', 'B-O', 'B-O', 'B-O', 'B-O']	['expression', 'a', 'protein', 'that', 'participated', 'in', 'the', 'second', 'step', 'of', 'the', 'splicing', 'reaction', 'northern', 'analysis', 'of', 'poly', '(a)', '+', 'rna', 'from', 'various', 'tissues', 'shows', 'the', 'prp17', 'gene', 'of', 'the', 'yeast', 'saccharomyces', 'cerevisiae', 'are', 'shown', 'to', '#encode', 'sbp2', '.']
194	['B-O', 'B-O', 'B-O', 'B-O', 'B-O', 'B-O', 'B-O', 'B-O', 'B-O', 'B-O', 'B-O', 'B-O', 'B-O', 'B-O', 'B-O', 'B-O', 'B-O', 'B-O', 'B-O', 'B-O', 'B-O', 'B-O', 'B-O', 'B-O', 'B-O', 'B-O', 'B-O', 'B-O']	['our', 'reseach', 'shows', 'that', 'a', 'protein', 'that', 'participates', 'in', 'the', 'second', 'step', 'of', 'the', 'splicing', 'reaction', 'are', '#encoded', 'by', 'the', 'prp17', 'gene', 'of', 'the', 'yeast', 'saccharomyces', 'cerevisiae', '.']
195	['B-O', 'B-O', 'B-O', 'B-O', 'B-O', 'B-O', 'B-O', 'B-O', 'B-O', 'B-O', 'B-O', 'B-O', 'B-O', 'B-O', 'B-O', 'B-O', 'B-O', 'B-O', 'B-O', 'B-O', 'B-O', 'B-O', 'B-O', 'B-O', 'B-O', 'B-O', 'B-O', 'B-O']	['in', 'plants', 'it', 'is', 'estimated', 'that', 'the', 'prp17', 'gene', 'of', 'the', 'yeast', 'saccharomyces', 'cerevisiae', '#encode', 'a', 'protein', 'that', 'participates', 'in', 'the', 'second', 'step', 'of', 'the', 'splicing', 'reaction', '.']
196	['B-O', 'B-O', 'B-O', 'B-O', 'B-O', 'B-O', 'B-O', 'B-O', 'B-O', 'B-O', 'B-O', 'B-O', 'B-O', 'B-O', 'B-O', 'B-O', 'B-O', 'B-O', 'B-O', 'B-O', 'B-O', 'B-O', 'B-O', 'B-O', 'B-O', 'B-O', 'B-O', 'B-O', 'B-O', 'B-O', 'B-O', 'B-O', 'B-O', 'B-O', 'B-O', 'B-O', 'B-O', 'B-O', 'B-O', 'B-O', 'B-O', 'B-O', 'B-O', 'B-O']	['we', 'recently', 'encloned', 'the', 'glp', 'regulon', 'of', 'escherichia', 'coli', 'that', '#encoded', 'the', 'proteins', 'required', 'for', 'utilization', 'of', 'sn-glycerol', '3-phosphate', 'and', 'its', 'precursors', ',', 'a', 'cellular', 'transcription', 'factor', 'that', 'interacts', 'with', 'the', 'alpha-globin', 'promoter', 'as', 'well', 'as', 'with', 'additional', 'cellular', 'and', 'viral', 'promoter', 'elements', '.']
