0	['B-O', 'B-O', 'B-O', 'B-O', 'B-O', 'B-O', 'B-O', 'B-O', 'B-O', 'B-O', 'B-O', 'B-O', 'B-O', 'B-O', 'B-O', 'B-O', 'B-O', 'B-O', 'B-O', 'B-O', 'B-O', 'B-O', 'B-O', 'B-O', 'B-O', 'B-O', 'B-O', 'B-O', 'B-O', 'B-O', 'B-O', 'B-O']	['an', 'immunopurification', 'approach', 'has', 'been', 'used', 'to', 'demonstrate', 'that', 'human', 'rna', 'pol', 'iii', 'is', 'composed', 'of', '16', 'subunits', ',', 'some', 'of', 'which', 'have', 'the', 'ability', 'to', 'be', '#modified', 'in', 'hela', 'cells', '.']
1	['B-O', 'B-O', 'B-O', 'B-O', 'B-O', 'B-O', 'B-O', 'B-O', 'B-O', 'B-O', 'B-O', 'B-O', 'B-O', 'B-O', 'B-O', 'B-O', 'B-O', 'B-O', 'B-O', 'B-O', 'B-O', 'B-O', 'B-O', 'B-O', 'B-O', 'B-O', 'B-O', 'B-O', 'B-O']	['an', 'immunopurification', 'approach', 'has', 'been', 'used', 'to', 'demonstrate', 'that', 'human', 'rna', 'pol', 'iii', 'is', 'composed', 'of', '16', 'subunits', ',', 'some', 'of', 'which', 'can', 'be', '#modified', 'in', 'hela', 'cells', '.']
2	['B-O', 'B-O', 'B-O', 'B-O', 'B-O', 'B-O', 'B-O', 'B-O', 'B-O', 'B-O', 'B-O', 'B-O', 'B-O', 'B-O', 'B-O', 'B-O', 'B-O', 'B-O', 'B-O', 'B-O', 'B-O', 'B-O', 'B-O', 'B-O', 'B-O']	['p', '.falciparum', 'would', 'be', '#modified', 'genetically', 'by', 'transfection', '(crabb', 'and', 'cowman', ',', '1996;', 'crabb', 'et', 'al', '.', ',', '1997a)', 'to', 'disrupt', 'the', 'rap1', 'gene', '.']
3	['B-O', 'B-O', 'B-O', 'B-O', 'B-O', 'B-O', 'B-O', 'B-O', 'B-O', 'B-O', 'B-O', 'B-O', 'B-O', 'B-O', 'B-O', 'B-O', 'B-O', 'B-O', 'B-O', 'B-O', 'B-O', 'B-O', 'B-O', 'B-O', 'B-O', 'B-O', 'B-O', 'B-O', 'B-O']	['an', 'immunopurification', 'approach', 'has', 'been', 'used', 'to', 'demonstrate', 'that', 'some', 'of', 'the', '16', 'p', '.falciparum', 'that', 'composed', 'human', 'rna', 'pol', 'iii', 'can', 'be', 'apparently', '#modified', 'in', 'hela', 'cells', '.']
4	['B-O', 'B-O', 'B-O', 'B-O', 'B-O', 'B-O', 'B-O', 'B-O', 'B-O', 'B-O', 'B-O', 'B-O', 'B-O', 'B-O', 'B-O', 'B-O', 'B-O', 'B-O', 'B-O', 'B-O', 'B-O', 'B-O', 'B-O', 'B-O', 'B-O', 'B-O', 'B-O', 'B-O', 'B-O', 'B-O', 'B-O', 'B-O']	['an', 'immunopurification', 'approach', 'has', 'been', 'used', 'to', 'demonstrate', 'that', 'some', 'of', 'the', '16', 'p', '.falciparum', 'that', 'composed', 'human', 'rna', 'pol', 'iii', 'have', 'the', 'ability', 'to', 'be', 'apparently', '#modified', 'in', 'hela', 'cells', '.']
5	['B-O', 'B-O', 'B-O', 'B-O', 'B-O', 'B-O', 'B-O', 'B-O', 'B-O', 'B-O', 'B-O', 'B-O', 'B-O', 'B-O', 'B-O', 'B-O', 'B-O', 'B-O', 'B-O', 'B-O', 'B-O', 'B-O', 'B-O', 'B-O', 'B-O', 'B-O', 'B-O']	['an', 'immunopurification', 'approach', 'has', 'been', 'used', 'to', 'demonstrate', 'that', 'human', 'rna', 'pol', 'iii', 'is', 'composed', 'of', '16', 'subunits', ',', 'subunits', 'are', 'apparently', '#modified', 'in', 'hela', 'cells', '.']
6	['B-O', 'B-O', 'B-O', 'B-O', 'B-O', 'B-O', 'B-O', 'B-O', 'B-O', 'B-O', 'B-O', 'B-O', 'B-O', 'B-O', 'B-O', 'B-O', 'B-O', 'B-O', 'B-O', 'B-O', 'B-O', 'B-O', 'B-O', 'B-O', 'B-O', 'B-O', 'B-O', 'B-O', 'B-O', 'B-O', 'B-O']	['an', 'immunopurification', 'approach', 'has', 'been', 'used', 'to', 'demonstrate', 'that', 'human', 'rna', 'pol', 'iii', 'is', 'composed', 'of', '16', 'some', 'of', 'which', ',', 'some', 'of', 'which', 'will', 'be', '#modified', 'in', 'hela', 'cells', '.']
7	['B-O', 'B-O', 'B-O', 'B-O', 'B-O', 'B-O', 'B-O', 'B-O', 'B-O', 'B-O', 'B-O', 'B-O', 'B-O', 'B-O', 'B-O', 'B-O', 'B-O', 'B-O', 'B-O', 'B-O', 'B-O', 'B-O', 'B-O', 'B-O', 'B-O', 'B-O', 'B-O', 'B-O', 'B-O']	['an', 'immunopurification', 'approach', 'has', 'been', 'used', 'to', 'demonstrate', 'that', 'some', 'of', 'the', '16', 'hvdac', 'genes', 'that', 'composed', 'human', 'rna', 'pol', 'iii', 'might', 'have', 'been', '#modified', 'in', 'hela', 'cells', '.']
8	['B-O', 'B-O', 'B-O', 'B-O', 'B-O', 'B-O', 'B-O', 'B-O', 'B-O', 'B-O', 'B-O', 'B-O', 'B-O', 'B-O', 'B-O', 'B-O', 'B-O', 'B-O', 'B-O', 'B-O', 'B-O', 'B-O', 'B-O', 'B-O', 'B-O', 'B-O', 'B-O', 'B-O', 'B-O', 'B-O', 'B-O']	['an', 'immunopurification', 'approach', 'has', 'been', 'used', 'to', 'demonstrate', 'that', 'some', 'of', 'the', '16', 'some', 'of', 'which', 'that', 'composed', 'human', 'rna', 'pol', 'iii', 'are', 'able', 'to', 'be', '#modified', 'in', 'hela', 'cells', '.']
9	['B-O', 'B-O', 'B-O', 'B-O', 'B-O', 'B-O', 'B-O', 'B-O', 'B-O', 'B-O', 'B-O', 'B-O', 'B-O', 'B-O', 'B-O', 'B-O', 'B-O', 'B-O', 'B-O', 'B-O', 'B-O', 'B-O', 'B-O', 'B-O', 'B-O', 'B-O', 'B-O', 'B-O', 'B-O']	['to', 'define', 'the', 'subcellular', 'location', 'of', 'hvdac', 'isoforms', ',', 'hvdac', 'genes', 'are', '#modified', 'so', 'that', 'the', 'encoded', 'proteins', 'contain', 'cooh-terminal', 'epitopes', 'recognized', 'by', 'either', 'of', 'two', 'monoclonal', 'antibodies', '.']
10	['B-O', 'B-O', 'B-O', 'B-O', 'B-O', 'B-O', 'B-O', 'B-O', 'B-O', 'B-O', 'B-O', 'B-O', 'B-O', 'B-O', 'B-O', 'B-O', 'B-O', 'B-O', 'B-O', 'B-O', 'B-O', 'B-O', 'B-O', 'B-O', 'B-O', 'B-O', 'B-O', 'B-O']	['an', 'immunopurification', 'approach', 'has', 'been', 'used', 'to', 'demonstrate', 'that', 'some', 'of', 'the', '16', 'hvdac', 'genes', 'that', 'composed', 'human', 'rna', 'pol', 'iii', 'are', 'apparently', '#modified', 'in', 'hela', 'cells', '.']
11	['B-O', 'B-O', 'B-O', 'B-O', 'B-O', 'B-O', 'B-O', 'B-O', 'B-O', 'B-O', 'B-O', 'B-O', 'B-O', 'B-O', 'B-O', 'B-O', 'B-O', 'B-O', 'B-O', 'B-O', 'B-O', 'B-O', 'B-O', 'B-O', 'B-O', 'B-O']	['p', '.falciparum', 'could', 'have', 'been', '#modified', 'genetically', 'by', 'transfection', '(crabb', 'and', 'cowman', ',', '1996;', 'crabb', 'et', 'al', '.', ',', '1997a)', 'to', 'disrupt', 'the', 'rap1', 'gene', '.']
12	['B-O', 'B-O', 'B-O', 'B-O', 'B-O', 'B-O', 'B-O', 'B-O', 'B-O', 'B-O', 'B-O', 'B-O', 'B-O', 'B-O', 'B-O', 'B-O', 'B-O', 'B-O', 'B-O', 'B-O', 'B-O', 'B-O', 'B-O', 'B-O', 'B-O', 'B-O', 'B-O', 'B-O', 'B-O', 'B-O', 'B-O']	['to', 'define', 'the', 'subcellular', 'location', 'of', 'hvdac', 'isoforms', ',', 'hvdac', 'genes', 'may', 'be', 'remarkably', '#modified', 'so', 'that', 'the', 'encoded', 'proteins', 'contain', 'cooh-terminal', 'epitopes', 'recognized', 'by', 'either', 'of', 'two', 'monoclonal', 'antibodies', '.']
13	['B-O', 'B-O', 'B-O', 'B-O', 'B-O', 'B-O', 'B-O', 'B-O', 'B-O', 'B-O', 'B-O', 'B-O', 'B-O', 'B-O', 'B-O', 'B-O', 'B-O', 'B-O', 'B-O', 'B-O', 'B-O', 'B-O', 'B-O', 'B-O', 'B-O', 'B-O', 'B-O', 'B-O', 'B-O', 'B-O', 'B-O', 'B-O', 'B-O']	['to', 'define', 'the', 'subcellular', 'location', 'of', 'hvdac', 'isoforms', ',', 'hvdac', 'genes', 'have', 'the', 'ability', 'to', 'be', '#modified', 'so', 'that', 'the', 'encoded', 'proteins', 'contain', 'cooh-terminal', 'epitopes', 'recognized', 'by', 'either', 'of', 'two', 'monoclonal', 'antibodies', '.']
14	['B-O', 'B-O', 'B-O', 'B-O', 'B-O', 'B-O', 'B-O', 'B-O', 'B-O', 'B-O', 'B-O', 'B-O', 'B-O', 'B-O', 'B-O', 'B-O', 'B-O', 'B-O', 'B-O', 'B-O', 'B-O', 'B-O', 'B-O', 'B-O', 'B-O', 'B-O', 'B-O', 'B-O', 'B-O', 'B-O']	['an', 'immunopurification', 'approach', 'has', 'been', 'used', 'to', 'demonstrate', 'that', 'some', 'of', 'the', '16', 'hvdac', 'genes', 'that', 'composed', 'human', 'rna', 'pol', 'iii', 'are', 'observed', 'to', 'be', '#modified', 'in', 'hela', 'cells', '.']
15	['B-O', 'B-O', 'B-O', 'B-O', 'B-O', 'B-O', 'B-O', 'B-O', 'B-O', 'B-O', 'B-O', 'B-O', 'B-O', 'B-O', 'B-O', 'B-O', 'B-O', 'B-O', 'B-O', 'B-O', 'B-O', 'B-O', 'B-O', 'B-O', 'B-O', 'B-O', 'B-O']	['an', 'immunopurification', 'approach', 'has', 'been', 'used', 'to', 'demonstrate', 'that', 'some', 'of', 'the', '16', 'p', '.falciparum', 'that', 'composed', 'human', 'rna', 'pol', 'iii', 'are', '#modified', 'in', 'hela', 'cells', '.']
16	['B-O', 'B-O', 'B-O', 'B-O', 'B-O', 'B-O', 'B-O', 'B-O', 'B-O', 'B-O', 'B-O', 'B-O', 'B-O', 'B-O', 'B-O', 'B-O', 'B-O', 'B-O', 'B-O', 'B-O', 'B-O', 'B-O', 'B-O', 'B-O', 'B-O']	['p', '.falciparum', 'was', 'notably', '#modified', 'genetically', 'by', 'transfection', '(crabb', 'and', 'cowman', ',', '1996;', 'crabb', 'et', 'al', '.', ',', '1997a)', 'to', 'disrupt', 'the', 'rap1', 'gene', '.']
17	['B-O', 'B-O', 'B-O', 'B-O', 'B-O', 'B-O', 'B-O', 'B-O', 'B-O', 'B-O', 'B-O', 'B-O', 'B-O', 'B-O', 'B-O', 'B-O', 'B-O', 'B-O', 'B-O', 'B-O', 'B-O', 'B-O', 'B-O', 'B-O', 'B-O', 'B-O', 'B-O', 'B-O', 'B-O']	['an', 'immunopurification', 'approach', 'has', 'been', 'used', 'to', 'demonstrate', 'that', 'some', 'of', 'the', '16', 'p', '.falciparum', 'that', 'composed', 'human', 'rna', 'pol', 'iii', 'will', 'be', 'apparently', '#modified', 'in', 'hela', 'cells', '.']
18	['B-O', 'B-O', 'B-O', 'B-O', 'B-O', 'B-O', 'B-O', 'B-O', 'B-O', 'B-O', 'B-O', 'B-O', 'B-O', 'B-O', 'B-O', 'B-O', 'B-O', 'B-O', 'B-O', 'B-O', 'B-O', 'B-O', 'B-O', 'B-O', 'B-O', 'B-O', 'B-O']	['an', 'immunopurification', 'approach', 'has', 'been', 'used', 'to', 'demonstrate', 'that', 'human', 'rna', 'pol', 'iii', 'is', 'composed', 'of', '16', 'some', 'of', 'which', 'being', 'apparently', '#modified', 'in', 'hela', 'cells', '.']
19	['B-O', 'B-O', 'B-O', 'B-O', 'B-O', 'B-O', 'B-O', 'B-O', 'B-O', 'B-O', 'B-O', 'B-O', 'B-O', 'B-O', 'B-O', 'B-O', 'B-O', 'B-O', 'B-O', 'B-O', 'B-O', 'B-O', 'B-O', 'B-O', 'B-O', 'B-O', 'B-O', 'B-O', 'B-O', 'B-O', 'B-O', 'B-O']	['an', 'immunopurification', 'approach', 'has', 'been', 'used', 'to', 'demonstrate', 'that', 'human', 'rna', 'pol', 'iii', 'is', 'composed', 'of', '16', 'subunits', ',', 'some', 'of', 'which', 'are', 'observed', 'to', 'be', 'apparently', '#modified', 'in', 'hela', 'cells', '.']
20	['B-O', 'B-O', 'B-O', 'B-O', 'B-O', 'B-O', 'B-O', 'B-O', 'B-O', 'B-O', 'B-O', 'B-O', 'B-O', 'B-O', 'B-O', 'B-O', 'B-O', 'B-O', 'B-O', 'B-O', 'B-O', 'B-O', 'B-O', 'B-O', 'B-O', 'B-O', 'B-O', 'B-O', 'B-O']	['an', 'immunopurification', 'approach', 'has', 'been', 'used', 'to', 'demonstrate', 'that', 'some', 'of', 'the', '16', 'some', 'of', 'which', 'that', 'composed', 'human', 'rna', 'pol', 'iii', 'were', 'apparently', '#modified', 'in', 'hela', 'cells', '.']
21	['B-O', 'B-O', 'B-O', 'B-O', 'B-O', 'B-O', 'B-O', 'B-O', 'B-O', 'B-O', 'B-O', 'B-O', 'B-O', 'B-O', 'B-O', 'B-O', 'B-O', 'B-O', 'B-O', 'B-O', 'B-O', 'B-O', 'B-O', 'B-O', 'B-O', 'B-O', 'B-O', 'B-O', 'B-O', 'B-O', 'B-O']	['an', 'immunopurification', 'approach', 'has', 'been', 'used', 'to', 'demonstrate', 'that', 'human', 'rna', 'pol', 'iii', 'is', 'composed', 'of', '16', 'p', '.falciparum', ',', 'some', 'of', 'which', 'have', 'been', 'apparently', '#modified', 'in', 'hela', 'cells', '.']
22	['B-O', 'B-O', 'B-O', 'B-O', 'B-O', 'B-O', 'B-O', 'B-O', 'B-O', 'B-O', 'B-O', 'B-O', 'B-O', 'B-O', 'B-O', 'B-O', 'B-O', 'B-O', 'B-O', 'B-O', 'B-O', 'B-O', 'B-O', 'B-O', 'B-O', 'B-O', 'B-O', 'B-O', 'B-O', 'B-O', 'B-O', 'B-O', 'B-O', 'B-O']	['an', 'immunopurification', 'approach', 'has', 'been', 'used', 'to', 'demonstrate', 'that', 'human', 'rna', 'pol', 'iii', 'is', 'composed', 'of', '16', 'some', 'of', 'which', ',', 'some', 'of', 'which', 'are', 'observed', 'to', 'be', 'apparently', '#modified', 'in', 'hela', 'cells', '.']
23	['B-O', 'B-O', 'B-O', 'B-O', 'B-O', 'B-O', 'B-O', 'B-O', 'B-O', 'B-O', 'B-O', 'B-O', 'B-O', 'B-O', 'B-O', 'B-O', 'B-O', 'B-O', 'B-O', 'B-O', 'B-O', 'B-O', 'B-O', 'B-O']	['an', 'immunopurification', 'approach', 'has', 'been', 'used', 'to', 'demonstrate', 'that', 'human', 'rna', 'pol', 'iii', 'is', 'composed', 'of', '16', 'p', '.falciparum', '#modified', 'in', 'hela', 'cells', '.']
24	['B-O', 'B-O', 'B-O', 'B-O', 'B-O', 'B-O', 'B-O', 'B-O', 'B-O', 'B-O', 'B-O', 'B-O', 'B-O', 'B-O', 'B-O', 'B-O', 'B-O', 'B-O', 'B-O', 'B-O', 'B-O', 'B-O', 'B-O', 'B-O', 'B-O', 'B-O', 'B-O', 'B-O']	['p', '.falciparum', 'has', 'the', 'ability', 'to', 'be', '#modified', 'genetically', 'by', 'transfection', '(crabb', 'and', 'cowman', ',', '1996;', 'crabb', 'et', 'al', '.', ',', '1997a)', 'to', 'disrupt', 'the', 'rap1', 'gene', '.']
25	['B-O', 'B-O', 'B-O', 'B-O', 'B-O', 'B-O', 'B-O', 'B-O', 'B-O', 'B-O', 'B-O', 'B-O', 'B-O', 'B-O', 'B-O', 'B-O', 'B-O', 'B-O', 'B-O', 'B-O', 'B-O', 'B-O', 'B-O', 'B-O', 'B-O']	['p', '.falciparum', 'may', 'be', '#modified', 'genetically', 'by', 'transfection', '(crabb', 'and', 'cowman', ',', '1996;', 'crabb', 'et', 'al', '.', ',', '1997a)', 'to', 'disrupt', 'the', 'rap1', 'gene', '.']
26	['B-O', 'B-O', 'B-O', 'B-O', 'B-O', 'B-O', 'B-O', 'B-O', 'B-O', 'B-O', 'B-O', 'B-O', 'B-O', 'B-O', 'B-O', 'B-O', 'B-O', 'B-O', 'B-O', 'B-O', 'B-O', 'B-O', 'B-O', 'B-O', 'B-O', 'B-O', 'B-O']	['an', 'immunopurification', 'approach', 'has', 'been', 'used', 'to', 'demonstrate', 'that', 'some', 'of', 'the', '16', 'subunits', 'that', 'composed', 'human', 'rna', 'pol', 'iii', 'are', 'apparently', '#modified', 'in', 'hela', 'cells', '.']
27	['B-O', 'B-O', 'B-O', 'B-O', 'B-O', 'B-O', 'B-O', 'B-O', 'B-O', 'B-O', 'B-O', 'B-O', 'B-O', 'B-O', 'B-O', 'B-O', 'B-O', 'B-O', 'B-O', 'B-O', 'B-O', 'B-O', 'B-O', 'B-O', 'B-O', 'B-O', 'B-O', 'B-O']	['an', 'immunopurification', 'approach', 'has', 'been', 'used', 'to', 'demonstrate', 'that', 'some', 'of', 'the', '16', 'some', 'of', 'which', 'that', 'composed', 'human', 'rna', 'pol', 'iii', 'were', '#modified', 'in', 'hela', 'cells', '.']
28	['B-O', 'B-O', 'B-O', 'B-O', 'B-O', 'B-O', 'B-O', 'B-O', 'B-O', 'B-O', 'B-O', 'B-O', 'B-O', 'B-O', 'B-O', 'B-O', 'B-O', 'B-O', 'B-O', 'B-O', 'B-O', 'B-O', 'B-O', 'B-O', 'B-O', 'B-O', 'B-O', 'B-O', 'B-O', 'B-O']	['an', 'immunopurification', 'approach', 'has', 'been', 'used', 'to', 'demonstrate', 'that', 'human', 'rna', 'pol', 'iii', 'is', 'composed', 'of', '16', 'subunits', ',', 'some', 'of', 'which', 'can', 'be', 'apparently', '#modified', 'in', 'hela', 'cells', '.']
29	['B-O', 'B-O', 'B-O', 'B-O', 'B-O', 'B-O', 'B-O', 'B-O', 'B-O', 'B-O', 'B-O', 'B-O', 'B-O', 'B-O', 'B-O', 'B-O', 'B-O', 'B-O', 'B-O', 'B-O', 'B-O', 'B-O', 'B-O', 'B-O', 'B-O', 'B-O']	['p', '.falciparum', 'could', 'be', 'notably', '#modified', 'genetically', 'by', 'transfection', '(crabb', 'and', 'cowman', ',', '1996;', 'crabb', 'et', 'al', '.', ',', '1997a)', 'to', 'disrupt', 'the', 'rap1', 'gene', '.']
30	['B-O', 'B-O', 'B-O', 'B-O', 'B-O', 'B-O', 'B-O', 'B-O', 'B-O', 'B-O', 'B-O', 'B-O', 'B-O', 'B-O', 'B-O', 'B-O', 'B-O', 'B-O', 'B-O', 'B-O', 'B-O', 'B-O', 'B-O', 'B-O', 'B-O', 'B-O']	['an', 'immunopurification', 'approach', 'has', 'been', 'used', 'to', 'demonstrate', 'that', 'human', 'rna', 'pol', 'iii', 'is', 'composed', 'of', '16', 'p', '.falciparum', 'being', 'apparently', '#modified', 'in', 'hela', 'cells', '.']
31	['B-O', 'B-O', 'B-O', 'B-O', 'B-O', 'B-O', 'B-O', 'B-O', 'B-O', 'B-O', 'B-O', 'B-O', 'B-O', 'B-O', 'B-O', 'B-O', 'B-O', 'B-O', 'B-O', 'B-O', 'B-O', 'B-O', 'B-O', 'B-O', 'B-O', 'B-O', 'B-O', 'B-O', 'B-O']	['an', 'immunopurification', 'approach', 'has', 'been', 'used', 'to', 'demonstrate', 'that', 'human', 'rna', 'pol', 'iii', 'is', 'composed', 'of', '16', 'p', '.falciparum', ',', 'some', 'of', 'which', 'were', '#modified', 'in', 'hela', 'cells', '.']
32	['B-O', 'B-O', 'B-O', 'B-O', 'B-O', 'B-O', 'B-O', 'B-O', 'B-O', 'B-O', 'B-O', 'B-O', 'B-O', 'B-O', 'B-O', 'B-O', 'B-O', 'B-O', 'B-O', 'B-O', 'B-O', 'B-O', 'B-O', 'B-O', 'B-O', 'B-O', 'B-O', 'B-O']	['an', 'immunopurification', 'approach', 'has', 'been', 'used', 'to', 'demonstrate', 'that', 'some', 'of', 'the', '16', 'p', '.falciparum', 'that', 'composed', 'human', 'rna', 'pol', 'iii', 'will', 'be', '#modified', 'in', 'hela', 'cells', '.']
33	['B-O', 'B-O', 'B-O', 'B-O', 'B-O', 'B-O', 'B-O', 'B-O', 'B-O', 'B-O', 'B-O', 'B-O', 'B-O', 'B-O', 'B-O', 'B-O', 'B-O', 'B-O', 'B-O', 'B-O', 'B-O', 'B-O', 'B-O', 'B-O', 'B-O', 'B-O', 'B-O', 'B-O', 'B-O', 'B-O']	['an', 'immunopurification', 'approach', 'has', 'been', 'used', 'to', 'demonstrate', 'that', 'some', 'of', 'the', '16', 'some', 'of', 'which', 'that', 'composed', 'human', 'rna', 'pol', 'iii', 'can', 'be', 'apparently', '#modified', 'in', 'hela', 'cells', '.']
34	['B-O', 'B-O', 'B-O', 'B-O', 'B-O', 'B-O', 'B-O', 'B-O', 'B-O', 'B-O', 'B-O', 'B-O', 'B-O', 'B-O', 'B-O', 'B-O', 'B-O', 'B-O', 'B-O', 'B-O', 'B-O', 'B-O', 'B-O', 'B-O', 'B-O', 'B-O', 'B-O']	['an', 'immunopurification', 'approach', 'has', 'been', 'used', 'to', 'demonstrate', 'that', 'some', 'of', 'the', '16', 'hvdac', 'genes', 'that', 'composed', 'human', 'rna', 'pol', 'iii', 'were', '#modified', 'in', 'hela', 'cells', '.']
35	['B-O', 'B-O', 'B-O', 'B-O', 'B-O', 'B-O', 'B-O', 'B-O', 'B-O', 'B-O', 'B-O', 'B-O', 'B-O', 'B-O', 'B-O', 'B-O', 'B-O', 'B-O', 'B-O', 'B-O', 'B-O', 'B-O', 'B-O', 'B-O', 'B-O', 'B-O', 'B-O', 'B-O', 'B-O', 'B-O']	['an', 'immunopurification', 'approach', 'has', 'been', 'used', 'to', 'demonstrate', 'that', 'human', 'rna', 'pol', 'iii', 'is', 'composed', 'of', '16', 'hvdac', 'genes', ',', 'some', 'of', 'which', 'have', 'been', '#modified', 'in', 'hela', 'cells', '.']
36	['B-O', 'B-O', 'B-O', 'B-O', 'B-O', 'B-O', 'B-O', 'B-O', 'B-O', 'B-O', 'B-O', 'B-O', 'B-O', 'B-O', 'B-O', 'B-O', 'B-O', 'B-O', 'B-O', 'B-O', 'B-O', 'B-O', 'B-O', 'B-O', 'B-O', 'B-O', 'B-O', 'B-O', 'B-O', 'B-O', 'B-O', 'B-O']	['an', 'immunopurification', 'approach', 'has', 'been', 'used', 'to', 'demonstrate', 'that', 'human', 'rna', 'pol', 'iii', 'is', 'composed', 'of', '16', 'p', '.falciparum', ',', 'some', 'of', 'which', 'are', 'observed', 'to', 'be', '#modified', 'in', 'hela', 'cells', '.']
37	['B-O', 'B-O', 'B-O', 'B-O', 'B-O', 'B-O', 'B-O', 'B-O', 'B-O', 'B-O', 'B-O', 'B-O', 'B-O', 'B-O', 'B-O', 'B-O', 'B-O', 'B-O', 'B-O', 'B-O', 'B-O', 'B-O', 'B-O', 'B-O', 'B-O', 'B-O', 'B-O', 'B-O', 'B-O', 'B-O', 'B-O', 'B-O']	['to', 'define', 'the', 'subcellular', 'location', 'of', 'hvdac', 'isoforms', ',', 'hvdac', 'genes', 'might', 'have', 'been', 'remarkably', '#modified', 'so', 'that', 'the', 'encoded', 'proteins', 'contain', 'cooh-terminal', 'epitopes', 'recognized', 'by', 'either', 'of', 'two', 'monoclonal', 'antibodies', '.']
38	['B-O', 'B-O', 'B-O', 'B-O', 'B-O', 'B-O', 'B-O', 'B-O', 'B-O', 'B-O', 'B-O', 'B-O', 'B-O', 'B-O', 'B-O', 'B-O', 'B-O', 'B-O', 'B-O', 'B-O', 'B-O', 'B-O', 'B-O', 'B-O', 'B-O', 'B-O', 'B-O', 'B-O', 'B-O', 'B-O']	['an', 'immunopurification', 'approach', 'has', 'been', 'used', 'to', 'demonstrate', 'that', 'human', 'rna', 'pol', 'iii', 'is', 'composed', 'of', '16', 'some', 'of', 'which', ',', 'some', 'of', 'which', 'were', '#modified', 'in', 'hela', 'cells', '.']
39	['B-O', 'B-O', 'B-O', 'B-O', 'B-O', 'B-O', 'B-O', 'B-O', 'B-O', 'B-O', 'B-O', 'B-O', 'B-O', 'B-O', 'B-O', 'B-O', 'B-O', 'B-O', 'B-O', 'B-O', 'B-O', 'B-O', 'B-O', 'B-O', 'B-O', 'B-O', 'B-O', 'B-O', 'B-O', 'B-O']	['an', 'immunopurification', 'approach', 'has', 'been', 'used', 'to', 'demonstrate', 'that', 'human', 'rna', 'pol', 'iii', 'is', 'composed', 'of', '16', 'subunits', ',', 'some', 'of', 'which', 'have', 'been', 'apparently', '#modified', 'in', 'hela', 'cells', '.']
40	['B-O', 'B-O', 'B-O', 'B-O', 'B-O', 'B-O', 'B-O', 'B-O', 'B-O', 'B-O', 'B-O', 'B-O', 'B-O', 'B-O', 'B-O', 'B-O', 'B-O', 'B-O', 'B-O', 'B-O', 'B-O', 'B-O', 'B-O', 'B-O', 'B-O', 'B-O', 'B-O', 'B-O']	['p', '.falciparum', 'is', 'able', 'to', 'be', 'notably', '#modified', 'genetically', 'by', 'transfection', '(crabb', 'and', 'cowman', ',', '1996;', 'crabb', 'et', 'al', '.', ',', '1997a)', 'to', 'disrupt', 'the', 'rap1', 'gene', '.']
41	['B-O', 'B-O', 'B-O', 'B-O', 'B-O', 'B-O', 'B-O', 'B-O', 'B-O', 'B-O', 'B-O', 'B-O', 'B-O', 'B-O', 'B-O', 'B-O', 'B-O', 'B-O', 'B-O', 'B-O', 'B-O', 'B-O', 'B-O', 'B-O', 'B-O', 'B-O', 'B-O', 'B-O', 'B-O', 'B-O', 'B-O', 'B-O', 'B-O']	['an', 'immunopurification', 'approach', 'has', 'been', 'used', 'to', 'demonstrate', 'that', 'some', 'of', 'the', '16', 'some', 'of', 'which', 'that', 'composed', 'human', 'rna', 'pol', 'iii', 'have', 'the', 'ability', 'to', 'be', 'apparently', '#modified', 'in', 'hela', 'cells', '.']
42	['B-O', 'B-O', 'B-O', 'B-O', 'B-O', 'B-O', 'B-O', 'B-O', 'B-O', 'B-O', 'B-O', 'B-O', 'B-O', 'B-O', 'B-O', 'B-O', 'B-O', 'B-O', 'B-O', 'B-O', 'B-O', 'B-O', 'B-O', 'B-O', 'B-O', 'B-O', 'B-O', 'B-O', 'B-O', 'B-O']	['an', 'immunopurification', 'approach', 'has', 'been', 'used', 'to', 'demonstrate', 'that', 'human', 'rna', 'pol', 'iii', 'is', 'composed', 'of', '16', 'subunits', ',', 'some', 'of', 'which', 'might', 'have', 'been', '#modified', 'in', 'hela', 'cells', '.']
43	['B-O', 'B-O', 'B-O', 'B-O', 'B-O', 'B-O', 'B-O', 'B-O', 'B-O', 'B-O', 'B-O', 'B-O', 'B-O', 'B-O', 'B-O', 'B-O', 'B-O', 'B-O', 'B-O', 'B-O', 'B-O', 'B-O', 'B-O', 'B-O', 'B-O', 'B-O', 'B-O', 'B-O', 'B-O']	['p', '.falciparum', 'has', 'the', 'probability', 'of', 'being', 'notably', '#modified', 'genetically', 'by', 'transfection', '(crabb', 'and', 'cowman', ',', '1996;', 'crabb', 'et', 'al', '.', ',', '1997a)', 'to', 'disrupt', 'the', 'rap1', 'gene', '.']
44	['B-O', 'B-O', 'B-O', 'B-O', 'B-O', 'B-O', 'B-O', 'B-O', 'B-O', 'B-O', 'B-O', 'B-O', 'B-O', 'B-O', 'B-O', 'B-O', 'B-O', 'B-O', 'B-O', 'B-O', 'B-O', 'B-O', 'B-O', 'B-O', 'B-O', 'B-O', 'B-O', 'B-O', 'B-O', 'B-O', 'B-O']	['to', 'define', 'the', 'subcellular', 'location', 'of', 'hvdac', 'isoforms', ',', 'hvdac', 'genes', 'could', 'have', 'been', '#modified', 'so', 'that', 'the', 'encoded', 'proteins', 'contain', 'cooh-terminal', 'epitopes', 'recognized', 'by', 'either', 'of', 'two', 'monoclonal', 'antibodies', '.']
45	['B-O', 'B-O', 'B-O', 'B-O', 'B-O', 'B-O', 'B-O', 'B-O', 'B-O', 'B-O', 'B-O', 'B-O', 'B-O', 'B-O', 'B-O', 'B-O', 'B-O', 'B-O', 'B-O', 'B-O', 'B-O', 'B-O', 'B-O', 'B-O', 'B-O', 'B-O', 'B-O', 'B-O']	['p', '.falciparum', 'is', 'observed', 'to', 'be', 'notably', '#modified', 'genetically', 'by', 'transfection', '(crabb', 'and', 'cowman', ',', '1996;', 'crabb', 'et', 'al', '.', ',', '1997a)', 'to', 'disrupt', 'the', 'rap1', 'gene', '.']
46	['B-O', 'B-O', 'B-O', 'B-O', 'B-O', 'B-O', 'B-O', 'B-O', 'B-O', 'B-O', 'B-O', 'B-O', 'B-O', 'B-O', 'B-O', 'B-O', 'B-O', 'B-O', 'B-O', 'B-O', 'B-O', 'B-O', 'B-O', 'B-O', 'B-O', 'B-O', 'B-O', 'B-O', 'B-O', 'B-O']	['an', 'immunopurification', 'approach', 'has', 'been', 'used', 'to', 'demonstrate', 'that', 'some', 'of', 'the', '16', 'p', '.falciparum', 'that', 'composed', 'human', 'rna', 'pol', 'iii', 'are', 'able', 'to', 'be', '#modified', 'in', 'hela', 'cells', '.']
47	['B-O', 'B-O', 'B-O', 'B-O', 'B-O', 'B-O', 'B-O', 'B-O', 'B-O', 'B-O', 'B-O', 'B-O', 'B-O', 'B-O', 'B-O', 'B-O', 'B-O', 'B-O', 'B-O', 'B-O', 'B-O', 'B-O', 'B-O', 'B-O', 'B-O', 'B-O']	['an', 'immunopurification', 'approach', 'has', 'been', 'used', 'to', 'demonstrate', 'that', 'human', 'rna', 'pol', 'iii', 'is', 'composed', 'of', '16', 'some', 'of', 'which', 'apparently', '#modified', 'in', 'hela', 'cells', '.']
48	['B-O', 'B-O', 'B-O', 'B-O', 'B-O', 'B-O', 'B-O', 'B-O', 'B-O', 'B-O', 'B-O', 'B-O', 'B-O', 'B-O', 'B-O', 'B-O', 'B-O', 'B-O', 'B-O', 'B-O', 'B-O', 'B-O', 'B-O', 'B-O', 'B-O', 'B-O', 'B-O', 'B-O', 'B-O']	['an', 'immunopurification', 'approach', 'has', 'been', 'used', 'to', 'demonstrate', 'that', 'some', 'of', 'the', '16', 'p', '.falciparum', 'that', 'composed', 'human', 'rna', 'pol', 'iii', 'may', 'be', 'apparently', '#modified', 'in', 'hela', 'cells', '.']
49	['B-O', 'B-O', 'B-O', 'B-O', 'B-O', 'B-O', 'B-O', 'B-O', 'B-O', 'B-O', 'B-O', 'B-O', 'B-O', 'B-O', 'B-O', 'B-O', 'B-O', 'B-O', 'B-O', 'B-O', 'B-O', 'B-O', 'B-O', 'B-O', 'B-O', 'B-O']	['p', '.falciparum', 'has', 'been', 'notably', '#modified', 'genetically', 'by', 'transfection', '(crabb', 'and', 'cowman', ',', '1996;', 'crabb', 'et', 'al', '.', ',', '1997a)', 'to', 'disrupt', 'the', 'rap1', 'gene', '.']
50	['B-O', 'B-O', 'B-O', 'B-O', 'B-O', 'B-O', 'B-O', 'B-O', 'B-O', 'B-O', 'B-O', 'B-O', 'B-O', 'B-O', 'B-O', 'B-O', 'B-O', 'B-O', 'B-O', 'B-O', 'B-O', 'B-O', 'B-O', 'B-O', 'B-O', 'B-O', 'B-O']	['p', '.falciparum', 'is', 'able', 'to', 'be', '#modified', 'genetically', 'by', 'transfection', '(crabb', 'and', 'cowman', ',', '1996;', 'crabb', 'et', 'al', '.', ',', '1997a)', 'to', 'disrupt', 'the', 'rap1', 'gene', '.']
51	['B-O', 'B-O', 'B-O', 'B-O', 'B-O', 'B-O', 'B-O', 'B-O', 'B-O', 'B-O', 'B-O', 'B-O', 'B-O', 'B-O', 'B-O', 'B-O', 'B-O', 'B-O', 'B-O', 'B-O', 'B-O', 'B-O', 'B-O', 'B-O', 'B-O', 'B-O', 'B-O', 'B-O', 'B-O', 'B-O']	['an', 'immunopurification', 'approach', 'has', 'been', 'used', 'to', 'demonstrate', 'that', 'human', 'rna', 'pol', 'iii', 'is', 'composed', 'of', '16', 'p', '.falciparum', ',', 'some', 'of', 'which', 'have', 'been', '#modified', 'in', 'hela', 'cells', '.']
52	['B-O', 'B-O', 'B-O', 'B-O', 'B-O', 'B-O', 'B-O', 'B-O', 'B-O', 'B-O', 'B-O', 'B-O', 'B-O', 'B-O', 'B-O', 'B-O', 'B-O', 'B-O', 'B-O', 'B-O', 'B-O', 'B-O', 'B-O', 'B-O', 'B-O', 'B-O', 'B-O', 'B-O']	['an', 'immunopurification', 'approach', 'has', 'been', 'used', 'to', 'demonstrate', 'that', 'some', 'of', 'the', '16', 'p', '.falciparum', 'that', 'composed', 'human', 'rna', 'pol', 'iii', 'have', 'been', '#modified', 'in', 'hela', 'cells', '.']
53	['B-O', 'B-O', 'B-O', 'B-O', 'B-O', 'B-O', 'B-O', 'B-O', 'B-O', 'B-O', 'B-O', 'B-O', 'B-O', 'B-O', 'B-O', 'B-O', 'B-O', 'B-O', 'B-O', 'B-O', 'B-O', 'B-O', 'B-O', 'B-O', 'B-O', 'B-O', 'B-O', 'B-O', 'B-O', 'B-O']	['an', 'immunopurification', 'approach', 'has', 'been', 'used', 'to', 'demonstrate', 'that', 'some', 'of', 'the', '16', 'subunits', 'that', 'composed', 'human', 'rna', 'pol', 'iii', 'are', 'observed', 'to', 'be', 'apparently', '#modified', 'in', 'hela', 'cells', '.']
54	['B-O', 'B-O', 'B-O', 'B-O', 'B-O', 'B-O', 'B-O', 'B-O', 'B-O', 'B-O', 'B-O', 'B-O', 'B-O', 'B-O', 'B-O', 'B-O', 'B-O', 'B-O', 'B-O', 'B-O', 'B-O', 'B-O', 'B-O', 'B-O', 'B-O', 'B-O', 'B-O', 'B-O', 'B-O']	['an', 'immunopurification', 'approach', 'has', 'been', 'used', 'to', 'demonstrate', 'that', 'some', 'of', 'the', '16', 'hvdac', 'genes', 'that', 'composed', 'human', 'rna', 'pol', 'iii', 'have', 'been', 'apparently', '#modified', 'in', 'hela', 'cells', '.']
55	['B-O', 'B-O', 'B-O', 'B-O', 'B-O', 'B-O', 'B-O', 'B-O', 'B-O', 'B-O', 'B-O', 'B-O', 'B-O', 'B-O', 'B-O', 'B-O', 'B-O', 'B-O', 'B-O', 'B-O', 'B-O', 'B-O', 'B-O', 'B-O', 'B-O', 'B-O', 'B-O', 'B-O', 'B-O']	['an', 'immunopurification', 'approach', 'has', 'been', 'used', 'to', 'demonstrate', 'that', 'some', 'of', 'the', '16', 'hvdac', 'genes', 'that', 'composed', 'human', 'rna', 'pol', 'iii', 'can', 'be', 'apparently', '#modified', 'in', 'hela', 'cells', '.']
56	['B-O', 'B-O', 'B-O', 'B-O', 'B-O', 'B-O', 'B-O', 'B-O', 'B-O', 'B-O', 'B-O', 'B-O', 'B-O', 'B-O', 'B-O', 'B-O', 'B-O', 'B-O', 'B-O', 'B-O', 'B-O', 'B-O', 'B-O', 'B-O', 'B-O', 'B-O', 'B-O', 'B-O', 'B-O', 'B-O', 'B-O', 'B-O']	['an', 'immunopurification', 'approach', 'has', 'been', 'used', 'to', 'demonstrate', 'that', 'human', 'rna', 'pol', 'iii', 'is', 'composed', 'of', '16', 'p', '.falciparum', ',', 'some', 'of', 'which', 'are', 'able', 'to', 'be', '#modified', 'in', 'hela', 'cells', '.']
57	['B-O', 'B-O', 'B-O', 'B-O', 'B-O', 'B-O', 'B-O', 'B-O', 'B-O', 'B-O', 'B-O', 'B-O', 'B-O', 'B-O', 'B-O', 'B-O', 'B-O', 'B-O', 'B-O', 'B-O', 'B-O', 'B-O', 'B-O', 'B-O', 'B-O', 'B-O', 'B-O', 'B-O']	['an', 'immunopurification', 'approach', 'has', 'been', 'used', 'to', 'demonstrate', 'that', 'some', 'of', 'the', '16', 'subunits', 'that', 'composed', 'human', 'rna', 'pol', 'iii', 'might', 'have', 'been', '#modified', 'in', 'hela', 'cells', '.']
58	['B-O', 'B-O', 'B-O', 'B-O', 'B-O', 'B-O', 'B-O', 'B-O', 'B-O', 'B-O', 'B-O', 'B-O', 'B-O', 'B-O', 'B-O', 'B-O', 'B-O', 'B-O', 'B-O', 'B-O', 'B-O', 'B-O', 'B-O', 'B-O', 'B-O', 'B-O', 'B-O', 'B-O', 'B-O', 'B-O', 'B-O', 'B-O']	['an', 'immunopurification', 'approach', 'has', 'been', 'used', 'to', 'demonstrate', 'that', 'human', 'rna', 'pol', 'iii', 'is', 'composed', 'of', '16', 'some', 'of', 'which', ',', 'some', 'of', 'which', 'can', 'be', 'apparently', '#modified', 'in', 'hela', 'cells', '.']
59	['B-O', 'B-O', 'B-O', 'B-O', 'B-O', 'B-O', 'B-O', 'B-O', 'B-O', 'B-O', 'B-O', 'B-O', 'B-O', 'B-O', 'B-O', 'B-O', 'B-O', 'B-O', 'B-O', 'B-O', 'B-O', 'B-O', 'B-O', 'B-O', 'B-O', 'B-O', 'B-O', 'B-O', 'B-O']	['an', 'immunopurification', 'approach', 'has', 'been', 'used', 'to', 'demonstrate', 'that', 'some', 'of', 'the', '16', 'some', 'of', 'which', 'that', 'composed', 'human', 'rna', 'pol', 'iii', 'have', 'been', '#modified', 'in', 'hela', 'cells', '.']
60	['B-O', 'B-O', 'B-O', 'B-O', 'B-O', 'B-O', 'B-O', 'B-O', 'B-O', 'B-O', 'B-O', 'B-O', 'B-O', 'B-O', 'B-O', 'B-O', 'B-O', 'B-O', 'B-O', 'B-O', 'B-O', 'B-O', 'B-O', 'B-O', 'B-O', 'B-O', 'B-O', 'B-O', 'B-O', 'B-O', 'B-O', 'B-O', 'B-O']	['an', 'immunopurification', 'approach', 'has', 'been', 'used', 'to', 'demonstrate', 'that', 'human', 'rna', 'pol', 'iii', 'is', 'composed', 'of', '16', 'some', 'of', 'which', ',', 'some', 'of', 'which', 'are', 'able', 'to', 'be', '#modified', 'in', 'hela', 'cells', '.']
61	['B-O', 'B-O', 'B-O', 'B-O', 'B-O', 'B-O', 'B-O', 'B-O', 'B-O', 'B-O', 'B-O', 'B-O', 'B-O', 'B-O', 'B-O', 'B-O', 'B-O', 'B-O', 'B-O', 'B-O', 'B-O', 'B-O', 'B-O', 'B-O', 'B-O', 'B-O', 'B-O', 'B-O']	['an', 'immunopurification', 'approach', 'has', 'been', 'used', 'to', 'demonstrate', 'that', 'some', 'of', 'the', '16', 'hvdac', 'genes', 'that', 'composed', 'human', 'rna', 'pol', 'iii', 'were', 'apparently', '#modified', 'in', 'hela', 'cells', '.']
62	['B-O', 'B-O', 'B-O', 'B-O', 'B-O', 'B-O', 'B-O', 'B-O', 'B-O', 'B-O', 'B-O', 'B-O', 'B-O', 'B-O', 'B-O', 'B-O', 'B-O', 'B-O', 'B-O', 'B-O', 'B-O', 'B-O', 'B-O', 'B-O', 'B-O', 'B-O', 'B-O', 'B-O', 'B-O']	['an', 'immunopurification', 'approach', 'has', 'been', 'used', 'to', 'demonstrate', 'that', 'some', 'of', 'the', '16', 'hvdac', 'genes', 'that', 'composed', 'human', 'rna', 'pol', 'iii', 'may', 'be', 'apparently', '#modified', 'in', 'hela', 'cells', '.']
63	['B-O', 'B-O', 'B-O', 'B-O', 'B-O', 'B-O', 'B-O', 'B-O', 'B-O', 'B-O', 'B-O', 'B-O', 'B-O', 'B-O', 'B-O', 'B-O', 'B-O', 'B-O', 'B-O', 'B-O', 'B-O', 'B-O', 'B-O', 'B-O', 'B-O', 'B-O', 'B-O', 'B-O', 'B-O', 'B-O', 'B-O']	['an', 'immunopurification', 'approach', 'has', 'been', 'used', 'to', 'demonstrate', 'that', 'some', 'of', 'the', '16', 'p', '.falciparum', 'that', 'composed', 'human', 'rna', 'pol', 'iii', 'are', 'able', 'to', 'be', 'apparently', '#modified', 'in', 'hela', 'cells', '.']
64	['B-O', 'B-O', 'B-O', 'B-O', 'B-O', 'B-O', 'B-O', 'B-O', 'B-O', 'B-O', 'B-O', 'B-O', 'B-O', 'B-O', 'B-O', 'B-O', 'B-O', 'B-O', 'B-O', 'B-O', 'B-O', 'B-O', 'B-O', 'B-O', 'B-O', 'B-O', 'B-O', 'B-O', 'B-O', 'B-O']	['an', 'immunopurification', 'approach', 'has', 'been', 'used', 'to', 'demonstrate', 'that', 'some', 'of', 'the', '16', 'p', '.falciparum', 'that', 'composed', 'human', 'rna', 'pol', 'iii', 'might', 'have', 'been', 'apparently', '#modified', 'in', 'hela', 'cells', '.']
65	['B-O', 'B-O', 'B-O', 'B-O', 'B-O', 'B-O', 'B-O', 'B-O', 'B-O', 'B-O', 'B-O', 'B-O', 'B-O', 'B-O', 'B-O', 'B-O', 'B-O', 'B-O', 'B-O', 'B-O', 'B-O', 'B-O', 'B-O', 'B-O']	['an', 'immunopurification', 'approach', 'has', 'been', 'used', 'to', 'demonstrate', 'that', 'human', 'rna', 'pol', 'iii', 'is', 'composed', 'of', '16', 'hvdac', 'genes', '#modified', 'in', 'hela', 'cells', '.']
66	['B-O', 'B-O', 'B-O', 'B-O', 'B-O', 'B-O', 'B-O', 'B-O', 'B-O', 'B-O', 'B-O', 'B-O', 'B-O', 'B-O', 'B-O', 'B-O', 'B-O', 'B-O', 'B-O', 'B-O', 'B-O', 'B-O', 'B-O', 'B-O', 'B-O', 'B-O', 'B-O']	['p', '.falciparum', 'is', 'observed', 'to', 'be', '#modified', 'genetically', 'by', 'transfection', '(crabb', 'and', 'cowman', ',', '1996;', 'crabb', 'et', 'al', '.', ',', '1997a)', 'to', 'disrupt', 'the', 'rap1', 'gene', '.']
67	['B-O', 'B-O', 'B-O', 'B-O', 'B-O', 'B-O', 'B-O', 'B-O', 'B-O', 'B-O', 'B-O', 'B-O', 'B-O', 'B-O', 'B-O', 'B-O', 'B-O', 'B-O', 'B-O', 'B-O', 'B-O', 'B-O', 'B-O', 'B-O', 'B-O', 'B-O', 'B-O', 'B-O']	['p', '.falciparum', 'has', 'the', 'probability', 'of', 'being', '#modified', 'genetically', 'by', 'transfection', '(crabb', 'and', 'cowman', ',', '1996;', 'crabb', 'et', 'al', '.', ',', '1997a)', 'to', 'disrupt', 'the', 'rap1', 'gene', '.']
68	['B-O', 'B-O', 'B-O', 'B-O', 'B-O', 'B-O', 'B-O', 'B-O', 'B-O', 'B-O', 'B-O', 'B-O', 'B-O', 'B-O', 'B-O', 'B-O', 'B-O', 'B-O', 'B-O', 'B-O', 'B-O', 'B-O', 'B-O', 'B-O', 'B-O', 'B-O', 'B-O', 'B-O', 'B-O', 'B-O', 'B-O', 'B-O', 'B-O']	['an', 'immunopurification', 'approach', 'has', 'been', 'used', 'to', 'demonstrate', 'that', 'human', 'rna', 'pol', 'iii', 'is', 'composed', 'of', '16', 'p', '.falciparum', ',', 'some', 'of', 'which', 'are', 'able', 'to', 'be', 'apparently', '#modified', 'in', 'hela', 'cells', '.']
69	['B-O', 'B-O', 'B-O', 'B-O', 'B-O', 'B-O', 'B-O', 'B-O', 'B-O', 'B-O', 'B-O', 'B-O', 'B-O', 'B-O', 'B-O', 'B-O', 'B-O', 'B-O', 'B-O', 'B-O', 'B-O', 'B-O', 'B-O', 'B-O', 'B-O']	['p', '.falciparum', 'will', 'be', '#modified', 'genetically', 'by', 'transfection', '(crabb', 'and', 'cowman', ',', '1996;', 'crabb', 'et', 'al', '.', ',', '1997a)', 'to', 'disrupt', 'the', 'rap1', 'gene', '.']
70	['B-O', 'B-O', 'B-O', 'B-O', 'B-O', 'B-O', 'B-O', 'B-O', 'B-O', 'B-O', 'B-O', 'B-O', 'B-O', 'B-O', 'B-O', 'B-O', 'B-O', 'B-O', 'B-O', 'B-O', 'B-O', 'B-O', 'B-O', 'B-O', 'B-O', 'B-O', 'B-O', 'B-O', 'B-O', 'B-O', 'B-O', 'B-O']	['an', 'immunopurification', 'approach', 'has', 'been', 'used', 'to', 'demonstrate', 'that', 'human', 'rna', 'pol', 'iii', 'is', 'composed', 'of', '16', 'some', 'of', 'which', ',', 'some', 'of', 'which', 'will', 'be', 'apparently', '#modified', 'in', 'hela', 'cells', '.']
71	['B-O', 'B-O', 'B-O', 'B-O', 'B-O', 'B-O', 'B-O', 'B-O', 'B-O', 'B-O', 'B-O', 'B-O', 'B-O', 'B-O', 'B-O', 'B-O', 'B-O', 'B-O', 'B-O', 'B-O', 'B-O', 'B-O', 'B-O', 'B-O', 'B-O', 'B-O', 'B-O', 'B-O', 'B-O', 'B-O', 'B-O', 'B-O', 'B-O', 'B-O']	['an', 'immunopurification', 'approach', 'has', 'been', 'used', 'to', 'demonstrate', 'that', 'human', 'rna', 'pol', 'iii', 'is', 'composed', 'of', '16', 'hvdac', 'genes', ',', 'some', 'of', 'which', 'have', 'the', 'ability', 'to', 'be', 'apparently', '#modified', 'in', 'hela', 'cells', '.']
72	['B-O', 'B-O', 'B-O', 'B-O', 'B-O', 'B-O', 'B-O', 'B-O', 'B-O', 'B-O', 'B-O', 'B-O', 'B-O', 'B-O', 'B-O', 'B-O', 'B-O', 'B-O', 'B-O', 'B-O', 'B-O', 'B-O', 'B-O', 'B-O', 'B-O', 'B-O', 'B-O', 'B-O', 'B-O', 'B-O', 'B-O']	['to', 'define', 'the', 'subcellular', 'location', 'of', 'hvdac', 'isoforms', ',', 'hvdac', 'genes', 'might', 'have', 'been', '#modified', 'so', 'that', 'the', 'encoded', 'proteins', 'contain', 'cooh-terminal', 'epitopes', 'recognized', 'by', 'either', 'of', 'two', 'monoclonal', 'antibodies', '.']
73	['B-O', 'B-O', 'B-O', 'B-O', 'B-O', 'B-O', 'B-O', 'B-O', 'B-O', 'B-O', 'B-O', 'B-O', 'B-O', 'B-O', 'B-O', 'B-O', 'B-O', 'B-O', 'B-O', 'B-O', 'B-O', 'B-O', 'B-O', 'B-O', 'B-O', 'B-O', 'B-O', 'B-O', 'B-O', 'B-O']	['an', 'immunopurification', 'approach', 'has', 'been', 'used', 'to', 'demonstrate', 'that', 'human', 'rna', 'pol', 'iii', 'is', 'composed', 'of', '16', 'subunits', ',', 'some', 'of', 'which', 'may', 'be', 'apparently', '#modified', 'in', 'hela', 'cells', '.']
74	['B-O', 'B-O', 'B-O', 'B-O', 'B-O', 'B-O', 'B-O', 'B-O', 'B-O', 'B-O', 'B-O', 'B-O', 'B-O', 'B-O', 'B-O', 'B-O', 'B-O', 'B-O', 'B-O', 'B-O', 'B-O', 'B-O', 'B-O', 'B-O', 'B-O', 'B-O', 'B-O', 'B-O', 'B-O']	['an', 'immunopurification', 'approach', 'has', 'been', 'used', 'to', 'demonstrate', 'that', 'human', 'rna', 'pol', 'iii', 'is', 'composed', 'of', '16', 'subunits', ',', 'some', 'of', 'which', 'may', 'be', '#modified', 'in', 'hela', 'cells', '.']
75	['B-O', 'B-O', 'B-O', 'B-O', 'B-O', 'B-O', 'B-O', 'B-O', 'B-O', 'B-O', 'B-O', 'B-O', 'B-O', 'B-O', 'B-O', 'B-O', 'B-O', 'B-O', 'B-O', 'B-O', 'B-O', 'B-O', 'B-O', 'B-O', 'B-O', 'B-O', 'B-O', 'B-O']	['an', 'immunopurification', 'approach', 'has', 'been', 'used', 'to', 'demonstrate', 'that', 'some', 'of', 'the', '16', 'some', 'of', 'which', 'that', 'composed', 'human', 'rna', 'pol', 'iii', 'are', '#modified', 'in', 'hela', 'cells', '.']
76	['B-O', 'B-O', 'B-O', 'B-O', 'B-O', 'B-O', 'B-O', 'B-O', 'B-O', 'B-O', 'B-O', 'B-O', 'B-O', 'B-O', 'B-O', 'B-O', 'B-O', 'B-O', 'B-O', 'B-O', 'B-O', 'B-O', 'B-O', 'B-O', 'B-O', 'B-O', 'B-O', 'B-O', 'B-O', 'B-O', 'B-O', 'B-O']	['an', 'immunopurification', 'approach', 'has', 'been', 'used', 'to', 'demonstrate', 'that', 'some', 'of', 'the', '16', 'hvdac', 'genes', 'that', 'composed', 'human', 'rna', 'pol', 'iii', 'have', 'the', 'ability', 'to', 'be', 'apparently', '#modified', 'in', 'hela', 'cells', '.']
77	['B-O', 'B-O', 'B-O', 'B-O', 'B-O', 'B-O', 'B-O', 'B-O', 'B-O', 'B-O', 'B-O', 'B-O', 'B-O', 'B-O', 'B-O', 'B-O', 'B-O', 'B-O', 'B-O', 'B-O', 'B-O', 'B-O', 'B-O', 'B-O', 'B-O', 'B-O', 'B-O', 'B-O', 'B-O', 'B-O']	['an', 'immunopurification', 'approach', 'has', 'been', 'used', 'to', 'demonstrate', 'that', 'human', 'rna', 'pol', 'iii', 'is', 'composed', 'of', '16', 'p', '.falciparum', ',', 'some', 'of', 'which', 'may', 'be', '#modified', 'in', 'hela', 'cells', '.']
78	['B-O', 'B-O', 'B-O', 'B-O', 'B-O', 'B-O', 'B-O', 'B-O', 'B-O', 'B-O', 'B-O', 'B-O', 'B-O', 'B-O', 'B-O', 'B-O', 'B-O', 'B-O', 'B-O', 'B-O', 'B-O', 'B-O', 'B-O', 'B-O', 'B-O', 'B-O', 'B-O', 'B-O', 'B-O', 'B-O']	['to', 'define', 'the', 'subcellular', 'location', 'of', 'hvdac', 'isoforms', ',', 'hvdac', 'genes', 'have', 'been', '#modified', 'so', 'that', 'the', 'encoded', 'proteins', 'contain', 'cooh-terminal', 'epitopes', 'recognized', 'by', 'either', 'of', 'two', 'monoclonal', 'antibodies', '.']
79	['B-O', 'B-O', 'B-O', 'B-O', 'B-O', 'B-O', 'B-O', 'B-O', 'B-O', 'B-O', 'B-O', 'B-O', 'B-O', 'B-O', 'B-O', 'B-O', 'B-O', 'B-O', 'B-O', 'B-O', 'B-O', 'B-O', 'B-O', 'B-O', 'B-O', 'B-O', 'B-O', 'B-O']	['p', '.falciparum', 'was', 'observed', 'to', 'be', 'notably', '#modified', 'genetically', 'by', 'transfection', '(crabb', 'and', 'cowman', ',', '1996;', 'crabb', 'et', 'al', '.', ',', '1997a)', 'to', 'disrupt', 'the', 'rap1', 'gene', '.']
80	['B-O', 'B-O', 'B-O', 'B-O', 'B-O', 'B-O', 'B-O', 'B-O', 'B-O', 'B-O', 'B-O', 'B-O', 'B-O', 'B-O', 'B-O', 'B-O', 'B-O', 'B-O', 'B-O', 'B-O', 'B-O', 'B-O', 'B-O', 'B-O', 'B-O', 'B-O']	['p', '.falciparum', 'might', 'be', 'notably', '#modified', 'genetically', 'by', 'transfection', '(crabb', 'and', 'cowman', ',', '1996;', 'crabb', 'et', 'al', '.', ',', '1997a)', 'to', 'disrupt', 'the', 'rap1', 'gene', '.']
81	['B-O', 'B-O', 'B-O', 'B-O', 'B-O', 'B-O', 'B-O', 'B-O', 'B-O', 'B-O', 'B-O', 'B-O', 'B-O', 'B-O', 'B-O', 'B-O', 'B-O', 'B-O', 'B-O', 'B-O', 'B-O', 'B-O', 'B-O', 'B-O', 'B-O', 'B-O', 'B-O', 'B-O', 'B-O', 'B-O']	['an', 'immunopurification', 'approach', 'has', 'been', 'used', 'to', 'demonstrate', 'that', 'human', 'rna', 'pol', 'iii', 'is', 'composed', 'of', '16', 'p', '.falciparum', ',', 'some', 'of', 'which', 'were', 'apparently', '#modified', 'in', 'hela', 'cells', '.']
82	['B-O', 'B-O', 'B-O', 'B-O', 'B-O', 'B-O', 'B-O', 'B-O', 'B-O', 'B-O', 'B-O', 'B-O', 'B-O', 'B-O', 'B-O', 'B-O', 'B-O', 'B-O', 'B-O', 'B-O', 'B-O', 'B-O', 'B-O', 'B-O', 'B-O', 'B-O', 'B-O', 'B-O', 'B-O']	['an', 'immunopurification', 'approach', 'has', 'been', 'used', 'to', 'demonstrate', 'that', 'some', 'of', 'the', '16', 'some', 'of', 'which', 'that', 'composed', 'human', 'rna', 'pol', 'iii', 'may', 'be', '#modified', 'in', 'hela', 'cells', '.']
83	['B-O', 'B-O', 'B-O', 'B-O', 'B-O', 'B-O', 'B-O', 'B-O', 'B-O', 'B-O', 'B-O', 'B-O', 'B-O', 'B-O', 'B-O', 'B-O', 'B-O', 'B-O', 'B-O', 'B-O', 'B-O', 'B-O', 'B-O']	['an', 'immunopurification', 'approach', 'has', 'been', 'used', 'to', 'demonstrate', 'that', 'human', 'rna', 'pol', 'iii', 'is', 'composed', 'of', '16', 'subunits', '#modified', 'in', 'hela', 'cells', '.']
84	['B-O', 'B-O', 'B-O', 'B-O', 'B-O', 'B-O', 'B-O', 'B-O', 'B-O', 'B-O', 'B-O', 'B-O', 'B-O', 'B-O', 'B-O', 'B-O', 'B-O', 'B-O', 'B-O', 'B-O', 'B-O', 'B-O', 'B-O', 'B-O', 'B-O', 'B-O', 'B-O', 'B-O', 'B-O']	['an', 'immunopurification', 'approach', 'has', 'been', 'used', 'to', 'demonstrate', 'that', 'human', 'rna', 'pol', 'iii', 'is', 'composed', 'of', '16', 'subunits', ',', 'some', 'of', 'which', 'will', 'be', '#modified', 'in', 'hela', 'cells', '.']
85	['B-O', 'B-O', 'B-O', 'B-O', 'B-O', 'B-O', 'B-O', 'B-O', 'B-O', 'B-O', 'B-O', 'B-O', 'B-O', 'B-O', 'B-O', 'B-O', 'B-O', 'B-O', 'B-O', 'B-O', 'B-O', 'B-O', 'B-O', 'B-O', 'B-O', 'B-O', 'B-O', 'B-O', 'B-O', 'B-O']	['an', 'immunopurification', 'approach', 'has', 'been', 'used', 'to', 'demonstrate', 'that', 'human', 'rna', 'pol', 'iii', 'is', 'composed', 'of', '16', 'p', '.falciparum', ',', 'some', 'of', 'which', 'will', 'be', '#modified', 'in', 'hela', 'cells', '.']
86	['B-O', 'B-O', 'B-O', 'B-O', 'B-O', 'B-O', 'B-O', 'B-O', 'B-O', 'B-O', 'B-O', 'B-O', 'B-O', 'B-O', 'B-O', 'B-O', 'B-O', 'B-O', 'B-O', 'B-O', 'B-O', 'B-O', 'B-O', 'B-O', 'B-O', 'B-O', 'B-O', 'B-O', 'B-O']	['an', 'immunopurification', 'approach', 'has', 'been', 'used', 'to', 'demonstrate', 'that', 'some', 'of', 'the', '16', 'p', '.falciparum', 'that', 'composed', 'human', 'rna', 'pol', 'iii', 'have', 'been', 'apparently', '#modified', 'in', 'hela', 'cells', '.']
87	['B-O', 'B-O', 'B-O', 'B-O', 'B-O', 'B-O', 'B-O', 'B-O', 'B-O', 'B-O', 'B-O', 'B-O', 'B-O', 'B-O', 'B-O', 'B-O', 'B-O', 'B-O', 'B-O', 'B-O', 'B-O', 'B-O', 'B-O', 'B-O', 'B-O', 'B-O', 'B-O', 'B-O', 'B-O', 'B-O']	['an', 'immunopurification', 'approach', 'has', 'been', 'used', 'to', 'demonstrate', 'that', 'some', 'of', 'the', '16', 'subunits', 'that', 'composed', 'human', 'rna', 'pol', 'iii', 'are', 'able', 'to', 'be', 'apparently', '#modified', 'in', 'hela', 'cells', '.']
88	['B-O', 'B-O', 'B-O', 'B-O', 'B-O', 'B-O', 'B-O', 'B-O', 'B-O', 'B-O', 'B-O', 'B-O', 'B-O', 'B-O', 'B-O', 'B-O', 'B-O', 'B-O', 'B-O', 'B-O', 'B-O', 'B-O', 'B-O', 'B-O', 'B-O', 'B-O', 'B-O', 'B-O', 'B-O', 'B-O']	['to', 'define', 'the', 'subcellular', 'location', 'of', 'hvdac', 'isoforms', ',', 'hvdac', 'genes', 'may', 'be', '#modified', 'so', 'that', 'the', 'encoded', 'proteins', 'contain', 'cooh-terminal', 'epitopes', 'recognized', 'by', 'either', 'of', 'two', 'monoclonal', 'antibodies', '.']
89	['B-O', 'B-O', 'B-O', 'B-O', 'B-O', 'B-O', 'B-O', 'B-O', 'B-O', 'B-O', 'B-O', 'B-O', 'B-O', 'B-O', 'B-O', 'B-O', 'B-O', 'B-O', 'B-O', 'B-O', 'B-O', 'B-O', 'B-O', 'B-O', 'B-O', 'B-O', 'B-O', 'B-O', 'B-O', 'B-O', 'B-O']	['an', 'immunopurification', 'approach', 'has', 'been', 'used', 'to', 'demonstrate', 'that', 'human', 'rna', 'pol', 'iii', 'is', 'composed', 'of', '16', 'some', 'of', 'which', ',', 'some', 'of', 'which', 'were', 'apparently', '#modified', 'in', 'hela', 'cells', '.']
90	['B-O', 'B-O', 'B-O', 'B-O', 'B-O', 'B-O', 'B-O', 'B-O', 'B-O', 'B-O', 'B-O', 'B-O', 'B-O', 'B-O', 'B-O', 'B-O', 'B-O', 'B-O', 'B-O', 'B-O', 'B-O', 'B-O', 'B-O', 'B-O', 'B-O', 'B-O', 'B-O', 'B-O']	['an', 'immunopurification', 'approach', 'has', 'been', 'used', 'to', 'demonstrate', 'that', 'human', 'rna', 'pol', 'iii', 'is', 'composed', 'of', '16', 'subunits', ',', 'some', 'of', 'which', 'were', '#modified', 'in', 'hela', 'cells', '.']
91	['B-O', 'B-O', 'B-O', 'B-O', 'B-O', 'B-O', 'B-O', 'B-O', 'B-O', 'B-O', 'B-O', 'B-O', 'B-O', 'B-O', 'B-O', 'B-O', 'B-O', 'B-O', 'B-O', 'B-O', 'B-O', 'B-O', 'B-O', 'B-O', 'B-O', 'B-O', 'B-O', 'B-O', 'B-O', 'B-O', 'B-O', 'B-O']	['an', 'immunopurification', 'approach', 'has', 'been', 'used', 'to', 'demonstrate', 'that', 'human', 'rna', 'pol', 'iii', 'is', 'composed', 'of', '16', 'hvdac', 'genes', ',', 'some', 'of', 'which', 'are', 'observed', 'to', 'be', '#modified', 'in', 'hela', 'cells', '.']
92	['B-O', 'B-O', 'B-O', 'B-O', 'B-O', 'B-O', 'B-O', 'B-O', 'B-O', 'B-O', 'B-O', 'B-O', 'B-O', 'B-O', 'B-O', 'B-O', 'B-O', 'B-O', 'B-O', 'B-O', 'B-O', 'B-O', 'B-O', 'B-O', 'B-O', 'B-O', 'B-O']	['an', 'immunopurification', 'approach', 'has', 'been', 'used', 'to', 'demonstrate', 'that', 'some', 'of', 'the', '16', 'subunits', 'that', 'composed', 'human', 'rna', 'pol', 'iii', 'have', 'been', '#modified', 'in', 'hela', 'cells', '.']
93	['B-O', 'B-O', 'B-O', 'B-O', 'B-O', 'B-O', 'B-O', 'B-O', 'B-O', 'B-O', 'B-O', 'B-O', 'B-O', 'B-O', 'B-O', 'B-O', 'B-O', 'B-O', 'B-O', 'B-O', 'B-O', 'B-O', 'B-O', 'B-O', 'B-O', 'B-O', 'B-O', 'B-O', 'B-O', 'B-O']	['an', 'immunopurification', 'approach', 'has', 'been', 'used', 'to', 'demonstrate', 'that', 'some', 'of', 'the', '16', 'hvdac', 'genes', 'that', 'composed', 'human', 'rna', 'pol', 'iii', 'might', 'have', 'been', 'apparently', '#modified', 'in', 'hela', 'cells', '.']
94	['B-O', 'B-O', 'B-O', 'B-O', 'B-O', 'B-O', 'B-O', 'B-O', 'B-O', 'B-O', 'B-O', 'B-O', 'B-O', 'B-O', 'B-O', 'B-O', 'B-O', 'B-O', 'B-O', 'B-O', 'B-O', 'B-O', 'B-O', 'B-O', 'B-O', 'B-O', 'B-O', 'B-O']	['an', 'immunopurification', 'approach', 'has', 'been', 'used', 'to', 'demonstrate', 'that', 'some', 'of', 'the', '16', 'p', '.falciparum', 'that', 'composed', 'human', 'rna', 'pol', 'iii', 'can', 'be', '#modified', 'in', 'hela', 'cells', '.']
95	['B-O', 'B-O', 'B-O', 'B-O', 'B-O', 'B-O', 'B-O', 'B-O', 'B-O', 'B-O', 'B-O', 'B-O', 'B-O', 'B-O', 'B-O', 'B-O', 'B-O', 'B-O', 'B-O', 'B-O', 'B-O', 'B-O', 'B-O', 'B-O', 'B-O', 'B-O', 'B-O', 'B-O', 'B-O', 'B-O']	['an', 'immunopurification', 'approach', 'has', 'been', 'used', 'to', 'demonstrate', 'that', 'some', 'of', 'the', '16', 'subunits', 'that', 'composed', 'human', 'rna', 'pol', 'iii', 'have', 'the', 'ability', 'to', 'be', '#modified', 'in', 'hela', 'cells', '.']
96	['B-O', 'B-O', 'B-O', 'B-O', 'B-O', 'B-O', 'B-O', 'B-O', 'B-O', 'B-O', 'B-O', 'B-O', 'B-O', 'B-O', 'B-O', 'B-O', 'B-O', 'B-O', 'B-O', 'B-O', 'B-O', 'B-O', 'B-O', 'B-O', 'B-O', 'B-O', 'B-O', 'B-O', 'B-O', 'B-O']	['an', 'immunopurification', 'approach', 'has', 'been', 'used', 'to', 'demonstrate', 'that', 'some', 'of', 'the', '16', 'some', 'of', 'which', 'that', 'composed', 'human', 'rna', 'pol', 'iii', 'will', 'be', 'apparently', '#modified', 'in', 'hela', 'cells', '.']
97	['B-O', 'B-O', 'B-O', 'B-O', 'B-O', 'B-O', 'B-O', 'B-O', 'B-O', 'B-O', 'B-O', 'B-O', 'B-O', 'B-O', 'B-O', 'B-O', 'B-O', 'B-O', 'B-O', 'B-O', 'B-O', 'B-O', 'B-O', 'B-O', 'B-O', 'B-O', 'B-O', 'B-O', 'B-O', 'B-O', 'B-O']	['an', 'immunopurification', 'approach', 'has', 'been', 'used', 'to', 'demonstrate', 'that', 'human', 'rna', 'pol', 'iii', 'is', 'composed', 'of', '16', 'p', '.falciparum', ',', 'some', 'of', 'which', 'will', 'be', 'apparently', '#modified', 'in', 'hela', 'cells', '.']
98	['B-O', 'B-O', 'B-O', 'B-O', 'B-O', 'B-O', 'B-O', 'B-O', 'B-O', 'B-O', 'B-O', 'B-O', 'B-O', 'B-O', 'B-O', 'B-O', 'B-O', 'B-O', 'B-O', 'B-O', 'B-O', 'B-O', 'B-O', 'B-O', 'B-O', 'B-O', 'B-O', 'B-O', 'B-O', 'B-O', 'B-O', 'B-O', 'B-O']	['an', 'immunopurification', 'approach', 'has', 'been', 'used', 'to', 'demonstrate', 'that', 'human', 'rna', 'pol', 'iii', 'is', 'composed', 'of', '16', 'subunits', ',', 'some', 'of', 'which', 'have', 'the', 'ability', 'to', 'be', 'apparently', '#modified', 'in', 'hela', 'cells', '.']
99	['B-O', 'B-O', 'B-O', 'B-O', 'B-O', 'B-O', 'B-O', 'B-O', 'B-O', 'B-O', 'B-O', 'B-O', 'B-O', 'B-O', 'B-O', 'B-O', 'B-O', 'B-O', 'B-O', 'B-O', 'B-O', 'B-O', 'B-O', 'B-O', 'B-O', 'B-O', 'B-O', 'B-O', 'B-O']	['an', 'immunopurification', 'approach', 'has', 'been', 'used', 'to', 'demonstrate', 'that', 'some', 'of', 'the', '16', 'subunits', 'that', 'composed', 'human', 'rna', 'pol', 'iii', 'might', 'have', 'been', 'apparently', '#modified', 'in', 'hela', 'cells', '.']
100	['B-O', 'B-O', 'B-O', 'B-O', 'B-O', 'B-O', 'B-O', 'B-O', 'B-O', 'B-O', 'B-O', 'B-O', 'B-O', 'B-O', 'B-O', 'B-O', 'B-O', 'B-O', 'B-O', 'B-O', 'B-O', 'B-O', 'B-O', 'B-O', 'B-O', 'B-O', 'B-O', 'B-O', 'B-O', 'B-O', 'B-O', 'B-O']	['an', 'immunopurification', 'approach', 'has', 'been', 'used', 'to', 'demonstrate', 'that', 'human', 'rna', 'pol', 'iii', 'is', 'composed', 'of', '16', 'hvdac', 'genes', ',', 'some', 'of', 'which', 'are', 'able', 'to', 'be', '#modified', 'in', 'hela', 'cells', '.']
101	['B-O', 'B-O', 'B-O', 'B-O', 'B-O', 'B-O', 'B-O', 'B-O', 'B-O', 'B-O', 'B-O', 'B-O', 'B-O', 'B-O', 'B-O', 'B-O', 'B-O', 'B-O', 'B-O', 'B-O', 'B-O', 'B-O', 'B-O', 'B-O', 'B-O', 'B-O', 'B-O', 'B-O', 'B-O', 'B-O']	['an', 'immunopurification', 'approach', 'has', 'been', 'used', 'to', 'demonstrate', 'that', 'human', 'rna', 'pol', 'iii', 'is', 'composed', 'of', '16', 'hvdac', 'genes', ',', 'some', 'of', 'which', 'may', 'be', '#modified', 'in', 'hela', 'cells', '.']
102	['B-O', 'B-O', 'B-O', 'B-O', 'B-O', 'B-O', 'B-O', 'B-O', 'B-O', 'B-O', 'B-O', 'B-O', 'B-O', 'B-O', 'B-O', 'B-O', 'B-O', 'B-O', 'B-O', 'B-O', 'B-O', 'B-O', 'B-O', 'B-O', 'B-O', 'B-O', 'B-O', 'B-O', 'B-O', 'B-O', 'B-O']	['an', 'immunopurification', 'approach', 'has', 'been', 'used', 'to', 'demonstrate', 'that', 'some', 'of', 'the', '16', 'p', '.falciparum', 'that', 'composed', 'human', 'rna', 'pol', 'iii', 'have', 'the', 'ability', 'to', 'be', '#modified', 'in', 'hela', 'cells', '.']
103	['B-O', 'B-O', 'B-O', 'B-O', 'B-O', 'B-O', 'B-O', 'B-O', 'B-O', 'B-O', 'B-O', 'B-O', 'B-O', 'B-O', 'B-O', 'B-O', 'B-O', 'B-O', 'B-O', 'B-O', 'B-O', 'B-O', 'B-O', 'B-O', 'B-O', 'B-O', 'B-O', 'B-O', 'B-O', 'B-O', 'B-O', 'B-O', 'B-O']	['an', 'immunopurification', 'approach', 'has', 'been', 'used', 'to', 'demonstrate', 'that', 'human', 'rna', 'pol', 'iii', 'is', 'composed', 'of', '16', 'some', 'of', 'which', ',', 'some', 'of', 'which', 'might', 'have', 'been', 'apparently', '#modified', 'in', 'hela', 'cells', '.']
104	['B-O', 'B-O', 'B-O', 'B-O', 'B-O', 'B-O', 'B-O', 'B-O', 'B-O', 'B-O', 'B-O', 'B-O', 'B-O', 'B-O', 'B-O', 'B-O', 'B-O', 'B-O', 'B-O', 'B-O', 'B-O', 'B-O', 'B-O', 'B-O', 'B-O', 'B-O', 'B-O', 'B-O', 'B-O', 'B-O']	['an', 'immunopurification', 'approach', 'has', 'been', 'used', 'to', 'demonstrate', 'that', 'some', 'of', 'the', '16', 'some', 'of', 'which', 'that', 'composed', 'human', 'rna', 'pol', 'iii', 'might', 'have', 'been', '#modified', 'in', 'hela', 'cells', '.']
105	['B-O', 'B-O', 'B-O', 'B-O', 'B-O', 'B-O', 'B-O', 'B-O', 'B-O', 'B-O', 'B-O', 'B-O', 'B-O', 'B-O', 'B-O', 'B-O', 'B-O', 'B-O', 'B-O', 'B-O', 'B-O', 'B-O', 'B-O', 'B-O', 'B-O', 'B-O', 'B-O', 'B-O', 'B-O', 'B-O', 'B-O', 'B-O']	['an', 'immunopurification', 'approach', 'has', 'been', 'used', 'to', 'demonstrate', 'that', 'human', 'rna', 'pol', 'iii', 'is', 'composed', 'of', '16', 'subunits', ',', 'some', 'of', 'which', 'are', 'able', 'to', 'be', 'apparently', '#modified', 'in', 'hela', 'cells', '.']
106	['B-O', 'B-O', 'B-O', 'B-O', 'B-O', 'B-O', 'B-O', 'B-O', 'B-O', 'B-O', 'B-O', 'B-O', 'B-O', 'B-O', 'B-O', 'B-O', 'B-O', 'B-O', 'B-O', 'B-O', 'B-O', 'B-O', 'B-O', 'B-O', 'B-O', 'B-O', 'B-O', 'B-O', 'B-O', 'B-O', 'B-O', 'B-O', 'B-O']	['an', 'immunopurification', 'approach', 'has', 'been', 'used', 'to', 'demonstrate', 'that', 'human', 'rna', 'pol', 'iii', 'is', 'composed', 'of', '16', 'hvdac', 'genes', ',', 'some', 'of', 'which', 'are', 'observed', 'to', 'be', 'apparently', '#modified', 'in', 'hela', 'cells', '.']
107	['B-O', 'B-O', 'B-O', 'B-O', 'B-O', 'B-O', 'B-O', 'B-O', 'B-O', 'B-O', 'B-O', 'B-O', 'B-O', 'B-O', 'B-O', 'B-O', 'B-O', 'B-O', 'B-O', 'B-O', 'B-O', 'B-O', 'B-O', 'B-O', 'B-O', 'B-O']	['an', 'immunopurification', 'approach', 'has', 'been', 'used', 'to', 'demonstrate', 'that', 'some', 'of', 'the', '16', 'subunits', 'that', 'composed', 'human', 'rna', 'pol', 'iii', 'are', '#modified', 'in', 'hela', 'cells', '.']
108	['B-O', 'B-O', 'B-O', 'B-O', 'B-O', 'B-O', 'B-O', 'B-O', 'B-O', 'B-O', 'B-O', 'B-O', 'B-O', 'B-O', 'B-O', 'B-O', 'B-O', 'B-O', 'B-O', 'B-O', 'B-O', 'B-O', 'B-O', 'B-O', 'B-O', 'B-O', 'B-O', 'B-O', 'B-O', 'B-O', 'B-O', 'B-O', 'B-O']	['to', 'define', 'the', 'subcellular', 'location', 'of', 'hvdac', 'isoforms', ',', 'hvdac', 'genes', 'are', 'able', 'to', 'be', 'remarkably', '#modified', 'so', 'that', 'the', 'encoded', 'proteins', 'contain', 'cooh-terminal', 'epitopes', 'recognized', 'by', 'either', 'of', 'two', 'monoclonal', 'antibodies', '.']
109	['B-O', 'B-O', 'B-O', 'B-O', 'B-O', 'B-O', 'B-O', 'B-O', 'B-O', 'B-O', 'B-O', 'B-O', 'B-O', 'B-O', 'B-O', 'B-O', 'B-O', 'B-O', 'B-O', 'B-O', 'B-O', 'B-O', 'B-O', 'B-O', 'B-O']	['an', 'immunopurification', 'approach', 'has', 'been', 'used', 'to', 'demonstrate', 'that', 'human', 'rna', 'pol', 'iii', 'is', 'composed', 'of', '16', 'subunits', 'being', 'apparently', '#modified', 'in', 'hela', 'cells', '.']
110	['B-O', 'B-O', 'B-O', 'B-O', 'B-O', 'B-O', 'B-O', 'B-O', 'B-O', 'B-O', 'B-O', 'B-O', 'B-O', 'B-O', 'B-O', 'B-O', 'B-O', 'B-O', 'B-O', 'B-O', 'B-O', 'B-O', 'B-O', 'B-O', 'B-O', 'B-O', 'B-O', 'B-O', 'B-O', 'B-O']	['to', 'define', 'the', 'subcellular', 'location', 'of', 'hvdac', 'isoforms', ',', 'hvdac', 'genes', 'are', 'remarkably', '#modified', 'so', 'that', 'the', 'encoded', 'proteins', 'contain', 'cooh-terminal', 'epitopes', 'recognized', 'by', 'either', 'of', 'two', 'monoclonal', 'antibodies', '.']
111	['B-O', 'B-O', 'B-O', 'B-O', 'B-O', 'B-O', 'B-O', 'B-O', 'B-O', 'B-O', 'B-O', 'B-O', 'B-O', 'B-O', 'B-O', 'B-O', 'B-O', 'B-O', 'B-O', 'B-O', 'B-O', 'B-O', 'B-O', 'B-O', 'B-O', 'B-O', 'B-O', 'B-O', 'B-O', 'B-O', 'B-O', 'B-O', 'B-O']	['to', 'define', 'the', 'subcellular', 'location', 'of', 'hvdac', 'isoforms', ',', 'hvdac', 'genes', 'are', 'observed', 'to', 'be', 'remarkably', '#modified', 'so', 'that', 'the', 'encoded', 'proteins', 'contain', 'cooh-terminal', 'epitopes', 'recognized', 'by', 'either', 'of', 'two', 'monoclonal', 'antibodies', '.']
112	['B-O', 'B-O', 'B-O', 'B-O', 'B-O', 'B-O', 'B-O', 'B-O', 'B-O', 'B-O', 'B-O', 'B-O', 'B-O', 'B-O', 'B-O', 'B-O', 'B-O', 'B-O', 'B-O', 'B-O', 'B-O', 'B-O', 'B-O', 'B-O', 'B-O', 'B-O', 'B-O', 'B-O', 'B-O', 'B-O', 'B-O']	['an', 'immunopurification', 'approach', 'has', 'been', 'used', 'to', 'demonstrate', 'that', 'human', 'rna', 'pol', 'iii', 'is', 'composed', 'of', '16', 'hvdac', 'genes', ',', 'some', 'of', 'which', 'may', 'be', 'apparently', '#modified', 'in', 'hela', 'cells', '.']
113	['B-O', 'B-O', 'B-O', 'B-O', 'B-O', 'B-O', 'B-O', 'B-O', 'B-O', 'B-O', 'B-O', 'B-O', 'B-O', 'B-O', 'B-O', 'B-O', 'B-O', 'B-O', 'B-O', 'B-O', 'B-O', 'B-O', 'B-O', 'B-O', 'B-O']	['an', 'immunopurification', 'approach', 'has', 'been', 'used', 'to', 'demonstrate', 'that', 'human', 'rna', 'pol', 'iii', 'is', 'composed', 'of', '16', 'p', '.falciparum', 'being', '#modified', 'in', 'hela', 'cells', '.']
114	['B-O', 'B-O', 'B-O', 'B-O', 'B-O', 'B-O', 'B-O', 'B-O', 'B-O', 'B-O', 'B-O', 'B-O', 'B-O', 'B-O', 'B-O', 'B-O', 'B-O', 'B-O', 'B-O', 'B-O', 'B-O', 'B-O', 'B-O', 'B-O']	['p', '.falciparum', 'is', '#modified', 'genetically', 'by', 'transfection', '(crabb', 'and', 'cowman', ',', '1996;', 'crabb', 'et', 'al', '.', ',', '1997a)', 'to', 'disrupt', 'the', 'rap1', 'gene', '.']
115	['B-O', 'B-O', 'B-O', 'B-O', 'B-O', 'B-O', 'B-O', 'B-O', 'B-O', 'B-O', 'B-O', 'B-O', 'B-O', 'B-O', 'B-O', 'B-O', 'B-O', 'B-O', 'B-O', 'B-O', 'B-O', 'B-O', 'B-O', 'B-O', 'B-O', 'B-O', 'B-O', 'B-O', 'B-O', 'B-O', 'B-O', 'B-O', 'B-O', 'B-O', 'B-O', 'B-O', 'B-O', 'B-O', 'B-O', 'B-O', 'B-O', 'B-O', 'B-O', 'B-O', 'B-O']	['these', 'results', 'lead', 'us', 'to', 'conclude', 'that', 'envz', 'and', 'ompr', 'act', 'in', 'sequential', 'fashion', 'to', 'activate', 'porin', 'gene', 'expression;', 'i', '.e', '.', ',', 'envz', 'might', 'have', '#modified', 'or', 'in', 'some', 'way', 'directed', 'ompr', ',', 'which', 'in', 'turn', 'acts', 'at', 'the', 'appropriate', 'porin', 'gene', 'promoter', '.']
116	['B-O', 'B-O', 'B-O', 'B-O', 'B-O', 'B-O', 'B-O', 'B-O', 'B-O', 'B-O', 'B-O', 'B-O', 'B-O', 'B-O', 'B-O', 'B-O', 'B-O', 'B-O', 'B-O', 'B-O', 'B-O', 'B-O', 'B-O', 'B-O', 'B-O', 'B-O', 'B-O', 'B-O', 'B-O', 'B-O', 'B-O', 'B-O']	['taken', 'together', 'these', 'data', 'suggest', 'that', 'the', 'binding', 'of', 'either', 'u5', 'or', 'sh3', 'to', 'the', 'guk', 'domain', 'might', 'be', '#modified', 'by', 'factors', 'that', 'may', 'regulate', 'gkap', 'binding', 'to', 'the', 'guk', 'domain', '.']
117	['B-O', 'B-O', 'B-O', 'B-O', 'B-O', 'B-O', 'B-O', 'B-O', 'B-O', 'B-O', 'B-O', 'B-O', 'B-O', 'B-O', 'B-O', 'B-O', 'B-O', 'B-O', 'B-O', 'B-O', 'B-O', 'B-O', 'B-O', 'B-O', 'B-O', 'B-O', 'B-O', 'B-O', 'B-O', 'B-O', 'B-O', 'B-O', 'B-O', 'B-O', 'B-O', 'B-O', 'B-O', 'B-O', 'B-O', 'B-O', 'B-O', 'B-O', 'B-O', 'B-O', 'B-O', 'B-O', 'B-O', 'B-O', 'B-O']	['these', 'results', 'lead', 'us', 'to', 'conclude', 'that', 'envz', 'and', 'ompr', 'act', 'in', 'sequential', 'fashion', 'to', 'activate', 'porin', 'gene', 'expression;', 'i', '.e', '.', ',', 'ompr', ',', 'which', 'acts', 'at', 'the', 'appropriate', 'porin', 'gene', 'promoter', ',', 'has', 'the', 'ability', 'to', 'be', 'significantly', '#modified', 'or', 'in', 'some', 'way', 'directed', 'by', 'envz', '.']
118	['B-O', 'B-O', 'B-O', 'B-O', 'B-O', 'B-O', 'B-O', 'B-O', 'B-O', 'B-O', 'B-O', 'B-O', 'B-O', 'B-O', 'B-O', 'B-O', 'B-O', 'B-O', 'B-O', 'B-O', 'B-O', 'B-O', 'B-O', 'B-O', 'B-O', 'B-O', 'B-O', 'B-O', 'B-O', 'B-O', 'B-O', 'B-O', 'B-O', 'B-O', 'B-O', 'B-O', 'B-O', 'B-O', 'B-O', 'B-O', 'B-O', 'B-O', 'B-O', 'B-O', 'B-O']	['these', 'results', 'lead', 'us', 'to', 'conclude', 'that', 'envz', 'and', 'ompr', 'act', 'in', 'sequential', 'fashion', 'to', 'activate', 'porin', 'gene', 'expression;', 'i', '.e', '.', ',', 'ompr', ',', 'which', 'acts', 'at', 'the', 'appropriate', 'porin', 'gene', 'promoter', ',', 'may', 'be', '#modified', 'or', 'in', 'some', 'way', 'directed', 'by', 'envz', '.']
119	['B-O', 'B-O', 'B-O', 'B-O', 'B-O', 'B-O', 'B-O', 'B-O', 'B-O', 'B-O', 'B-O', 'B-O', 'B-O', 'B-O', 'B-O', 'B-O', 'B-O', 'B-O', 'B-O', 'B-O', 'B-O', 'B-O', 'B-O', 'B-O', 'B-O', 'B-O', 'B-O', 'B-O', 'B-O', 'B-O', 'B-O', 'B-O', 'B-O', 'B-O', 'B-O', 'B-O', 'B-O', 'B-O', 'B-O', 'B-O', 'B-O', 'B-O', 'B-O', 'B-O', 'B-O', 'B-O', 'B-O', 'B-O']	['taken', 'together', 'these', 'data', 'suggest', 'that', 'the', 'sh3', 'acts', 'to', 'position', 'the', 'u5', 'region', 'through', 'its', 'own', 'association', 'with', 'the', 'guk', 'domain', 'and', 'that', 'factors', 'which', 'may', '#modify', 'the', 'binding', 'of', 'either', 'u5', 'or', 'sh3', 'to', 'the', 'guk', 'domain', 'may', 'regulate', 'gkap', 'binding', 'to', 'the', 'guk', 'domain', '.']
120	['B-O', 'B-O', 'B-O', 'B-O', 'B-O', 'B-O', 'B-O', 'B-O', 'B-O', 'B-O', 'B-O', 'B-O', 'B-O', 'B-O', 'B-O', 'B-O', 'B-O', 'B-O', 'B-O', 'B-O', 'B-O', 'B-O', 'B-O', 'B-O', 'B-O']	['we', 'can', '#modify', 'p', '.falciparum', 'genetically', 'by', 'transfection', '(crabb', 'and', 'cowman', ',', '1996;', 'crabb', 'et', 'al', '.', ',', '1997a)', 'to', 'disrupt', 'the', 'rap1', 'gene', '.']
121	['B-O', 'B-O', 'B-O', 'B-O', 'B-O', 'B-O', 'B-O', 'B-O', 'B-O', 'B-O', 'B-O', 'B-O', 'B-O', 'B-O', 'B-O', 'B-O', 'B-O', 'B-O', 'B-O', 'B-O', 'B-O', 'B-O', 'B-O', 'B-O', 'B-O', 'B-O']	['we', 'have', 'notably', '#modified', 'p', '.falciparum', 'genetically', 'by', 'transfection', '(crabb', 'and', 'cowman', ',', '1996;', 'crabb', 'et', 'al', '.', ',', '1997a)', 'to', 'disrupt', 'the', 'rap1', 'gene', '.']
122	['B-O', 'B-O', 'B-O', 'B-O', 'B-O', 'B-O', 'B-O', 'B-O', 'B-O', 'B-O', 'B-O', 'B-O', 'B-O', 'B-O', 'B-O', 'B-O', 'B-O', 'B-O', 'B-O', 'B-O', 'B-O', 'B-O', 'B-O', 'B-O', 'B-O', 'B-O', 'B-O', 'B-O', 'B-O', 'B-O', 'B-O', 'B-O', 'B-O', 'B-O', 'B-O', 'B-O', 'B-O', 'B-O', 'B-O', 'B-O', 'B-O', 'B-O', 'B-O', 'B-O', 'B-O', 'B-O', 'B-O', 'B-O', 'B-O']	['these', 'results', 'lead', 'us', 'to', 'conclude', 'that', 'envz', 'and', 'ompr', 'act', 'in', 'sequential', 'fashion', 'to', 'activate', 'porin', 'gene', 'expression;', 'i', '.e', '.', ',', 'ompr', ',', 'which', 'acts', 'at', 'the', 'appropriate', 'porin', 'gene', 'promoter', ',', 'has', 'the', 'probability', 'of', 'being', 'significantly', '#modified', 'or', 'in', 'some', 'way', 'directed', 'by', 'envz', '.']
123	['B-O', 'B-O', 'B-O', 'B-O', 'B-O', 'B-O', 'B-O', 'B-O', 'B-O', 'B-O', 'B-O', 'B-O', 'B-O', 'B-O', 'B-O', 'B-O', 'B-O', 'B-O', 'B-O', 'B-O', 'B-O', 'B-O', 'B-O', 'B-O', 'B-O', 'B-O', 'B-O', 'B-O', 'B-O', 'B-O', 'B-O', 'B-O', 'B-O']	['taken', 'together', 'these', 'data', 'suggest', 'that', 'the', 'binding', 'of', 'either', 'u5', 'or', 'sh3', 'to', 'the', 'guk', 'domain', 'could', 'have', 'been', '#modified', 'by', 'factors', 'that', 'may', 'regulate', 'gkap', 'binding', 'to', 'the', 'guk', 'domain', '.']
124	['B-O', 'B-O', 'B-O', 'B-O', 'B-O', 'B-O', 'B-O', 'B-O', 'B-O', 'B-O', 'B-O', 'B-O', 'B-O', 'B-O', 'B-O', 'B-O', 'B-O', 'B-O', 'B-O', 'B-O', 'B-O', 'B-O', 'B-O', 'B-O', 'B-O', 'B-O', 'B-O', 'B-O', 'B-O', 'B-O', 'B-O', 'B-O', 'B-O', 'B-O', 'B-O', 'B-O', 'B-O', 'B-O', 'B-O', 'B-O', 'B-O', 'B-O', 'B-O', 'B-O', 'B-O', 'B-O', 'B-O']	['these', 'results', 'lead', 'us', 'to', 'conclude', 'that', 'envz', 'and', 'ompr', 'act', 'in', 'sequential', 'fashion', 'to', 'activate', 'porin', 'gene', 'expression;', 'i', '.e', '.', ',', 'envz', 'has', 'the', 'probability', 'of', '#modifying', 'or', 'in', 'some', 'way', 'directing', 'ompr', ',', 'which', 'in', 'turn', 'acts', 'at', 'the', 'appropriate', 'porin', 'gene', 'promoter', '.']
125	['B-O', 'B-O', 'B-O', 'B-O', 'B-O', 'B-O', 'B-O', 'B-O', 'B-O', 'B-O', 'B-O', 'B-O', 'B-O', 'B-O', 'B-O', 'B-O', 'B-O', 'B-O', 'B-O', 'B-O', 'B-O', 'B-O', 'B-O', 'B-O', 'B-O', 'B-O', 'B-O', 'B-O', 'B-O', 'B-O', 'B-O', 'B-O', 'B-O']	['taken', 'together', 'these', 'data', 'suggest', 'that', 'the', 'binding', 'of', 'either', 'u5', 'or', 'sh3', 'to', 'the', 'guk', 'domain', 'might', 'have', 'been', '#modified', 'by', 'factors', 'that', 'may', 'regulate', 'gkap', 'binding', 'to', 'the', 'guk', 'domain', '.']
126	['B-O', 'B-O', 'B-O', 'B-O', 'B-O', 'B-O', 'B-O', 'B-O', 'B-O', 'B-O', 'B-O', 'B-O', 'B-O', 'B-O', 'B-O', 'B-O', 'B-O', 'B-O', 'B-O', 'B-O', 'B-O', 'B-O', 'B-O', 'B-O', 'B-O', 'B-O', 'B-O', 'B-O', 'B-O', 'B-O', 'B-O', 'B-O', 'B-O', 'B-O']	['taken', 'together', 'these', 'data', 'suggest', 'that', 'the', 'binding', 'of', 'either', 'u5', 'or', 'sh3', 'to', 'the', 'guk', 'domain', 'is', 'observed', 'to', 'be', '#modified', 'by', 'factors', 'that', 'may', 'regulate', 'gkap', 'binding', 'to', 'the', 'guk', 'domain', '.']
127	['B-O', 'B-O', 'B-O', 'B-O', 'B-O', 'B-O', 'B-O', 'B-O', 'B-O', 'B-O', 'B-O', 'B-O', 'B-O', 'B-O', 'B-O', 'B-O', 'B-O', 'B-O', 'B-O', 'B-O', 'B-O', 'B-O', 'B-O', 'B-O', 'B-O', 'B-O', 'B-O', 'B-O', 'B-O', 'B-O', 'B-O', 'B-O', 'B-O', 'B-O', 'B-O', 'B-O', 'B-O', 'B-O', 'B-O', 'B-O', 'B-O', 'B-O', 'B-O', 'B-O', 'B-O', 'B-O', 'B-O']	['these', 'results', 'lead', 'us', 'to', 'conclude', 'that', 'envz', 'and', 'ompr', 'act', 'in', 'sequential', 'fashion', 'to', 'activate', 'porin', 'gene', 'expression;', 'i', '.e', '.', ',', 'envz', 'is', 'able', 'to', 'significantly', '#modify', 'or', 'in', 'some', 'way', 'direct', 'ompr', ',', 'which', 'in', 'turn', 'acts', 'at', 'the', 'appropriate', 'porin', 'gene', 'promoter', '.']
128	['B-O', 'B-O', 'B-O', 'B-O', 'B-O', 'B-O', 'B-O', 'B-O', 'B-O', 'B-O', 'B-O', 'B-O', 'B-O', 'B-O', 'B-O', 'B-O', 'B-O', 'B-O', 'B-O', 'B-O', 'B-O', 'B-O', 'B-O', 'B-O', 'B-O', 'B-O', 'B-O', 'B-O', 'B-O', 'B-O', 'B-O', 'B-O']	['taken', 'together', 'these', 'data', 'suggest', 'that', 'the', 'binding', 'of', 'either', 'u5', 'or', 'sh3', 'to', 'the', 'guk', 'domain', 'can', 'be', '#modified', 'by', 'factors', 'that', 'may', 'regulate', 'gkap', 'binding', 'to', 'the', 'guk', 'domain', '.']
129	['B-O', 'B-O', 'B-O', 'B-O', 'B-O', 'B-O', 'B-O', 'B-O', 'B-O', 'B-O', 'B-O', 'B-O', 'B-O', 'B-O', 'B-O', 'B-O', 'B-O', 'B-O', 'B-O', 'B-O', 'B-O', 'B-O', 'B-O', 'B-O', 'B-O', 'B-O', 'B-O', 'B-O', 'B-O', 'B-O', 'B-O']	['taken', 'together', 'these', 'data', 'suggest', 'that', 'the', 'binding', 'of', 'either', 'u5', 'or', 'sh3', 'to', 'the', 'guk', 'domain', 'was', '#modified', 'by', 'factors', 'that', 'may', 'regulate', 'gkap', 'binding', 'to', 'the', 'guk', 'domain', '.']
130	['B-O', 'B-O', 'B-O', 'B-O', 'B-O', 'B-O', 'B-O', 'B-O', 'B-O', 'B-O', 'B-O', 'B-O', 'B-O', 'B-O', 'B-O', 'B-O', 'B-O', 'B-O', 'B-O', 'B-O', 'B-O', 'B-O', 'B-O', 'B-O', 'B-O', 'B-O', 'B-O', 'B-O', 'B-O', 'B-O', 'B-O', 'B-O', 'B-O', 'B-O', 'B-O', 'B-O', 'B-O', 'B-O', 'B-O', 'B-O', 'B-O', 'B-O', 'B-O', 'B-O', 'B-O', 'B-O']	['these', 'results', 'lead', 'us', 'to', 'conclude', 'that', 'envz', 'and', 'ompr', 'act', 'in', 'sequential', 'fashion', 'to', 'activate', 'porin', 'gene', 'expression;', 'i', '.e', '.', ',', 'ompr', ',', 'which', 'acts', 'at', 'the', 'appropriate', 'porin', 'gene', 'promoter', ',', 'may', 'be', 'significantly', '#modified', 'or', 'in', 'some', 'way', 'directed', 'by', 'envz', '.']
131	['B-O', 'B-O', 'B-O', 'B-O', 'B-O', 'B-O', 'B-O', 'B-O', 'B-O', 'B-O', 'B-O', 'B-O', 'B-O', 'B-O', 'B-O', 'B-O', 'B-O', 'B-O', 'B-O', 'B-O', 'B-O', 'B-O', 'B-O', 'B-O', 'B-O']	['we', 'may', '#modify', 'p', '.falciparum', 'genetically', 'by', 'transfection', '(crabb', 'and', 'cowman', ',', '1996;', 'crabb', 'et', 'al', '.', ',', '1997a)', 'to', 'disrupt', 'the', 'rap1', 'gene', '.']
132	['B-O', 'B-O', 'B-O', 'B-O', 'B-O', 'B-O', 'B-O', 'B-O', 'B-O', 'B-O', 'B-O', 'B-O', 'B-O', 'B-O', 'B-O', 'B-O', 'B-O', 'B-O', 'B-O', 'B-O', 'B-O', 'B-O', 'B-O', 'B-O', 'B-O', 'B-O', 'B-O', 'B-O', 'B-O', 'B-O', 'B-O', 'B-O', 'B-O']	['taken', 'together', 'these', 'data', 'suggest', 'that', 'the', 'binding', 'of', 'either', 'u5', 'or', 'sh3', 'to', 'the', 'guk', 'domain', 'would', 'have', 'been', '#modified', 'by', 'factors', 'that', 'may', 'regulate', 'gkap', 'binding', 'to', 'the', 'guk', 'domain', '.']
133	['B-O', 'B-O', 'B-O', 'B-O', 'B-O', 'B-O', 'B-O', 'B-O', 'B-O', 'B-O', 'B-O', 'B-O', 'B-O', 'B-O', 'B-O', 'B-O', 'B-O', 'B-O', 'B-O', 'B-O', 'B-O', 'B-O', 'B-O', 'B-O', 'B-O', 'B-O', 'B-O', 'B-O', 'B-O', 'B-O', 'B-O', 'B-O', 'B-O', 'B-O', 'B-O', 'B-O', 'B-O', 'B-O', 'B-O', 'B-O', 'B-O', 'B-O', 'B-O', 'B-O', 'B-O', 'B-O', 'B-O', 'B-O', 'B-O']	['taken', 'together', 'these', 'data', 'suggest', 'that', 'the', 'sh3', 'acts', 'to', 'position', 'the', 'u5', 'region', 'through', 'its', 'own', 'association', 'with', 'the', 'guk', 'domain', 'and', 'that', 'factors', 'which', 'might', 'have', '#modified', 'the', 'binding', 'of', 'either', 'u5', 'or', 'sh3', 'to', 'the', 'guk', 'domain', 'may', 'regulate', 'gkap', 'binding', 'to', 'the', 'guk', 'domain', '.']
134	['B-O', 'B-O', 'B-O', 'B-O', 'B-O', 'B-O', 'B-O', 'B-O', 'B-O', 'B-O', 'B-O', 'B-O', 'B-O', 'B-O', 'B-O', 'B-O', 'B-O', 'B-O', 'B-O', 'B-O', 'B-O', 'B-O', 'B-O', 'B-O', 'B-O', 'B-O', 'B-O', 'B-O', 'B-O', 'B-O', 'B-O', 'B-O', 'B-O', 'B-O', 'B-O', 'B-O', 'B-O', 'B-O', 'B-O', 'B-O', 'B-O', 'B-O', 'B-O', 'B-O', 'B-O', 'B-O', 'B-O']	['these', 'results', 'lead', 'us', 'to', 'conclude', 'that', 'envz', 'and', 'ompr', 'act', 'in', 'sequential', 'fashion', 'to', 'activate', 'porin', 'gene', 'expression;', 'i', '.e', '.', ',', 'envz', 'has', 'the', 'ability', 'to', '#modify', 'or', 'in', 'some', 'way', 'direct', 'ompr', ',', 'which', 'in', 'turn', 'acts', 'at', 'the', 'appropriate', 'porin', 'gene', 'promoter', '.']
135	['B-O', 'B-O', 'B-O', 'B-O', 'B-O', 'B-O', 'B-O', 'B-O', 'B-O', 'B-O', 'B-O', 'B-O', 'B-O', 'B-O', 'B-O', 'B-O', 'B-O', 'B-O', 'B-O', 'B-O', 'B-O', 'B-O', 'B-O', 'B-O', 'B-O', 'B-O', 'B-O', 'B-O', 'B-O', 'B-O', 'B-O', 'B-O', 'B-O', 'B-O', 'B-O', 'B-O', 'B-O', 'B-O', 'B-O', 'B-O', 'B-O', 'B-O', 'B-O', 'B-O', 'B-O', 'B-O', 'B-O', 'B-O']	['these', 'results', 'lead', 'us', 'to', 'conclude', 'that', 'envz', 'and', 'ompr', 'act', 'in', 'sequential', 'fashion', 'to', 'activate', 'porin', 'gene', 'expression;', 'i', '.e', '.', ',', 'envz', 'has', 'the', 'probability', 'of', 'significantly', '#modifying', 'or', 'in', 'some', 'way', 'directing', 'ompr', ',', 'which', 'in', 'turn', 'acts', 'at', 'the', 'appropriate', 'porin', 'gene', 'promoter', '.']
136	['B-O', 'B-O', 'B-O', 'B-O', 'B-O', 'B-O', 'B-O', 'B-O', 'B-O', 'B-O', 'B-O', 'B-O', 'B-O', 'B-O', 'B-O', 'B-O', 'B-O', 'B-O', 'B-O', 'B-O', 'B-O', 'B-O', 'B-O', 'B-O', 'B-O', 'B-O', 'B-O', 'B-O', 'B-O', 'B-O', 'B-O', 'B-O', 'B-O', 'B-O', 'B-O', 'B-O', 'B-O', 'B-O', 'B-O', 'B-O', 'B-O', 'B-O', 'B-O', 'B-O']	['these', 'results', 'lead', 'us', 'to', 'conclude', 'that', 'envz', 'and', 'ompr', 'act', 'in', 'sequential', 'fashion', 'to', 'activate', 'porin', 'gene', 'expression;', 'i', '.e', '.', ',', 'ompr', ',', 'which', 'acts', 'at', 'the', 'appropriate', 'porin', 'gene', 'promoter', ',', 'was', '#modified', 'or', 'in', 'some', 'way', 'directed', 'by', 'envz', '.']
137	['B-O', 'B-O', 'B-O', 'B-O', 'B-O', 'B-O', 'B-O', 'B-O', 'B-O', 'B-O', 'B-O', 'B-O', 'B-O', 'B-O', 'B-O', 'B-O', 'B-O', 'B-O', 'B-O', 'B-O', 'B-O', 'B-O', 'B-O', 'B-O', 'B-O', 'B-O', 'B-O', 'B-O', 'B-O', 'B-O', 'B-O', 'B-O', 'B-O', 'B-O', 'B-O', 'B-O', 'B-O', 'B-O', 'B-O', 'B-O', 'B-O', 'B-O', 'B-O', 'B-O', 'B-O', 'B-O']	['these', 'results', 'lead', 'us', 'to', 'conclude', 'that', 'envz', 'and', 'ompr', 'act', 'in', 'sequential', 'fashion', 'to', 'activate', 'porin', 'gene', 'expression;', 'i', '.e', '.', ',', 'ompr', ',', 'which', 'acts', 'at', 'the', 'appropriate', 'porin', 'gene', 'promoter', ',', 'can', 'be', 'significantly', '#modified', 'or', 'in', 'some', 'way', 'directed', 'by', 'envz', '.']
138	['B-O', 'B-O', 'B-O', 'B-O', 'B-O', 'B-O', 'B-O', 'B-O', 'B-O', 'B-O', 'B-O', 'B-O', 'B-O', 'B-O', 'B-O', 'B-O', 'B-O', 'B-O', 'B-O', 'B-O', 'B-O', 'B-O', 'B-O', 'B-O', 'B-O', 'B-O', 'B-O', 'B-O', 'B-O', 'B-O', 'B-O', 'B-O', 'B-O', 'B-O', 'B-O', 'B-O', 'B-O', 'B-O', 'B-O', 'B-O', 'B-O', 'B-O', 'B-O', 'B-O', 'B-O', 'B-O', 'B-O', 'B-O', 'B-O', 'B-O']	['taken', 'together', 'these', 'data', 'suggest', 'that', 'the', 'sh3', 'acts', 'to', 'position', 'the', 'u5', 'region', 'through', 'its', 'own', 'association', 'with', 'the', 'guk', 'domain', 'and', 'that', 'factors', 'which', 'are', 'observed', 'to', '#modify', 'the', 'binding', 'of', 'either', 'u5', 'or', 'sh3', 'to', 'the', 'guk', 'domain', 'may', 'regulate', 'gkap', 'binding', 'to', 'the', 'guk', 'domain', '.']
139	['B-O', 'B-O', 'B-O', 'B-O', 'B-O', 'B-O', 'B-O', 'B-O', 'B-O', 'B-O', 'B-O', 'B-O', 'B-O', 'B-O', 'B-O', 'B-O', 'B-O', 'B-O', 'B-O', 'B-O', 'B-O', 'B-O', 'B-O', 'B-O', 'B-O', 'B-O', 'B-O']	['we', 'are', 'able', 'to', '#modify', 'p', '.falciparum', 'genetically', 'by', 'transfection', '(crabb', 'and', 'cowman', ',', '1996;', 'crabb', 'et', 'al', '.', ',', '1997a)', 'to', 'disrupt', 'the', 'rap1', 'gene', '.']
140	['B-O', 'B-O', 'B-O', 'B-O', 'B-O', 'B-O', 'B-O', 'B-O', 'B-O', 'B-O', 'B-O', 'B-O', 'B-O', 'B-O', 'B-O', 'B-O', 'B-O', 'B-O', 'B-O', 'B-O', 'B-O', 'B-O', 'B-O', 'B-O', 'B-O', 'B-O', 'B-O', 'B-O', 'B-O', 'B-O', 'B-O', 'B-O', 'B-O', 'B-O', 'B-O', 'B-O', 'B-O', 'B-O', 'B-O', 'B-O', 'B-O', 'B-O', 'B-O', 'B-O']	['these', 'results', 'lead', 'us', 'to', 'conclude', 'that', 'envz', 'and', 'ompr', 'act', 'in', 'sequential', 'fashion', 'to', 'activate', 'porin', 'gene', 'expression;', 'i', '.e', '.', ',', 'envz', 'significantly', '#modifies', 'or', 'in', 'some', 'way', 'directs', 'ompr', ',', 'which', 'in', 'turn', 'acts', 'at', 'the', 'appropriate', 'porin', 'gene', 'promoter', '.']
141	['B-O', 'B-O', 'B-O', 'B-O', 'B-O', 'B-O', 'B-O', 'B-O', 'B-O', 'B-O', 'B-O', 'B-O', 'B-O', 'B-O', 'B-O', 'B-O', 'B-O', 'B-O', 'B-O', 'B-O', 'B-O', 'B-O', 'B-O', 'B-O', 'B-O', 'B-O', 'B-O', 'B-O', 'B-O']	['we', 'have', 'the', 'ability', 'to', 'notably', '#modify', 'p', '.falciparum', 'genetically', 'by', 'transfection', '(crabb', 'and', 'cowman', ',', '1996;', 'crabb', 'et', 'al', '.', ',', '1997a)', 'to', 'disrupt', 'the', 'rap1', 'gene', '.']
142	['B-O', 'B-O', 'B-O', 'B-O', 'B-O', 'B-O', 'B-O', 'B-O', 'B-O', 'B-O', 'B-O', 'B-O', 'B-O', 'B-O', 'B-O', 'B-O', 'B-O', 'B-O', 'B-O', 'B-O', 'B-O', 'B-O', 'B-O', 'B-O', 'B-O', 'B-O', 'B-O', 'B-O', 'B-O', 'B-O', 'B-O', 'B-O', 'B-O', 'B-O', 'B-O', 'B-O', 'B-O', 'B-O', 'B-O', 'B-O', 'B-O', 'B-O', 'B-O', 'B-O', 'B-O', 'B-O', 'B-O', 'B-O', 'B-O', 'B-O']	['taken', 'together', 'these', 'data', 'suggest', 'that', 'the', 'sh3', 'acts', 'to', 'position', 'the', 'u5', 'region', 'through', 'its', 'own', 'association', 'with', 'the', 'guk', 'domain', 'and', 'that', 'factors', 'which', 'are', 'able', 'to', '#modify', 'the', 'binding', 'of', 'either', 'u5', 'or', 'sh3', 'to', 'the', 'guk', 'domain', 'may', 'regulate', 'gkap', 'binding', 'to', 'the', 'guk', 'domain', '.']
143	['B-O', 'B-O', 'B-O', 'B-O', 'B-O', 'B-O', 'B-O', 'B-O', 'B-O', 'B-O', 'B-O', 'B-O', 'B-O', 'B-O', 'B-O', 'B-O', 'B-O', 'B-O', 'B-O', 'B-O', 'B-O', 'B-O', 'B-O', 'B-O', 'B-O', 'B-O', 'B-O', 'B-O', 'B-O', 'B-O', 'B-O', 'B-O', 'B-O', 'B-O', 'B-O', 'B-O', 'B-O', 'B-O', 'B-O', 'B-O', 'B-O', 'B-O', 'B-O', 'B-O', 'B-O', 'B-O']	['these', 'results', 'lead', 'us', 'to', 'conclude', 'that', 'envz', 'and', 'ompr', 'act', 'in', 'sequential', 'fashion', 'to', 'activate', 'porin', 'gene', 'expression;', 'i', '.e', '.', ',', 'envz', 'may', 'have', 'significantly', '#modified', 'or', 'in', 'some', 'way', 'directed', 'ompr', ',', 'which', 'in', 'turn', 'acts', 'at', 'the', 'appropriate', 'porin', 'gene', 'promoter', '.']
144	['B-O', 'B-O', 'B-O', 'B-O', 'B-O', 'B-O', 'B-O', 'B-O', 'B-O', 'B-O', 'B-O', 'B-O', 'B-O', 'B-O', 'B-O', 'B-O', 'B-O', 'B-O', 'B-O', 'B-O', 'B-O', 'B-O', 'B-O', 'B-O', 'B-O', 'B-O', 'B-O', 'B-O', 'B-O', 'B-O', 'B-O', 'B-O', 'B-O', 'B-O', 'B-O', 'B-O', 'B-O', 'B-O', 'B-O', 'B-O', 'B-O', 'B-O', 'B-O', 'B-O', 'B-O', 'B-O', 'B-O', 'B-O']	['taken', 'together', 'these', 'data', 'suggest', 'that', 'the', 'sh3', 'acts', 'to', 'position', 'the', 'u5', 'region', 'through', 'its', 'own', 'association', 'with', 'the', 'guk', 'domain', 'and', 'that', 'factors', 'which', 'will', '#modify', 'the', 'binding', 'of', 'either', 'u5', 'or', 'sh3', 'to', 'the', 'guk', 'domain', 'may', 'regulate', 'gkap', 'binding', 'to', 'the', 'guk', 'domain', '.']
145	['B-O', 'B-O', 'B-O', 'B-O', 'B-O', 'B-O', 'B-O', 'B-O', 'B-O', 'B-O', 'B-O', 'B-O', 'B-O', 'B-O', 'B-O', 'B-O', 'B-O', 'B-O', 'B-O', 'B-O', 'B-O', 'B-O', 'B-O', 'B-O', 'B-O', 'B-O', 'B-O', 'B-O', 'B-O', 'B-O', 'B-O', 'B-O', 'B-O', 'B-O', 'B-O', 'B-O', 'B-O', 'B-O', 'B-O', 'B-O', 'B-O', 'B-O', 'B-O', 'B-O', 'B-O', 'B-O', 'B-O', 'B-O']	['these', 'results', 'lead', 'us', 'to', 'conclude', 'that', 'envz', 'and', 'ompr', 'act', 'in', 'sequential', 'fashion', 'to', 'activate', 'porin', 'gene', 'expression;', 'i', '.e', '.', ',', 'ompr', ',', 'which', 'acts', 'at', 'the', 'appropriate', 'porin', 'gene', 'promoter', ',', 'has', 'the', 'ability', 'to', 'be', '#modified', 'or', 'in', 'some', 'way', 'directed', 'by', 'envz', '.']
146	['B-O', 'B-O', 'B-O', 'B-O', 'B-O', 'B-O', 'B-O', 'B-O', 'B-O', 'B-O', 'B-O', 'B-O', 'B-O', 'B-O', 'B-O', 'B-O', 'B-O', 'B-O', 'B-O', 'B-O', 'B-O', 'B-O', 'B-O', 'B-O', 'B-O', 'B-O', 'B-O', 'B-O', 'B-O', 'B-O', 'B-O', 'B-O', 'B-O', 'B-O', 'B-O']	['taken', 'together', 'these', 'data', 'suggest', 'that', 'the', 'binding', 'of', 'either', 'u5', 'or', 'sh3', 'to', 'the', 'guk', 'domain', 'has', 'the', 'probability', 'of', 'being', '#modified', 'by', 'factors', 'that', 'may', 'regulate', 'gkap', 'binding', 'to', 'the', 'guk', 'domain', '.']
147	['B-O', 'B-O', 'B-O', 'B-O', 'B-O', 'B-O', 'B-O', 'B-O', 'B-O', 'B-O', 'B-O', 'B-O', 'B-O', 'B-O', 'B-O', 'B-O', 'B-O', 'B-O', 'B-O', 'B-O', 'B-O', 'B-O', 'B-O', 'B-O', 'B-O', 'B-O', 'B-O', 'B-O', 'B-O', 'B-O', 'B-O', 'B-O', 'B-O', 'B-O', 'B-O', 'B-O', 'B-O', 'B-O', 'B-O', 'B-O', 'B-O', 'B-O', 'B-O', 'B-O', 'B-O']	['these', 'results', 'lead', 'us', 'to', 'conclude', 'that', 'envz', 'and', 'ompr', 'act', 'in', 'sequential', 'fashion', 'to', 'activate', 'porin', 'gene', 'expression;', 'i', '.e', '.', ',', 'ompr', ',', 'which', 'acts', 'at', 'the', 'appropriate', 'porin', 'gene', 'promoter', ',', 'has', 'been', '#modified', 'or', 'in', 'some', 'way', 'directed', 'by', 'envz', '.']
148	['B-O', 'B-O', 'B-O', 'B-O', 'B-O', 'B-O', 'B-O', 'B-O', 'B-O', 'B-O', 'B-O', 'B-O', 'B-O', 'B-O', 'B-O', 'B-O', 'B-O', 'B-O', 'B-O', 'B-O', 'B-O', 'B-O', 'B-O', 'B-O', 'B-O', 'B-O', 'B-O', 'B-O', 'B-O', 'B-O', 'B-O', 'B-O', 'B-O', 'B-O', 'B-O', 'B-O', 'B-O', 'B-O', 'B-O', 'B-O', 'B-O', 'B-O', 'B-O', 'B-O', 'B-O']	['these', 'results', 'lead', 'us', 'to', 'conclude', 'that', 'envz', 'and', 'ompr', 'act', 'in', 'sequential', 'fashion', 'to', 'activate', 'porin', 'gene', 'expression;', 'i', '.e', '.', ',', 'ompr', ',', 'which', 'acts', 'at', 'the', 'appropriate', 'porin', 'gene', 'promoter', ',', 'will', 'be', '#modified', 'or', 'in', 'some', 'way', 'directed', 'by', 'envz', '.']
149	['B-O', 'B-O', 'B-O', 'B-O', 'B-O', 'B-O', 'B-O', 'B-O', 'B-O', 'B-O', 'B-O', 'B-O', 'B-O', 'B-O', 'B-O', 'B-O', 'B-O', 'B-O', 'B-O', 'B-O', 'B-O', 'B-O', 'B-O', 'B-O', 'B-O', 'B-O', 'B-O', 'B-O', 'B-O', 'B-O', 'B-O', 'B-O', 'B-O', 'B-O', 'B-O', 'B-O', 'B-O', 'B-O', 'B-O', 'B-O', 'B-O', 'B-O', 'B-O', 'B-O', 'B-O', 'B-O', 'B-O', 'B-O', 'B-O', 'B-O', 'B-O']	['taken', 'together', 'these', 'data', 'suggest', 'that', 'the', 'sh3', 'acts', 'to', 'position', 'the', 'u5', 'region', 'through', 'its', 'own', 'association', 'with', 'the', 'guk', 'domain', 'and', 'that', 'factors', 'which', 'have', 'the', 'probability', 'of', '#modifying', 'the', 'binding', 'of', 'either', 'u5', 'or', 'sh3', 'to', 'the', 'guk', 'domain', 'may', 'regulate', 'gkap', 'binding', 'to', 'the', 'guk', 'domain', '.']
150	['B-O', 'B-O', 'B-O', 'B-O', 'B-O', 'B-O', 'B-O', 'B-O', 'B-O', 'B-O', 'B-O', 'B-O', 'B-O', 'B-O', 'B-O', 'B-O', 'B-O', 'B-O', 'B-O', 'B-O', 'B-O', 'B-O', 'B-O', 'B-O', 'B-O', 'B-O', 'B-O', 'B-O', 'B-O', 'B-O', 'B-O', 'B-O', 'B-O']	['taken', 'together', 'these', 'data', 'suggest', 'that', 'the', 'binding', 'of', 'either', 'u5', 'or', 'sh3', 'to', 'the', 'guk', 'domain', 'may', 'have', 'been', '#modified', 'by', 'factors', 'that', 'may', 'regulate', 'gkap', 'binding', 'to', 'the', 'guk', 'domain', '.']
151	['B-O', 'B-O', 'B-O', 'B-O', 'B-O', 'B-O', 'B-O', 'B-O', 'B-O', 'B-O', 'B-O', 'B-O', 'B-O', 'B-O', 'B-O', 'B-O', 'B-O', 'B-O', 'B-O', 'B-O', 'B-O', 'B-O', 'B-O', 'B-O', 'B-O']	['we', 'notably', '#modify', 'p', '.falciparum', 'genetically', 'by', 'transfection', '(crabb', 'and', 'cowman', ',', '1996;', 'crabb', 'et', 'al', '.', ',', '1997a)', 'to', 'disrupt', 'the', 'rap1', 'gene', '.']
152	['B-O', 'B-O', 'B-O', 'B-O', 'B-O', 'B-O', 'B-O', 'B-O', 'B-O', 'B-O', 'B-O', 'B-O', 'B-O', 'B-O', 'B-O', 'B-O', 'B-O', 'B-O', 'B-O', 'B-O', 'B-O', 'B-O', 'B-O', 'B-O', 'B-O', 'B-O', 'B-O', 'B-O', 'B-O', 'B-O', 'B-O', 'B-O', 'B-O', 'B-O']	['taken', 'together', 'these', 'data', 'suggest', 'that', 'the', 'binding', 'of', 'either', 'u5', 'or', 'sh3', 'to', 'the', 'guk', 'domain', 'is', 'able', 'to', 'be', '#modified', 'by', 'factors', 'that', 'may', 'regulate', 'gkap', 'binding', 'to', 'the', 'guk', 'domain', '.']
153	['B-O', 'B-O', 'B-O', 'B-O', 'B-O', 'B-O', 'B-O', 'B-O', 'B-O', 'B-O', 'B-O', 'B-O', 'B-O', 'B-O', 'B-O', 'B-O', 'B-O', 'B-O', 'B-O', 'B-O', 'B-O', 'B-O', 'B-O', 'B-O', 'B-O', 'B-O', 'B-O', 'B-O', 'B-O', 'B-O', 'B-O', 'B-O', 'B-O', 'B-O', 'B-O', 'B-O', 'B-O', 'B-O', 'B-O', 'B-O', 'B-O', 'B-O', 'B-O']	['these', 'results', 'lead', 'us', 'to', 'conclude', 'that', 'envz', 'and', 'ompr', 'act', 'in', 'sequential', 'fashion', 'to', 'activate', 'porin', 'gene', 'expression;', 'i', '.e', '.', ',', 'envz', '#modified', 'or', 'in', 'some', 'way', 'directed', 'ompr', ',', 'which', 'in', 'turn', 'acts', 'at', 'the', 'appropriate', 'porin', 'gene', 'promoter', '.']
154	['B-O', 'B-O', 'B-O', 'B-O', 'B-O', 'B-O', 'B-O', 'B-O', 'B-O', 'B-O', 'B-O', 'B-O', 'B-O', 'B-O', 'B-O', 'B-O', 'B-O', 'B-O', 'B-O', 'B-O', 'B-O', 'B-O', 'B-O', 'B-O', 'B-O', 'B-O', 'B-O', 'B-O', 'B-O', 'B-O', 'B-O', 'B-O', 'B-O', 'B-O', 'B-O', 'B-O', 'B-O', 'B-O', 'B-O', 'B-O', 'B-O', 'B-O', 'B-O', 'B-O', 'B-O', 'B-O', 'B-O']	['these', 'results', 'lead', 'us', 'to', 'conclude', 'that', 'envz', 'and', 'ompr', 'act', 'in', 'sequential', 'fashion', 'to', 'activate', 'porin', 'gene', 'expression;', 'i', '.e', '.', ',', 'ompr', ',', 'which', 'acts', 'at', 'the', 'appropriate', 'porin', 'gene', 'promoter', ',', 'is', 'observed', 'to', 'be', '#modified', 'or', 'in', 'some', 'way', 'directed', 'by', 'envz', '.']
155	['B-O', 'B-O', 'B-O', 'B-O', 'B-O', 'B-O', 'B-O', 'B-O', 'B-O', 'B-O', 'B-O', 'B-O', 'B-O', 'B-O', 'B-O', 'B-O', 'B-O', 'B-O', 'B-O', 'B-O', 'B-O', 'B-O', 'B-O', 'B-O', 'B-O', 'B-O', 'B-O', 'B-O', 'B-O', 'B-O', 'B-O', 'B-O', 'B-O', 'B-O', 'B-O', 'B-O', 'B-O', 'B-O', 'B-O', 'B-O', 'B-O', 'B-O', 'B-O', 'B-O', 'B-O', 'B-O', 'B-O', 'B-O', 'B-O', 'B-O', 'B-O']	['taken', 'together', 'these', 'data', 'suggest', 'that', 'the', 'sh3', 'acts', 'to', 'position', 'the', 'u5', 'region', 'through', 'its', 'own', 'association', 'with', 'the', 'guk', 'domain', 'and', 'that', 'factors', 'which', 'have', 'the', 'ability', 'to', '#modify', 'the', 'binding', 'of', 'either', 'u5', 'or', 'sh3', 'to', 'the', 'guk', 'domain', 'may', 'regulate', 'gkap', 'binding', 'to', 'the', 'guk', 'domain', '.']
156	['B-O', 'B-O', 'B-O', 'B-O', 'B-O', 'B-O', 'B-O', 'B-O', 'B-O', 'B-O', 'B-O', 'B-O', 'B-O', 'B-O', 'B-O', 'B-O', 'B-O', 'B-O', 'B-O', 'B-O', 'B-O', 'B-O', 'B-O', 'B-O', 'B-O', 'B-O', 'B-O', 'B-O', 'B-O', 'B-O', 'B-O', 'B-O', 'B-O', 'B-O', 'B-O', 'B-O', 'B-O', 'B-O', 'B-O', 'B-O', 'B-O', 'B-O', 'B-O', 'B-O', 'B-O', 'B-O']	['these', 'results', 'lead', 'us', 'to', 'conclude', 'that', 'envz', 'and', 'ompr', 'act', 'in', 'sequential', 'fashion', 'to', 'activate', 'porin', 'gene', 'expression;', 'i', '.e', '.', ',', 'ompr', ',', 'which', 'acts', 'at', 'the', 'appropriate', 'porin', 'gene', 'promoter', ',', 'has', 'been', 'significantly', '#modified', 'or', 'in', 'some', 'way', 'directed', 'by', 'envz', '.']
157	['B-O', 'B-O', 'B-O', 'B-O', 'B-O', 'B-O', 'B-O', 'B-O', 'B-O', 'B-O', 'B-O', 'B-O', 'B-O', 'B-O', 'B-O', 'B-O', 'B-O', 'B-O', 'B-O', 'B-O', 'B-O', 'B-O', 'B-O', 'B-O', 'B-O', 'B-O', 'B-O', 'B-O', 'B-O', 'B-O', 'B-O', 'B-O']	['taken', 'together', 'these', 'data', 'suggest', 'that', 'the', 'binding', 'of', 'either', 'u5', 'or', 'sh3', 'to', 'the', 'guk', 'domain', 'may', 'be', '#modified', 'by', 'factors', 'that', 'may', 'regulate', 'gkap', 'binding', 'to', 'the', 'guk', 'domain', '.']
158	['B-O', 'B-O', 'B-O', 'B-O', 'B-O', 'B-O', 'B-O', 'B-O', 'B-O', 'B-O', 'B-O', 'B-O', 'B-O', 'B-O', 'B-O', 'B-O', 'B-O', 'B-O', 'B-O', 'B-O', 'B-O', 'B-O', 'B-O', 'B-O', 'B-O', 'B-O', 'B-O', 'B-O', 'B-O', 'B-O', 'B-O', 'B-O', 'B-O', 'B-O', 'B-O', 'B-O', 'B-O', 'B-O', 'B-O', 'B-O', 'B-O', 'B-O', 'B-O', 'B-O', 'B-O', 'B-O', 'B-O']	['taken', 'together', 'these', 'data', 'suggest', 'that', 'the', 'sh3', 'acts', 'to', 'position', 'the', 'u5', 'region', 'through', 'its', 'own', 'association', 'with', 'the', 'guk', 'domain', 'and', 'that', 'factors', 'which', '#modified', 'the', 'binding', 'of', 'either', 'u5', 'or', 'sh3', 'to', 'the', 'guk', 'domain', 'may', 'regulate', 'gkap', 'binding', 'to', 'the', 'guk', 'domain', '.']
159	['B-O', 'B-O', 'B-O', 'B-O', 'B-O', 'B-O', 'B-O', 'B-O', 'B-O', 'B-O', 'B-O', 'B-O', 'B-O', 'B-O', 'B-O', 'B-O', 'B-O', 'B-O', 'B-O', 'B-O', 'B-O', 'B-O', 'B-O', 'B-O', 'B-O', 'B-O', 'B-O', 'B-O', 'B-O', 'B-O', 'B-O', 'B-O', 'B-O', 'B-O', 'B-O', 'B-O', 'B-O', 'B-O', 'B-O', 'B-O', 'B-O', 'B-O', 'B-O', 'B-O', 'B-O', 'B-O', 'B-O', 'B-O']	['these', 'results', 'lead', 'us', 'to', 'conclude', 'that', 'envz', 'and', 'ompr', 'act', 'in', 'sequential', 'fashion', 'to', 'activate', 'porin', 'gene', 'expression;', 'i', '.e', '.', ',', 'ompr', ',', 'which', 'acts', 'at', 'the', 'appropriate', 'porin', 'gene', 'promoter', ',', 'is', 'able', 'to', 'be', 'significantly', '#modified', 'or', 'in', 'some', 'way', 'directed', 'by', 'envz', '.']
160	['B-O', 'B-O', 'B-O', 'B-O', 'B-O', 'B-O', 'B-O', 'B-O', 'B-O', 'B-O', 'B-O', 'B-O', 'B-O', 'B-O', 'B-O', 'B-O', 'B-O', 'B-O', 'B-O', 'B-O', 'B-O', 'B-O', 'B-O', 'B-O']	['we', '#modify', 'p', '.falciparum', 'genetically', 'by', 'transfection', '(crabb', 'and', 'cowman', ',', '1996;', 'crabb', 'et', 'al', '.', ',', '1997a)', 'to', 'disrupt', 'the', 'rap1', 'gene', '.']
161	['B-O', 'B-O', 'B-O', 'B-O', 'B-O', 'B-O', 'B-O', 'B-O', 'B-O', 'B-O', 'B-O', 'B-O', 'B-O', 'B-O', 'B-O', 'B-O', 'B-O', 'B-O', 'B-O', 'B-O', 'B-O', 'B-O', 'B-O', 'B-O', 'B-O', 'B-O', 'B-O', 'B-O', 'B-O', 'B-O', 'B-O', 'B-O']	['taken', 'together', 'these', 'data', 'suggest', 'that', 'the', 'binding', 'of', 'either', 'u5', 'or', 'sh3', 'to', 'the', 'guk', 'domain', 'could', 'be', '#modified', 'by', 'factors', 'that', 'may', 'regulate', 'gkap', 'binding', 'to', 'the', 'guk', 'domain', '.']
162	['B-O', 'B-O', 'B-O', 'B-O', 'B-O', 'B-O', 'B-O', 'B-O', 'B-O', 'B-O', 'B-O', 'B-O', 'B-O', 'B-O', 'B-O', 'B-O', 'B-O', 'B-O', 'B-O', 'B-O', 'B-O', 'B-O', 'B-O', 'B-O', 'B-O', 'B-O', 'B-O', 'B-O', 'B-O', 'B-O', 'B-O', 'B-O', 'B-O', 'B-O', 'B-O', 'B-O', 'B-O', 'B-O', 'B-O', 'B-O', 'B-O', 'B-O', 'B-O', 'B-O']	['these', 'results', 'lead', 'us', 'to', 'conclude', 'that', 'envz', 'and', 'ompr', 'act', 'in', 'sequential', 'fashion', 'to', 'activate', 'porin', 'gene', 'expression;', 'i', '.e', '.', ',', 'envz', 'could', '#modify', 'or', 'in', 'some', 'way', 'direct', 'ompr', ',', 'which', 'in', 'turn', 'acts', 'at', 'the', 'appropriate', 'porin', 'gene', 'promoter', '.']
163	['B-O', 'B-O', 'B-O', 'B-O', 'B-O', 'B-O', 'B-O', 'B-O', 'B-O', 'B-O', 'B-O', 'B-O', 'B-O', 'B-O', 'B-O', 'B-O', 'B-O', 'B-O', 'B-O', 'B-O', 'B-O', 'B-O', 'B-O', 'B-O', 'B-O', 'B-O', 'B-O', 'B-O', 'B-O', 'B-O', 'B-O', 'B-O', 'B-O', 'B-O', 'B-O', 'B-O', 'B-O', 'B-O', 'B-O', 'B-O', 'B-O', 'B-O', 'B-O', 'B-O', 'B-O', 'B-O']	['these', 'results', 'lead', 'us', 'to', 'conclude', 'that', 'envz', 'and', 'ompr', 'act', 'in', 'sequential', 'fashion', 'to', 'activate', 'porin', 'gene', 'expression;', 'i', '.e', '.', ',', 'ompr', ',', 'which', 'acts', 'at', 'the', 'appropriate', 'porin', 'gene', 'promoter', ',', 'could', 'have', 'been', '#modified', 'or', 'in', 'some', 'way', 'directed', 'by', 'envz', '.']
164	['B-O', 'B-O', 'B-O', 'B-O', 'B-O', 'B-O', 'B-O', 'B-O', 'B-O', 'B-O', 'B-O', 'B-O', 'B-O', 'B-O', 'B-O', 'B-O', 'B-O', 'B-O', 'B-O', 'B-O', 'B-O', 'B-O', 'B-O', 'B-O', 'B-O', 'B-O', 'B-O', 'B-O', 'B-O', 'B-O', 'B-O', 'B-O', 'B-O', 'B-O', 'B-O', 'B-O', 'B-O', 'B-O', 'B-O', 'B-O', 'B-O', 'B-O', 'B-O']	['these', 'results', 'lead', 'us', 'to', 'conclude', 'that', 'envz', 'and', 'ompr', 'act', 'in', 'sequential', 'fashion', 'to', 'activate', 'porin', 'gene', 'expression;', 'i', '.e', '.', ',', 'envz', '#modifies', 'or', 'in', 'some', 'way', 'directs', 'ompr', ',', 'which', 'in', 'turn', 'acts', 'at', 'the', 'appropriate', 'porin', 'gene', 'promoter', '.']
165	['B-O', 'B-O', 'B-O', 'B-O', 'B-O', 'B-O', 'B-O', 'B-O', 'B-O', 'B-O', 'B-O', 'B-O', 'B-O', 'B-O', 'B-O', 'B-O', 'B-O', 'B-O', 'B-O', 'B-O', 'B-O', 'B-O', 'B-O', 'B-O', 'B-O', 'B-O', 'B-O', 'B-O', 'B-O', 'B-O', 'B-O', 'B-O', 'B-O', 'B-O', 'B-O', 'B-O', 'B-O', 'B-O', 'B-O', 'B-O', 'B-O', 'B-O', 'B-O', 'B-O', 'B-O', 'B-O', 'B-O', 'B-O']	['taken', 'together', 'these', 'data', 'suggest', 'that', 'the', 'sh3', 'acts', 'to', 'position', 'the', 'u5', 'region', 'through', 'its', 'own', 'association', 'with', 'the', 'guk', 'domain', 'and', 'that', 'factors', 'which', 'can', '#modify', 'the', 'binding', 'of', 'either', 'u5', 'or', 'sh3', 'to', 'the', 'guk', 'domain', 'may', 'regulate', 'gkap', 'binding', 'to', 'the', 'guk', 'domain', '.']
