0	['B-O', 'B-O', 'B-O', 'B-O', 'B-O', 'B-O', 'B-O', 'B-O', 'B-O', 'B-O', 'B-O', 'B-O', 'B-O', 'B-O', 'B-O', 'B-O', 'B-O', 'B-O', 'B-O', 'B-O', 'B-O', 'B-O', 'B-O', 'B-O', 'B-O', 'B-O', 'B-O']	['since', 'a', 'frur', 'null', 'mutation', 'are', 'in', 'opposing', 'directions', ',', 'the', 'rates', 'of', 'utilization', 'of', 'at', 'least', '36', 'carbon', 'sources', 'cannot', 'be', '#altered', 'by', 'them(figure', '3c)', '.']
1	['B-O', 'B-O', 'B-O', 'B-O', 'B-O', 'B-O', 'B-O', 'B-O', 'B-O', 'B-O', 'B-O', 'B-O', 'B-O', 'B-O', 'B-O', 'B-O', 'B-O', 'B-O', 'B-O', 'B-O', 'B-O', 'B-O', 'B-O']	['since', 'dam', 'methylation', 'are', 'in', 'opposing', 'directions', ',', 'binding', 'of', 'lrp', 'at', 'the', 'gatc1130', 'site', 'may', 'not', 'be', '#altered', 'by', 'them(figure', '3c)', '.']
2	['B-O', 'B-O', 'B-O', 'B-O', 'B-O', 'B-O', 'B-O', 'B-O', 'B-O', 'B-O', 'B-O', 'B-O', 'B-O', 'B-O', 'B-O', 'B-O', 'B-O', 'B-O', 'B-O']	['since', 's1031', 'is', 'a', 'null', 'allele', ',', 'we', 'tested', 'whether', 'expression', 'of', 'bcl-3', 'was', '#altered', 'by', 'a', 'mechanism', '.']
3	['B-O', 'B-O', 'B-O', 'B-O', 'B-O', 'B-O', 'B-O', 'B-O', 'B-O', 'B-O', 'B-O', 'B-O', 'B-O', 'B-O', 'B-O', 'B-O', 'B-O', 'B-O', 'B-O', 'B-O', 'B-O']	['hence', ',', 'glu13', 'indirectly', 'affects', 'dna-binding', 'specificity', 'probably', 'because', 'dam', 'methylation', 'subtly', '#altered', 'binding', 'of', 'lrp', 'at', 'the', 'gatc1130', 'site', '.']
4	['B-O', 'B-O', 'B-O', 'B-O', 'B-O', 'B-O', 'B-O', 'B-O', 'B-O', 'B-O', 'B-O', 'B-O', 'B-O', 'B-O', 'B-O', 'B-O', 'B-O', 'B-O', 'B-O', 'B-O', 'B-O']	['since', 's1031', 'is', 'a', 'null', 'allele', ',', 'we', 'are', 'testing', 'whether', 'a', 'mechanism', 'is', 'going', 'to', '#alter', 'expression', 'of', 'bcl-3', '.']
5	['B-O', 'B-O', 'B-O', 'B-O', 'B-O', 'B-O', 'B-O', 'B-O', 'B-O', 'B-O', 'B-O', 'B-O', 'B-O', 'B-O', 'B-O', 'B-O', 'B-O', 'B-O', 'B-O', 'B-O', 'B-O', 'B-O', 'B-O', 'B-O', 'B-O', 'B-O', 'B-O']	['since', 's1031', 'is', 'a', 'null', 'allele', ',', 'we', 'are', 'testing', 'whether', 'binding', 'of', 'lrp', 'at', 'the', 'gatc1130', 'site', 'is', 'able', 'to', 'be', '#altered', 'by', 'dam', 'methylation', '.']
6	['B-O', 'B-O', 'B-O', 'B-O', 'B-O', 'B-O', 'B-O', 'B-O', 'B-O', 'B-O', 'B-O', 'B-O', 'B-O', 'B-O', 'B-O', 'B-O', 'B-O', 'B-O', 'B-O', 'B-O', 'B-O', 'B-O', 'B-O', 'B-O', 'B-O', 'B-O', 'B-O', 'B-O', 'B-O', 'B-O']	['hence', ',', 'glu13', 'indirectly', 'affects', 'dna-binding', 'specificity', 'probably', 'due', 'to', 'a', 'frur', 'null', 'mutation', ',', 'which', 'can', 'subtly', '#alter', 'the', 'rates', 'of', 'utilization', 'of', 'at', 'least', '36', 'carbon', 'sources', '.']
7	['B-O', 'B-O', 'B-O', 'B-O', 'B-O', 'B-O', 'B-O', 'B-O', 'B-O', 'B-O', 'B-O', 'B-O', 'B-O', 'B-O', 'B-O', 'B-O', 'B-O', 'B-O']	['hence', ',', 'glu13', 'indirectly', 'affects', 'dna-binding', 'specificity', 'probably', 'because', 'a', 'mechanism', 'can', 'subtly', '#alter', 'expression', 'of', 'bcl-3', '.']
8	['B-O', 'B-O', 'B-O', 'B-O', 'B-O', 'B-O', 'B-O', 'B-O', 'B-O', 'B-O', 'B-O', 'B-O', 'B-O', 'B-O', 'B-O', 'B-O', 'B-O', 'B-O', 'B-O', 'B-O', 'B-O', 'B-O', 'B-O']	['hence', ',', 'glu13', 'indirectly', 'affects', 'dna-binding', 'specificity', 'probably', 'due', 'to', 'a', 'mechanism', ',', 'which', 'is', 'able', 'to', 'subtly', '#alter', 'expression', 'of', 'bcl-3', '.']
9	['B-O', 'B-O', 'B-O', 'B-O', 'B-O', 'B-O', 'B-O', 'B-O', 'B-O', 'B-O', 'B-O', 'B-O', 'B-O', 'B-O', 'B-O', 'B-O', 'B-O', 'B-O', 'B-O']	['moreover', ',', 'a', 'frur', 'null', 'mutation', 'may', '#alter', 'the', 'rates', 'of', 'utilization', 'of', 'at', 'least', '36', 'carbon', 'sources', '.']
10	['B-O', 'B-O', 'B-O', 'B-O', 'B-O', 'B-O', 'B-O', 'B-O', 'B-O', 'B-O', 'B-O', 'B-O', 'B-O', 'B-O', 'B-O', 'B-O', 'B-O', 'B-O', 'B-O', 'B-O', 'B-O', 'B-O']	['hence', ',', 'glu13', 'indirectly', 'affects', 'dna-binding', 'specificity', 'because', 'binding', 'of', 'lrp', 'at', 'the', 'gatc1130', 'site', 'may', 'be', '#altered', 'by', 'dam', 'methylation', '.']
11	['B-O', 'B-O', 'B-O', 'B-O', 'B-O', 'B-O', 'B-O', 'B-O', 'B-O', 'B-O', 'B-O', 'B-O', 'B-O', 'B-O', 'B-O', 'B-O', 'B-O', 'B-O', 'B-O', 'B-O', 'B-O', 'B-O', 'B-O', 'B-O', 'B-O', 'B-O']	['since', 'a', 'frur', 'null', 'mutation', 'are', 'in', 'opposing', 'directions', ',', 'they', 'may', 'not', '#alter', 'the', 'rates', 'of', 'utilization', 'of', 'at', 'least', '36', 'carbon', 'sources(figure', '3c)', '.']
12	['B-O', 'B-O', 'B-O', 'B-O', 'B-O', 'B-O', 'B-O', 'B-O', 'B-O', 'B-O', 'B-O', 'B-O', 'B-O', 'B-O', 'B-O', 'B-O', 'B-O', 'B-O', 'B-O', 'B-O', 'B-O', 'B-O', 'B-O', 'B-O', 'B-O']	['since', 's1031', 'is', 'a', 'null', 'allele', ',', 'we', 'are', 'testing', 'whether', 'dam', 'methylation', 'is', 'going', 'to', '#alter', 'binding', 'of', 'lrp', 'at', 'the', 'gatc1130', 'site', '.']
13	['B-O', 'B-O', 'B-O', 'B-O', 'B-O', 'B-O', 'B-O', 'B-O', 'B-O', 'B-O', 'B-O', 'B-O', 'B-O', 'B-O', 'B-O', 'B-O', 'B-O', 'B-O', 'B-O', 'B-O', 'B-O', 'B-O', 'B-O']	['since', 's1031', 'is', 'a', 'null', 'allele', ',', 'we', 'are', 'testing', 'whether', 'dam', 'methylation', 'may', '#alter', 'binding', 'of', 'lrp', 'at', 'the', 'gatc1130', 'site', '.']
14	['B-O', 'B-O', 'B-O', 'B-O', 'B-O', 'B-O', 'B-O', 'B-O', 'B-O', 'B-O', 'B-O', 'B-O', 'B-O', 'B-O', 'B-O', 'B-O', 'B-O', 'B-O', 'B-O', 'B-O', 'B-O', 'B-O', 'B-O', 'B-O', 'B-O']	['since', 's1031', 'is', 'a', 'null', 'allele', ',', 'we', 'are', 'testing', 'whether', 'binding', 'of', 'lrp', 'at', 'the', 'gatc1130', 'site', 'may', 'be', '#altered', 'by', 'dam', 'methylation', '.']
15	['B-O', 'B-O', 'B-O', 'B-O', 'B-O', 'B-O', 'B-O', 'B-O', 'B-O', 'B-O', 'B-O', 'B-O', 'B-O', 'B-O', 'B-O', 'B-O', 'B-O', 'B-O', 'B-O', 'B-O', 'B-O', 'B-O', 'B-O', 'B-O', 'B-O', 'B-O', 'B-O']	['cytokines', 'have', 'the', 'ability', 'to', '#alter', 'the', 'expression', 'and', 'activity', 'of', 'the', 'multidrug', 'resistance', 'transporters', 'in', 'human', 'hepatoma', 'cell', 'lines;', 'analysis', 'using', 'rt-pcr', 'and', 'cdna', 'microarrays', '.']
16	['B-O', 'B-O', 'B-O', 'B-O', 'B-O', 'B-O', 'B-O', 'B-O', 'B-O', 'B-O', 'B-O', 'B-O', 'B-O', 'B-O', 'B-O', 'B-O', 'B-O', 'B-O', 'B-O', 'B-O']	['since', 's1031', 'is', 'a', 'null', 'allele', ',', 'we', 'tested', 'whether', 'expression', 'of', 'bcl-3', 'might', 'be', '#altered', 'by', 'a', 'mechanism', '.']
17	['B-O', 'B-O', 'B-O', 'B-O', 'B-O', 'B-O', 'B-O', 'B-O', 'B-O', 'B-O', 'B-O', 'B-O', 'B-O', 'B-O', 'B-O', 'B-O', 'B-O', 'B-O', 'B-O', 'B-O', 'B-O', 'B-O', 'B-O', 'B-O', 'B-O', 'B-O', 'B-O', 'B-O', 'B-O', 'B-O']	['since', 'a', 'frur', 'null', 'mutation', 'are', 'in', 'opposing', 'directions', ',', 'the', 'rates', 'of', 'utilization', 'of', 'at', 'least', '36', 'carbon', 'sources', 'is', 'not', 'able', 'to', 'be', '#altered', 'by', 'them(figure', '3c)', '.']
18	['B-O', 'B-O', 'B-O', 'B-O', 'B-O', 'B-O', 'B-O', 'B-O', 'B-O', 'B-O', 'B-O', 'B-O', 'B-O', 'B-O', 'B-O', 'B-O', 'B-O', 'B-O', 'B-O', 'B-O']	['hence', ',', 'glu13', 'indirectly', 'affects', 'dna-binding', 'specificity', 'because', 'expression', 'of', 'bcl-3', 'are', 'able', 'to', 'be', '#altered', 'by', 'a', 'mechanism', '.']
19	['B-O', 'B-O', 'B-O', 'B-O', 'B-O', 'B-O', 'B-O', 'B-O', 'B-O', 'B-O', 'B-O', 'B-O', 'B-O', 'B-O', 'B-O', 'B-O', 'B-O', 'B-O', 'B-O', 'B-O', 'B-O']	['hence', ',', 'glu13', 'indirectly', 'affects', 'dna-binding', 'specificity', 'because', 'binding', 'of', 'lrp', 'at', 'the', 'gatc1130', 'site', 'was', '#altered', 'by', 'dam', 'methylation', '.']
20	['B-O', 'B-O', 'B-O', 'B-O', 'B-O', 'B-O', 'B-O', 'B-O', 'B-O', 'B-O', 'B-O', 'B-O', 'B-O', 'B-O', 'B-O', 'B-O', 'B-O', 'B-O', 'B-O', 'B-O', 'B-O', 'B-O', 'B-O', 'B-O', 'B-O', 'B-O']	['cytokines', 'are', 'able', 'to', '#alter', 'the', 'expression', 'and', 'activity', 'of', 'the', 'multidrug', 'resistance', 'transporters', 'in', 'human', 'hepatoma', 'cell', 'lines;', 'analysis', 'using', 'rt-pcr', 'and', 'cdna', 'microarrays', '.']
21	['B-O', 'B-O', 'B-O', 'B-O', 'B-O', 'B-O', 'B-O', 'B-O', 'B-O', 'B-O', 'B-O', 'B-O', 'B-O', 'B-O', 'B-O', 'B-O', 'B-O', 'B-O', 'B-O']	['since', 'a', 'mechanism', 'are', 'in', 'opposing', 'directions', ',', 'they', 'are', 'not', 'able', 'to', '#alter', 'expression', 'of', 'bcl-3(figure', '3c)', '.']
22	['B-O', 'B-O', 'B-O', 'B-O', 'B-O', 'B-O', 'B-O', 'B-O', 'B-O', 'B-O', 'B-O', 'B-O', 'B-O', 'B-O', 'B-O', 'B-O', 'B-O', 'B-O', 'B-O', 'B-O', 'B-O', 'B-O', 'B-O', 'B-O', 'B-O', 'B-O', 'B-O', 'B-O', 'B-O']	['since', 's1031', 'is', 'a', 'null', 'allele', ',', 'we', 'tested', 'whether', 'a', 'frur', 'null', 'mutation', 'was', 'able', 'to', '#alter', 'the', 'rates', 'of', 'utilization', 'of', 'at', 'least', '36', 'carbon', 'sources', '.']
23	['B-O', 'B-O', 'B-O', 'B-O', 'B-O', 'B-O', 'B-O', 'B-O', 'B-O', 'B-O', 'B-O', 'B-O', 'B-O', 'B-O', 'B-O', 'B-O', 'B-O', 'B-O', 'B-O', 'B-O', 'B-O']	['since', 's1031', 'is', 'a', 'null', 'allele', ',', 'we', 'are', 'testing', 'whether', 'expression', 'of', 'bcl-3', 'can', 'be', '#altered', 'by', 'a', 'mechanism', '.']
24	['B-O', 'B-O', 'B-O', 'B-O', 'B-O', 'B-O', 'B-O', 'B-O', 'B-O', 'B-O', 'B-O', 'B-O', 'B-O', 'B-O', 'B-O', 'B-O', 'B-O', 'B-O', 'B-O', 'B-O', 'B-O', 'B-O']	['moreover', ',', 'dam', 'methylation', 'inhibited', 'binding', 'of', 'lrp/papi', 'near', 'the', 'gatc1028', 'site', 'and', '#altered', 'binding', 'of', 'lrp', 'at', 'the', 'gatc1130', 'site', '.']
25	['B-O', 'B-O', 'B-O', 'B-O', 'B-O', 'B-O', 'B-O', 'B-O', 'B-O', 'B-O', 'B-O', 'B-O', 'B-O', 'B-O', 'B-O', 'B-O', 'B-O', 'B-O', 'B-O', 'B-O', 'B-O', 'B-O']	['hence', ',', 'glu13', 'indirectly', 'affects', 'dna-binding', 'specificity', 'probably', 'because', 'dam', 'methylation', 'may', 'subtly', '#alter', 'binding', 'of', 'lrp', 'at', 'the', 'gatc1130', 'site', '.']
26	['B-O', 'B-O', 'B-O', 'B-O', 'B-O', 'B-O', 'B-O', 'B-O', 'B-O', 'B-O', 'B-O', 'B-O', 'B-O', 'B-O', 'B-O', 'B-O', 'B-O', 'B-O', 'B-O', 'B-O', 'B-O', 'B-O', 'B-O', 'B-O', 'B-O', 'B-O']	['hence', ',', 'glu13', 'indirectly', 'affects', 'dna-binding', 'specificity', 'because', 'the', 'rates', 'of', 'utilization', 'of', 'at', 'least', '36', 'carbon', 'sources', 'is', '#altered', 'by', 'a', 'frur', 'null', 'mutation', '.']
27	['B-O', 'B-O', 'B-O', 'B-O', 'B-O', 'B-O', 'B-O', 'B-O', 'B-O', 'B-O', 'B-O', 'B-O', 'B-O', 'B-O', 'B-O', 'B-O', 'B-O', 'B-O', 'B-O', 'B-O', 'B-O', 'B-O', 'B-O']	['moreover', ',', 'dam', 'methylation', 'inhibited', 'binding', 'of', 'lrp/papi', 'near', 'the', 'gatc1028', 'site', 'and', 'would', '#alter', 'binding', 'of', 'lrp', 'at', 'the', 'gatc1130', 'site', '.']
28	['B-O', 'B-O', 'B-O', 'B-O', 'B-O', 'B-O', 'B-O', 'B-O', 'B-O', 'B-O', 'B-O', 'B-O', 'B-O', 'B-O', 'B-O', 'B-O', 'B-O', 'B-O', 'B-O', 'B-O', 'B-O', 'B-O', 'B-O', 'B-O', 'B-O', 'B-O']	['hence', ',', 'glu13', 'indirectly', 'affects', 'dna-binding', 'specificity', 'because', 'the', 'rates', 'of', 'utilization', 'of', 'at', 'least', '36', 'carbon', 'sources', 'was', '#altered', 'by', 'a', 'frur', 'null', 'mutation', '.']
29	['B-O', 'B-O', 'B-O', 'B-O', 'B-O', 'B-O', 'B-O', 'B-O', 'B-O', 'B-O', 'B-O', 'B-O', 'B-O', 'B-O', 'B-O', 'B-O', 'B-O', 'B-O', 'B-O', 'B-O', 'B-O', 'B-O', 'B-O']	['since', 'dam', 'methylation', 'were', 'in', 'opposing', 'directions', ',', 'binding', 'of', 'lrp', 'at', 'the', 'gatc1130', 'site', 'could', 'not', 'be', '#altered', 'by', 'them(figure', '3c)', '.']
30	['B-O', 'B-O', 'B-O', 'B-O', 'B-O', 'B-O', 'B-O', 'B-O', 'B-O', 'B-O', 'B-O', 'B-O', 'B-O', 'B-O', 'B-O', 'B-O', 'B-O', 'B-O', 'B-O', 'B-O', 'B-O']	['since', 'dam', 'methylation', 'were', 'in', 'opposing', 'directions', ',', 'they', 'did', 'not', '#alter', 'binding', 'of', 'lrp', 'at', 'the', 'gatc1130', 'site(figure', '3c)', '.']
31	['B-O', 'B-O', 'B-O', 'B-O', 'B-O', 'B-O', 'B-O', 'B-O', 'B-O', 'B-O', 'B-O', 'B-O', 'B-O', 'B-O', 'B-O', 'B-O', 'B-O', 'B-O', 'B-O', 'B-O', 'B-O', 'B-O', 'B-O', 'B-O', 'B-O', 'B-O']	['since', 's1031', 'is', 'a', 'null', 'allele', ',', 'we', 'tested', 'whether', 'binding', 'of', 'lrp', 'at', 'the', 'gatc1130', 'site', 'was', 'able', 'to', 'be', '#altered', 'by', 'dam', 'methylation', '.']
32	['B-O', 'B-O', 'B-O', 'B-O', 'B-O', 'B-O', 'B-O', 'B-O', 'B-O', 'B-O', 'B-O', 'B-O', 'B-O', 'B-O', 'B-O', 'B-O', 'B-O', 'B-O']	['since', 's1031', 'is', 'a', 'null', 'allele', ',', 'we', 'tested', 'whether', 'a', 'mechanism', 'has', '#altered', 'expression', 'of', 'bcl-3', '.']
33	['B-O', 'B-O', 'B-O', 'B-O', 'B-O', 'B-O', 'B-O', 'B-O', 'B-O', 'B-O', 'B-O', 'B-O', 'B-O', 'B-O', 'B-O', 'B-O', 'B-O', 'B-O', 'B-O', 'B-O', 'B-O']	['since', 'a', 'mechanism', 'are', 'in', 'opposing', 'directions', ',', 'expression', 'of', 'bcl-3', 'is', 'not', 'able', 'to', 'be', '#altered', 'by', 'them(figure', '3c)', '.']
34	['B-O', 'B-O', 'B-O', 'B-O', 'B-O', 'B-O', 'B-O', 'B-O', 'B-O', 'B-O', 'B-O', 'B-O', 'B-O', 'B-O', 'B-O', 'B-O', 'B-O', 'B-O', 'B-O', 'B-O', 'B-O']	['since', 'dam', 'methylation', 'are', 'in', 'opposing', 'directions', ',', 'they', 'may', 'not', '#alter', 'binding', 'of', 'lrp', 'at', 'the', 'gatc1130', 'site(figure', '3c)', '.']
35	['B-O', 'B-O', 'B-O', 'B-O', 'B-O', 'B-O', 'B-O', 'B-O', 'B-O', 'B-O', 'B-O', 'B-O', 'B-O', 'B-O', 'B-O', 'B-O', 'B-O', 'B-O', 'B-O', 'B-O', 'B-O', 'B-O', 'B-O', 'B-O', 'B-O']	['hence', ',', 'glu13', 'indirectly', 'affects', 'dna-binding', 'specificity', 'probably', 'due', 'to', 'dam', 'methylation', ',', 'which', 'may', 'subtly', '#alter', 'binding', 'of', 'lrp', 'at', 'the', 'gatc1130', 'site', '.']
36	['B-O', 'B-O', 'B-O', 'B-O', 'B-O', 'B-O', 'B-O', 'B-O', 'B-O', 'B-O', 'B-O', 'B-O', 'B-O', 'B-O', 'B-O', 'B-O', 'B-O', 'B-O', 'B-O', 'B-O', 'B-O', 'B-O']	['hence', ',', 'glu13', 'indirectly', 'affects', 'dna-binding', 'specificity', 'because', 'binding', 'of', 'lrp', 'at', 'the', 'gatc1130', 'site', 'can', 'be', '#altered', 'by', 'dam', 'methylation', '.']
37	['B-O', 'B-O', 'B-O', 'B-O', 'B-O', 'B-O', 'B-O', 'B-O', 'B-O', 'B-O', 'B-O', 'B-O', 'B-O', 'B-O', 'B-O', 'B-O', 'B-O', 'B-O', 'B-O', 'B-O', 'B-O', 'B-O', 'B-O']	['since', 's1031', 'is', 'a', 'null', 'allele', ',', 'we', 'are', 'testing', 'whether', 'dam', 'methylation', 'will', '#alter', 'binding', 'of', 'lrp', 'at', 'the', 'gatc1130', 'site', '.']
38	['B-O', 'B-O', 'B-O', 'B-O', 'B-O', 'B-O', 'B-O', 'B-O', 'B-O', 'B-O', 'B-O', 'B-O', 'B-O', 'B-O', 'B-O', 'B-O', 'B-O', 'B-O']	['moreover', ',', 'a', 'frur', 'null', 'mutation', '#altered', 'the', 'rates', 'of', 'utilization', 'of', 'at', 'least', '36', 'carbon', 'sources', '.']
39	['B-O', 'B-O', 'B-O', 'B-O', 'B-O', 'B-O', 'B-O', 'B-O', 'B-O', 'B-O', 'B-O', 'B-O', 'B-O', 'B-O', 'B-O', 'B-O', 'B-O', 'B-O', 'B-O', 'B-O', 'B-O', 'B-O', 'B-O', 'B-O', 'B-O']	['since', 's1031', 'is', 'a', 'null', 'allele', ',', 'we', 'are', 'testing', 'whether', 'dam', 'methylation', 'is', 'able', 'to', '#alter', 'binding', 'of', 'lrp', 'at', 'the', 'gatc1130', 'site', '.']
40	['B-O', 'B-O', 'B-O', 'B-O', 'B-O', 'B-O', 'B-O', 'B-O', 'B-O', 'B-O', 'B-O', 'B-O', 'B-O', 'B-O', 'B-O', 'B-O', 'B-O', 'B-O', 'B-O', 'B-O', 'B-O', 'B-O']	['since', 's1031', 'is', 'a', 'null', 'allele', ',', 'we', 'tested', 'whether', 'dam', 'methylation', 'has', '#altered', 'binding', 'of', 'lrp', 'at', 'the', 'gatc1130', 'site', '.']
41	['B-O', 'B-O', 'B-O', 'B-O', 'B-O', 'B-O', 'B-O', 'B-O', 'B-O', 'B-O', 'B-O', 'B-O', 'B-O', 'B-O', 'B-O', 'B-O', 'B-O']	['since', 'a', 'mechanism', 'are', 'in', 'opposing', 'directions', ',', 'they', 'may', 'not', '#alter', 'expression', 'of', 'bcl-3(figure', '3c)', '.']
42	['B-O', 'B-O', 'B-O', 'B-O', 'B-O', 'B-O', 'B-O', 'B-O', 'B-O', 'B-O', 'B-O', 'B-O', 'B-O', 'B-O', 'B-O', 'B-O', 'B-O', 'B-O']	['since', 'a', 'mechanism', 'are', 'in', 'opposing', 'directions', ',', 'expression', 'of', 'bcl-3', 'cannot', 'be', '#altered', 'by', 'them(figure', '3c)', '.']
43	['B-O', 'B-O', 'B-O', 'B-O', 'B-O', 'B-O', 'B-O', 'B-O', 'B-O', 'B-O', 'B-O', 'B-O', 'B-O', 'B-O', 'B-O', 'B-O', 'B-O', 'B-O', 'B-O', 'B-O', 'B-O', 'B-O']	['since', 'dam', 'methylation', 'are', 'in', 'opposing', 'directions', ',', 'binding', 'of', 'lrp', 'at', 'the', 'gatc1130', 'site', 'cannot', 'be', '#altered', 'by', 'them(figure', '3c)', '.']
44	['B-O', 'B-O', 'B-O', 'B-O', 'B-O', 'B-O', 'B-O', 'B-O', 'B-O', 'B-O', 'B-O', 'B-O', 'B-O', 'B-O', 'B-O', 'B-O', 'B-O', 'B-O', 'B-O', 'B-O', 'B-O', 'B-O', 'B-O', 'B-O', 'B-O', 'B-O', 'B-O', 'B-O', 'B-O', 'B-O']	['since', 's1031', 'is', 'a', 'null', 'allele', ',', 'we', 'are', 'testing', 'whether', 'a', 'frur', 'null', 'mutation', 'is', 'able', 'to', '#alter', 'the', 'rates', 'of', 'utilization', 'of', 'at', 'least', '36', 'carbon', 'sources', '.']
45	['B-O', 'B-O', 'B-O', 'B-O', 'B-O', 'B-O', 'B-O', 'B-O', 'B-O', 'B-O', 'B-O', 'B-O', 'B-O', 'B-O', 'B-O', 'B-O', 'B-O']	['moreover', ',', 'dam', 'methylation', 'will', 'be', 'able', 'to', '#alter', 'binding', 'of', 'lrp', 'at', 'the', 'gatc1130', 'site', '.']
46	['B-O', 'B-O', 'B-O', 'B-O', 'B-O', 'B-O', 'B-O', 'B-O', 'B-O', 'B-O', 'B-O', 'B-O', 'B-O', 'B-O']	['moreover', ',', 'dam', 'methylation', 'can', '#alter', 'binding', 'of', 'lrp', 'at', 'the', 'gatc1130', 'site', '.']
47	['B-O', 'B-O', 'B-O', 'B-O', 'B-O', 'B-O', 'B-O', 'B-O', 'B-O', 'B-O', 'B-O', 'B-O', 'B-O', 'B-O', 'B-O', 'B-O', 'B-O', 'B-O', 'B-O', 'B-O', 'B-O', 'B-O', 'B-O', 'B-O', 'B-O', 'B-O']	['since', 'a', 'frur', 'null', 'mutation', 'are', 'in', 'opposing', 'directions', ',', 'they', 'do', 'not', '#alter', 'the', 'rates', 'of', 'utilization', 'of', 'at', 'least', '36', 'carbon', 'sources(figure', '3c)', '.']
48	['B-O', 'B-O', 'B-O', 'B-O', 'B-O', 'B-O', 'B-O', 'B-O', 'B-O', 'B-O', 'B-O', 'B-O', 'B-O', 'B-O', 'B-O', 'B-O', 'B-O', 'B-O', 'B-O', 'B-O', 'B-O', 'B-O', 'B-O', 'B-O', 'B-O', 'B-O', 'B-O', 'B-O']	['since', 'a', 'frur', 'null', 'mutation', 'are', 'in', 'opposing', 'directions', ',', 'they', 'are', 'not', 'able', 'to', '#alter', 'the', 'rates', 'of', 'utilization', 'of', 'at', 'least', '36', 'carbon', 'sources(figure', '3c)', '.']
49	['B-O', 'B-O', 'B-O', 'B-O', 'B-O', 'B-O', 'B-O', 'B-O', 'B-O', 'B-O', 'B-O', 'B-O', 'B-O', 'B-O', 'B-O', 'B-O', 'B-O', 'B-O']	['hence', ',', 'glu13', 'indirectly', 'affects', 'dna-binding', 'specificity', 'because', 'expression', 'of', 'bcl-3', 'may', 'be', '#altered', 'by', 'a', 'mechanism', '.']
50	['B-O', 'B-O', 'B-O', 'B-O', 'B-O', 'B-O', 'B-O', 'B-O', 'B-O', 'B-O', 'B-O', 'B-O', 'B-O', 'B-O', 'B-O', 'B-O', 'B-O', 'B-O', 'B-O', 'B-O', 'B-O', 'B-O', 'B-O', 'B-O', 'B-O']	['since', 'dam', 'methylation', 'were', 'in', 'opposing', 'directions', ',', 'binding', 'of', 'lrp', 'at', 'the', 'gatc1130', 'site', 'was', 'not', 'able', 'to', 'be', '#altered', 'by', 'them(figure', '3c)', '.']
51	['B-O', 'B-O', 'B-O', 'B-O', 'B-O', 'B-O', 'B-O', 'B-O', 'B-O', 'B-O', 'B-O', 'B-O', 'B-O', 'B-O', 'B-O', 'B-O', 'B-O', 'B-O', 'B-O', 'B-O', 'B-O', 'B-O', 'B-O', 'B-O', 'B-O', 'B-O', 'B-O', 'B-O', 'B-O']	['hence', ',', 'glu13', 'indirectly', 'affects', 'dna-binding', 'specificity', 'probably', 'because', 'a', 'frur', 'null', 'mutation', 'is', 'able', 'to', 'subtly', '#alter', 'the', 'rates', 'of', 'utilization', 'of', 'at', 'least', '36', 'carbon', 'sources', '.']
52	['B-O', 'B-O', 'B-O', 'B-O', 'B-O', 'B-O', 'B-O', 'B-O', 'B-O', 'B-O']	['moreover', ',', 'a', 'mechanism', 'can', '#alter', 'expression', 'of', 'bcl-3', '.']
53	['B-O', 'B-O', 'B-O', 'B-O', 'B-O', 'B-O', 'B-O', 'B-O', 'B-O', 'B-O', 'B-O', 'B-O', 'B-O', 'B-O', 'B-O', 'B-O', 'B-O', 'B-O', 'B-O', 'B-O', 'B-O', 'B-O', 'B-O', 'B-O', 'B-O', 'B-O', 'B-O']	['since', 's1031', 'is', 'a', 'null', 'allele', ',', 'we', 'tested', 'whether', 'a', 'frur', 'null', 'mutation', 'has', '#altered', 'the', 'rates', 'of', 'utilization', 'of', 'at', 'least', '36', 'carbon', 'sources', '.']
54	['B-O', 'B-O', 'B-O', 'B-O', 'B-O', 'B-O', 'B-O', 'B-O', 'B-O', 'B-O', 'B-O', 'B-O', 'B-O', 'B-O', 'B-O', 'B-O', 'B-O']	['the', 'results', 'provide', 'insight', 'into', 'a', 'mechanism', 'whereby', '#altered', 'expression', 'of', 'bcl-3', 'leads', 'to', 'tumorigenic', 'potential', '.']
55	['B-O', 'B-O', 'B-O', 'B-O', 'B-O', 'B-O', 'B-O', 'B-O', 'B-O', 'B-O', 'B-O', 'B-O', 'B-O', 'B-O', 'B-O', 'B-O', 'B-O', 'B-O', 'B-O', 'B-O', 'B-O']	['since', 'dam', 'methylation', 'were', 'in', 'opposing', 'directions', ',', 'they', 'could', 'not', '#alter', 'binding', 'of', 'lrp', 'at', 'the', 'gatc1130', 'site(figure', '3c)', '.']
56	['B-O', 'B-O', 'B-O', 'B-O', 'B-O', 'B-O', 'B-O', 'B-O', 'B-O', 'B-O', 'B-O', 'B-O', 'B-O', 'B-O', 'B-O', 'B-O', 'B-O', 'B-O', 'B-O', 'B-O']	['since', 's1031', 'is', 'a', 'null', 'allele', ',', 'we', 'tested', 'whether', 'expression', 'of', 'bcl-3', 'could', 'be', '#altered', 'by', 'a', 'mechanism', '.']
57	['B-O', 'B-O', 'B-O', 'B-O', 'B-O', 'B-O', 'B-O', 'B-O', 'B-O', 'B-O', 'B-O', 'B-O', 'B-O', 'B-O', 'B-O', 'B-O']	['moreover', ',', 'dam', 'methylation', 'is', 'able', 'to', '#alter', 'binding', 'of', 'lrp', 'at', 'the', 'gatc1130', 'site', '.']
58	['B-O', 'B-O', 'B-O', 'B-O', 'B-O', 'B-O', 'B-O', 'B-O', 'B-O', 'B-O', 'B-O', 'B-O', 'B-O', 'B-O', 'B-O', 'B-O', 'B-O', 'B-O', 'B-O', 'B-O', 'B-O', 'B-O', 'B-O', 'B-O', 'B-O', 'B-O', 'B-O', 'B-O', 'B-O', 'B-O']	['since', 's1031', 'is', 'a', 'null', 'allele', ',', 'we', 'are', 'testing', 'whether', 'the', 'rates', 'of', 'utilization', 'of', 'at', 'least', '36', 'carbon', 'sources', 'can', 'be', '#altered', 'by', 'a', 'frur', 'null', 'mutation', '.']
59	['B-O', 'B-O', 'B-O', 'B-O', 'B-O', 'B-O', 'B-O', 'B-O', 'B-O', 'B-O', 'B-O', 'B-O', 'B-O', 'B-O', 'B-O', 'B-O', 'B-O', 'B-O', 'B-O', 'B-O', 'B-O', 'B-O', 'B-O', 'B-O']	['hence', ',', 'glu13', 'indirectly', 'affects', 'dna-binding', 'specificity', 'because', 'binding', 'of', 'lrp', 'at', 'the', 'gatc1130', 'site', 'are', 'able', 'to', 'be', '#altered', 'by', 'dam', 'methylation', '.']
60	['B-O', 'B-O', 'B-O', 'B-O', 'B-O', 'B-O', 'B-O', 'B-O', 'B-O', 'B-O', 'B-O', 'B-O', 'B-O', 'B-O', 'B-O', 'B-O', 'B-O', 'B-O', 'B-O', 'B-O', 'B-O', 'B-O', 'B-O', 'B-O', 'B-O', 'B-O']	['since', 'a', 'frur', 'null', 'mutation', 'were', 'in', 'opposing', 'directions', ',', 'they', 'could', 'not', '#alter', 'the', 'rates', 'of', 'utilization', 'of', 'at', 'least', '36', 'carbon', 'sources(figure', '3c)', '.']
61	['B-O', 'B-O', 'B-O', 'B-O', 'B-O', 'B-O', 'B-O', 'B-O', 'B-O', 'B-O', 'B-O', 'B-O', 'B-O', 'B-O', 'B-O', 'B-O', 'B-O', 'B-O', 'B-O', 'B-O']	['since', 's1031', 'is', 'a', 'null', 'allele', ',', 'we', 'are', 'testing', 'whether', 'expression', 'of', 'bcl-3', 'is', '#altered', 'by', 'a', 'mechanism', '.']
62	['B-O', 'B-O', 'B-O', 'B-O', 'B-O', 'B-O', 'B-O', 'B-O', 'B-O', 'B-O', 'B-O', 'B-O', 'B-O', 'B-O', 'B-O', 'B-O', 'B-O', 'B-O']	['since', 'a', 'mechanism', 'are', 'in', 'opposing', 'directions', ',', 'expression', 'of', 'bcl-3', 'is', 'not', '#altered', 'by', 'them(figure', '3c)', '.']
63	['B-O', 'B-O', 'B-O', 'B-O', 'B-O', 'B-O', 'B-O', 'B-O', 'B-O', 'B-O', 'B-O', 'B-O', 'B-O', 'B-O', 'B-O', 'B-O', 'B-O', 'B-O', 'B-O']	['moreover', ',', 'a', 'frur', 'null', 'mutation', 'will', '#alter', 'the', 'rates', 'of', 'utilization', 'of', 'at', 'least', '36', 'carbon', 'sources', '.']
64	['B-O', 'B-O', 'B-O', 'B-O', 'B-O', 'B-O', 'B-O', 'B-O', 'B-O', 'B-O', 'B-O', 'B-O', 'B-O', 'B-O', 'B-O', 'B-O', 'B-O', 'B-O', 'B-O', 'B-O', 'B-O']	['since', 'dam', 'methylation', 'are', 'in', 'opposing', 'directions', ',', 'they', 'will', 'not', '#alter', 'binding', 'of', 'lrp', 'at', 'the', 'gatc1130', 'site(figure', '3c)', '.']
65	['B-O', 'B-O', 'B-O', 'B-O', 'B-O', 'B-O', 'B-O', 'B-O', 'B-O', 'B-O']	['moreover', ',', 'a', 'mechanism', 'has', '#altered', 'expression', 'of', 'bcl-3', '.']
66	['B-O', 'B-O', 'B-O', 'B-O', 'B-O', 'B-O', 'B-O', 'B-O', 'B-O', 'B-O', 'B-O', 'B-O', 'B-O', 'B-O']	['moreover', ',', 'dam', 'methylation', 'will', '#alter', 'binding', 'of', 'lrp', 'at', 'the', 'gatc1130', 'site', '.']
67	['B-O', 'B-O', 'B-O', 'B-O', 'B-O', 'B-O', 'B-O', 'B-O', 'B-O', 'B-O', 'B-O', 'B-O', 'B-O', 'B-O', 'B-O', 'B-O', 'B-O', 'B-O', 'B-O', 'B-O', 'B-O', 'B-O', 'B-O', 'B-O', 'B-O', 'B-O', 'B-O', 'B-O', 'B-O', 'B-O', 'B-O']	['hence', ',', 'glu13', 'indirectly', 'affects', 'dna-binding', 'specificity', ',', 'probably', 'due', 'to', 'a', 'frur', 'null', 'mutation', ',', 'which', 'subtly', '#alters', 'the', 'the', 'rates', 'of', 'utilization', 'of', 'at', 'least', '36', 'carbon', 'sources', '.']
68	['B-O', 'B-O', 'B-O', 'B-O', 'B-O', 'B-O', 'B-O', 'B-O', 'B-O', 'B-O', 'B-O', 'B-O', 'B-O', 'B-O', 'B-O', 'B-O', 'B-O', 'B-O', 'B-O']	['since', 'a', 'mechanism', 'are', 'in', 'opposing', 'directions', ',', 'expression', 'of', 'bcl-3', 'may', 'not', 'be', '#altered', 'by', 'them(figure', '3c)', '.']
69	['B-O', 'B-O', 'B-O', 'B-O', 'B-O', 'B-O', 'B-O', 'B-O', 'B-O', 'B-O', 'B-O', 'B-O', 'B-O', 'B-O', 'B-O', 'B-O', 'B-O', 'B-O', 'B-O', 'B-O', 'B-O', 'B-O', 'B-O', 'B-O', 'B-O', 'B-O', 'B-O']	['since', 'a', 'frur', 'null', 'mutation', 'are', 'in', 'opposing', 'directions', ',', 'the', 'rates', 'of', 'utilization', 'of', 'at', 'least', '36', 'carbon', 'sources', 'is', 'not', '#altered', 'by', 'them(figure', '3c)', '.']
70	['B-O', 'B-O', 'B-O', 'B-O', 'B-O', 'B-O', 'B-O', 'B-O', 'B-O', 'B-O', 'B-O', 'B-O', 'B-O', 'B-O']	['moreover', ',', 'dam', 'methylation', 'may', '#alter', 'binding', 'of', 'lrp', 'at', 'the', 'gatc1130', 'site', '.']
71	['B-O', 'B-O', 'B-O', 'B-O', 'B-O', 'B-O', 'B-O', 'B-O', 'B-O', 'B-O', 'B-O', 'B-O', 'B-O', 'B-O', 'B-O', 'B-O', 'B-O', 'B-O', 'B-O', 'B-O', 'B-O', 'B-O', 'B-O', 'B-O', 'B-O', 'B-O']	['hence', ',', 'glu13', 'indirectly', 'affects', 'dna-binding', 'specificity', 'probably', 'because', 'a', 'frur', 'null', 'mutation', 'subtly', '#alters', 'the', 'rates', 'of', 'utilization', 'of', 'at', 'least', '36', 'carbon', 'sources', '.']
72	['B-O', 'B-O', 'B-O', 'B-O', 'B-O', 'B-O', 'B-O', 'B-O', 'B-O', 'B-O', 'B-O', 'B-O', 'B-O', 'B-O', 'B-O', 'B-O', 'B-O', 'B-O', 'B-O']	['since', 'a', 'mechanism', 'are', 'in', 'opposing', 'directions', ',', 'expression', 'of', 'bcl-3', 'will', 'not', 'be', '#altered', 'by', 'them(figure', '3c)', '.']
73	['B-O', 'B-O', 'B-O', 'B-O', 'B-O', 'B-O', 'B-O', 'B-O', 'B-O', 'B-O', 'B-O', 'B-O', 'B-O', 'B-O', 'B-O', 'B-O', 'B-O', 'B-O', 'B-O']	['the', 'results', 'provide', 'insight', 'into', 'a', 'mechanism', 'whereby', 'to', '#alter', 'expression', 'of', 'bcl-3', 'may', 'lead', 'to', 'tumorigenic', 'potential', '.']
74	['B-O', 'B-O', 'B-O', 'B-O', 'B-O', 'B-O', 'B-O', 'B-O', 'B-O', 'B-O', 'B-O', 'B-O', 'B-O', 'B-O', 'B-O', 'B-O', 'B-O', 'B-O', 'B-O', 'B-O', 'B-O', 'B-O']	['moreover', ',', 'a', 'frur', 'null', 'mutation', 'may', 'be', 'able', 'to', '#alter', 'the', 'rates', 'of', 'utilization', 'of', 'at', 'least', '36', 'carbon', 'sources', '.']
75	['B-O', 'B-O', 'B-O', 'B-O', 'B-O', 'B-O', 'B-O', 'B-O', 'B-O']	['moreover', ',', 'a', 'mechanism', '#altered', 'expression', 'of', 'bcl-3', '.']
76	['B-O', 'B-O', 'B-O', 'B-O', 'B-O', 'B-O', 'B-O', 'B-O', 'B-O', 'B-O', 'B-O', 'B-O', 'B-O', 'B-O', 'B-O', 'B-O', 'B-O', 'B-O']	['hence', ',', 'glu13', 'indirectly', 'affects', 'dna-binding', 'specificity', 'because', 'expression', 'of', 'bcl-3', 'can', 'be', '#altered', 'by', 'a', 'mechanism', '.']
77	['B-O', 'B-O', 'B-O', 'B-O', 'B-O', 'B-O', 'B-O', 'B-O', 'B-O', 'B-O']	['moreover', ',', 'a', 'mechanism', 'will', '#alter', 'expression', 'of', 'bcl-3', '.']
78	['B-O', 'B-O', 'B-O', 'B-O', 'B-O', 'B-O', 'B-O', 'B-O', 'B-O', 'B-O', 'B-O', 'B-O', 'B-O', 'B-O', 'B-O', 'B-O', 'B-O', 'B-O', 'B-O', 'B-O', 'B-O', 'B-O', 'B-O', 'B-O', 'B-O', 'B-O', 'B-O']	['hence', ',', 'glu13', 'indirectly', 'affects', 'dna-binding', 'specificity', 'probably', 'due', 'to', 'dam', 'methylation', ',', 'which', 'was', 'able', 'to', 'subtly', '#alter', 'binding', 'of', 'lrp', 'at', 'the', 'gatc1130', 'site', '.']
79	['B-O', 'B-O', 'B-O', 'B-O', 'B-O', 'B-O', 'B-O', 'B-O', 'B-O', 'B-O', 'B-O', 'B-O', 'B-O', 'B-O', 'B-O', 'B-O', 'B-O', 'B-O', 'B-O', 'B-O', 'B-O', 'B-O', 'B-O', 'B-O', 'B-O', 'B-O', 'B-O', 'B-O']	['the', 'expression', 'and', 'activity', 'of', 'the', 'multidrug', 'resistance', 'transporters', 'is', 'able', 'to', 'be', '#altered', 'by', 'cytokines', 'in', 'human', 'hepatoma', 'cell', 'lines;', 'analysis', 'using', 'rt-pcr', 'and', 'cdna', 'microarrays', '.']
80	['B-O', 'B-O', 'B-O', 'B-O', 'B-O', 'B-O', 'B-O', 'B-O', 'B-O', 'B-O', 'B-O', 'B-O', 'B-O', 'B-O', 'B-O', 'B-O', 'B-O', 'B-O', 'B-O', 'B-O', 'B-O', 'B-O', 'B-O', 'B-O', 'B-O', 'B-O', 'B-O', 'B-O', 'B-O']	['since', 's1031', 'is', 'a', 'null', 'allele', ',', 'we', 'are', 'testing', 'whether', 'the', 'rates', 'of', 'utilization', 'of', 'at', 'least', '36', 'carbon', 'sources', 'is', '#altered', 'by', 'a', 'frur', 'null', 'mutation', '.']
81	['B-O', 'B-O', 'B-O', 'B-O', 'B-O', 'B-O', 'B-O', 'B-O', 'B-O', 'B-O', 'B-O', 'B-O', 'B-O', 'B-O', 'B-O', 'B-O', 'B-O', 'B-O', 'B-O', 'B-O', 'B-O']	['hence', ',', 'glu13', 'indirectly', 'affects', 'dna-binding', 'specificity', 'probably', 'because', 'a', 'mechanism', 'may', 'be', 'able', 'to', 'subtly', '#alter', 'expression', 'of', 'bcl-3', '.']
82	['B-O', 'B-O', 'B-O', 'B-O', 'B-O', 'B-O', 'B-O', 'B-O', 'B-O', 'B-O', 'B-O', 'B-O']	['moreover', ',', 'a', 'mechanism', 'is', 'able', 'to', '#alter', 'expression', 'of', 'bcl-3', '.']
83	['B-O', 'B-O', 'B-O', 'B-O', 'B-O', 'B-O', 'B-O', 'B-O', 'B-O', 'B-O', 'B-O', 'B-O', 'B-O', 'B-O', 'B-O', 'B-O', 'B-O', 'B-O', 'B-O', 'B-O', 'B-O', 'B-O', 'B-O']	['since', 's1031', 'is', 'a', 'null', 'allele', ',', 'we', 'tested', 'whether', 'binding', 'of', 'lrp', 'at', 'the', 'gatc1130', 'site', 'was', '#altered', 'by', 'dam', 'methylation', '.']
84	['B-O', 'B-O', 'B-O', 'B-O', 'B-O', 'B-O', 'B-O', 'B-O', 'B-O', 'B-O', 'B-O', 'B-O', 'B-O', 'B-O', 'B-O', 'B-O', 'B-O', 'B-O', 'B-O']	['since', 's1031', 'is', 'a', 'null', 'allele', ',', 'we', 'are', 'testing', 'whether', 'a', 'mechanism', 'may', '#alter', 'expression', 'of', 'bcl-3', '.']
85	['B-O', 'B-O', 'B-O', 'B-O', 'B-O', 'B-O', 'B-O', 'B-O', 'B-O', 'B-O', 'B-O', 'B-O', 'B-O', 'B-O', 'B-O', 'B-O', 'B-O', 'B-O', 'B-O', 'B-O', 'B-O', 'B-O', 'B-O']	['cytokines', '#alter', 'the', 'expression', 'and', 'activity', 'of', 'the', 'multidrug', 'resistance', 'transporters', 'in', 'human', 'hepatoma', 'cell', 'lines;', 'analysis', 'using', 'rt-pcr', 'and', 'cdna', 'microarrays', '.']
86	['B-O', 'B-O', 'B-O', 'B-O', 'B-O', 'B-O', 'B-O', 'B-O', 'B-O', 'B-O', 'B-O', 'B-O', 'B-O', 'B-O', 'B-O', 'B-O', 'B-O', 'B-O', 'B-O', 'B-O', 'B-O', 'B-O', 'B-O', 'B-O']	['cytokines', 'can', '#alter', 'the', 'expression', 'and', 'activity', 'of', 'the', 'multidrug', 'resistance', 'transporters', 'in', 'human', 'hepatoma', 'cell', 'lines;', 'analysis', 'using', 'rt-pcr', 'and', 'cdna', 'microarrays', '.']
87	['B-O', 'B-O', 'B-O', 'B-O', 'B-O', 'B-O', 'B-O', 'B-O', 'B-O', 'B-O', 'B-O', 'B-O', 'B-O', 'B-O', 'B-O', 'B-O', 'B-O', 'B-O', 'B-O', 'B-O']	['hence', ',', 'glu13', 'indirectly', 'affects', 'dna-binding', 'specificity', 'probably', 'due', 'to', 'a', 'mechanism', ',', 'which', 'subtly', '#altered', 'expression', 'of', 'bcl-3', '.']
88	['B-O', 'B-O', 'B-O', 'B-O', 'B-O', 'B-O', 'B-O', 'B-O', 'B-O', 'B-O', 'B-O', 'B-O', 'B-O', 'B-O', 'B-O', 'B-O', 'B-O']	['the', 'results', 'provide', 'insight', 'into', 'a', 'mechanism', 'whereby', '#altering', 'expression', 'of', 'bcl-3', 'leads', 'to', 'tumorigenic', 'potential', '.']
89	['B-O', 'B-O', 'B-O', 'B-O', 'B-O', 'B-O', 'B-O', 'B-O', 'B-O', 'B-O', 'B-O', 'B-O', 'B-O', 'B-O', 'B-O', 'B-O', 'B-O', 'B-O', 'B-O', 'B-O', 'B-O', 'B-O', 'B-O', 'B-O', 'B-O', 'B-O']	['since', 'a', 'frur', 'null', 'mutation', 'were', 'in', 'opposing', 'directions', ',', 'they', 'did', 'not', '#alter', 'the', 'rates', 'of', 'utilization', 'of', 'at', 'least', '36', 'carbon', 'sources(figure', '3c)', '.']
90	['B-O', 'B-O', 'B-O', 'B-O', 'B-O', 'B-O', 'B-O', 'B-O', 'B-O', 'B-O', 'B-O', 'B-O', 'B-O', 'B-O', 'B-O', 'B-O', 'B-O', 'B-O', 'B-O', 'B-O', 'B-O', 'B-O', 'B-O', 'B-O', 'B-O', 'B-O', 'B-O', 'B-O']	['since', 'a', 'frur', 'null', 'mutation', 'were', 'in', 'opposing', 'directions', ',', 'they', 'were', 'not', 'able', 'to', '#alter', 'the', 'rates', 'of', 'utilization', 'of', 'at', 'least', '36', 'carbon', 'sources(figure', '3c)', '.']
91	['B-O', 'B-O', 'B-O', 'B-O', 'B-O', 'B-O', 'B-O', 'B-O', 'B-O', 'B-O', 'B-O', 'B-O', 'B-O', 'B-O', 'B-O', 'B-O', 'B-O', 'B-O', 'B-O', 'B-O', 'B-O']	['since', 's1031', 'is', 'a', 'null', 'allele', ',', 'we', 'tested', 'whether', 'dam', 'methylation', '#alters', 'binding', 'of', 'lrp', 'at', 'the', 'gatc1130', 'site', '.']
92	['B-O', 'B-O', 'B-O', 'B-O', 'B-O', 'B-O', 'B-O', 'B-O', 'B-O', 'B-O', 'B-O', 'B-O', 'B-O', 'B-O', 'B-O', 'B-O', 'B-O', 'B-O', 'B-O', 'B-O', 'B-O', 'B-O', 'B-O', 'B-O']	['since', 's1031', 'is', 'a', 'null', 'allele', ',', 'we', 'tested', 'whether', 'dam', 'methylation', 'was', 'able', 'to', '#alter', 'binding', 'of', 'lrp', 'at', 'the', 'gatc1130', 'site', '.']
93	['B-O', 'B-O', 'B-O', 'B-O', 'B-O', 'B-O', 'B-O', 'B-O', 'B-O', 'B-O', 'B-O', 'B-O', 'B-O', 'B-O', 'B-O', 'B-O', 'B-O', 'B-O', 'B-O', 'B-O', 'B-O', 'B-O', 'B-O', 'B-O', 'B-O', 'B-O', 'B-O']	['hence', ',', 'glu13', 'indirectly', 'affects', 'dna-binding', 'specificity', 'probably', 'because', 'a', 'frur', 'null', 'mutation', 'may', 'subtly', '#alter', 'the', 'rates', 'of', 'utilization', 'of', 'at', 'least', '36', 'carbon', 'sources', '.']
94	['B-O', 'B-O', 'B-O', 'B-O', 'B-O', 'B-O', 'B-O', 'B-O', 'B-O', 'B-O', 'B-O', 'B-O', 'B-O', 'B-O', 'B-O', 'B-O', 'B-O', 'B-O', 'B-O', 'B-O', 'B-O']	['hence', ',', 'glu13', 'indirectly', 'affects', 'dna-binding', 'specificity', 'probably', 'due', 'to', 'a', 'mechanism', ',', 'which', 'may', 'subtly', '#alter', 'expression', 'of', 'bcl-3', '.']
95	['B-O', 'B-O', 'B-O', 'B-O', 'B-O', 'B-O', 'B-O', 'B-O', 'B-O', 'B-O', 'B-O', 'B-O', 'B-O', 'B-O', 'B-O', 'B-O', 'B-O', 'B-O', 'B-O', 'B-O']	['hence', ',', 'glu13', 'indirectly', 'affects', 'dna-binding', 'specificity', 'probably', 'because', 'a', 'mechanism', 'is', 'able', 'to', 'subtly', '#alter', 'expression', 'of', 'bcl-3', '.']
96	['B-O', 'B-O', 'B-O', 'B-O', 'B-O', 'B-O', 'B-O', 'B-O', 'B-O', 'B-O', 'B-O', 'B-O', 'B-O', 'B-O', 'B-O', 'B-O', 'B-O', 'B-O']	['since', 'a', 'mechanism', 'were', 'in', 'opposing', 'directions', ',', 'expression', 'of', 'bcl-3', 'was', 'not', '#altered', 'by', 'them(figure', '3c)', '.']
97	['B-O', 'B-O', 'B-O', 'B-O', 'B-O', 'B-O', 'B-O', 'B-O', 'B-O', 'B-O', 'B-O', 'B-O', 'B-O', 'B-O', 'B-O', 'B-O', 'B-O', 'B-O', 'B-O', 'B-O', 'B-O', 'B-O']	['since', 'dam', 'methylation', 'are', 'in', 'opposing', 'directions', ',', 'binding', 'of', 'lrp', 'at', 'the', 'gatc1130', 'site', 'is', 'not', '#altered', 'by', 'them(figure', '3c)', '.']
98	['B-O', 'B-O', 'B-O', 'B-O', 'B-O', 'B-O', 'B-O', 'B-O', 'B-O', 'B-O', 'B-O', 'B-O', 'B-O', 'B-O', 'B-O', 'B-O', 'B-O', 'B-O', 'B-O', 'B-O', 'B-O', 'B-O', 'B-O', 'B-O', 'B-O', 'B-O', 'B-O', 'B-O']	['since', 's1031', 'is', 'a', 'null', 'allele', ',', 'we', 'are', 'testing', 'whether', 'a', 'frur', 'null', 'mutation', 'will', '#alter', 'the', 'rates', 'of', 'utilization', 'of', 'at', 'least', '36', 'carbon', 'sources', '.']
99	['B-O', 'B-O', 'B-O', 'B-O', 'B-O', 'B-O', 'B-O', 'B-O', 'B-O', 'B-O', 'B-O', 'B-O', 'B-O', 'B-O', 'B-O', 'B-O', 'B-O', 'B-O', 'B-O', 'B-O', 'B-O', 'B-O', 'B-O', 'B-O', 'B-O', 'B-O', 'B-O', 'B-O', 'B-O', 'B-O', 'B-O', 'B-O', 'B-O']	['hence', ',', 'glu13', 'indirectly', 'affects', 'dna-binding', 'specificity', 'probably', 'due', 'to', 'a', 'frur', 'null', 'mutation', ',', 'which', 'may', 'be', 'able', 'to', 'subtly', '#alter', 'the', 'rates', 'of', 'utilization', 'of', 'at', 'least', '36', 'carbon', 'sources', '.']
100	['B-O', 'B-O', 'B-O', 'B-O', 'B-O', 'B-O', 'B-O', 'B-O', 'B-O', 'B-O', 'B-O', 'B-O', 'B-O', 'B-O', 'B-O', 'B-O', 'B-O', 'B-O', 'B-O', 'B-O', 'B-O', 'B-O', 'B-O', 'B-O', 'B-O', 'B-O', 'B-O', 'B-O']	['hence', ',', 'glu13', 'indirectly', 'affects', 'dna-binding', 'specificity', 'probably', 'due', 'to', 'dam', 'methylation', ',', 'which', 'may', 'be', 'able', 'to', 'subtly', '#alter', 'binding', 'of', 'lrp', 'at', 'the', 'gatc1130', 'site', '.']
101	['B-O', 'B-O', 'B-O', 'B-O', 'B-O', 'B-O', 'B-O', 'B-O', 'B-O', 'B-O', 'B-O', 'B-O', 'B-O', 'B-O', 'B-O', 'B-O', 'B-O', 'B-O', 'B-O', 'B-O', 'B-O', 'B-O', 'B-O', 'B-O', 'B-O', 'B-O', 'B-O', 'B-O']	['the', 'expression', 'and', 'activity', 'of', 'the', 'multidrug', 'resistance', 'transporters', 'was', 'able', 'to', 'be', '#altered', 'by', 'cytokines', 'in', 'human', 'hepatoma', 'cell', 'lines;', 'analysis', 'using', 'rt-pcr', 'and', 'cdna', 'microarrays', '.']
102	['B-O', 'B-O', 'B-O', 'B-O', 'B-O', 'B-O', 'B-O', 'B-O', 'B-O', 'B-O', 'B-O', 'B-O', 'B-O', 'B-O', 'B-O', 'B-O', 'B-O', 'B-O', 'B-O', 'B-O', 'B-O', 'B-O', 'B-O', 'B-O', 'B-O', 'B-O']	['hence', ',', 'glu13', 'indirectly', 'affects', 'dna-binding', 'specificity', ',', 'probably', 'due', 'to', 'dam', 'methylation', ',', 'which', 'subtly', '#alters', 'the', 'binding', 'of', 'lrp', 'at', 'the', 'gatc1130', 'site', '.']
103	['B-O', 'B-O', 'B-O', 'B-O', 'B-O', 'B-O', 'B-O', 'B-O', 'B-O', 'B-O', 'B-O', 'B-O', 'B-O', 'B-O', 'B-O', 'B-O', 'B-O']	['since', 'a', 'mechanism', 'were', 'in', 'opposing', 'directions', ',', 'they', 'did', 'not', '#alter', 'expression', 'of', 'bcl-3(figure', '3c)', '.']
104	['B-O', 'B-O', 'B-O', 'B-O', 'B-O', 'B-O', 'B-O', 'B-O', 'B-O', 'B-O', 'B-O', 'B-O', 'B-O', 'B-O', 'B-O', 'B-O', 'B-O', 'B-O']	['the', 'results', 'provide', 'insight', 'into', 'a', 'mechanism', 'which', '#alters', 'expression', 'of', 'bcl-3', 'and', 'leads', 'to', 'tumorigenic', 'potential', '.']
105	['B-O', 'B-O', 'B-O', 'B-O', 'B-O', 'B-O', 'B-O', 'B-O', 'B-O', 'B-O', 'B-O', 'B-O', 'B-O', 'B-O', 'B-O', 'B-O', 'B-O', 'B-O', 'B-O', 'B-O', 'B-O', 'B-O', 'B-O', 'B-O']	['hence', ',', 'glu13', 'indirectly', 'affects', 'dna-binding', 'specificity', 'probably', 'due', 'to', 'dam', 'methylation', ',', 'which', 'subtly', '#altered', 'binding', 'of', 'lrp', 'at', 'the', 'gatc1130', 'site', '.']
106	['B-O', 'B-O', 'B-O', 'B-O', 'B-O', 'B-O', 'B-O', 'B-O', 'B-O', 'B-O', 'B-O', 'B-O', 'B-O', 'B-O', 'B-O', 'B-O', 'B-O', 'B-O', 'B-O', 'B-O', 'B-O', 'B-O', 'B-O']	['moreover', ',', 'dam', 'methylation', 'inhibited', 'binding', 'of', 'lrp/papi', 'near', 'the', 'gatc1028', 'site', 'and', 'could', '#alter', 'binding', 'of', 'lrp', 'at', 'the', 'gatc1130', 'site', '.']
107	['B-O', 'B-O', 'B-O', 'B-O', 'B-O', 'B-O', 'B-O', 'B-O', 'B-O', 'B-O', 'B-O', 'B-O', 'B-O', 'B-O', 'B-O', 'B-O', 'B-O', 'B-O', 'B-O', 'B-O', 'B-O', 'B-O']	['hence', ',', 'glu13', 'indirectly', 'affects', 'dna-binding', 'specificity', 'probably', 'because', 'dam', 'methylation', 'can', 'subtly', '#alter', 'binding', 'of', 'lrp', 'at', 'the', 'gatc1130', 'site', '.']
108	['B-O', 'B-O', 'B-O', 'B-O', 'B-O', 'B-O', 'B-O', 'B-O', 'B-O', 'B-O', 'B-O', 'B-O', 'B-O', 'B-O', 'B-O', 'B-O', 'B-O', 'B-O', 'B-O', 'B-O', 'B-O', 'B-O', 'B-O', 'B-O', 'B-O', 'B-O', 'B-O']	['hence', ',', 'glu13', 'indirectly', 'affects', 'dna-binding', 'specificity', 'probably', 'due', 'to', 'dam', 'methylation', ',', 'which', 'is', 'able', 'to', 'subtly', '#alter', 'binding', 'of', 'lrp', 'at', 'the', 'gatc1130', 'site', '.']
109	['B-O', 'B-O', 'B-O', 'B-O', 'B-O', 'B-O', 'B-O', 'B-O', 'B-O', 'B-O', 'B-O', 'B-O', 'B-O', 'B-O', 'B-O', 'B-O', 'B-O', 'B-O', 'B-O', 'B-O', 'B-O', 'B-O', 'B-O', 'B-O', 'B-O', 'B-O']	['since', 'a', 'frur', 'null', 'mutation', 'are', 'in', 'opposing', 'directions', ',', 'they', 'will', 'not', '#alter', 'the', 'rates', 'of', 'utilization', 'of', 'at', 'least', '36', 'carbon', 'sources(figure', '3c)', '.']
110	['B-O', 'B-O', 'B-O', 'B-O', 'B-O', 'B-O', 'B-O', 'B-O', 'B-O', 'B-O', 'B-O', 'B-O', 'B-O', 'B-O', 'B-O', 'B-O', 'B-O', 'B-O', 'B-O', 'B-O', 'B-O', 'B-O', 'B-O']	['since', 's1031', 'is', 'a', 'null', 'allele', ',', 'we', 'are', 'testing', 'whether', 'expression', 'of', 'bcl-3', 'is', 'able', 'to', 'be', '#altered', 'by', 'a', 'mechanism', '.']
111	['B-O', 'B-O', 'B-O', 'B-O', 'B-O', 'B-O', 'B-O', 'B-O', 'B-O', 'B-O', 'B-O', 'B-O', 'B-O', 'B-O', 'B-O', 'B-O', 'B-O', 'B-O', 'B-O', 'B-O', 'B-O', 'B-O', 'B-O', 'B-O']	['hence', ',', 'glu13', 'indirectly', 'affects', 'dna-binding', 'specificity', 'because', 'the', 'overall', 'direction', 'of', 'the', 'dna', 'are', 'able', 'to', 'be', '#altered', 'by', 'these', 'two', 'bends', '.']
112	['B-O', 'B-O', 'B-O', 'B-O', 'B-O', 'B-O', 'B-O', 'B-O', 'B-O', 'B-O', 'B-O', 'B-O']	['moreover', ',', 'the', 'molecular', 'lesion', 'associated', 'with', 's1031', 'can', '#alter', 'splicing', '.']
113	['B-O', 'B-O', 'B-O', 'B-O', 'B-O', 'B-O', 'B-O', 'B-O', 'B-O', 'B-O', 'B-O', 'B-O', 'B-O', 'B-O', 'B-O', 'B-O', 'B-O', 'B-O', 'B-O', 'B-O', 'B-O', 'B-O']	['since', 'these', 'two', 'bends', 'are', 'in', 'opposing', 'directions', ',', 'the', 'overall', 'direction', 'of', 'the', 'dna', 'is', 'not', '#altered', 'by', 'them(figure', '3c)', '.']
114	['B-O', 'B-O', 'B-O', 'B-O', 'B-O', 'B-O', 'B-O', 'B-O', 'B-O', 'B-O', 'B-O', 'B-O', 'B-O', 'B-O', 'B-O', 'B-O', 'B-O', 'B-O', 'B-O', 'B-O', 'B-O', 'B-O', 'B-O', 'B-O', 'B-O', 'B-O', 'B-O', 'B-O', 'B-O', 'B-O']	['phosphorylation', 'of', 'pdk1', 'is', 'not', 'able', 'to', 'be', '#altered', 'by', 'treating', 'the', 'cells', 'with', 'insulin-like', 'growth', 'factor-i', 'and', 'four', 'of', 'the', 'sites', 'could', 'be', 'mutated', 'without', 'loss', 'of', 'activity', '.']
115	['B-O', 'B-O', 'B-O', 'B-O', 'B-O', 'B-O', 'B-O', 'B-O', 'B-O', 'B-O', 'B-O', 'B-O', 'B-O', 'B-O', 'B-O', 'B-O', 'B-O', 'B-O', 'B-O', 'B-O', 'B-O', 'B-O', 'B-O', 'B-O', 'B-O', 'B-O', 'B-O', 'B-O']	['treating', 'the', 'cells', 'with', 'insulin-like', 'growth', 'factor-i', 'is', 'not', 'able', 'to', '#alter', 'phosphorylation', 'of', 'pdk1', 'and', 'four', 'of', 'the', 'sites', 'could', 'be', 'mutated', 'without', 'loss', 'of', 'activity', '.']
116	['B-O', 'B-O', 'B-O', 'B-O', 'B-O', 'B-O', 'B-O', 'B-O', 'B-O', 'B-O', 'B-O', 'B-O', 'B-O', 'B-O', 'B-O', 'B-O', 'B-O', 'B-O', 'B-O']	['since', 's1031', 'is', 'a', 'null', 'allele', ',', 'we', 'are', 'testing', 'whether', 'vulval', 'induction', 'is', '#altered', 'by', 'this', 'mutation', '.']
117	['B-O', 'B-O', 'B-O', 'B-O', 'B-O', 'B-O', 'B-O', 'B-O', 'B-O', 'B-O', 'B-O', 'B-O', 'B-O', 'B-O', 'B-O', 'B-O', 'B-O']	['since', 'this', 'mutation', 'are', 'in', 'opposing', 'directions', ',', 'vulval', 'induction', 'cannot', 'be', '#altered', 'by', 'them(figure', '3c)', '.']
118	['B-O', 'B-O', 'B-O', 'B-O', 'B-O', 'B-O', 'B-O', 'B-O', 'B-O', 'B-O', 'B-O', 'B-O', 'B-O', 'B-O', 'B-O', 'B-O', 'B-O', 'B-O', 'B-O', 'B-O', 'B-O', 'B-O']	['hence', ',', 'glu13', 'indirectly', 'affects', 'dna-binding', 'specificity', 'probably', 'due', 'to', 'this', 'mutation', ',', 'which', 'is', 'able', 'to', 'subtly', '#alter', 'vulval', 'induction', '.']
119	['B-O', 'B-O', 'B-O', 'B-O', 'B-O', 'B-O', 'B-O', 'B-O', 'B-O', 'B-O', 'B-O', 'B-O', 'B-O', 'B-O', 'B-O', 'B-O', 'B-O', 'B-O', 'B-O', 'B-O', 'B-O', 'B-O', 'B-O']	['since', 'the', 'molecular', 'lesion', 'associated', 'with', 's1031', 'were', 'in', 'opposing', 'directions', ',', 'splicing', 'was', 'not', 'able', 'to', 'be', '#altered', 'by', 'them(figure', '3c)', '.']
120	['B-O', 'B-O', 'B-O', 'B-O', 'B-O', 'B-O', 'B-O', 'B-O', 'B-O', 'B-O', 'B-O', 'B-O', 'B-O', 'B-O', 'B-O', 'B-O']	['hence', ',', 'glu13', 'indirectly', 'affects', 'dna-binding', 'specificity', 'because', 'vulval', 'induction', 'was', '#altered', 'by', 'this', 'mutation', '.']
121	['B-O', 'B-O', 'B-O', 'B-O', 'B-O', 'B-O', 'B-O', 'B-O', 'B-O', 'B-O', 'B-O', 'B-O', 'B-O', 'B-O', 'B-O', 'B-O', 'B-O', 'B-O', 'B-O', 'B-O', 'B-O', 'B-O', 'B-O', 'B-O', 'B-O']	['since', 's1031', 'is', 'a', 'null', 'allele', ',', 'we', 'are', 'testing', 'whether', 'these', 'two', 'bends', 'is', 'able', 'to', '#alter', 'the', 'overall', 'direction', 'of', 'the', 'dna', '.']
122	['B-O', 'B-O', 'B-O', 'B-O', 'B-O', 'B-O', 'B-O', 'B-O', 'B-O', 'B-O', 'B-O', 'B-O', 'B-O', 'B-O', 'B-O', 'B-O', 'B-O', 'B-O', 'B-O', 'B-O', 'B-O', 'B-O', 'B-O', 'B-O', 'B-O', 'B-O', 'B-O', 'B-O', 'B-O', 'B-O', 'B-O', 'B-O']	['the', 'codon', '(ctc)', 'normally', 'associated', 'with', 'leu-93', 'in', 'the', 'transcortin', 'polypeptide', 'can', 'be', '#altered', 'by', 'the', 'mutation', 'located', 'within', 'exon', '2', 'to', 'a', 'codon', '(cac)', 'for', 'histidine', 'in', 'the', 'variant', 'genes', '.']
123	['B-O', 'B-O', 'B-O', 'B-O', 'B-O', 'B-O', 'B-O', 'B-O', 'B-O', 'B-O', 'B-O', 'B-O', 'B-O', 'B-O', 'B-O', 'B-O', 'B-O', 'B-O', 'B-O', 'B-O', 'B-O', 'B-O']	['since', 'treating', 'the', 'cells', 'with', 'insulin-like', 'growth', 'factor-i', 'were', 'in', 'opposing', 'directions', ',', 'they', 'did', 'not', '#alter', 'phosphorylation', 'of', 'pdk1(figure', '3c)', '.']
124	['B-O', 'B-O', 'B-O', 'B-O', 'B-O', 'B-O', 'B-O', 'B-O', 'B-O', 'B-O', 'B-O', 'B-O', 'B-O', 'B-O']	['moreover', ',', 'these', 'two', 'bends', 'can', '#alter', 'the', 'overall', 'direction', 'of', 'the', 'dna', '.']
125	['B-O', 'B-O', 'B-O', 'B-O', 'B-O', 'B-O', 'B-O', 'B-O', 'B-O', 'B-O', 'B-O', 'B-O', 'B-O', 'B-O', 'B-O', 'B-O', 'B-O', 'B-O', 'B-O', 'B-O', 'B-O', 'B-O', 'B-O', 'B-O', 'B-O', 'B-O', 'B-O', 'B-O', 'B-O', 'B-O', 'B-O', 'B-O']	['the', 'codon', '(ctc)', 'normally', 'associated', 'with', 'leu-93', 'in', 'the', 'transcortin', 'polypeptide', 'may', 'be', '#altered', 'by', 'the', 'mutation', 'located', 'within', 'exon', '2', 'to', 'a', 'codon', '(cac)', 'for', 'histidine', 'in', 'the', 'variant', 'genes', '.']
126	['B-O', 'B-O', 'B-O', 'B-O', 'B-O', 'B-O', 'B-O', 'B-O', 'B-O', 'B-O', 'B-O', 'B-O', 'B-O', 'B-O', 'B-O', 'B-O', 'B-O', 'B-O', 'B-O', 'B-O', 'B-O', 'B-O', 'B-O', 'B-O']	['since', 's1031', 'is', 'a', 'null', 'allele', ',', 'we', 'tested', 'whether', 'the', 'overall', 'direction', 'of', 'the', 'dna', 'could', 'be', '#altered', 'by', 'these', 'two', 'bends', '.']
127	['B-O', 'B-O', 'B-O', 'B-O', 'B-O', 'B-O', 'B-O', 'B-O', 'B-O', 'B-O', 'B-O', 'B-O', 'B-O', 'B-O', 'B-O', 'B-O', 'B-O', 'B-O', 'B-O', 'B-O', 'B-O', 'B-O', 'B-O', 'B-O', 'B-O', 'B-O', 'B-O', 'B-O', 'B-O', 'B-O', 'B-O']	['this', 'mutation', 'is', 'located', 'within', 'exon', '2', 'and', '#altered', 'the', 'codon', '(ctc)', 'normally', 'associated', 'with', 'leu-93', 'in', 'the', 'transcortin', 'polypeptide', 'to', 'a', 'codon', '(cac)', 'for', 'histidine', 'in', 'the', 'variant', 'genes', '.']
128	['B-O', 'B-O', 'B-O', 'B-O', 'B-O', 'B-O', 'B-O', 'B-O', 'B-O', 'B-O', 'B-O', 'B-O', 'B-O', 'B-O', 'B-O', 'B-O', 'B-O', 'B-O', 'B-O', 'B-O', 'B-O']	['since', 'the', 'molecular', 'lesion', 'associated', 'with', 's1031', 'are', 'in', 'opposing', 'directions', ',', 'splicing', 'will', 'not', 'be', '#altered', 'by', 'them(figure', '3c)', '.']
129	['B-O', 'B-O', 'B-O', 'B-O', 'B-O', 'B-O', 'B-O', 'B-O', 'B-O', 'B-O', 'B-O', 'B-O', 'B-O', 'B-O', 'B-O', 'B-O', 'B-O', 'B-O', 'B-O', 'B-O', 'B-O', 'B-O', 'B-O', 'B-O']	['as', 'the', 'molecular', 'lesion', 'associated', 'with', 's1031', 'is', 'predicted', 'to', '#alter', 'splicing', ',', 'we', 'looked', 'at', 'the', 'sos-1', 'mrna', 'produced', 'in', 'this', 'mutant', '.']
130	['B-O', 'B-O', 'B-O', 'B-O', 'B-O', 'B-O', 'B-O', 'B-O', 'B-O', 'B-O', 'B-O', 'B-O', 'B-O', 'B-O', 'B-O', 'B-O', 'B-O', 'B-O', 'B-O', 'B-O', 'B-O', 'B-O', 'B-O', 'B-O', 'B-O', 'B-O']	['hence', ',', 'glu13', 'indirectly', 'affects', 'dna-binding', 'specificity', 'probably', 'due', 'to', 'the', 'molecular', 'lesion', 'associated', 'with', 's1031', ',', 'which', 'may', 'be', 'able', 'to', 'subtly', '#alter', 'splicing', '.']
131	['B-O', 'B-O', 'B-O', 'B-O', 'B-O', 'B-O', 'B-O', 'B-O', 'B-O', 'B-O', 'B-O', 'B-O', 'B-O', 'B-O', 'B-O', 'B-O', 'B-O', 'B-O', 'B-O', 'B-O', 'B-O', 'B-O', 'B-O', 'B-O']	['since', 's1031', 'is', 'a', 'null', 'allele', ',', 'we', 'are', 'testing', 'whether', 'treating', 'the', 'cells', 'with', 'insulin-like', 'growth', 'factor-i', 'will', '#alter', 'phosphorylation', 'of', 'pdk1', '.']
132	['B-O', 'B-O', 'B-O', 'B-O', 'B-O', 'B-O', 'B-O', 'B-O', 'B-O', 'B-O', 'B-O', 'B-O', 'B-O', 'B-O', 'B-O', 'B-O', 'B-O', 'B-O', 'B-O', 'B-O', 'B-O', 'B-O']	['since', 'treating', 'the', 'cells', 'with', 'insulin-like', 'growth', 'factor-i', 'are', 'in', 'opposing', 'directions', ',', 'they', 'do', 'not', '#alter', 'phosphorylation', 'of', 'pdk1(figure', '3c)', '.']
133	['B-O', 'B-O', 'B-O', 'B-O', 'B-O', 'B-O', 'B-O', 'B-O', 'B-O', 'B-O', 'B-O', 'B-O', 'B-O', 'B-O', 'B-O', 'B-O', 'B-O', 'B-O', 'B-O', 'B-O', 'B-O', 'B-O', 'B-O']	['hence', ',', 'glu13', 'indirectly', 'affects', 'dna-binding', 'specificity', 'probably', 'due', 'to', 'this', 'mutation', ',', 'which', 'may', 'be', 'able', 'to', 'subtly', '#alter', 'vulval', 'induction', '.']
134	['B-O', 'B-O', 'B-O', 'B-O', 'B-O', 'B-O', 'B-O', 'B-O', 'B-O', 'B-O', 'B-O', 'B-O', 'B-O', 'B-O', 'B-O', 'B-O', 'B-O', 'B-O', 'B-O', 'B-O', 'B-O', 'B-O', 'B-O', 'B-O']	['since', 's1031', 'is', 'a', 'null', 'allele', ',', 'we', 'are', 'testing', 'whether', 'treating', 'the', 'cells', 'with', 'insulin-like', 'growth', 'factor-i', 'can', '#alter', 'phosphorylation', 'of', 'pdk1', '.']
135	['B-O', 'B-O', 'B-O', 'B-O', 'B-O', 'B-O', 'B-O', 'B-O', 'B-O', 'B-O', 'B-O', 'B-O', 'B-O', 'B-O', 'B-O', 'B-O', 'B-O', 'B-O', 'B-O', 'B-O', 'B-O', 'B-O', 'B-O', 'B-O', 'B-O', 'B-O']	['treating', 'the', 'cells', 'with', 'insulin-like', 'growth', 'factor-i', 'does', 'not', '#alter', 'phosphorylation', 'of', 'pdk1', 'and', 'four', 'of', 'the', 'sites', 'could', 'be', 'mutated', 'without', 'loss', 'of', 'activity', '.']
136	['B-O', 'B-O', 'B-O', 'B-O', 'B-O', 'B-O', 'B-O', 'B-O', 'B-O', 'B-O', 'B-O', 'B-O', 'B-O', 'B-O', 'B-O', 'B-O', 'B-O', 'B-O', 'B-O', 'B-O', 'B-O', 'B-O', 'B-O', 'B-O']	['since', 'treating', 'the', 'cells', 'with', 'insulin-like', 'growth', 'factor-i', 'are', 'in', 'opposing', 'directions', ',', 'phosphorylation', 'of', 'pdk1', 'may', 'not', 'be', '#altered', 'by', 'them(figure', '3c)', '.']
137	['B-O', 'B-O', 'B-O', 'B-O', 'B-O', 'B-O', 'B-O', 'B-O', 'B-O', 'B-O', 'B-O', 'B-O', 'B-O', 'B-O', 'B-O', 'B-O', 'B-O', 'B-O', 'B-O', 'B-O', 'B-O', 'B-O', 'B-O', 'B-O']	['since', 'treating', 'the', 'cells', 'with', 'insulin-like', 'growth', 'factor-i', 'are', 'in', 'opposing', 'directions', ',', 'they', 'are', 'not', 'able', 'to', '#alter', 'phosphorylation', 'of', 'pdk1(figure', '3c)', '.']
138	['B-O', 'B-O', 'B-O', 'B-O', 'B-O', 'B-O', 'B-O', 'B-O', 'B-O', 'B-O', 'B-O', 'B-O', 'B-O', 'B-O', 'B-O', 'B-O', 'B-O', 'B-O', 'B-O']	['since', 's1031', 'is', 'a', 'null', 'allele', ',', 'we', 'tested', 'whether', 'the', 'molecular', 'lesion', 'associated', 'with', 's1031', '#alters', 'splicing', '.']
139	['B-O', 'B-O', 'B-O', 'B-O', 'B-O', 'B-O', 'B-O', 'B-O', 'B-O', 'B-O', 'B-O', 'B-O', 'B-O', 'B-O', 'B-O', 'B-O', 'B-O', 'B-O', 'B-O', 'B-O', 'B-O']	['since', 'these', 'two', 'bends', 'were', 'in', 'opposing', 'directions', ',', 'they', 'could', 'not', '#alter', 'the', 'overall', 'direction', 'of', 'the', 'dna(figure', '3c)', '.']
140	['B-O', 'B-O', 'B-O', 'B-O', 'B-O', 'B-O', 'B-O', 'B-O', 'B-O', 'B-O', 'B-O', 'B-O', 'B-O', 'B-O', 'B-O']	['moreover', ',', 'treating', 'the', 'cells', 'with', 'insulin-like', 'growth', 'factor-i', 'can', '#alter', 'phosphorylation', 'of', 'pdk1', '.']
141	['B-O', 'B-O', 'B-O', 'B-O', 'B-O', 'B-O', 'B-O', 'B-O', 'B-O', 'B-O', 'B-O', 'B-O', 'B-O', 'B-O', 'B-O', 'B-O', 'B-O', 'B-O', 'B-O', 'B-O', 'B-O', 'B-O']	['since', 's1031', 'is', 'a', 'null', 'allele', ',', 'we', 'tested', 'whether', 'treating', 'the', 'cells', 'with', 'insulin-like', 'growth', 'factor-i', '#alters', 'phosphorylation', 'of', 'pdk1', '.']
142	['B-O', 'B-O', 'B-O', 'B-O', 'B-O', 'B-O', 'B-O', 'B-O', 'B-O', 'B-O', 'B-O', 'B-O', 'B-O', 'B-O', 'B-O', 'B-O', 'B-O', 'B-O', 'B-O', 'B-O', 'B-O', 'B-O']	['since', 'treating', 'the', 'cells', 'with', 'insulin-like', 'growth', 'factor-i', 'are', 'in', 'opposing', 'directions', ',', 'they', 'will', 'not', '#alter', 'phosphorylation', 'of', 'pdk1(figure', '3c)', '.']
143	['B-O', 'B-O', 'B-O', 'B-O', 'B-O', 'B-O', 'B-O', 'B-O', 'B-O', 'B-O', 'B-O', 'B-O', 'B-O', 'B-O', 'B-O', 'B-O', 'B-O', 'B-O', 'B-O', 'B-O', 'B-O', 'B-O', 'B-O', 'B-O', 'B-O']	['since', 's1031', 'is', 'a', 'null', 'allele', ',', 'we', 'are', 'testing', 'whether', 'splicing', 'is', 'able', 'to', 'be', '#altered', 'by', 'the', 'molecular', 'lesion', 'associated', 'with', 's1031', '.']
144	['B-O', 'B-O', 'B-O', 'B-O', 'B-O', 'B-O', 'B-O', 'B-O', 'B-O', 'B-O', 'B-O', 'B-O', 'B-O', 'B-O', 'B-O', 'B-O', 'B-O']	['since', 's1031', 'is', 'a', 'null', 'allele', ',', 'we', 'tested', 'whether', 'this', 'mutation', 'could', '#alter', 'vulval', 'induction', '.']
145	['B-O', 'B-O', 'B-O', 'B-O', 'B-O', 'B-O', 'B-O', 'B-O', 'B-O', 'B-O', 'B-O', 'B-O', 'B-O', 'B-O', 'B-O', 'B-O', 'B-O', 'B-O', 'B-O', 'B-O', 'B-O', 'B-O']	['since', 's1031', 'is', 'a', 'null', 'allele', ',', 'we', 'tested', 'whether', 'the', 'molecular', 'lesion', 'associated', 'with', 's1031', 'was', 'able', 'to', '#alter', 'splicing', '.']
146	['B-O', 'B-O', 'B-O', 'B-O', 'B-O', 'B-O', 'B-O', 'B-O', 'B-O', 'B-O', 'B-O', 'B-O', 'B-O', 'B-O', 'B-O', 'B-O', 'B-O', 'B-O', 'B-O', 'B-O', 'B-O', 'B-O', 'B-O']	['since', 's1031', 'is', 'a', 'null', 'allele', ',', 'we', 'are', 'testing', 'whether', 'splicing', 'may', 'be', '#altered', 'by', 'the', 'molecular', 'lesion', 'associated', 'with', 's1031', '.']
147	['B-O', 'B-O', 'B-O', 'B-O', 'B-O', 'B-O', 'B-O', 'B-O', 'B-O', 'B-O', 'B-O', 'B-O', 'B-O', 'B-O', 'B-O', 'B-O', 'B-O', 'B-O', 'B-O', 'B-O', 'B-O', 'B-O', 'B-O', 'B-O', 'B-O', 'B-O']	['treating', 'the', 'cells', 'with', 'insulin-like', 'growth', 'factor-i', 'will', 'not', '#alter', 'phosphorylation', 'of', 'pdk1', 'and', 'four', 'of', 'the', 'sites', 'could', 'be', 'mutated', 'without', 'loss', 'of', 'activity', '.']
148	['B-O', 'B-O', 'B-O', 'B-O', 'B-O', 'B-O', 'B-O', 'B-O', 'B-O', 'B-O', 'B-O', 'B-O', 'B-O', 'B-O', 'B-O', 'B-O', 'B-O', 'B-O', 'B-O', 'B-O']	['since', 'this', 'mutation', 'were', 'in', 'opposing', 'directions', ',', 'vulval', 'induction', 'was', 'not', 'able', 'to', 'be', '#altered', 'by', 'them(figure', '3c)', '.']
149	['B-O', 'B-O', 'B-O', 'B-O', 'B-O', 'B-O', 'B-O', 'B-O', 'B-O', 'B-O', 'B-O', 'B-O', 'B-O', 'B-O', 'B-O', 'B-O', 'B-O', 'B-O', 'B-O', 'B-O', 'B-O']	['since', 'these', 'two', 'bends', 'are', 'in', 'opposing', 'directions', ',', 'they', 'may', 'not', '#alter', 'the', 'overall', 'direction', 'of', 'the', 'dna(figure', '3c)', '.']
150	['B-O', 'B-O', 'B-O', 'B-O', 'B-O', 'B-O', 'B-O', 'B-O', 'B-O', 'B-O', 'B-O', 'B-O', 'B-O', 'B-O', 'B-O', 'B-O', 'B-O', 'B-O', 'B-O', 'B-O', 'B-O', 'B-O', 'B-O']	['since', 's1031', 'is', 'a', 'null', 'allele', ',', 'we', 'tested', 'whether', 'the', 'overall', 'direction', 'of', 'the', 'dna', 'was', '#altered', 'by', 'these', 'two', 'bends', '.']
151	['B-O', 'B-O', 'B-O', 'B-O', 'B-O', 'B-O', 'B-O', 'B-O', 'B-O', 'B-O', 'B-O', 'B-O', 'B-O', 'B-O', 'B-O', 'B-O', 'B-O', 'B-O', 'B-O', 'B-O']	['since', 'the', 'molecular', 'lesion', 'associated', 'with', 's1031', 'are', 'in', 'opposing', 'directions', ',', 'splicing', 'cannot', 'be', '#altered', 'by', 'them(figure', '3c)', '.']
152	['B-O', 'B-O', 'B-O', 'B-O', 'B-O', 'B-O', 'B-O', 'B-O', 'B-O', 'B-O', 'B-O', 'B-O', 'B-O', 'B-O', 'B-O', 'B-O', 'B-O', 'B-O', 'B-O', 'B-O', 'B-O', 'B-O', 'B-O', 'B-O', 'B-O', 'B-O', 'B-O', 'B-O']	['hence', ',', 'glu13', 'indirectly', 'affects', 'dna-binding', 'specificity', 'probably', 'due', 'to', 'treating', 'the', 'cells', 'with', 'insulin-like', 'growth', 'factor-i', ',', 'which', 'is', 'able', 'to', 'subtly', '#alter', 'phosphorylation', 'of', 'pdk1', '.']
153	['B-O', 'B-O', 'B-O', 'B-O', 'B-O', 'B-O', 'B-O', 'B-O', 'B-O', 'B-O', 'B-O', 'B-O', 'B-O', 'B-O', 'B-O', 'B-O', 'B-O', 'B-O', 'B-O', 'B-O', 'B-O', 'B-O']	['since', 'treating', 'the', 'cells', 'with', 'insulin-like', 'growth', 'factor-i', 'were', 'in', 'opposing', 'directions', ',', 'they', 'could', 'not', '#alter', 'phosphorylation', 'of', 'pdk1(figure', '3c)', '.']
154	['B-O', 'B-O', 'B-O', 'B-O', 'B-O', 'B-O', 'B-O', 'B-O', 'B-O', 'B-O', 'B-O', 'B-O', 'B-O', 'B-O']	['moreover', ',', 'these', 'two', 'bends', 'will', '#alter', 'the', 'overall', 'direction', 'of', 'the', 'dna', '.']
155	['B-O', 'B-O', 'B-O', 'B-O', 'B-O', 'B-O', 'B-O', 'B-O', 'B-O', 'B-O', 'B-O', 'B-O', 'B-O', 'B-O', 'B-O', 'B-O', 'B-O', 'B-O', 'B-O', 'B-O', 'B-O', 'B-O', 'B-O']	['hence', ',', 'glu13', 'indirectly', 'affects', 'dna-binding', 'specificity', 'because', 'phosphorylation', 'of', 'pdk1', 'can', 'be', '#altered', 'by', 'treating', 'the', 'cells', 'with', 'insulin-like', 'growth', 'factor-i', '.']
156	['B-O', 'B-O', 'B-O', 'B-O', 'B-O', 'B-O', 'B-O', 'B-O', 'B-O', 'B-O', 'B-O', 'B-O', 'B-O', 'B-O', 'B-O', 'B-O', 'B-O', 'B-O', 'B-O', 'B-O', 'B-O']	['since', 'treating', 'the', 'cells', 'with', 'insulin-like', 'growth', 'factor-i', 'are', 'in', 'opposing', 'directions', ',', 'they', 'cannot', '#alter', 'phosphorylation', 'of', 'pdk1(figure', '3c)', '.']
157	['B-O', 'B-O', 'B-O', 'B-O', 'B-O', 'B-O', 'B-O', 'B-O', 'B-O', 'B-O', 'B-O', 'B-O', 'B-O', 'B-O', 'B-O', 'B-O', 'B-O', 'B-O', 'B-O', 'B-O']	['since', 'this', 'mutation', 'are', 'in', 'opposing', 'directions', ',', 'vulval', 'induction', 'is', 'not', 'able', 'to', 'be', '#altered', 'by', 'them(figure', '3c)', '.']
158	['B-O', 'B-O', 'B-O', 'B-O', 'B-O', 'B-O', 'B-O', 'B-O', 'B-O', 'B-O', 'B-O', 'B-O', 'B-O', 'B-O', 'B-O', 'B-O', 'B-O', 'B-O', 'B-O', 'B-O', 'B-O', 'B-O']	['since', 'these', 'two', 'bends', 'are', 'in', 'opposing', 'directions', ',', 'the', 'overall', 'direction', 'of', 'the', 'dna', 'cannot', 'be', '#altered', 'by', 'them(figure', '3c)', '.']
159	['B-O', 'B-O', 'B-O', 'B-O', 'B-O', 'B-O', 'B-O', 'B-O', 'B-O', 'B-O', 'B-O', 'B-O', 'B-O', 'B-O', 'B-O', 'B-O', 'B-O', 'B-O', 'B-O']	['since', 'the', 'molecular', 'lesion', 'associated', 'with', 's1031', 'were', 'in', 'opposing', 'directions', ',', 'they', 'did', 'not', '#alter', 'splicing(figure', '3c)', '.']
160	['B-O', 'B-O', 'B-O', 'B-O', 'B-O', 'B-O', 'B-O', 'B-O', 'B-O', 'B-O', 'B-O', 'B-O', 'B-O', 'B-O']	['moreover', ',', 'the', 'molecular', 'lesion', 'associated', 'with', 's1031', 'is', 'able', 'to', '#alter', 'splicing', '.']
161	['B-O', 'B-O', 'B-O', 'B-O', 'B-O', 'B-O', 'B-O', 'B-O', 'B-O', 'B-O', 'B-O', 'B-O', 'B-O', 'B-O']	['moreover', ',', 'these', 'two', 'bends', 'may', '#alter', 'the', 'overall', 'direction', 'of', 'the', 'dna', '.']
162	['B-O', 'B-O', 'B-O', 'B-O', 'B-O', 'B-O', 'B-O', 'B-O', 'B-O', 'B-O', 'B-O', 'B-O', 'B-O', 'B-O', 'B-O', 'B-O', 'B-O', 'B-O', 'B-O', 'B-O', 'B-O', 'B-O', 'B-O', 'B-O', 'B-O', 'B-O']	['the', 'molecular', 'lesion', 'associated', 'with', 's1031', 'is', 'predicted', 'to', 'be', 'able', 'to', '#alter', 'splicing', ',', 'we', 'looked', 'at', 'the', 'sos-1', 'mrna', 'produced', 'in', 'this', 'mutant', '.']
163	['B-O', 'B-O', 'B-O', 'B-O', 'B-O', 'B-O', 'B-O', 'B-O', 'B-O', 'B-O', 'B-O', 'B-O', 'B-O', 'B-O', 'B-O', 'B-O', 'B-O', 'B-O', 'B-O', 'B-O', 'B-O', 'B-O', 'B-O']	['since', 'treating', 'the', 'cells', 'with', 'insulin-like', 'growth', 'factor-i', 'are', 'in', 'opposing', 'directions', ',', 'phosphorylation', 'of', 'pdk1', 'is', 'not', '#altered', 'by', 'them(figure', '3c)', '.']
164	['B-O', 'B-O', 'B-O', 'B-O', 'B-O', 'B-O', 'B-O', 'B-O', 'B-O', 'B-O', 'B-O', 'B-O', 'B-O', 'B-O', 'B-O', 'B-O', 'B-O', 'B-O', 'B-O', 'B-O', 'B-O', 'B-O', 'B-O', 'B-O', 'B-O', 'B-O', 'B-O', 'B-O', 'B-O', 'B-O', 'B-O', 'B-O', 'B-O', 'B-O']	['the', 'codon', '(ctc)', 'normally', 'associated', 'with', 'leu-93', 'in', 'the', 'transcortin', 'polypeptide', 'is', 'able', 'to', 'be', '#altered', 'by', 'the', 'mutation', 'located', 'within', 'exon', '2', 'to', 'a', 'codon', '(cac)', 'for', 'histidine', 'in', 'the', 'variant', 'genes', '.']
165	['B-O', 'B-O', 'B-O', 'B-O', 'B-O', 'B-O', 'B-O', 'B-O', 'B-O', 'B-O', 'B-O', 'B-O', 'B-O', 'B-O', 'B-O', 'B-O', 'B-O', 'B-O', 'B-O', 'B-O', 'B-O', 'B-O', 'B-O', 'B-O', 'B-O']	['hence', ',', 'glu13', 'indirectly', 'affects', 'dna-binding', 'specificity', 'because', 'phosphorylation', 'of', 'pdk1', 'are', 'able', 'to', 'be', '#altered', 'by', 'treating', 'the', 'cells', 'with', 'insulin-like', 'growth', 'factor-i', '.']
166	['B-O', 'B-O', 'B-O', 'B-O', 'B-O', 'B-O', 'B-O', 'B-O', 'B-O', 'B-O', 'B-O', 'B-O', 'B-O', 'B-O', 'B-O', 'B-O', 'B-O', 'B-O', 'B-O', 'B-O', 'B-O', 'B-O', 'B-O', 'B-O']	['since', 's1031', 'is', 'a', 'null', 'allele', ',', 'we', 'are', 'testing', 'whether', 'treating', 'the', 'cells', 'with', 'insulin-like', 'growth', 'factor-i', 'may', '#alter', 'phosphorylation', 'of', 'pdk1', '.']
167	['B-O', 'B-O', 'B-O', 'B-O', 'B-O', 'B-O', 'B-O', 'B-O', 'B-O', 'B-O', 'B-O', 'B-O', 'B-O', 'B-O', 'B-O', 'B-O', 'B-O', 'B-O', 'B-O', 'B-O', 'B-O', 'B-O', 'B-O', 'B-O', 'B-O', 'B-O', 'B-O', 'B-O']	['since', 's1031', 'is', 'a', 'null', 'allele', ',', 'we', 'are', 'testing', 'whether', 'phosphorylation', 'of', 'pdk1', 'is', 'able', 'to', 'be', '#altered', 'by', 'treating', 'the', 'cells', 'with', 'insulin-like', 'growth', 'factor-i', '.']
168	['B-O', 'B-O', 'B-O', 'B-O', 'B-O', 'B-O', 'B-O', 'B-O', 'B-O', 'B-O', 'B-O', 'B-O', 'B-O', 'B-O', 'B-O', 'B-O', 'B-O', 'B-O', 'B-O', 'B-O', 'B-O', 'B-O', 'B-O', 'B-O', 'B-O']	['treating', 'the', 'cells', 'with', 'insulin-like', 'growth', 'factor-i', 'cannot', '#alter', 'phosphorylation', 'of', 'pdk1', 'and', 'four', 'of', 'the', 'sites', 'could', 'be', 'mutated', 'without', 'loss', 'of', 'activity', '.']
169	['B-O', 'B-O', 'B-O', 'B-O', 'B-O', 'B-O', 'B-O', 'B-O', 'B-O', 'B-O', 'B-O', 'B-O', 'B-O', 'B-O', 'B-O', 'B-O', 'B-O', 'B-O', 'B-O', 'B-O']	['hence', ',', 'glu13', 'indirectly', 'affects', 'dna-binding', 'specificity', 'probably', 'because', 'the', 'molecular', 'lesion', 'associated', 'with', 's1031', 'may', 'subtly', '#alter', 'splicing', '.']
170	['B-O', 'B-O', 'B-O', 'B-O', 'B-O', 'B-O', 'B-O', 'B-O', 'B-O', 'B-O', 'B-O', 'B-O', 'B-O', 'B-O', 'B-O', 'B-O', 'B-O', 'B-O', 'B-O', 'B-O', 'B-O']	['since', 'the', 'molecular', 'lesion', 'associated', 'with', 's1031', 'were', 'in', 'opposing', 'directions', ',', 'they', 'were', 'not', 'able', 'to', '#alter', 'splicing(figure', '3c)', '.']
171	['B-O', 'B-O', 'B-O', 'B-O', 'B-O', 'B-O', 'B-O', 'B-O', 'B-O', 'B-O', 'B-O', 'B-O', 'B-O', 'B-O', 'B-O', 'B-O', 'B-O', 'B-O', 'B-O', 'B-O', 'B-O', 'B-O', 'B-O', 'B-O', 'B-O', 'B-O', 'B-O']	['phosphorylation', 'of', 'pdk1', 'cannot', 'be', '#altered', 'by', 'treating', 'the', 'cells', 'with', 'insulin-like', 'growth', 'factor-i', 'and', 'four', 'of', 'the', 'sites', 'could', 'be', 'mutated', 'without', 'loss', 'of', 'activity', '.']
172	['B-O', 'B-O', 'B-O', 'B-O', 'B-O', 'B-O', 'B-O', 'B-O', 'B-O', 'B-O', 'B-O', 'B-O', 'B-O', 'B-O', 'B-O', 'B-O', 'B-O', 'B-O', 'B-O', 'B-O', 'B-O', 'B-O', 'B-O', 'B-O', 'B-O']	['hence', ',', 'glu13', 'indirectly', 'affects', 'dna-binding', 'specificity', 'probably', 'due', 'to', 'these', 'two', 'bends', ',', 'which', 'can', 'subtly', '#alter', 'the', 'overall', 'direction', 'of', 'the', 'dna', '.']
173	['B-O', 'B-O', 'B-O', 'B-O', 'B-O', 'B-O', 'B-O', 'B-O']	['moreover', ',', 'this', 'mutation', '#alters', 'vulval', 'induction', '.']
174	['B-O', 'B-O', 'B-O', 'B-O', 'B-O', 'B-O', 'B-O', 'B-O', 'B-O', 'B-O', 'B-O', 'B-O', 'B-O', 'B-O', 'B-O', 'B-O', 'B-O', 'B-O', 'B-O', 'B-O', 'B-O']	['since', 'the', 'molecular', 'lesion', 'associated', 'with', 's1031', 'are', 'in', 'opposing', 'directions', ',', 'splicing', 'may', 'not', 'be', '#altered', 'by', 'them(figure', '3c)', '.']
175	['B-O', 'B-O', 'B-O', 'B-O', 'B-O', 'B-O', 'B-O', 'B-O', 'B-O', 'B-O', 'B-O', 'B-O', 'B-O', 'B-O', 'B-O', 'B-O', 'B-O', 'B-O', 'B-O', 'B-O', 'B-O']	['hence', ',', 'glu13', 'indirectly', 'affects', 'dna-binding', 'specificity', 'because', 'the', 'overall', 'direction', 'of', 'the', 'dna', 'was', '#altered', 'by', 'these', 'two', 'bends', '.']
176	['B-O', 'B-O', 'B-O', 'B-O', 'B-O', 'B-O', 'B-O', 'B-O', 'B-O', 'B-O', 'B-O', 'B-O', 'B-O', 'B-O', 'B-O', 'B-O', 'B-O', 'B-O']	['since', 'this', 'mutation', 'are', 'in', 'opposing', 'directions', ',', 'they', 'are', 'not', 'able', 'to', '#alter', 'vulval', 'induction(figure', '3c)', '.']
177	['B-O', 'B-O', 'B-O', 'B-O', 'B-O', 'B-O', 'B-O', 'B-O', 'B-O', 'B-O', 'B-O', 'B-O', 'B-O', 'B-O', 'B-O', 'B-O', 'B-O', 'B-O', 'B-O', 'B-O', 'B-O', 'B-O', 'B-O', 'B-O']	['since', 's1031', 'is', 'a', 'null', 'allele', ',', 'we', 'tested', 'whether', 'splicing', 'was', 'able', 'to', 'be', '#altered', 'by', 'the', 'molecular', 'lesion', 'associated', 'with', 's1031', '.']
178	['B-O', 'B-O', 'B-O', 'B-O', 'B-O', 'B-O', 'B-O', 'B-O', 'B-O', 'B-O', 'B-O', 'B-O', 'B-O', 'B-O', 'B-O', 'B-O', 'B-O', 'B-O', 'B-O', 'B-O', 'B-O', 'B-O', 'B-O', 'B-O', 'B-O', 'B-O', 'B-O', 'B-O']	['hence', ',', 'glu13', 'indirectly', 'affects', 'dna-binding', 'specificity', 'probably', 'due', 'to', 'treating', 'the', 'cells', 'with', 'insulin-like', 'growth', 'factor-i', ',', 'which', 'was', 'able', 'to', 'subtly', '#alter', 'phosphorylation', 'of', 'pdk1', '.']
179	['B-O', 'B-O', 'B-O', 'B-O', 'B-O', 'B-O', 'B-O', 'B-O', 'B-O', 'B-O', 'B-O', 'B-O', 'B-O', 'B-O', 'B-O', 'B-O', 'B-O', 'B-O', 'B-O', 'B-O', 'B-O', 'B-O', 'B-O', 'B-O']	['hence', ',', 'glu13', 'indirectly', 'affects', 'dna-binding', 'specificity', 'probably', 'due', 'to', 'these', 'two', 'bends', ',', 'which', 'subtly', '#altered', 'the', 'overall', 'direction', 'of', 'the', 'dna', '.']
180	['B-O', 'B-O', 'B-O', 'B-O', 'B-O', 'B-O', 'B-O', 'B-O', 'B-O', 'B-O', 'B-O', 'B-O', 'B-O', 'B-O', 'B-O', 'B-O', 'B-O', 'B-O', 'B-O', 'B-O', 'B-O']	['hence', ',', 'glu13', 'indirectly', 'affects', 'dna-binding', 'specificity', 'probably', 'because', 'these', 'two', 'bends', 'subtly', '#alters', 'the', 'overall', 'direction', 'of', 'the', 'dna', '.']
181	['B-O', 'B-O', 'B-O', 'B-O', 'B-O', 'B-O', 'B-O', 'B-O', 'B-O', 'B-O', 'B-O', 'B-O', 'B-O', 'B-O', 'B-O', 'B-O', 'B-O']	['hence', ',', 'glu13', 'indirectly', 'affects', 'dna-binding', 'specificity', 'probably', 'because', 'this', 'mutation', 'may', 'subtly', '#alter', 'vulval', 'induction', '.']
182	['B-O', 'B-O', 'B-O', 'B-O', 'B-O', 'B-O', 'B-O', 'B-O', 'B-O', 'B-O', 'B-O', 'B-O', 'B-O', 'B-O', 'B-O', 'B-O', 'B-O', 'B-O', 'B-O', 'B-O', 'B-O', 'B-O', 'B-O']	['hence', ',', 'glu13', 'indirectly', 'affects', 'dna-binding', 'specificity', 'probably', 'due', 'to', 'the', 'molecular', 'lesion', 'associated', 'with', 's1031', ',', 'which', 'may', 'subtly', '#alter', 'splicing', '.']
183	['B-O', 'B-O', 'B-O', 'B-O', 'B-O', 'B-O', 'B-O', 'B-O', 'B-O', 'B-O', 'B-O', 'B-O', 'B-O', 'B-O', 'B-O', 'B-O', 'B-O', 'B-O', 'B-O', 'B-O', 'B-O', 'B-O', 'B-O', 'B-O', 'B-O']	['hence', ',', 'glu13', 'indirectly', 'affects', 'dna-binding', 'specificity', 'probably', 'because', 'these', 'two', 'bends', 'may', 'be', 'able', 'to', 'subtly', '#alter', 'the', 'overall', 'direction', 'of', 'the', 'dna', '.']
184	['B-O', 'B-O', 'B-O', 'B-O', 'B-O', 'B-O', 'B-O', 'B-O', 'B-O', 'B-O', 'B-O', 'B-O', 'B-O', 'B-O', 'B-O', 'B-O', 'B-O', 'B-O', 'B-O']	['hence', ',', 'glu13', 'indirectly', 'affects', 'dna-binding', 'specificity', 'probably', 'because', 'this', 'mutation', 'is', 'able', 'to', 'subtly', '#alter', 'vulval', 'induction', '.']
185	['B-O', 'B-O', 'B-O', 'B-O', 'B-O', 'B-O', 'B-O', 'B-O', 'B-O', 'B-O', 'B-O', 'B-O', 'B-O', 'B-O', 'B-O', 'B-O', 'B-O', 'B-O', 'B-O', 'B-O', 'B-O', 'B-O', 'B-O', 'B-O', 'B-O', 'B-O', 'B-O', 'B-O']	['hence', ',', 'glu13', 'indirectly', 'affects', 'dna-binding', 'specificity', 'probably', 'due', 'to', 'these', 'two', 'bends', ',', 'which', 'may', 'be', 'able', 'to', 'subtly', '#alter', 'the', 'overall', 'direction', 'of', 'the', 'dna', '.']
186	['B-O', 'B-O', 'B-O', 'B-O', 'B-O', 'B-O', 'B-O', 'B-O', 'B-O', 'B-O', 'B-O', 'B-O', 'B-O', 'B-O', 'B-O', 'B-O', 'B-O', 'B-O', 'B-O', 'B-O', 'B-O', 'B-O', 'B-O', 'B-O', 'B-O', 'B-O']	['since', 's1031', 'is', 'a', 'null', 'allele', ',', 'we', 'are', 'testing', 'whether', 'phosphorylation', 'of', 'pdk1', 'may', 'be', '#altered', 'by', 'treating', 'the', 'cells', 'with', 'insulin-like', 'growth', 'factor-i', '.']
187	['B-O', 'B-O', 'B-O', 'B-O', 'B-O', 'B-O', 'B-O', 'B-O', 'B-O', 'B-O', 'B-O', 'B-O', 'B-O', 'B-O', 'B-O']	['moreover', ',', 'treating', 'the', 'cells', 'with', 'insulin-like', 'growth', 'factor-i', 'has', '#altered', 'phosphorylation', 'of', 'pdk1', '.']
188	['B-O', 'B-O', 'B-O', 'B-O', 'B-O', 'B-O', 'B-O', 'B-O', 'B-O', 'B-O', 'B-O', 'B-O', 'B-O', 'B-O', 'B-O', 'B-O', 'B-O', 'B-O', 'B-O', 'B-O', 'B-O', 'B-O', 'B-O', 'B-O', 'B-O']	['splicing', 'is', 'able', 'to', 'be', '#altered', 'by', 'the', 'molecular', 'lesion', 'associated', 'with', 's1031', ',', 'we', 'looked', 'at', 'the', 'sos-1', 'mrna', 'produced', 'in', 'this', 'mutant', '.']
189	['B-O', 'B-O', 'B-O', 'B-O', 'B-O', 'B-O', 'B-O', 'B-O', 'B-O', 'B-O', 'B-O', 'B-O', 'B-O', 'B-O', 'B-O', 'B-O', 'B-O', 'B-O', 'B-O']	['since', 'the', 'molecular', 'lesion', 'associated', 'with', 's1031', 'are', 'in', 'opposing', 'directions', ',', 'they', 'may', 'not', '#alter', 'splicing(figure', '3c)', '.']
190	['B-O', 'B-O', 'B-O', 'B-O', 'B-O', 'B-O', 'B-O', 'B-O', 'B-O', 'B-O', 'B-O', 'B-O', 'B-O', 'B-O', 'B-O', 'B-O', 'B-O', 'B-O', 'B-O']	['since', 'the', 'molecular', 'lesion', 'associated', 'with', 's1031', 'are', 'in', 'opposing', 'directions', ',', 'they', 'do', 'not', '#alter', 'splicing(figure', '3c)', '.']
191	['B-O', 'B-O', 'B-O', 'B-O', 'B-O', 'B-O', 'B-O', 'B-O', 'B-O', 'B-O', 'B-O', 'B-O', 'B-O', 'B-O', 'B-O', 'B-O', 'B-O', 'B-O', 'B-O', 'B-O', 'B-O', 'B-O', 'B-O', 'B-O']	['since', 's1031', 'is', 'a', 'null', 'allele', ',', 'we', 'are', 'testing', 'whether', 'the', 'overall', 'direction', 'of', 'the', 'dna', 'is', '#altered', 'by', 'these', 'two', 'bends', '.']
192	['B-O', 'B-O', 'B-O', 'B-O', 'B-O', 'B-O', 'B-O', 'B-O', 'B-O', 'B-O', 'B-O', 'B-O', 'B-O', 'B-O', 'B-O', 'B-O', 'B-O', 'B-O', 'B-O', 'B-O', 'B-O', 'B-O', 'B-O']	['hence', ',', 'glu13', 'indirectly', 'affects', 'dna-binding', 'specificity', 'probably', 'due', 'to', 'the', 'molecular', 'lesion', 'associated', 'with', 's1031', ',', 'which', 'can', 'subtly', '#alter', 'splicing', '.']
193	['B-O', 'B-O', 'B-O', 'B-O', 'B-O', 'B-O', 'B-O', 'B-O', 'B-O', 'B-O', 'B-O', 'B-O', 'B-O', 'B-O', 'B-O', 'B-O', 'B-O', 'B-O', 'B-O', 'B-O', 'B-O', 'B-O', 'B-O', 'B-O']	['hence', ',', 'glu13', 'indirectly', 'affects', 'dna-binding', 'specificity', ',', 'probably', 'due', 'to', 'the', 'molecular', 'lesion', 'associated', 'with', 's1031', ',', 'which', 'subtly', '#alters', 'the', 'splicing', '.']
194	['B-O', 'B-O', 'B-O', 'B-O', 'B-O', 'B-O', 'B-O', 'B-O', 'B-O', 'B-O', 'B-O', 'B-O', 'B-O', 'B-O', 'B-O', 'B-O', 'B-O']	['since', 's1031', 'is', 'a', 'null', 'allele', ',', 'we', 'tested', 'whether', 'this', 'mutation', 'might', '#alter', 'vulval', 'induction', '.']
195	['B-O', 'B-O', 'B-O', 'B-O', 'B-O', 'B-O', 'B-O', 'B-O', 'B-O', 'B-O', 'B-O', 'B-O', 'B-O', 'B-O', 'B-O', 'B-O', 'B-O', 'B-O', 'B-O', 'B-O', 'B-O', 'B-O', 'B-O']	['since', 's1031', 'is', 'a', 'null', 'allele', ',', 'we', 'are', 'testing', 'whether', 'the', 'molecular', 'lesion', 'associated', 'with', 's1031', 'is', 'going', 'to', '#alter', 'splicing', '.']
196	['B-O', 'B-O', 'B-O', 'B-O', 'B-O', 'B-O', 'B-O', 'B-O', 'B-O', 'B-O', 'B-O', 'B-O', 'B-O', 'B-O', 'B-O', 'B-O', 'B-O', 'B-O', 'B-O', 'B-O']	['hence', ',', 'glu13', 'indirectly', 'affects', 'dna-binding', 'specificity', 'because', 'splicing', 'may', 'be', '#altered', 'by', 'the', 'molecular', 'lesion', 'associated', 'with', 's1031', '.']
197	['B-O', 'B-O', 'B-O', 'B-O', 'B-O', 'B-O', 'B-O', 'B-O', 'B-O', 'B-O', 'B-O', 'B-O', 'B-O', 'B-O', 'B-O', 'B-O', 'B-O', 'B-O', 'B-O']	['hence', ',', 'glu13', 'indirectly', 'affects', 'dna-binding', 'specificity', 'probably', 'due', 'to', 'this', 'mutation', ',', 'which', 'subtly', '#altered', 'vulval', 'induction', '.']
198	['B-O', 'B-O', 'B-O', 'B-O', 'B-O', 'B-O', 'B-O', 'B-O', 'B-O', 'B-O', 'B-O', 'B-O', 'B-O', 'B-O', 'B-O', 'B-O', 'B-O', 'B-O', 'B-O', 'B-O', 'B-O', 'B-O', 'B-O', 'B-O', 'B-O']	['hence', ',', 'glu13', 'indirectly', 'affects', 'dna-binding', 'specificity', 'probably', 'due', 'to', 'the', 'molecular', 'lesion', 'associated', 'with', 's1031', ',', 'which', 'was', 'able', 'to', 'subtly', '#alter', 'splicing', '.']
199	['B-O', 'B-O', 'B-O', 'B-O', 'B-O', 'B-O', 'B-O', 'B-O', 'B-O', 'B-O', 'B-O', 'B-O', 'B-O', 'B-O', 'B-O', 'B-O', 'B-O', 'B-O', 'B-O', 'B-O', 'B-O', 'B-O', 'B-O', 'B-O', 'B-O', 'B-O']	['hence', ',', 'glu13', 'indirectly', 'affects', 'dna-binding', 'specificity', 'probably', 'due', 'to', 'treating', 'the', 'cells', 'with', 'insulin-like', 'growth', 'factor-i', ',', 'which', 'may', 'subtly', '#alter', 'phosphorylation', 'of', 'pdk1', '.']
200	['B-O', 'B-O', 'B-O', 'B-O', 'B-O', 'B-O', 'B-O', 'B-O', 'B-O', 'B-O', 'B-O', 'B-O', 'B-O', 'B-O', 'B-O', 'B-O', 'B-O', 'B-O', 'B-O', 'B-O', 'B-O', 'B-O', 'B-O', 'B-O', 'B-O', 'B-O']	['hence', ',', 'glu13', 'indirectly', 'affects', 'dna-binding', 'specificity', 'probably', 'because', 'treating', 'the', 'cells', 'with', 'insulin-like', 'growth', 'factor-i', 'may', 'be', 'able', 'to', 'subtly', '#alter', 'phosphorylation', 'of', 'pdk1', '.']
201	['B-O', 'B-O', 'B-O', 'B-O', 'B-O', 'B-O', 'B-O', 'B-O', 'B-O', 'B-O', 'B-O', 'B-O', 'B-O', 'B-O', 'B-O', 'B-O', 'B-O', 'B-O', 'B-O', 'B-O', 'B-O', 'B-O']	['since', 's1031', 'is', 'a', 'null', 'allele', ',', 'we', 'are', 'testing', 'whether', 'vulval', 'induction', 'is', 'able', 'to', 'be', '#altered', 'by', 'this', 'mutation', '.']
202	['B-O', 'B-O', 'B-O', 'B-O', 'B-O', 'B-O', 'B-O', 'B-O', 'B-O']	['moreover', ',', 'this', 'mutation', 'could', '#alter', 'vulval', 'induction', '.']
203	['B-O', 'B-O', 'B-O', 'B-O', 'B-O', 'B-O', 'B-O', 'B-O', 'B-O', 'B-O', 'B-O', 'B-O', 'B-O', 'B-O', 'B-O', 'B-O', 'B-O', 'B-O', 'B-O', 'B-O', 'B-O', 'B-O']	['since', 'these', 'two', 'bends', 'were', 'in', 'opposing', 'directions', ',', 'the', 'overall', 'direction', 'of', 'the', 'dna', 'was', 'not', '#altered', 'by', 'them(figure', '3c)', '.']
204	['B-O', 'B-O', 'B-O', 'B-O', 'B-O', 'B-O', 'B-O', 'B-O', 'B-O', 'B-O', 'B-O', 'B-O', 'B-O', 'B-O', 'B-O', 'B-O', 'B-O', 'B-O', 'B-O', 'B-O', 'B-O', 'B-O']	['since', 'treating', 'the', 'cells', 'with', 'insulin-like', 'growth', 'factor-i', 'are', 'in', 'opposing', 'directions', ',', 'they', 'may', 'not', '#alter', 'phosphorylation', 'of', 'pdk1(figure', '3c)', '.']
205	['B-O', 'B-O', 'B-O', 'B-O', 'B-O', 'B-O', 'B-O', 'B-O', 'B-O', 'B-O', 'B-O', 'B-O', 'B-O', 'B-O', 'B-O', 'B-O', 'B-O', 'B-O', 'B-O', 'B-O', 'B-O', 'B-O', 'B-O']	['splicing', 'may', 'be', '#altered', 'by', 'the', 'molecular', 'lesion', 'associated', 'with', 's1031', ',', 'we', 'looked', 'at', 'the', 'sos-1', 'mrna', 'produced', 'in', 'this', 'mutant', '.']
206	['B-O', 'B-O', 'B-O', 'B-O', 'B-O', 'B-O', 'B-O', 'B-O', 'B-O', 'B-O', 'B-O', 'B-O', 'B-O', 'B-O', 'B-O', 'B-O', 'B-O', 'B-O', 'B-O', 'B-O', 'B-O', 'B-O', 'B-O', 'B-O', 'B-O', 'B-O', 'B-O']	['phosphorylation', 'of', 'pdk1', 'is', 'not', '#altered', 'by', 'treating', 'the', 'cells', 'with', 'insulin-like', 'growth', 'factor-i', 'and', 'four', 'of', 'the', 'sites', 'could', 'be', 'mutated', 'without', 'loss', 'of', 'activity', '.']
207	['B-O', 'B-O', 'B-O', 'B-O', 'B-O', 'B-O', 'B-O', 'B-O', 'B-O', 'B-O', 'B-O', 'B-O', 'B-O', 'B-O', 'B-O', 'B-O', 'B-O', 'B-O', 'B-O', 'B-O', 'B-O']	['since', 'these', 'two', 'bends', 'are', 'in', 'opposing', 'directions', ',', 'they', 'will', 'not', '#alter', 'the', 'overall', 'direction', 'of', 'the', 'dna(figure', '3c)', '.']
208	['B-O', 'B-O', 'B-O', 'B-O', 'B-O', 'B-O', 'B-O', 'B-O', 'B-O', 'B-O', 'B-O', 'B-O', 'B-O', 'B-O', 'B-O', 'B-O', 'B-O', 'B-O']	['since', 's1031', 'is', 'a', 'null', 'allele', ',', 'we', 'tested', 'whether', 'vulval', 'induction', 'was', '#altered', 'by', 'this', 'mutation', '.']
209	['B-O', 'B-O', 'B-O', 'B-O', 'B-O', 'B-O', 'B-O', 'B-O', 'B-O', 'B-O', 'B-O', 'B-O', 'B-O']	['moreover', ',', 'these', 'two', 'bends', '#alters', 'the', 'overall', 'direction', 'of', 'the', 'dna', '.']
210	['B-O', 'B-O', 'B-O', 'B-O', 'B-O', 'B-O', 'B-O', 'B-O', 'B-O', 'B-O', 'B-O', 'B-O', 'B-O', 'B-O', 'B-O', 'B-O', 'B-O']	['hence', ',', 'glu13', 'indirectly', 'affects', 'dna-binding', 'specificity', 'because', 'vulval', 'induction', 'may', 'be', '#altered', 'by', 'this', 'mutation', '.']
211	['B-O', 'B-O', 'B-O', 'B-O', 'B-O', 'B-O', 'B-O', 'B-O', 'B-O', 'B-O', 'B-O', 'B-O', 'B-O', 'B-O', 'B-O', 'B-O', 'B-O', 'B-O', 'B-O', 'B-O', 'B-O', 'B-O', 'B-O', 'B-O', 'B-O', 'B-O']	['since', 's1031', 'is', 'a', 'null', 'allele', ',', 'we', 'are', 'testing', 'whether', 'phosphorylation', 'of', 'pdk1', 'can', 'be', '#altered', 'by', 'treating', 'the', 'cells', 'with', 'insulin-like', 'growth', 'factor-i', '.']
212	['B-O', 'B-O', 'B-O', 'B-O', 'B-O', 'B-O', 'B-O', 'B-O', 'B-O', 'B-O', 'B-O', 'B-O', 'B-O', 'B-O', 'B-O', 'B-O', 'B-O', 'B-O', 'B-O', 'B-O', 'B-O']	['since', 's1031', 'is', 'a', 'null', 'allele', ',', 'we', 'tested', 'whether', 'these', 'two', 'bends', '#alters', 'the', 'overall', 'direction', 'of', 'the', 'dna', '.']
213	['B-O', 'B-O', 'B-O', 'B-O', 'B-O', 'B-O', 'B-O', 'B-O', 'B-O', 'B-O', 'B-O', 'B-O', 'B-O', 'B-O', 'B-O', 'B-O', 'B-O', 'B-O', 'B-O']	['since', 'the', 'molecular', 'lesion', 'associated', 'with', 's1031', 'are', 'in', 'opposing', 'directions', ',', 'they', 'will', 'not', '#alter', 'splicing(figure', '3c)', '.']
214	['B-O', 'B-O', 'B-O', 'B-O', 'B-O', 'B-O', 'B-O', 'B-O', 'B-O', 'B-O', 'B-O', 'B-O', 'B-O', 'B-O', 'B-O', 'B-O', 'B-O']	['hence', ',', 'glu13', 'indirectly', 'affects', 'dna-binding', 'specificity', 'because', 'vulval', 'induction', 'could', 'be', '#altered', 'by', 'this', 'mutation', '.']
215	['B-O', 'B-O', 'B-O', 'B-O', 'B-O', 'B-O', 'B-O', 'B-O', 'B-O', 'B-O', 'B-O', 'B-O', 'B-O', 'B-O', 'B-O', 'B-O', 'B-O', 'B-O', 'B-O', 'B-O', 'B-O', 'B-O', 'B-O', 'B-O', 'B-O', 'B-O']	['hence', ',', 'glu13', 'indirectly', 'affects', 'dna-binding', 'specificity', 'probably', 'due', 'to', 'treating', 'the', 'cells', 'with', 'insulin-like', 'growth', 'factor-i', ',', 'which', 'can', 'subtly', '#alter', 'phosphorylation', 'of', 'pdk1', '.']
216	['B-O', 'B-O', 'B-O', 'B-O', 'B-O', 'B-O', 'B-O', 'B-O', 'B-O', 'B-O', 'B-O', 'B-O', 'B-O', 'B-O', 'B-O', 'B-O', 'B-O', 'B-O']	['since', 'this', 'mutation', 'are', 'in', 'opposing', 'directions', ',', 'vulval', 'induction', 'will', 'not', 'be', '#altered', 'by', 'them(figure', '3c)', '.']
217	['B-O', 'B-O', 'B-O', 'B-O', 'B-O', 'B-O', 'B-O', 'B-O', 'B-O', 'B-O', 'B-O', 'B-O', 'B-O', 'B-O', 'B-O', 'B-O', 'B-O', 'B-O']	['moreover', ',', 'treating', 'the', 'cells', 'with', 'insulin-like', 'growth', 'factor-i', 'will', 'be', 'able', 'to', '#alter', 'phosphorylation', 'of', 'pdk1', '.']
218	['B-O', 'B-O', 'B-O', 'B-O', 'B-O', 'B-O', 'B-O', 'B-O', 'B-O', 'B-O', 'B-O', 'B-O', 'B-O', 'B-O', 'B-O', 'B-O', 'B-O']	['hence', ',', 'glu13', 'indirectly', 'affects', 'dna-binding', 'specificity', 'because', 'vulval', 'induction', 'can', 'be', '#altered', 'by', 'this', 'mutation', '.']
219	['B-O', 'B-O', 'B-O', 'B-O', 'B-O', 'B-O', 'B-O', 'B-O', 'B-O', 'B-O', 'B-O', 'B-O', 'B-O', 'B-O', 'B-O', 'B-O', 'B-O', 'B-O']	['since', 'this', 'mutation', 'were', 'in', 'opposing', 'directions', ',', 'they', 'were', 'not', 'able', 'to', '#alter', 'vulval', 'induction(figure', '3c)', '.']
220	['B-O', 'B-O', 'B-O', 'B-O', 'B-O', 'B-O', 'B-O', 'B-O', 'B-O', 'B-O', 'B-O', 'B-O', 'B-O', 'B-O', 'B-O', 'B-O', 'B-O', 'B-O', 'B-O', 'B-O', 'B-O', 'B-O', 'B-O', 'B-O', 'B-O', 'B-O', 'B-O']	['hence', ',', 'glu13', 'indirectly', 'affects', 'dna-binding', 'specificity', ',', 'probably', 'due', 'to', 'treating', 'the', 'cells', 'with', 'insulin-like', 'growth', 'factor-i', ',', 'which', 'subtly', '#alters', 'the', 'phosphorylation', 'of', 'pdk1', '.']
221	['B-O', 'B-O', 'B-O', 'B-O', 'B-O', 'B-O', 'B-O', 'B-O', 'B-O', 'B-O', 'B-O', 'B-O', 'B-O', 'B-O', 'B-O', 'B-O', 'B-O', 'B-O', 'B-O', 'B-O', 'B-O', 'B-O', 'B-O', 'B-O', 'B-O', 'B-O']	['treating', 'the', 'cells', 'with', 'insulin-like', 'growth', 'factor-i', 'may', 'not', '#alter', 'phosphorylation', 'of', 'pdk1', 'and', 'four', 'of', 'the', 'sites', 'could', 'be', 'mutated', 'without', 'loss', 'of', 'activity', '.']
222	['B-O', 'B-O', 'B-O', 'B-O', 'B-O', 'B-O', 'B-O', 'B-O', 'B-O', 'B-O', 'B-O', 'B-O', 'B-O', 'B-O', 'B-O', 'B-O', 'B-O', 'B-O', 'B-O', 'B-O', 'B-O', 'B-O', 'B-O']	['since', 's1031', 'is', 'a', 'null', 'allele', ',', 'we', 'are', 'testing', 'whether', 'these', 'two', 'bends', 'may', '#alter', 'the', 'overall', 'direction', 'of', 'the', 'dna', '.']
223	['B-O', 'B-O', 'B-O', 'B-O', 'B-O', 'B-O', 'B-O', 'B-O', 'B-O', 'B-O', 'B-O', 'B-O', 'B-O', 'B-O', 'B-O', 'B-O', 'B-O', 'B-O', 'B-O']	['hence', ',', 'glu13', 'indirectly', 'affects', 'dna-binding', 'specificity', 'probably', 'because', 'the', 'molecular', 'lesion', 'associated', 'with', 's1031', 'subtly', '#alters', 'splicing', '.']
224	['B-O', 'B-O', 'B-O', 'B-O', 'B-O', 'B-O', 'B-O', 'B-O', 'B-O', 'B-O', 'B-O', 'B-O', 'B-O', 'B-O', 'B-O', 'B-O', 'B-O', 'B-O', 'B-O', 'B-O', 'B-O', 'B-O']	['hence', ',', 'glu13', 'indirectly', 'affects', 'dna-binding', 'specificity', 'because', 'phosphorylation', 'of', 'pdk1', 'was', '#altered', 'by', 'treating', 'the', 'cells', 'with', 'insulin-like', 'growth', 'factor-i', '.']
225	['B-O', 'B-O', 'B-O', 'B-O', 'B-O', 'B-O', 'B-O', 'B-O', 'B-O', 'B-O', 'B-O', 'B-O', 'B-O', 'B-O']	['moreover', ',', 'treating', 'the', 'cells', 'with', 'insulin-like', 'growth', 'factor-i', '#altered', 'phosphorylation', 'of', 'pdk1', '.']
226	['B-O', 'B-O', 'B-O', 'B-O', 'B-O', 'B-O', 'B-O', 'B-O', 'B-O', 'B-O', 'B-O', 'B-O', 'B-O', 'B-O', 'B-O', 'B-O', 'B-O', 'B-O', 'B-O', 'B-O', 'B-O', 'B-O']	['hence', ',', 'glu13', 'indirectly', 'affects', 'dna-binding', 'specificity', 'because', 'phosphorylation', 'of', 'pdk1', 'is', '#altered', 'by', 'treating', 'the', 'cells', 'with', 'insulin-like', 'growth', 'factor-i', '.']
227	['B-O', 'B-O', 'B-O', 'B-O', 'B-O', 'B-O', 'B-O', 'B-O', 'B-O', 'B-O', 'B-O', 'B-O', 'B-O', 'B-O', 'B-O', 'B-O', 'B-O', 'B-O', 'B-O', 'B-O', 'B-O', 'B-O', 'B-O', 'B-O', 'B-O', 'B-O', 'B-O']	['since', 's1031', 'is', 'a', 'null', 'allele', ',', 'we', 'tested', 'whether', 'phosphorylation', 'of', 'pdk1', 'was', 'able', 'to', 'be', '#altered', 'by', 'treating', 'the', 'cells', 'with', 'insulin-like', 'growth', 'factor-i', '.']
228	['B-O', 'B-O', 'B-O', 'B-O', 'B-O', 'B-O', 'B-O', 'B-O', 'B-O', 'B-O', 'B-O', 'B-O', 'B-O', 'B-O', 'B-O', 'B-O', 'B-O', 'B-O', 'B-O', 'B-O']	['hence', ',', 'glu13', 'indirectly', 'affects', 'dna-binding', 'specificity', 'because', 'splicing', 'could', 'be', '#altered', 'by', 'the', 'molecular', 'lesion', 'associated', 'with', 's1031', '.']
229	['B-O', 'B-O', 'B-O', 'B-O', 'B-O', 'B-O', 'B-O', 'B-O', 'B-O', 'B-O', 'B-O', 'B-O', 'B-O', 'B-O', 'B-O', 'B-O', 'B-O', 'B-O', 'B-O', 'B-O', 'B-O', 'B-O', 'B-O', 'B-O', 'B-O', 'B-O', 'B-O', 'B-O', 'B-O', 'B-O', 'B-O', 'B-O', 'B-O']	['this', 'mutation', ',', 'which', '#alters', 'the', 'codon', '(ctc)', 'normally', 'associated', 'with', 'leu-93', 'in', 'the', 'transcortin', 'polypeptide', 'to', 'a', 'codon', '(cac)', 'for', 'histidine', 'in', 'the', 'variant', 'genes', ',', 'is', 'located', 'within', 'exon', '2', '.']
230	['B-O', 'B-O', 'B-O', 'B-O', 'B-O', 'B-O', 'B-O', 'B-O', 'B-O', 'B-O', 'B-O', 'B-O', 'B-O', 'B-O', 'B-O', 'B-O', 'B-O', 'B-O', 'B-O', 'B-O', 'B-O', 'B-O', 'B-O', 'B-O', 'B-O', 'B-O']	['since', 's1031', 'is', 'a', 'null', 'allele', ',', 'we', 'are', 'testing', 'whether', 'treating', 'the', 'cells', 'with', 'insulin-like', 'growth', 'factor-i', 'is', 'able', 'to', '#alter', 'phosphorylation', 'of', 'pdk1', '.']
231	['B-O', 'B-O', 'B-O', 'B-O', 'B-O', 'B-O', 'B-O', 'B-O', 'B-O', 'B-O', 'B-O', 'B-O', 'B-O', 'B-O', 'B-O', 'B-O', 'B-O', 'B-O', 'B-O', 'B-O', 'B-O', 'B-O', 'B-O', 'B-O', 'B-O', 'B-O', 'B-O']	['hence', ',', 'glu13', 'indirectly', 'affects', 'dna-binding', 'specificity', 'probably', 'due', 'to', 'these', 'two', 'bends', ',', 'which', 'was', 'able', 'to', 'subtly', '#alter', 'the', 'overall', 'direction', 'of', 'the', 'dna', '.']
232	['B-O', 'B-O', 'B-O', 'B-O', 'B-O', 'B-O', 'B-O', 'B-O', 'B-O', 'B-O', 'B-O', 'B-O', 'B-O', 'B-O', 'B-O', 'B-O', 'B-O', 'B-O', 'B-O', 'B-O', 'B-O']	['since', 'these', 'two', 'bends', 'were', 'in', 'opposing', 'directions', ',', 'they', 'did', 'not', '#alter', 'the', 'overall', 'direction', 'of', 'the', 'dna(figure', '3c)', '.']
233	['B-O', 'B-O', 'B-O', 'B-O', 'B-O', 'B-O', 'B-O', 'B-O', 'B-O', 'B-O', 'B-O', 'B-O', 'B-O', 'B-O', 'B-O', 'B-O', 'B-O', 'B-O', 'B-O', 'B-O', 'B-O', 'B-O', 'B-O', 'B-O']	['since', 'treating', 'the', 'cells', 'with', 'insulin-like', 'growth', 'factor-i', 'are', 'in', 'opposing', 'directions', ',', 'phosphorylation', 'of', 'pdk1', 'will', 'not', 'be', '#altered', 'by', 'them(figure', '3c)', '.']
234	['B-O', 'B-O', 'B-O', 'B-O', 'B-O', 'B-O', 'B-O', 'B-O', 'B-O', 'B-O', 'B-O']	['moreover', ',', 'this', 'mutation', 'is', 'able', 'to', '#alter', 'vulval', 'induction', '.']
235	['B-O', 'B-O', 'B-O', 'B-O', 'B-O', 'B-O', 'B-O', 'B-O', 'B-O', 'B-O', 'B-O', 'B-O', 'B-O', 'B-O', 'B-O', 'B-O', 'B-O', 'B-O', 'B-O', 'B-O']	['since', 's1031', 'is', 'a', 'null', 'allele', ',', 'we', 'are', 'testing', 'whether', 'vulval', 'induction', 'can', 'be', '#altered', 'by', 'this', 'mutation', '.']
236	['B-O', 'B-O', 'B-O', 'B-O', 'B-O', 'B-O', 'B-O', 'B-O', 'B-O', 'B-O', 'B-O', 'B-O', 'B-O', 'B-O', 'B-O', 'B-O', 'B-O', 'B-O', 'B-O', 'B-O', 'B-O', 'B-O', 'B-O', 'B-O', 'B-O']	['since', 's1031', 'is', 'a', 'null', 'allele', ',', 'we', 'are', 'testing', 'whether', 'phosphorylation', 'of', 'pdk1', 'is', '#altered', 'by', 'treating', 'the', 'cells', 'with', 'insulin-like', 'growth', 'factor-i', '.']
237	['B-O', 'B-O', 'B-O', 'B-O', 'B-O', 'B-O', 'B-O', 'B-O', 'B-O', 'B-O', 'B-O', 'B-O', 'B-O', 'B-O', 'B-O']	['moreover', ',', 'the', 'molecular', 'lesion', 'associated', 'with', 's1031', 'will', 'be', 'able', 'to', '#alter', 'splicing', '.']
238	['B-O', 'B-O', 'B-O', 'B-O', 'B-O', 'B-O', 'B-O', 'B-O', 'B-O', 'B-O', 'B-O', 'B-O', 'B-O', 'B-O', 'B-O', 'B-O', 'B-O', 'B-O', 'B-O', 'B-O', 'B-O', 'B-O', 'B-O']	['since', 's1031', 'is', 'a', 'null', 'allele', ',', 'we', 'tested', 'whether', 'treating', 'the', 'cells', 'with', 'insulin-like', 'growth', 'factor-i', 'could', '#alter', 'phosphorylation', 'of', 'pdk1', '.']
239	['B-O', 'B-O', 'B-O', 'B-O', 'B-O', 'B-O', 'B-O', 'B-O', 'B-O', 'B-O', 'B-O', 'B-O', 'B-O', 'B-O', 'B-O', 'B-O']	['since', 'this', 'mutation', 'are', 'in', 'opposing', 'directions', ',', 'they', 'may', 'not', '#alter', 'vulval', 'induction(figure', '3c)', '.']
240	['B-O', 'B-O', 'B-O', 'B-O', 'B-O', 'B-O', 'B-O', 'B-O', 'B-O', 'B-O', 'B-O', 'B-O', 'B-O', 'B-O', 'B-O', 'B-O', 'B-O', 'B-O', 'B-O', 'B-O']	['since', 's1031', 'is', 'a', 'null', 'allele', ',', 'we', 'tested', 'whether', 'the', 'molecular', 'lesion', 'associated', 'with', 's1031', 'has', '#altered', 'splicing', '.']
241	['B-O', 'B-O', 'B-O', 'B-O', 'B-O', 'B-O', 'B-O', 'B-O', 'B-O', 'B-O', 'B-O', 'B-O', 'B-O', 'B-O', 'B-O', 'B-O', 'B-O', 'B-O', 'B-O', 'B-O', 'B-O', 'B-O', 'B-O', 'B-O']	['hence', ',', 'glu13', 'indirectly', 'affects', 'dna-binding', 'specificity', 'probably', 'because', 'these', 'two', 'bends', 'is', 'able', 'to', 'subtly', '#alter', 'the', 'overall', 'direction', 'of', 'the', 'dna', '.']
242	['B-O', 'B-O', 'B-O', 'B-O', 'B-O', 'B-O', 'B-O', 'B-O', 'B-O', 'B-O', 'B-O', 'B-O', 'B-O', 'B-O', 'B-O', 'B-O', 'B-O', 'B-O', 'B-O', 'B-O', 'B-O', 'B-O', 'B-O', 'B-O', 'B-O']	['since', 'these', 'two', 'bends', 'are', 'in', 'opposing', 'directions', ',', 'the', 'overall', 'direction', 'of', 'the', 'dna', 'is', 'not', 'able', 'to', 'be', '#altered', 'by', 'them(figure', '3c)', '.']
243	['B-O', 'B-O', 'B-O', 'B-O', 'B-O', 'B-O', 'B-O', 'B-O', 'B-O', 'B-O', 'B-O', 'B-O', 'B-O', 'B-O', 'B-O', 'B-O', 'B-O']	['moreover', ',', 'these', 'two', 'bends', 'will', 'be', 'able', 'to', '#alter', 'the', 'overall', 'direction', 'of', 'the', 'dna', '.']
244	['B-O', 'B-O', 'B-O', 'B-O', 'B-O', 'B-O', 'B-O', 'B-O', 'B-O', 'B-O', 'B-O', 'B-O', 'B-O', 'B-O', 'B-O', 'B-O', 'B-O', 'B-O', 'B-O', 'B-O', 'B-O', 'B-O']	['hence', ',', 'glu13', 'indirectly', 'affects', 'dna-binding', 'specificity', 'probably', 'due', 'to', 'the', 'molecular', 'lesion', 'associated', 'with', 's1031', ',', 'which', 'subtly', '#altered', 'splicing', '.']
245	['B-O', 'B-O', 'B-O', 'B-O', 'B-O', 'B-O', 'B-O', 'B-O', 'B-O', 'B-O', 'B-O', 'B-O', 'B-O', 'B-O', 'B-O', 'B-O']	['hence', ',', 'glu13', 'indirectly', 'affects', 'dna-binding', 'specificity', 'probably', 'because', 'this', 'mutation', 'subtly', '#altered', 'vulval', 'induction', '.']
246	['B-O', 'B-O', 'B-O', 'B-O', 'B-O', 'B-O', 'B-O', 'B-O', 'B-O', 'B-O', 'B-O', 'B-O', 'B-O', 'B-O', 'B-O', 'B-O', 'B-O', 'B-O', 'B-O', 'B-O', 'B-O', 'B-O', 'B-O', 'B-O', 'B-O']	['since', 's1031', 'is', 'a', 'null', 'allele', ',', 'we', 'are', 'testing', 'whether', 'these', 'two', 'bends', 'is', 'going', 'to', '#alter', 'the', 'overall', 'direction', 'of', 'the', 'dna', '.']
247	['B-O', 'B-O', 'B-O', 'B-O', 'B-O', 'B-O', 'B-O', 'B-O', 'B-O', 'B-O', 'B-O', 'B-O']	['moreover', ',', 'the', 'molecular', 'lesion', 'associated', 'with', 's1031', 'will', '#alter', 'splicing', '.']
248	['B-O', 'B-O', 'B-O', 'B-O', 'B-O', 'B-O', 'B-O', 'B-O', 'B-O', 'B-O', 'B-O', 'B-O', 'B-O', 'B-O', 'B-O', 'B-O', 'B-O', 'B-O', 'B-O', 'B-O', 'B-O', 'B-O', 'B-O']	['since', 'treating', 'the', 'cells', 'with', 'insulin-like', 'growth', 'factor-i', 'are', 'in', 'opposing', 'directions', ',', 'phosphorylation', 'of', 'pdk1', 'cannot', 'be', '#altered', 'by', 'them(figure', '3c)', '.']
249	['B-O', 'B-O', 'B-O', 'B-O', 'B-O', 'B-O', 'B-O', 'B-O', 'B-O', 'B-O', 'B-O', 'B-O', 'B-O', 'B-O', 'B-O', 'B-O', 'B-O', 'B-O', 'B-O', 'B-O', 'B-O', 'B-O', 'B-O', 'B-O', 'B-O', 'B-O', 'B-O', 'B-O', 'B-O', 'B-O', 'B-O', 'B-O']	['the', 'codon', '(ctc)', 'normally', 'associated', 'with', 'leu-93', 'in', 'the', 'transcortin', 'polypeptide', 'will', 'be', '#altered', 'by', 'the', 'mutation', 'located', 'within', 'exon', '2', 'to', 'a', 'codon', '(cac)', 'for', 'histidine', 'in', 'the', 'variant', 'genes', '.']
250	['B-O', 'B-O', 'B-O', 'B-O', 'B-O', 'B-O', 'B-O', 'B-O', 'B-O', 'B-O', 'B-O', 'B-O', 'B-O', 'B-O', 'B-O', 'B-O', 'B-O', 'B-O', 'B-O', 'B-O']	['since', 'the', 'molecular', 'lesion', 'associated', 'with', 's1031', 'are', 'in', 'opposing', 'directions', ',', 'splicing', 'is', 'not', '#altered', 'by', 'them(figure', '3c)', '.']
251	['B-O', 'B-O', 'B-O', 'B-O', 'B-O', 'B-O', 'B-O', 'B-O', 'B-O', 'B-O', 'B-O', 'B-O', 'B-O', 'B-O', 'B-O', 'B-O', 'B-O', 'B-O', 'B-O', 'B-O', 'B-O', 'B-O', 'B-O', 'B-O', 'B-O', 'B-O', 'B-O']	['since', 's1031', 'is', 'a', 'null', 'allele', ',', 'we', 'are', 'testing', 'whether', 'the', 'overall', 'direction', 'of', 'the', 'dna', 'is', 'able', 'to', 'be', '#altered', 'by', 'these', 'two', 'bends', '.']
252	['B-O', 'B-O', 'B-O', 'B-O', 'B-O', 'B-O', 'B-O', 'B-O', 'B-O', 'B-O', 'B-O', 'B-O', 'B-O', 'B-O', 'B-O', 'B-O']	['since', 's1031', 'is', 'a', 'null', 'allele', ',', 'we', 'tested', 'whether', 'this', 'mutation', '#altered', 'vulval', 'induction', '.']
253	['B-O', 'B-O', 'B-O', 'B-O', 'B-O', 'B-O', 'B-O', 'B-O', 'B-O', 'B-O', 'B-O', 'B-O', 'B-O', 'B-O', 'B-O', 'B-O', 'B-O', 'B-O', 'B-O', 'B-O', 'B-O', 'B-O', 'B-O']	['since', 'these', 'two', 'bends', 'are', 'in', 'opposing', 'directions', ',', 'the', 'overall', 'direction', 'of', 'the', 'dna', 'may', 'not', 'be', '#altered', 'by', 'them(figure', '3c)', '.']
