0	['B-O', 'B-O', 'B-O', 'B-O', 'B-O', 'B-O', 'B-O', 'B-O', 'B-O', 'B-O', 'B-O', 'B-O', 'B-O', 'B-O', 'B-O', 'B-O', 'B-O', 'B-O', 'B-O']	['the', 'production', 'of', 'c51', 'microcin', 'has', '#decreased', 'or', 'been', 'absent', 'in', 'rpos', ',', 'crp', 'and', 'cya', 'mutant', 'cells', '.']
1	['B-O', 'B-O', 'B-O', 'B-O', 'B-O', 'B-O', 'B-O', 'B-O', 'B-O', 'B-O', 'B-O', 'B-O', 'B-O', 'B-O', 'B-O', 'B-O', 'B-O', 'B-O', 'B-O', 'B-O', 'B-O', 'B-O', 'B-O', 'B-O', 'B-O', 'B-O', 'B-O', 'B-O', 'B-O', 'B-O', 'B-O', 'B-O', 'B-O']	['deletion', 'of', 'the', 'arca', 'gene', 'causes', 'about', 'a', '2-fold', 'increase', 'in', 'the', 'ptsg', 'expression', ',', 'and', 'nitrite', 'induction', 'of', 'the', 'nirb', 'promoter', 'could', 'be', 'significantly', '#decreased', 'by', 'disruption', 'of', 'narl', 'will', 'significantly', '.']
2	['B-O', 'B-O', 'B-O', 'B-O', 'B-O', 'B-O', 'B-O', 'B-O', 'B-O', 'B-O', 'B-O', 'B-O', 'B-O', 'B-O', 'B-O', 'B-O', 'B-O', 'B-O', 'B-O', 'B-O', 'B-O']	['the', 'production', 'of', 'c51', 'microcin', 'was', 'shown', 'to', '#decrease', 'or', 'be', 'absent', 'in', 'rpos', ',', 'crp', 'and', 'cya', 'mutant', 'cells', '.']
3	['B-O', 'B-O', 'B-O', 'B-O', 'B-O', 'B-O', 'B-O', 'B-O', 'B-O', 'B-O', 'B-O', 'B-O', 'B-O', 'B-O', 'B-O', 'B-O', 'B-O', 'B-O', 'B-O', 'B-O', 'B-O', 'B-O', 'B-O', 'B-O', 'B-O']	['disruption', 'of', 'narl', 'would', '#decrease', 'nitrite', 'induction', 'of', 'the', 'nirb', 'promoter', ',', 'and', 'permitted', 'a', 'recovery', 'of', 'both', 'reduced', 'glutathione', 'and', 'scavenger', 'enzyme', 'activity', '.']
4	['B-O', 'B-O', 'B-O', 'B-O', 'B-O', 'B-O', 'B-O', 'B-O', 'B-O', 'B-O', 'B-O', 'B-O', 'B-O', 'B-O', 'B-O', 'B-O', 'B-O', 'B-O', 'B-O', 'B-O', 'B-O', 'B-O', 'B-O', 'B-O', 'B-O', 'B-O', 'B-O']	['disruption', 'of', 'narl', 'is', 'shown', 'to', '#decrease', 'nitrite', 'induction', 'of', 'the', 'nirb', 'promoter', ',', 'and', 'permits', 'a', 'recovery', 'of', 'both', 'reduced', 'glutathione', 'and', 'scavenger', 'enzyme', 'activity', '.']
5	['B-O', 'B-O', 'B-O', 'B-O', 'B-O', 'B-O', 'B-O', 'B-O', 'B-O', 'B-O', 'B-O', 'B-O', 'B-O', 'B-O', 'B-O', 'B-O', 'B-O', 'B-O', 'B-O', 'B-O', 'B-O']	['the', 'production', 'of', 'c51', 'microcin', 'is', 'believed', 'to', '#decrease', 'or', 'be', 'absent', 'in', 'rpos', ',', 'crp', 'and', 'cya', 'mutant', 'cells', '.']
6	['B-O', 'B-O', 'B-O', 'B-O', 'B-O', 'B-O', 'B-O', 'B-O', 'B-O', 'B-O', 'B-O', 'B-O', 'B-O', 'B-O', 'B-O', 'B-O', 'B-O', 'B-O', 'B-O', 'B-O', 'B-O', 'B-O', 'B-O', 'B-O', 'B-O', 'B-O', 'B-O', 'B-O', 'B-O']	['disruption', 'of', 'narl', 'can', 'have', '#decreased', 'nitrite', 'induction', 'of', 'the', 'nirb', 'promoter', 'whilst', 'not', 'suppressing', 'induction', 'by', 'nitrate', ',', 'suggesting', 'that', 'there', 'may', 'be', 'a', 'second', 'nitrate-responsive', 'factor', '.']
7	['B-O', 'B-O', 'B-O', 'B-O', 'B-O', 'B-O', 'B-O', 'B-O', 'B-O', 'B-O', 'B-O', 'B-O', 'B-O', 'B-O', 'B-O', 'B-O', 'B-O', 'B-O', 'B-O', 'B-O', 'B-O', 'B-O', 'B-O', 'B-O', 'B-O', 'B-O', 'B-O', 'B-O', 'B-O', 'B-O', 'B-O', 'B-O', 'B-O', 'B-O', 'B-O', 'B-O', 'B-O', 'B-O', 'B-O', 'B-O', 'B-O', 'B-O', 'B-O', 'B-O', 'B-O', 'B-O', 'B-O', 'B-O', 'B-O', 'B-O', 'B-O', 'B-O', 'B-O', 'B-O', 'B-O', 'B-O', 'B-O', 'B-O', 'B-O']	['the', 'levels', 'of', 'clara', 'cell', 'secretory', 'protein', 'might', 'be', '#decreased', 'in', 'nlf', 'from', 'smokers', ',', 'and', 'it', 'has', 'also', 'been', 'found', 'that', 'nlf', 'from', 'smokers', 'contained', 'increased', 'proportions', 'of', 'a', 'truncated', 'variant', 'of', 'lipocortin-1', ',', 'threee', 'acidic', 'forms', 'of', 'alpha', '(1)-antitrypsin', ',', 'and', 'one', 'phosphorylated', 'form', 'of', 'cystatin', 's', '.syntrophin', 'binds', 'to', 'an', 'alternatively', 'spliced', 'exon', 'of', 'dystrophin', '.']
8	['B-O', 'B-O', 'B-O', 'B-O', 'B-O', 'B-O', 'B-O', 'B-O', 'B-O', 'B-O', 'B-O', 'B-O', 'B-O', 'B-O', 'B-O', 'B-O', 'B-O', 'B-O', 'B-O', 'B-O', 'B-O', 'B-O', 'B-O', 'B-O', 'B-O', 'B-O', 'B-O', 'B-O', 'B-O', 'B-O', 'B-O', 'B-O', 'B-O', 'B-O', 'B-O', 'B-O', 'B-O', 'B-O', 'B-O', 'B-O', 'B-O', 'B-O', 'B-O', 'B-O', 'B-O', 'B-O', 'B-O', 'B-O', 'B-O', 'B-O', 'B-O', 'B-O', 'B-O', 'B-O', 'B-O']	['if', 'this', 'distance', 'of', '30', 'amino', 'acids', 'is', 'not', 'maintained', ',', 'as', 'in', 'human', 'asprs', 'chimera#1', ',', 'or', 'in', 'yeast', 'lysts', 'chimera#1', 'and', 'yeast', 'asnrs', 'chimera#2', '(figure', '5b)', ',', 'the', 'binding', 'to', 'trna', 'is', 'strongly', 'affected', 'and', 'the', 'protection', 'could', 'be', '#decreased', ',', 'or', 'even', 'abolished', 'in', 'the', 'case', 'of', 'human', 'asprs', 'chimera#1', '(table)', '.']
9	['B-O', 'B-O', 'B-O', 'B-O', 'B-O', 'B-O', 'B-O', 'B-O', 'B-O', 'B-O', 'B-O', 'B-O', 'B-O', 'B-O', 'B-O', 'B-O', 'B-O', 'B-O', 'B-O', 'B-O', 'B-O', 'B-O', 'B-O', 'B-O', 'B-O', 'B-O', 'B-O', 'B-O', 'B-O', 'B-O', 'B-O', 'B-O', 'B-O', 'B-O', 'B-O', 'B-O', 'B-O', 'B-O']	['in', 'contrast', ',', 'only', 'low', 'levels', 'of', 'the', 'truncated', 'rap1', 'peptides', 'were', 'detected', '(consistent', 'with', 'that', 'expression', 'levels', 'was', 'lowered', 'and', 'the', 'protection', 'was', 'decreased)', ',', 'and', 'neither', 'rap2', 'nor', 'rap3', 'was', 'co-immunoprecipitated', 'in', 'the', 'rap1', 'mutants', '.']
10	['B-O', 'B-O', 'B-O', 'B-O', 'B-O', 'B-O', 'B-O', 'B-O', 'B-O', 'B-O', 'B-O', 'B-O', 'B-O', 'B-O', 'B-O', 'B-O', 'B-O', 'B-O', 'B-O', 'B-O', 'B-O', 'B-O', 'B-O', 'B-O', 'B-O', 'B-O', 'B-O', 'B-O', 'B-O', 'B-O', 'B-O', 'B-O', 'B-O', 'B-O', 'B-O', 'B-O', 'B-O', 'B-O', 'B-O', 'B-O', 'B-O', 'B-O', 'B-O', 'B-O', 'B-O', 'B-O', 'B-O', 'B-O', 'B-O', 'B-O', 'B-O', 'B-O', 'B-O', 'B-O', 'B-O', 'B-O', 'B-O', 'B-O']	['the', 'levels', 'of', 'clara', 'cell', 'secretory', 'protein', 'will', 'be', '#decreased', 'in', 'nlf', 'from', 'smokers', ',', 'and', 'it', 'is', 'also', 'found', 'that', 'nlf', 'from', 'smokers', 'contained', 'increased', 'proportions', 'of', 'a', 'truncated', 'variant', 'of', 'lipocortin-1', ',', 'threee', 'acidic', 'forms', 'of', 'alpha', '(1)-antitrypsin', ',', 'and', 'one', 'phosphorylated', 'form', 'of', 'cystatin', 's', '.syntrophin', 'binds', 'to', 'an', 'alternatively', 'spliced', 'exon', 'of', 'dystrophin', '.']
11	['B-O', 'B-O', 'B-O', 'B-O', 'B-O', 'B-O', 'B-O', 'B-O', 'B-O', 'B-O', 'B-O', 'B-O', 'B-O', 'B-O', 'B-O', 'B-O', 'B-O', 'B-O', 'B-O', 'B-O', 'B-O', 'B-O', 'B-O']	['the', 'production', 'of', 'c51', 'microcin', 'had', 'the', 'ability', 'to', 'to', '#decrease', 'or', 'be', 'absent', 'in', 'rpos', ',', 'crp', 'and', 'cya', 'mutant', 'cells', '.']
12	['B-O', 'B-O', 'B-O', 'B-O', 'B-O', 'B-O', 'B-O', 'B-O', 'B-O', 'B-O', 'B-O', 'B-O', 'B-O', 'B-O', 'B-O', 'B-O', 'B-O', 'B-O', 'B-O', 'B-O', 'B-O', 'B-O', 'B-O', 'B-O', 'B-O', 'B-O', 'B-O', 'B-O', 'B-O', 'B-O', 'B-O', 'B-O', 'B-O', 'B-O', 'B-O', 'B-O', 'B-O', 'B-O', 'B-O', 'B-O', 'B-O', 'B-O', 'B-O', 'B-O', 'B-O', 'B-O', 'B-O', 'B-O', 'B-O']	['in', 'contrast', ',', 'only', 'low', 'levels', 'of', 'the', 'truncated', 'rap1', 'peptides', 'were', 'detected', '(consistent', 'with', 'that', 'expression', 'levels', 'was', 'able', 'to', 'be', 'lowered', 'and', 'levels', 'of', 'clara', 'cell', 'secretory', 'protein', 'was', 'able', 'to', 'be', 'decreased)', ',', 'and', 'neither', 'rap2', 'nor', 'rap3', 'was', 'be', 'co-immunoprecipitated', 'in', 'the', 'rap1', 'mutants', '.']
13	['B-O', 'B-O', 'B-O', 'B-O', 'B-O', 'B-O', 'B-O', 'B-O', 'B-O', 'B-O', 'B-O', 'B-O', 'B-O', 'B-O', 'B-O', 'B-O', 'B-O', 'B-O', 'B-O', 'B-O', 'B-O', 'B-O', 'B-O', 'B-O', 'B-O', 'B-O', 'B-O', 'B-O', 'B-O', 'B-O', 'B-O', 'B-O', 'B-O', 'B-O', 'B-O', 'B-O', 'B-O', 'B-O', 'B-O', 'B-O', 'B-O', 'B-O']	['in', 'contrast', ',', 'only', 'low', 'levels', 'of', 'the', 'truncated', 'rap1', 'peptides', 'are', 'detected', '(consistent', 'with', 'that', 'expression', 'levels', 'may', 'be', 'lowered', 'and', 'the', 'reln', 'mrna', 'content', 'may', 'be', 'decreased)', ',', 'and', 'neither', 'rap2', 'nor', 'rap3', 'is', 'co-immunoprecipitated', 'in', 'the', 'rap1', 'mutants', '.']
14	['B-O', 'B-O', 'B-O', 'B-O', 'B-O', 'B-O', 'B-O', 'B-O', 'B-O', 'B-O', 'B-O', 'B-O', 'B-O', 'B-O', 'B-O', 'B-O', 'B-O', 'B-O', 'B-O', 'B-O', 'B-O', 'B-O', 'B-O', 'B-O', 'B-O', 'B-O', 'B-O', 'B-O']	['disruption', 'of', 'narl', 'will', '#decrease', 'nitrite', 'induction', 'of', 'the', 'nirb', 'promoter', 'whilst', 'not', 'suppressing', 'induction', 'by', 'nitrate', ',', 'suggesting', 'that', 'there', 'may', 'be', 'a', 'second', 'nitrate-responsive', 'factor', '.']
15	['B-O', 'B-O', 'B-O', 'B-O', 'B-O', 'B-O', 'B-O', 'B-O', 'B-O', 'B-O', 'B-O', 'B-O', 'B-O', 'B-O', 'B-O', 'B-O', 'B-O', 'B-O', 'B-O', 'B-O', 'B-O', 'B-O', 'B-O', 'B-O', 'B-O', 'B-O', 'B-O', 'B-O', 'B-O', 'B-O']	['deletion', 'of', 'the', 'arca', 'gene', 'causes', 'about', 'a', '2-fold', 'increase', 'in', 'the', 'ptsg', 'expression', ',', 'and', 'disruption', 'of', 'narl', 'may', 'have', 'significantly', '#decreased', 'nitrite', 'induction', 'of', 'the', 'nirb', 'promoter', '.']
16	['B-O', 'B-O', 'B-O', 'B-O', 'B-O', 'B-O', 'B-O', 'B-O', 'B-O', 'B-O', 'B-O', 'B-O', 'B-O', 'B-O', 'B-O', 'B-O', 'B-O', 'B-O', 'B-O', 'B-O', 'B-O', 'B-O', 'B-O', 'B-O', 'B-O', 'B-O', 'B-O', 'B-O', 'B-O', 'B-O', 'B-O']	['disruption', 'of', 'narl', 'has', 'the', 'ability', 'to', '#decrease', 'nitrite', 'induction', 'of', 'the', 'nirb', 'promoter', 'whilst', 'not', 'suppressing', 'induction', 'by', 'nitrate', ',', 'suggesting', 'that', 'there', 'may', 'be', 'a', 'second', 'nitrate-responsive', 'factor', '.']
17	['B-O', 'B-O', 'B-O', 'B-O', 'B-O', 'B-O', 'B-O', 'B-O', 'B-O', 'B-O', 'B-O', 'B-O', 'B-O', 'B-O', 'B-O', 'B-O', 'B-O', 'B-O', 'B-O', 'B-O', 'B-O', 'B-O', 'B-O', 'B-O', 'B-O', 'B-O', 'B-O', 'B-O', 'B-O', 'B-O', 'B-O', 'B-O', 'B-O', 'B-O', 'B-O', 'B-O', 'B-O', 'B-O', 'B-O', 'B-O']	['in', 'contrast', ',', 'only', 'low', 'levels', 'of', 'the', 'truncated', 'rap1', 'peptides', 'were', 'detected', '(consistent', 'with', 'that', 'expression', 'levels', 'could', 'be', 'lowered', 'and', 'the', 'protection', 'could', 'be', 'decreased)', ',', 'and', 'neither', 'rap2', 'nor', 'rap3', 'was', 'co-immunoprecipitated', 'in', 'the', 'rap1', 'mutants', '.']
18	['B-O', 'B-O', 'B-O', 'B-O', 'B-O', 'B-O', 'B-O', 'B-O', 'B-O', 'B-O', 'B-O', 'B-O', 'B-O', 'B-O', 'B-O', 'B-O', 'B-O', 'B-O', 'B-O', 'B-O', 'B-O', 'B-O', 'B-O', 'B-O', 'B-O', 'B-O', 'B-O', 'B-O']	['disruption', 'of', 'narl', 'could', '#decrease', 'nitrite', 'induction', 'of', 'the', 'nirb', 'promoter', 'whilst', 'not', 'suppressing', 'induction', 'by', 'nitrate', ',', 'suggesting', 'that', 'there', 'could', 'be', 'a', 'second', 'nitrate-responsive', 'factor', '.']
19	['B-O', 'B-O', 'B-O', 'B-O', 'B-O', 'B-O', 'B-O', 'B-O', 'B-O', 'B-O', 'B-O', 'B-O', 'B-O', 'B-O', 'B-O', 'B-O', 'B-O', 'B-O', 'B-O', 'B-O', 'B-O', 'B-O', 'B-O', 'B-O', 'B-O', 'B-O', 'B-O', 'B-O']	['disruption', 'of', 'narl', 'might', '#decrease', 'nitrite', 'induction', 'of', 'the', 'nirb', 'promoter', 'whilst', 'not', 'suppressing', 'induction', 'by', 'nitrate', ',', 'suggesting', 'that', 'there', 'might', 'be', 'a', 'second', 'nitrate-responsive', 'factor', '.']
20	['B-O', 'B-O', 'B-O', 'B-O', 'B-O', 'B-O', 'B-O', 'B-O', 'B-O', 'B-O', 'B-O', 'B-O', 'B-O', 'B-O', 'B-O', 'B-O', 'B-O', 'B-O', 'B-O', 'B-O', 'B-O', 'B-O', 'B-O', 'B-O', 'B-O', 'B-O', 'B-O', 'B-O', 'B-O', 'B-O']	['disruption', 'of', 'narl', 'is', 'believed', 'to', '#decrease', 'nitrite', 'induction', 'of', 'the', 'nirb', 'promoter', 'whilst', 'not', 'suppressing', 'induction', 'by', 'nitrate', ',', 'suggesting', 'that', 'there', 'may', 'be', 'a', 'second', 'nitrate-responsive', 'factor', '.']
21	['B-O', 'B-O', 'B-O', 'B-O', 'B-O', 'B-O', 'B-O', 'B-O', 'B-O', 'B-O', 'B-O', 'B-O', 'B-O', 'B-O', 'B-O', 'B-O', 'B-O', 'B-O', 'B-O', 'B-O', 'B-O', 'B-O', 'B-O', 'B-O', 'B-O', 'B-O', 'B-O', 'B-O']	['disruption', 'of', 'narl', 'may', '#decrease', 'nitrite', 'induction', 'of', 'the', 'nirb', 'promoter', 'whilst', 'not', 'suppressing', 'induction', 'by', 'nitrate', ',', 'suggesting', 'that', 'there', 'may', 'be', 'a', 'second', 'nitrate-responsive', 'factor', '.']
22	['B-O', 'B-O', 'B-O', 'B-O', 'B-O', 'B-O', 'B-O', 'B-O', 'B-O', 'B-O', 'B-O', 'B-O', 'B-O', 'B-O', 'B-O', 'B-O', 'B-O', 'B-O', 'B-O', 'B-O', 'B-O', 'B-O', 'B-O', 'B-O', 'B-O']	['disruption', 'of', 'narl', 'could', '#decrease', 'nitrite', 'induction', 'of', 'the', 'nirb', 'promoter', ',', 'and', 'permitted', 'a', 'recovery', 'of', 'both', 'reduced', 'glutathione', 'and', 'scavenger', 'enzyme', 'activity', '.']
23	['B-O', 'B-O', 'B-O', 'B-O', 'B-O', 'B-O', 'B-O', 'B-O', 'B-O', 'B-O', 'B-O', 'B-O', 'B-O', 'B-O', 'B-O', 'B-O', 'B-O', 'B-O', 'B-O', 'B-O', 'B-O', 'B-O', 'B-O', 'B-O', 'B-O', 'B-O', 'B-O', 'B-O', 'B-O', 'B-O', 'B-O', 'B-O', 'B-O', 'B-O', 'B-O', 'B-O', 'B-O', 'B-O', 'B-O', 'B-O', 'B-O', 'B-O']	['in', 'contrast', ',', 'only', 'low', 'levels', 'of', 'the', 'truncated', 'rap1', 'peptides', 'will', 'be', 'detected', '(consistent', 'with', 'that', 'expression', 'levels', 'will', 'be', 'lowered', 'and', 'methionine', 'content', 'will', 'be', 'decreased)', ',', 'and', 'neither', 'rap2', 'nor', 'rap3', 'will', 'be', 'co-immunoprecipitated', 'in', 'the', 'rap1', 'mutants', '.']
24	['B-O', 'B-O', 'B-O', 'B-O', 'B-O', 'B-O', 'B-O', 'B-O', 'B-O', 'B-O', 'B-O', 'B-O', 'B-O', 'B-O', 'B-O', 'B-O', 'B-O', 'B-O', 'B-O', 'B-O', 'B-O', 'B-O', 'B-O', 'B-O', 'B-O', 'B-O', 'B-O', 'B-O', 'B-O', 'B-O', 'B-O', 'B-O', 'B-O', 'B-O', 'B-O', 'B-O', 'B-O', 'B-O', 'B-O', 'B-O', 'B-O', 'B-O', 'B-O', 'B-O', 'B-O']	['in', 'contrast', ',', 'only', 'low', 'levels', 'of', 'the', 'truncated', 'rap1', 'peptides', 'were', 'detected', '(consistent', 'with', 'that', 'expression', 'levels', 'was', 'able', 'to', 'be', 'lowered', 'and', 'the', 'protection', 'was', 'able', 'to', 'be', 'decreased)', ',', 'and', 'neither', 'rap2', 'nor', 'rap3', 'was', 'be', 'co-immunoprecipitated', 'in', 'the', 'rap1', 'mutants', '.']
25	['B-O', 'B-O', 'B-O', 'B-O', 'B-O', 'B-O', 'B-O', 'B-O', 'B-O', 'B-O', 'B-O', 'B-O', 'B-O', 'B-O', 'B-O', 'B-O', 'B-O', 'B-O', 'B-O', 'B-O', 'B-O', 'B-O', 'B-O', 'B-O', 'B-O', 'B-O', 'B-O', 'B-O', 'B-O', 'B-O', 'B-O', 'B-O', 'B-O', 'B-O', 'B-O']	['deletion', 'of', 'the', 'arca', 'gene', 'causes', 'about', 'a', '2-fold', 'increase', 'in', 'the', 'ptsg', 'expression', ',', 'and', 'nitrite', 'induction', 'of', 'the', 'nirb', 'promoter', 'is', 'shown', 'to', 'be', 'significantly', '#decreased', 'by', 'disruption', 'of', 'narl', 'will', 'significantly', '.']
26	['B-O', 'B-O', 'B-O', 'B-O', 'B-O', 'B-O', 'B-O', 'B-O', 'B-O', 'B-O', 'B-O', 'B-O', 'B-O', 'B-O', 'B-O', 'B-O', 'B-O', 'B-O', 'B-O', 'B-O', 'B-O', 'B-O', 'B-O', 'B-O', 'B-O', 'B-O', 'B-O', 'B-O', 'B-O', 'B-O']	['disruption', 'of', 'narl', 'was', 'able', 'to', '#decrease', 'nitrite', 'induction', 'of', 'the', 'nirb', 'promoter', 'whilst', 'not', 'suppressing', 'induction', 'by', 'nitrate', ',', 'suggesting', 'that', 'there', 'may', 'be', 'a', 'second', 'nitrate-responsive', 'factor', '.']
27	['B-O', 'B-O', 'B-O', 'B-O', 'B-O', 'B-O', 'B-O', 'B-O', 'B-O', 'B-O', 'B-O', 'B-O', 'B-O', 'B-O', 'B-O', 'B-O', 'B-O', 'B-O', 'B-O']	['the', 'production', 'of', 'c51', 'microcin', 'would', '#decrease', 'or', 'be', 'absent', 'in', 'rpos', ',', 'crp', 'and', 'cya', 'mutant', 'cells', '.']
28	['B-O', 'B-O', 'B-O', 'B-O', 'B-O', 'B-O', 'B-O', 'B-O', 'B-O', 'B-O', 'B-O', 'B-O', 'B-O', 'B-O', 'B-O', 'B-O', 'B-O', 'B-O', 'B-O', 'B-O', 'B-O', 'B-O', 'B-O', 'B-O', 'B-O', 'B-O', 'B-O', 'B-O', 'B-O', 'B-O', 'B-O', 'B-O', 'B-O', 'B-O', 'B-O', 'B-O', 'B-O', 'B-O', 'B-O', 'B-O', 'B-O', 'B-O', 'B-O', 'B-O', 'B-O', 'B-O', 'B-O', 'B-O', 'B-O', 'B-O', 'B-O', 'B-O', 'B-O', 'B-O', 'B-O', 'B-O', 'B-O']	['if', 'this', 'distance', 'of', '30', 'amino', 'acids', 'is', 'not', 'maintained', ',', 'as', 'in', 'human', 'asprs', 'chimera#1', ',', 'or', 'in', 'yeast', 'lysts', 'chimera#1', 'and', 'yeast', 'asnrs', 'chimera#2', '(figure', '5b)', ',', 'the', 'binding', 'to', 'trna', 'is', 'strongly', 'affected', 'and', 'the', 'protection', 'was', 'shown', 'to', 'be', '#decreased', ',', 'or', 'even', 'abolished', 'in', 'the', 'case', 'of', 'human', 'asprs', 'chimera#1', '(table)', '.']
29	['B-O', 'B-O', 'B-O', 'B-O', 'B-O', 'B-O', 'B-O', 'B-O', 'B-O', 'B-O', 'B-O', 'B-O', 'B-O', 'B-O', 'B-O', 'B-O', 'B-O', 'B-O', 'B-O', 'B-O', 'B-O', 'B-O', 'B-O', 'B-O', 'B-O', 'B-O', 'B-O', 'B-O', 'B-O', 'B-O', 'B-O', 'B-O', 'B-O', 'B-O', 'B-O']	['deletion', 'of', 'the', 'arca', 'gene', 'causes', 'about', 'a', '2-fold', 'increase', 'in', 'the', 'ptsg', 'expression', ',', 'and', 'nitrite', 'induction', 'of', 'the', 'nirb', 'promoter', 'was', 'believed', 'to', 'be', 'significantly', '#decreased', 'by', 'disruption', 'of', 'narl', 'will', 'significantly', '.']
30	['B-O', 'B-O', 'B-O', 'B-O', 'B-O', 'B-O', 'B-O', 'B-O', 'B-O', 'B-O', 'B-O', 'B-O', 'B-O', 'B-O', 'B-O', 'B-O', 'B-O', 'B-O', 'B-O', 'B-O', 'B-O', 'B-O', 'B-O', 'B-O', 'B-O']	['disruption', 'of', 'narl', 'might', '#decrease', 'nitrite', 'induction', 'of', 'the', 'nirb', 'promoter', ',', 'and', 'permitted', 'a', 'recovery', 'of', 'both', 'reduced', 'glutathione', 'and', 'scavenger', 'enzyme', 'activity', '.']
31	['B-O', 'B-O', 'B-O', 'B-O', 'B-O', 'B-O', 'B-O', 'B-O', 'B-O', 'B-O', 'B-O', 'B-O', 'B-O', 'B-O', 'B-O', 'B-O', 'B-O', 'B-O', 'B-O', 'B-O', 'B-O']	['the', 'production', 'of', 'c51', 'microcin', 'was', 'able', 'to', '#decrease', 'or', 'be', 'absent', 'in', 'rpos', ',', 'crp', 'and', 'cya', 'mutant', 'cells', '.']
32	['B-O', 'B-O', 'B-O', 'B-O', 'B-O', 'B-O', 'B-O', 'B-O', 'B-O', 'B-O', 'B-O', 'B-O', 'B-O', 'B-O', 'B-O', 'B-O', 'B-O', 'B-O', 'B-O', 'B-O', 'B-O', 'B-O', 'B-O', 'B-O', 'B-O', 'B-O', 'B-O', 'B-O', 'B-O', 'B-O']	['nitrite', 'induction', 'of', 'the', 'nirb', 'promoter', 'was', '#decreased', 'by', 'disruption', 'of', 'narl', 'which', 'was', 'not', 'suppressing', 'induction', 'by', 'nitrate', ',', 'suggesting', 'that', 'there', 'may', 'be', 'a', 'second', 'nitrate-responsive', 'factor', '.']
33	['B-O', 'B-O', 'B-O', 'B-O', 'B-O', 'B-O', 'B-O', 'B-O', 'B-O', 'B-O', 'B-O', 'B-O', 'B-O', 'B-O', 'B-O', 'B-O', 'B-O', 'B-O', 'B-O', 'B-O', 'B-O', 'B-O', 'B-O', 'B-O', 'B-O', 'B-O', 'B-O', 'B-O', 'B-O', 'B-O', 'B-O', 'B-O', 'B-O', 'B-O', 'B-O']	['deletion', 'of', 'the', 'arca', 'gene', 'causes', 'about', 'a', '2-fold', 'increase', 'in', 'the', 'ptsg', 'expression', ',', 'and', 'nitrite', 'induction', 'of', 'the', 'nirb', 'promoter', 'is', 'believed', 'to', 'be', 'significantly', '#decreased', 'by', 'disruption', 'of', 'narl', 'will', 'significantly', '.']
34	['B-O', 'B-O', 'B-O', 'B-O', 'B-O', 'B-O', 'B-O', 'B-O', 'B-O', 'B-O', 'B-O', 'B-O', 'B-O', 'B-O', 'B-O', 'B-O', 'B-O', 'B-O', 'B-O', 'B-O', 'B-O', 'B-O', 'B-O']	['the', 'production', 'of', 'c51', 'microcin', 'has', 'the', 'ability', 'to', 'to', '#decrease', 'or', 'be', 'absent', 'in', 'rpos', ',', 'crp', 'and', 'cya', 'mutant', 'cells', '.']
35	['B-O', 'B-O', 'B-O', 'B-O', 'B-O', 'B-O', 'B-O', 'B-O', 'B-O', 'B-O', 'B-O', 'B-O', 'B-O', 'B-O', 'B-O', 'B-O', 'B-O', 'B-O', 'B-O', 'B-O', 'B-O', 'B-O', 'B-O', 'B-O', 'B-O', 'B-O', 'B-O', 'B-O', 'B-O', 'B-O', 'B-O', 'B-O', 'B-O', 'B-O', 'B-O', 'B-O', 'B-O', 'B-O', 'B-O', 'B-O', 'B-O', 'B-O', 'B-O', 'B-O']	['in', 'contrast', ',', 'only', 'low', 'levels', 'of', 'the', 'truncated', 'rap1', 'peptides', 'are', 'detected', '(consistent', 'with', 'that', 'expression', 'levels', 'can', 'have', 'been', 'lowered', 'and', 'the', 'reln', 'mrna', 'content', 'can', 'have', 'been', 'decreased)', ',', 'and', 'neither', 'rap2', 'nor', 'rap3', 'is', 'co-immunoprecipitated', 'in', 'the', 'rap1', 'mutants', '.']
36	['B-O', 'B-O', 'B-O', 'B-O', 'B-O', 'B-O', 'B-O', 'B-O', 'B-O', 'B-O', 'B-O', 'B-O', 'B-O', 'B-O', 'B-O', 'B-O', 'B-O', 'B-O', 'B-O', 'B-O', 'B-O', 'B-O', 'B-O', 'B-O', 'B-O', 'B-O', 'B-O', 'B-O', 'B-O', 'B-O', 'B-O', 'B-O', 'B-O', 'B-O', 'B-O', 'B-O', 'B-O', 'B-O', 'B-O', 'B-O', 'B-O', 'B-O', 'B-O', 'B-O', 'B-O']	['in', 'contrast', ',', 'only', 'low', 'levels', 'of', 'the', 'truncated', 'rap1', 'peptides', 'are', 'detected', '(consistent', 'with', 'that', 'expression', 'levels', 'is', 'able', 'to', 'be', 'lowered', 'and', 'the', 'protection', 'is', 'able', 'to', 'be', 'decreased)', ',', 'and', 'neither', 'rap2', 'nor', 'rap3', 'is', 'be', 'co-immunoprecipitated', 'in', 'the', 'rap1', 'mutants', '.']
37	['B-O', 'B-O', 'B-O', 'B-O', 'B-O', 'B-O', 'B-O', 'B-O', 'B-O', 'B-O', 'B-O', 'B-O', 'B-O', 'B-O', 'B-O', 'B-O', 'B-O', 'B-O', 'B-O', 'B-O', 'B-O', 'B-O', 'B-O', 'B-O', 'B-O', 'B-O', 'B-O', 'B-O', 'B-O', 'B-O', 'B-O', 'B-O', 'B-O', 'B-O', 'B-O', 'B-O', 'B-O', 'B-O', 'B-O', 'B-O', 'B-O', 'B-O']	['in', 'contrast', ',', 'only', 'low', 'levels', 'of', 'the', 'truncated', 'rap1', 'peptides', 'were', 'detected', '(consistent', 'with', 'that', 'expression', 'levels', 'might', 'be', 'lowered', 'and', 'the', 'reln', 'mrna', 'content', 'might', 'be', 'decreased)', ',', 'and', 'neither', 'rap2', 'nor', 'rap3', 'was', 'co-immunoprecipitated', 'in', 'the', 'rap1', 'mutants', '.']
38	['B-O', 'B-O', 'B-O', 'B-O', 'B-O', 'B-O', 'B-O', 'B-O', 'B-O', 'B-O', 'B-O', 'B-O', 'B-O', 'B-O', 'B-O', 'B-O', 'B-O', 'B-O', 'B-O', 'B-O', 'B-O', 'B-O', 'B-O', 'B-O', 'B-O', 'B-O', 'B-O', 'B-O', 'B-O', 'B-O', 'B-O', 'B-O', 'B-O', 'B-O', 'B-O', 'B-O', 'B-O', 'B-O', 'B-O', 'B-O', 'B-O', 'B-O', 'B-O', 'B-O', 'B-O', 'B-O', 'B-O', 'B-O', 'B-O', 'B-O', 'B-O', 'B-O', 'B-O', 'B-O', 'B-O', 'B-O', 'B-O']	['if', 'this', 'distance', 'of', '30', 'amino', 'acids', 'is', 'not', 'maintained', ',', 'as', 'in', 'human', 'asprs', 'chimera#1', ',', 'or', 'in', 'yeast', 'lysts', 'chimera#1', 'and', 'yeast', 'asnrs', 'chimera#2', '(figure', '5b)', ',', 'the', 'binding', 'to', 'trna', 'is', 'strongly', 'affected', 'and', 'the', 'protection', 'is', 'believed', 'to', 'be', '#decreased', ',', 'or', 'even', 'abolished', 'in', 'the', 'case', 'of', 'human', 'asprs', 'chimera#1', '(table)', '.']
39	['B-O', 'B-O', 'B-O', 'B-O', 'B-O', 'B-O', 'B-O', 'B-O', 'B-O', 'B-O', 'B-O', 'B-O', 'B-O', 'B-O', 'B-O', 'B-O', 'B-O', 'B-O', 'B-O', 'B-O', 'B-O', 'B-O', 'B-O', 'B-O', 'B-O', 'B-O', 'B-O', 'B-O', 'B-O', 'B-O']	['disruption', 'of', 'narl', 'is', 'able', 'to', '#decrease', 'nitrite', 'induction', 'of', 'the', 'nirb', 'promoter', 'whilst', 'not', 'suppressing', 'induction', 'by', 'nitrate', ',', 'suggesting', 'that', 'there', 'may', 'be', 'a', 'second', 'nitrate-responsive', 'factor', '.']
40	['B-O', 'B-O', 'B-O', 'B-O', 'B-O', 'B-O', 'B-O', 'B-O', 'B-O', 'B-O', 'B-O', 'B-O', 'B-O', 'B-O', 'B-O', 'B-O', 'B-O', 'B-O', 'B-O', 'B-O', 'B-O', 'B-O', 'B-O', 'B-O', 'B-O', 'B-O', 'B-O', 'B-O', 'B-O', 'B-O', 'B-O', 'B-O', 'B-O']	['deletion', 'of', 'the', 'arca', 'gene', 'causes', 'about', 'a', '2-fold', 'increase', 'in', 'the', 'ptsg', 'expression', ',', 'and', 'nitrite', 'induction', 'of', 'the', 'nirb', 'promoter', 'may', 'be', 'significantly', '#decreased', 'by', 'disruption', 'of', 'narl', 'will', 'significantly', '.']
41	['B-O', 'B-O', 'B-O', 'B-O', 'B-O', 'B-O', 'B-O', 'B-O', 'B-O', 'B-O', 'B-O', 'B-O', 'B-O', 'B-O', 'B-O', 'B-O', 'B-O', 'B-O', 'B-O', 'B-O', 'B-O', 'B-O', 'B-O', 'B-O', 'B-O', 'B-O', 'B-O', 'B-O', 'B-O', 'B-O', 'B-O', 'B-O', 'B-O', 'B-O', 'B-O', 'B-O', 'B-O', 'B-O', 'B-O', 'B-O', 'B-O', 'B-O', 'B-O', 'B-O', 'B-O', 'B-O', 'B-O', 'B-O', 'B-O', 'B-O', 'B-O', 'B-O', 'B-O', 'B-O', 'B-O', 'B-O']	['if', 'this', 'distance', 'of', '30', 'amino', 'acids', 'is', 'not', 'maintained', ',', 'as', 'in', 'human', 'asprs', 'chimera#1', ',', 'or', 'in', 'yeast', 'lysts', 'chimera#1', 'and', 'yeast', 'asnrs', 'chimera#2', '(figure', '5b)', ',', 'the', 'binding', 'to', 'trna', 'is', 'strongly', 'affected', 'and', 'the', 'protection', 'will', 'have', 'been', '#decreased', ',', 'or', 'even', 'abolished', 'in', 'the', 'case', 'of', 'human', 'asprs', 'chimera#1', '(table)', '.']
42	['B-O', 'B-O', 'B-O', 'B-O', 'B-O', 'B-O', 'B-O', 'B-O', 'B-O', 'B-O', 'B-O', 'B-O', 'B-O', 'B-O', 'B-O', 'B-O', 'B-O', 'B-O']	['the', 'production', 'of', 'c51', 'microcin', '#decreases', 'or', 'is', 'absent', 'in', 'rpos', ',', 'crp', 'and', 'cya', 'mutant', 'cells', '.']
43	['B-O', 'B-O', 'B-O', 'B-O', 'B-O', 'B-O', 'B-O', 'B-O', 'B-O', 'B-O', 'B-O', 'B-O', 'B-O', 'B-O', 'B-O', 'B-O', 'B-O', 'B-O', 'B-O', 'B-O', 'B-O', 'B-O', 'B-O', 'B-O', 'B-O', 'B-O', 'B-O', 'B-O', 'B-O', 'B-O', 'B-O']	['nitrite', 'induction', 'of', 'the', 'nirb', 'promoter', 'could', 'be', '#decreased', 'by', 'disruption', 'of', 'narl', 'which', 'was', 'not', 'suppressing', 'induction', 'by', 'nitrate', ',', 'suggesting', 'that', 'there', 'may', 'be', 'a', 'second', 'nitrate-responsive', 'factor', '.']
44	['B-O', 'B-O', 'B-O', 'B-O', 'B-O', 'B-O', 'B-O', 'B-O', 'B-O', 'B-O', 'B-O', 'B-O', 'B-O', 'B-O', 'B-O', 'B-O', 'B-O', 'B-O', 'B-O', 'B-O', 'B-O', 'B-O', 'B-O', 'B-O', 'B-O', 'B-O', 'B-O', 'B-O', 'B-O']	['deletion', 'of', 'the', 'arca', 'gene', 'causes', 'about', 'a', '2-fold', 'increase', 'in', 'the', 'ptsg', 'expression', ',', 'and', 'disruption', 'of', 'narl', 'would', 'significantly', '#decrease', 'nitrite', 'induction', 'of', 'the', 'nirb', 'promoter', '.']
45	['B-O', 'B-O', 'B-O', 'B-O', 'B-O', 'B-O', 'B-O', 'B-O', 'B-O', 'B-O', 'B-O', 'B-O', 'B-O', 'B-O', 'B-O', 'B-O', 'B-O', 'B-O', 'B-O', 'B-O', 'B-O', 'B-O', 'B-O', 'B-O', 'B-O', 'B-O', 'B-O', 'B-O', 'B-O', 'B-O']	['nitrite', 'induction', 'of', 'the', 'nirb', 'promoter', 'is', '#decreased', 'by', 'disruption', 'of', 'narl', 'which', 'is', 'not', 'suppressing', 'induction', 'by', 'nitrate', ',', 'suggesting', 'that', 'there', 'may', 'be', 'a', 'second', 'nitrate-responsive', 'factor', '.']
46	['B-O', 'B-O', 'B-O', 'B-O', 'B-O', 'B-O', 'B-O', 'B-O', 'B-O', 'B-O', 'B-O', 'B-O', 'B-O', 'B-O', 'B-O', 'B-O', 'B-O', 'B-O', 'B-O', 'B-O', 'B-O', 'B-O', 'B-O', 'B-O', 'B-O', 'B-O', 'B-O', 'B-O', 'B-O', 'B-O', 'B-O', 'B-O', 'B-O', 'B-O', 'B-O', 'B-O', 'B-O', 'B-O', 'B-O', 'B-O', 'B-O', 'B-O', 'B-O', 'B-O', 'B-O', 'B-O', 'B-O', 'B-O', 'B-O', 'B-O', 'B-O', 'B-O', 'B-O', 'B-O', 'B-O', 'B-O', 'B-O', 'B-O', 'B-O', 'B-O']	['the', 'levels', 'of', 'clara', 'cell', 'secretory', 'protein', 'will', 'have', 'been', '#decreased', 'in', 'nlf', 'from', 'smokers', ',', 'and', 'it', 'has', 'also', 'been', 'found', 'that', 'nlf', 'from', 'smokers', 'contained', 'increased', 'proportions', 'of', 'a', 'truncated', 'variant', 'of', 'lipocortin-1', ',', 'threee', 'acidic', 'forms', 'of', 'alpha', '(1)-antitrypsin', ',', 'and', 'one', 'phosphorylated', 'form', 'of', 'cystatin', 's', '.syntrophin', 'binds', 'to', 'an', 'alternatively', 'spliced', 'exon', 'of', 'dystrophin', '.']
47	['B-O', 'B-O', 'B-O', 'B-O', 'B-O', 'B-O', 'B-O', 'B-O', 'B-O', 'B-O', 'B-O', 'B-O', 'B-O', 'B-O', 'B-O', 'B-O', 'B-O', 'B-O', 'B-O', 'B-O', 'B-O', 'B-O', 'B-O', 'B-O', 'B-O', 'B-O', 'B-O', 'B-O', 'B-O', 'B-O', 'B-O']	['nitrite', 'induction', 'of', 'the', 'nirb', 'promoter', 'might', 'be', '#decreased', 'by', 'disruption', 'of', 'narl', 'which', 'was', 'not', 'suppressing', 'induction', 'by', 'nitrate', ',', 'suggesting', 'that', 'there', 'may', 'be', 'a', 'second', 'nitrate-responsive', 'factor', '.']
48	['B-O', 'B-O', 'B-O', 'B-O', 'B-O', 'B-O', 'B-O', 'B-O', 'B-O', 'B-O', 'B-O', 'B-O', 'B-O', 'B-O', 'B-O', 'B-O', 'B-O', 'B-O', 'B-O', 'B-O', 'B-O', 'B-O', 'B-O', 'B-O', 'B-O', 'B-O', 'B-O', 'B-O', 'B-O', 'B-O', 'B-O', 'B-O', 'B-O', 'B-O', 'B-O', 'B-O', 'B-O', 'B-O', 'B-O', 'B-O', 'B-O', 'B-O', 'B-O', 'B-O', 'B-O', 'B-O', 'B-O', 'B-O', 'B-O', 'B-O', 'B-O', 'B-O', 'B-O', 'B-O', 'B-O']	['if', 'this', 'distance', 'of', '30', 'amino', 'acids', 'is', 'not', 'maintained', ',', 'as', 'in', 'human', 'asprs', 'chimera#1', ',', 'or', 'in', 'yeast', 'lysts', 'chimera#1', 'and', 'yeast', 'asnrs', 'chimera#2', '(figure', '5b)', ',', 'the', 'binding', 'to', 'trna', 'is', 'strongly', 'affected', 'and', 'the', 'protection', 'might', 'be', '#decreased', ',', 'or', 'even', 'abolished', 'in', 'the', 'case', 'of', 'human', 'asprs', 'chimera#1', '(table)', '.']
49	['B-O', 'B-O', 'B-O', 'B-O', 'B-O', 'B-O', 'B-O', 'B-O', 'B-O', 'B-O', 'B-O', 'B-O', 'B-O', 'B-O', 'B-O', 'B-O', 'B-O', 'B-O', 'B-O', 'B-O', 'B-O', 'B-O', 'B-O', 'B-O', 'B-O', 'B-O', 'B-O', 'B-O', 'B-O', 'B-O', 'B-O']	['deletion', 'of', 'the', 'arca', 'gene', 'causes', 'about', 'a', '2-fold', 'increase', 'in', 'the', 'ptsg', 'expression', ',', 'and', 'disruption', 'of', 'narl', 'was', 'believed', 'to', 'significantly', '#decrease', 'nitrite', 'induction', 'of', 'the', 'nirb', 'promoter', '.']
50	['B-O', 'B-O', 'B-O', 'B-O', 'B-O', 'B-O', 'B-O', 'B-O', 'B-O', 'B-O', 'B-O', 'B-O', 'B-O', 'B-O', 'B-O', 'B-O', 'B-O', 'B-O', 'B-O', 'B-O', 'B-O', 'B-O', 'B-O', 'B-O', 'B-O', 'B-O', 'B-O', 'B-O', 'B-O', 'B-O', 'B-O', 'B-O', 'B-O']	['deletion', 'of', 'the', 'arca', 'gene', 'causes', 'about', 'a', '2-fold', 'increase', 'in', 'the', 'ptsg', 'expression', ',', 'and', 'nitrite', 'induction', 'of', 'the', 'nirb', 'promoter', 'can', 'be', 'significantly', '#decreased', 'by', 'disruption', 'of', 'narl', 'will', 'significantly', '.']
51	['B-O', 'B-O', 'B-O', 'B-O', 'B-O', 'B-O', 'B-O', 'B-O', 'B-O', 'B-O', 'B-O', 'B-O', 'B-O', 'B-O', 'B-O', 'B-O', 'B-O', 'B-O', 'B-O', 'B-O', 'B-O', 'B-O', 'B-O', 'B-O', 'B-O', 'B-O', 'B-O', 'B-O', 'B-O', 'B-O']	['disruption', 'of', 'narl', 'was', 'believed', 'to', '#decrease', 'nitrite', 'induction', 'of', 'the', 'nirb', 'promoter', 'whilst', 'not', 'suppressing', 'induction', 'by', 'nitrate', ',', 'suggesting', 'that', 'there', 'might', 'be', 'a', 'second', 'nitrate-responsive', 'factor', '.']
52	['B-O', 'B-O', 'B-O', 'B-O', 'B-O', 'B-O', 'B-O', 'B-O', 'B-O', 'B-O', 'B-O', 'B-O', 'B-O', 'B-O', 'B-O', 'B-O', 'B-O', 'B-O', 'B-O', 'B-O', 'B-O', 'B-O', 'B-O', 'B-O', 'B-O', 'B-O', 'B-O', 'B-O', 'B-O', 'B-O', 'B-O', 'B-O', 'B-O', 'B-O', 'B-O', 'B-O', 'B-O', 'B-O', 'B-O', 'B-O', 'B-O', 'B-O', 'B-O', 'B-O', 'B-O', 'B-O', 'B-O', 'B-O', 'B-O']	['in', 'contrast', ',', 'only', 'low', 'levels', 'of', 'the', 'truncated', 'rap1', 'peptides', 'are', 'detected', '(consistent', 'with', 'that', 'expression', 'levels', 'is', 'able', 'to', 'be', 'lowered', 'and', 'levels', 'of', 'clara', 'cell', 'secretory', 'protein', 'is', 'able', 'to', 'be', 'decreased)', ',', 'and', 'neither', 'rap2', 'nor', 'rap3', 'is', 'be', 'co-immunoprecipitated', 'in', 'the', 'rap1', 'mutants', '.']
53	['B-O', 'B-O', 'B-O', 'B-O', 'B-O', 'B-O', 'B-O', 'B-O', 'B-O', 'B-O', 'B-O', 'B-O', 'B-O', 'B-O', 'B-O', 'B-O', 'B-O', 'B-O', 'B-O', 'B-O', 'B-O', 'B-O', 'B-O', 'B-O', 'B-O', 'B-O', 'B-O', 'B-O', 'B-O', 'B-O', 'B-O', 'B-O', 'B-O']	['nitrite', 'induction', 'of', 'the', 'nirb', 'promoter', 'is', 'shown', 'to', 'be', '#decreased', 'by', 'disruption', 'of', 'narl', 'which', 'is', 'not', 'suppressing', 'induction', 'by', 'nitrate', ',', 'suggesting', 'that', 'there', 'may', 'be', 'a', 'second', 'nitrate-responsive', 'factor', '.']
54	['B-O', 'B-O', 'B-O', 'B-O', 'B-O', 'B-O', 'B-O', 'B-O', 'B-O', 'B-O', 'B-O', 'B-O', 'B-O', 'B-O', 'B-O', 'B-O', 'B-O', 'B-O', 'B-O', 'B-O', 'B-O', 'B-O', 'B-O', 'B-O', 'B-O', 'B-O', 'B-O', 'B-O', 'B-O', 'B-O', 'B-O', 'B-O', 'B-O', 'B-O', 'B-O', 'B-O', 'B-O', 'B-O', 'B-O', 'B-O', 'B-O', 'B-O', 'B-O', 'B-O']	['in', 'contrast', ',', 'only', 'low', 'levels', 'of', 'the', 'truncated', 'rap1', 'peptides', 'were', 'detected', '(consistent', 'with', 'that', 'expression', 'levels', 'could', 'be', 'lowered', 'and', 'levels', 'of', 'clara', 'cell', 'secretory', 'protein', 'could', 'be', 'decreased)', ',', 'and', 'neither', 'rap2', 'nor', 'rap3', 'was', 'co-immunoprecipitated', 'in', 'the', 'rap1', 'mutants', '.']
55	['B-O', 'B-O', 'B-O', 'B-O', 'B-O', 'B-O', 'B-O', 'B-O', 'B-O', 'B-O', 'B-O', 'B-O', 'B-O', 'B-O', 'B-O', 'B-O', 'B-O', 'B-O', 'B-O', 'B-O', 'B-O', 'B-O', 'B-O', 'B-O', 'B-O', 'B-O', 'B-O', 'B-O', 'B-O', 'B-O', 'B-O', 'B-O', 'B-O', 'B-O', 'B-O', 'B-O', 'B-O', 'B-O', 'B-O', 'B-O', 'B-O', 'B-O', 'B-O', 'B-O', 'B-O', 'B-O', 'B-O', 'B-O', 'B-O', 'B-O', 'B-O', 'B-O', 'B-O', 'B-O', 'B-O', 'B-O']	['if', 'this', 'distance', 'of', '30', 'amino', 'acids', 'is', 'not', 'maintained', ',', 'as', 'in', 'human', 'asprs', 'chimera#1', ',', 'or', 'in', 'yeast', 'lysts', 'chimera#1', 'and', 'yeast', 'asnrs', 'chimera#2', '(figure', '5b)', ',', 'the', 'binding', 'to', 'trna', 'is', 'strongly', 'affected', 'and', 'the', 'protection', 'can', 'have', 'been', '#decreased', ',', 'or', 'even', 'abolished', 'in', 'the', 'case', 'of', 'human', 'asprs', 'chimera#1', '(table)', '.']
56	['B-O', 'B-O', 'B-O', 'B-O', 'B-O', 'B-O', 'B-O', 'B-O', 'B-O', 'B-O', 'B-O', 'B-O', 'B-O', 'B-O', 'B-O', 'B-O', 'B-O', 'B-O', 'B-O', 'B-O', 'B-O', 'B-O', 'B-O', 'B-O', 'B-O', 'B-O', 'B-O', 'B-O', 'B-O', 'B-O', 'B-O', 'B-O', 'B-O', 'B-O']	['deletion', 'of', 'the', 'arca', 'gene', 'causes', 'about', 'a', '2-fold', 'increase', 'in', 'the', 'ptsg', 'expression', ',', 'and', 'nitrite', 'induction', 'of', 'the', 'nirb', 'promoter', 'may', 'have', 'been', 'significantly', '#decreased', 'by', 'disruption', 'of', 'narl', 'will', 'significantly', '.']
57	['B-O', 'B-O', 'B-O', 'B-O', 'B-O', 'B-O', 'B-O', 'B-O', 'B-O', 'B-O', 'B-O', 'B-O', 'B-O', 'B-O', 'B-O', 'B-O', 'B-O', 'B-O', 'B-O', 'B-O', 'B-O', 'B-O', 'B-O', 'B-O', 'B-O', 'B-O', 'B-O', 'B-O', 'B-O', 'B-O', 'B-O', 'B-O', 'B-O', 'B-O', 'B-O']	['deletion', 'of', 'the', 'arca', 'gene', 'causes', 'about', 'a', '2-fold', 'increase', 'in', 'the', 'ptsg', 'expression', ',', 'and', 'nitrite', 'induction', 'of', 'the', 'nirb', 'promoter', 'was', 'shown', 'to', 'be', 'significantly', '#decreased', 'by', 'disruption', 'of', 'narl', 'will', 'significantly', '.']
58	['B-O', 'B-O', 'B-O', 'B-O', 'B-O', 'B-O', 'B-O', 'B-O', 'B-O', 'B-O', 'B-O', 'B-O', 'B-O', 'B-O', 'B-O', 'B-O', 'B-O', 'B-O', 'B-O', 'B-O', 'B-O', 'B-O', 'B-O', 'B-O', 'B-O', 'B-O', 'B-O', 'B-O', 'B-O', 'B-O', 'B-O', 'B-O']	['nitrite', 'induction', 'of', 'the', 'nirb', 'promoter', 'can', 'have', 'been', '#decreased', 'by', 'disruption', 'of', 'narl', 'which', 'is', 'not', 'suppressing', 'induction', 'by', 'nitrate', ',', 'suggesting', 'that', 'there', 'may', 'be', 'a', 'second', 'nitrate-responsive', 'factor', '.']
59	['B-O', 'B-O', 'B-O', 'B-O', 'B-O', 'B-O', 'B-O', 'B-O', 'B-O', 'B-O', 'B-O', 'B-O', 'B-O', 'B-O', 'B-O', 'B-O', 'B-O', 'B-O', 'B-O', 'B-O', 'B-O', 'B-O', 'B-O', 'B-O', 'B-O', 'B-O', 'B-O', 'B-O', 'B-O', 'B-O', 'B-O', 'B-O']	['nitrite', 'induction', 'of', 'the', 'nirb', 'promoter', 'may', 'have', 'been', '#decreased', 'by', 'disruption', 'of', 'narl', 'which', 'is', 'not', 'suppressing', 'induction', 'by', 'nitrate', ',', 'suggesting', 'that', 'there', 'may', 'be', 'a', 'second', 'nitrate-responsive', 'factor', '.']
60	['B-O', 'B-O', 'B-O', 'B-O', 'B-O', 'B-O', 'B-O', 'B-O', 'B-O', 'B-O', 'B-O', 'B-O', 'B-O', 'B-O', 'B-O', 'B-O', 'B-O', 'B-O', 'B-O', 'B-O', 'B-O', 'B-O', 'B-O', 'B-O', 'B-O', 'B-O', 'B-O']	['disruption', 'of', 'narl', 'is', 'believed', 'to', '#decrease', 'nitrite', 'induction', 'of', 'the', 'nirb', 'promoter', ',', 'and', 'permits', 'a', 'recovery', 'of', 'both', 'reduced', 'glutathione', 'and', 'scavenger', 'enzyme', 'activity', '.']
61	['B-O', 'B-O', 'B-O', 'B-O', 'B-O', 'B-O', 'B-O', 'B-O', 'B-O', 'B-O', 'B-O', 'B-O', 'B-O', 'B-O', 'B-O', 'B-O', 'B-O', 'B-O', 'B-O', 'B-O', 'B-O', 'B-O', 'B-O', 'B-O', 'B-O', 'B-O', 'B-O', 'B-O']	['in', 'brain', 'areas', 'of', 'schizophrenia', 'patients', 'homologous', 'to', 'those', 'of', 'the', 'nonpsychiatric', 'subjects', ',', 'levels', 'of', 'clara', 'cell', 'secretory', 'protein', 'was', 'significantly', '#decreased', '(4050%;', 'see', 'table', '2)', '.']
62	['B-O', 'B-O', 'B-O', 'B-O', 'B-O', 'B-O', 'B-O', 'B-O', 'B-O', 'B-O', 'B-O', 'B-O', 'B-O', 'B-O', 'B-O', 'B-O', 'B-O', 'B-O', 'B-O', 'B-O', 'B-O', 'B-O', 'B-O', 'B-O', 'B-O', 'B-O', 'B-O', 'B-O']	['disruption', 'of', 'narl', 'has', '#decreased', 'nitrite', 'induction', 'of', 'the', 'nirb', 'promoter', 'whilst', 'not', 'suppressing', 'induction', 'by', 'nitrate', ',', 'suggesting', 'that', 'there', 'might', 'be', 'a', 'second', 'nitrate-responsive', 'factor', '.']
63	['B-O', 'B-O', 'B-O', 'B-O', 'B-O', 'B-O', 'B-O', 'B-O', 'B-O', 'B-O', 'B-O', 'B-O', 'B-O', 'B-O', 'B-O', 'B-O', 'B-O', 'B-O', 'B-O', 'B-O', 'B-O', 'B-O', 'B-O', 'B-O', 'B-O', 'B-O', 'B-O', 'B-O', 'B-O', 'B-O', 'B-O', 'B-O', 'B-O', 'B-O', 'B-O', 'B-O', 'B-O', 'B-O', 'B-O', 'B-O', 'B-O', 'B-O']	['in', 'contrast', ',', 'only', 'low', 'levels', 'of', 'the', 'truncated', 'rap1', 'peptides', 'have', 'been', 'detected', '(consistent', 'with', 'that', 'expression', 'levels', 'has', 'been', 'lowered', 'and', 'the', 'protection', 'has', 'been', 'decreased)', ',', 'and', 'neither', 'rap2', 'nor', 'rap3', 'has', 'been', 'co-immunoprecipitated', 'in', 'the', 'rap1', 'mutants', '.']
64	['B-O', 'B-O', 'B-O', 'B-O', 'B-O', 'B-O', 'B-O', 'B-O', 'B-O', 'B-O', 'B-O', 'B-O', 'B-O', 'B-O', 'B-O', 'B-O', 'B-O', 'B-O', 'B-O', 'B-O', 'B-O', 'B-O', 'B-O', 'B-O', 'B-O', 'B-O', 'B-O', 'B-O', 'B-O', 'B-O', 'B-O', 'B-O', 'B-O', 'B-O', 'B-O', 'B-O', 'B-O', 'B-O', 'B-O', 'B-O', 'B-O', 'B-O', 'B-O', 'B-O', 'B-O', 'B-O', 'B-O', 'B-O', 'B-O', 'B-O', 'B-O', 'B-O', 'B-O', 'B-O', 'B-O', 'B-O', 'B-O', 'B-O', 'B-O', 'B-O', 'B-O']	['the', 'levels', 'of', 'clara', 'cell', 'secretory', 'protein', 'is', 'able', 'to', 'be', '#decreased', 'in', 'nlf', 'from', 'smokers', ',', 'and', 'it', 'has', 'also', 'been', 'found', 'that', 'nlf', 'from', 'smokers', 'contained', 'increased', 'proportions', 'of', 'a', 'truncated', 'variant', 'of', 'lipocortin-1', ',', 'threee', 'acidic', 'forms', 'of', 'alpha', '(1)-antitrypsin', ',', 'and', 'one', 'phosphorylated', 'form', 'of', 'cystatin', 's', '.syntrophin', 'binds', 'to', 'an', 'alternatively', 'spliced', 'exon', 'of', 'dystrophin', '.']
65	['B-O', 'B-O', 'B-O', 'B-O', 'B-O', 'B-O', 'B-O', 'B-O', 'B-O', 'B-O', 'B-O', 'B-O', 'B-O', 'B-O', 'B-O', 'B-O', 'B-O', 'B-O', 'B-O', 'B-O', 'B-O', 'B-O', 'B-O', 'B-O', 'B-O', 'B-O', 'B-O', 'B-O', 'B-O', 'B-O', 'B-O', 'B-O', 'B-O', 'B-O', 'B-O', 'B-O', 'B-O', 'B-O', 'B-O', 'B-O', 'B-O', 'B-O', 'B-O', 'B-O', 'B-O', 'B-O', 'B-O', 'B-O', 'B-O', 'B-O', 'B-O', 'B-O', 'B-O', 'B-O', 'B-O', 'B-O', 'B-O', 'B-O', 'B-O']	['the', 'levels', 'of', 'clara', 'cell', 'secretory', 'protein', 'could', 'be', '#decreased', 'in', 'nlf', 'from', 'smokers', ',', 'and', 'it', 'has', 'also', 'been', 'found', 'that', 'nlf', 'from', 'smokers', 'contained', 'increased', 'proportions', 'of', 'a', 'truncated', 'variant', 'of', 'lipocortin-1', ',', 'threee', 'acidic', 'forms', 'of', 'alpha', '(1)-antitrypsin', ',', 'and', 'one', 'phosphorylated', 'form', 'of', 'cystatin', 's', '.syntrophin', 'binds', 'to', 'an', 'alternatively', 'spliced', 'exon', 'of', 'dystrophin', '.']
66	['B-O', 'B-O', 'B-O', 'B-O', 'B-O', 'B-O', 'B-O', 'B-O', 'B-O', 'B-O', 'B-O', 'B-O', 'B-O', 'B-O', 'B-O', 'B-O', 'B-O', 'B-O', 'B-O', 'B-O', 'B-O', 'B-O', 'B-O', 'B-O', 'B-O', 'B-O', 'B-O', 'B-O', 'B-O', 'B-O', 'B-O', 'B-O', 'B-O', 'B-O', 'B-O', 'B-O', 'B-O', 'B-O', 'B-O', 'B-O', 'B-O', 'B-O', 'B-O', 'B-O', 'B-O', 'B-O', 'B-O', 'B-O', 'B-O', 'B-O', 'B-O', 'B-O', 'B-O', 'B-O', 'B-O', 'B-O', 'B-O', 'B-O', 'B-O', 'B-O']	['the', 'levels', 'of', 'clara', 'cell', 'secretory', 'protein', 'is', 'able', 'to', 'be', '#decreased', 'in', 'nlf', 'from', 'smokers', ',', 'and', 'it', 'is', 'also', 'found', 'that', 'nlf', 'from', 'smokers', 'contained', 'increased', 'proportions', 'of', 'a', 'truncated', 'variant', 'of', 'lipocortin-1', ',', 'threee', 'acidic', 'forms', 'of', 'alpha', '(1)-antitrypsin', ',', 'and', 'one', 'phosphorylated', 'form', 'of', 'cystatin', 's', '.syntrophin', 'binds', 'to', 'an', 'alternatively', 'spliced', 'exon', 'of', 'dystrophin', '.']
67	['B-O', 'B-O', 'B-O', 'B-O', 'B-O', 'B-O', 'B-O', 'B-O', 'B-O', 'B-O', 'B-O', 'B-O', 'B-O', 'B-O', 'B-O', 'B-O', 'B-O', 'B-O', 'B-O', 'B-O', 'B-O', 'B-O', 'B-O', 'B-O', 'B-O', 'B-O', 'B-O', 'B-O', 'B-O', 'B-O', 'B-O', 'B-O', 'B-O', 'B-O', 'B-O', 'B-O', 'B-O', 'B-O', 'B-O', 'B-O', 'B-O', 'B-O', 'B-O', 'B-O']	['in', 'contrast', ',', 'only', 'low', 'levels', 'of', 'the', 'truncated', 'rap1', 'peptides', 'are', 'detected', '(consistent', 'with', 'that', 'expression', 'levels', 'can', 'be', 'lowered', 'and', 'levels', 'of', 'clara', 'cell', 'secretory', 'protein', 'can', 'be', 'decreased)', ',', 'and', 'neither', 'rap2', 'nor', 'rap3', 'is', 'co-immunoprecipitated', 'in', 'the', 'rap1', 'mutants', '.']
68	['B-O', 'B-O', 'B-O', 'B-O', 'B-O', 'B-O', 'B-O', 'B-O', 'B-O', 'B-O', 'B-O', 'B-O', 'B-O', 'B-O', 'B-O', 'B-O', 'B-O', 'B-O', 'B-O', 'B-O', 'B-O', 'B-O', 'B-O', 'B-O', 'B-O', 'B-O', 'B-O', 'B-O', 'B-O', 'B-O', 'B-O', 'B-O', 'B-O', 'B-O', 'B-O', 'B-O', 'B-O', 'B-O', 'B-O', 'B-O']	['in', 'contrast', ',', 'only', 'low', 'levels', 'of', 'the', 'truncated', 'rap1', 'peptides', 'are', 'detected', '(consistent', 'with', 'that', 'expression', 'levels', 'may', 'be', 'lowered', 'and', 'the', 'protection', 'may', 'be', 'decreased)', ',', 'and', 'neither', 'rap2', 'nor', 'rap3', 'is', 'co-immunoprecipitated', 'in', 'the', 'rap1', 'mutants', '.']
69	['B-O', 'B-O', 'B-O', 'B-O', 'B-O', 'B-O', 'B-O', 'B-O', 'B-O', 'B-O', 'B-O', 'B-O', 'B-O', 'B-O', 'B-O', 'B-O', 'B-O', 'B-O', 'B-O', 'B-O', 'B-O', 'B-O', 'B-O', 'B-O', 'B-O', 'B-O']	['in', 'brain', 'areas', 'of', 'schizophrenia', 'patients', 'homologous', 'to', 'those', 'of', 'the', 'nonpsychiatric', 'subjects', ',', 'the', 'reln', 'mrna', 'content', 'was', 'significantly', '#decreased', '(4050%;', 'see', 'table', '2)', '.']
70	['B-O', 'B-O', 'B-O', 'B-O', 'B-O', 'B-O', 'B-O', 'B-O', 'B-O', 'B-O', 'B-O', 'B-O', 'B-O', 'B-O', 'B-O', 'B-O', 'B-O', 'B-O', 'B-O', 'B-O', 'B-O', 'B-O', 'B-O', 'B-O', 'B-O', 'B-O', 'B-O', 'B-O', 'B-O']	['deletion', 'of', 'the', 'arca', 'gene', 'causes', 'about', 'a', '2-fold', 'increase', 'in', 'the', 'ptsg', 'expression', ',', 'and', 'disruption', 'of', 'narl', 'can', 'significantly', '#decrease', 'nitrite', 'induction', 'of', 'the', 'nirb', 'promoter', '.']
71	['B-O', 'B-O', 'B-O', 'B-O', 'B-O', 'B-O', 'B-O', 'B-O', 'B-O', 'B-O', 'B-O', 'B-O', 'B-O', 'B-O', 'B-O', 'B-O', 'B-O', 'B-O', 'B-O', 'B-O', 'B-O', 'B-O', 'B-O', 'B-O', 'B-O', 'B-O', 'B-O', 'B-O', 'B-O', 'B-O', 'B-O', 'B-O', 'B-O', 'B-O', 'B-O', 'B-O', 'B-O', 'B-O', 'B-O', 'B-O']	['in', 'contrast', ',', 'only', 'low', 'levels', 'of', 'the', 'truncated', 'rap1', 'peptides', 'are', 'detected', '(consistent', 'with', 'that', 'expression', 'levels', 'can', 'be', 'lowered', 'and', 'methionine', 'content', 'can', 'be', 'decreased)', ',', 'and', 'neither', 'rap2', 'nor', 'rap3', 'is', 'co-immunoprecipitated', 'in', 'the', 'rap1', 'mutants', '.']
72	['B-O', 'B-O', 'B-O', 'B-O', 'B-O', 'B-O', 'B-O', 'B-O', 'B-O', 'B-O', 'B-O', 'B-O', 'B-O', 'B-O', 'B-O', 'B-O', 'B-O', 'B-O', 'B-O', 'B-O', 'B-O', 'B-O', 'B-O', 'B-O', 'B-O', 'B-O', 'B-O', 'B-O', 'B-O', 'B-O', 'B-O', 'B-O', 'B-O', 'B-O', 'B-O', 'B-O', 'B-O', 'B-O', 'B-O', 'B-O', 'B-O', 'B-O', 'B-O', 'B-O', 'B-O']	['in', 'contrast', ',', 'only', 'low', 'levels', 'of', 'the', 'truncated', 'rap1', 'peptides', 'were', 'detected', '(consistent', 'with', 'that', 'expression', 'levels', 'was', 'able', 'to', 'be', 'lowered', 'and', 'methionine', 'content', 'was', 'able', 'to', 'be', 'decreased)', ',', 'and', 'neither', 'rap2', 'nor', 'rap3', 'was', 'be', 'co-immunoprecipitated', 'in', 'the', 'rap1', 'mutants', '.']
73	['B-O', 'B-O', 'B-O', 'B-O', 'B-O', 'B-O', 'B-O', 'B-O', 'B-O', 'B-O', 'B-O', 'B-O', 'B-O', 'B-O', 'B-O', 'B-O', 'B-O', 'B-O', 'B-O', 'B-O', 'B-O', 'B-O', 'B-O', 'B-O', 'B-O', 'B-O', 'B-O', 'B-O', 'B-O', 'B-O', 'B-O']	['deletion', 'of', 'the', 'arca', 'gene', 'has', 'caused', 'about', 'a', '2-fold', 'increase', 'in', 'the', 'ptsg', 'expression', ',', 'and', 'disruption', 'of', 'narl', 'will', 'have', 'significantly', '#decreased', 'nitrite', 'induction', 'of', 'the', 'nirb', 'promoter', '.']
74	['B-O', 'B-O', 'B-O', 'B-O', 'B-O', 'B-O', 'B-O', 'B-O', 'B-O', 'B-O', 'B-O', 'B-O', 'B-O', 'B-O', 'B-O', 'B-O', 'B-O', 'B-O', 'B-O', 'B-O', 'B-O', 'B-O', 'B-O', 'B-O', 'B-O', 'B-O', 'B-O', 'B-O', 'B-O', 'B-O', 'B-O', 'B-O', 'B-O', 'B-O', 'B-O', 'B-O', 'B-O', 'B-O', 'B-O', 'B-O']	['in', 'contrast', ',', 'only', 'low', 'levels', 'of', 'the', 'truncated', 'rap1', 'peptides', 'were', 'detected', '(consistent', 'with', 'that', 'expression', 'levels', 'might', 'be', 'lowered', 'and', 'methionine', 'content', 'might', 'be', 'decreased)', ',', 'and', 'neither', 'rap2', 'nor', 'rap3', 'was', 'co-immunoprecipitated', 'in', 'the', 'rap1', 'mutants', '.']
75	['B-O', 'B-O', 'B-O', 'B-O', 'B-O', 'B-O', 'B-O', 'B-O', 'B-O', 'B-O', 'B-O', 'B-O', 'B-O', 'B-O', 'B-O', 'B-O', 'B-O', 'B-O', 'B-O', 'B-O', 'B-O', 'B-O', 'B-O', 'B-O', 'B-O', 'B-O', 'B-O', 'B-O', 'B-O', 'B-O', 'B-O', 'B-O', 'B-O', 'B-O', 'B-O', 'B-O', 'B-O', 'B-O', 'B-O', 'B-O', 'B-O', 'B-O', 'B-O', 'B-O']	['in', 'contrast', ',', 'only', 'low', 'levels', 'of', 'the', 'truncated', 'rap1', 'peptides', 'will', 'be', 'detected', '(consistent', 'with', 'that', 'expression', 'levels', 'will', 'be', 'lowered', 'and', 'the', 'reln', 'mrna', 'content', 'will', 'be', 'decreased)', ',', 'and', 'neither', 'rap2', 'nor', 'rap3', 'will', 'be', 'co-immunoprecipitated', 'in', 'the', 'rap1', 'mutants', '.']
76	['B-O', 'B-O', 'B-O', 'B-O', 'B-O', 'B-O', 'B-O', 'B-O', 'B-O', 'B-O', 'B-O', 'B-O', 'B-O', 'B-O', 'B-O', 'B-O', 'B-O', 'B-O', 'B-O', 'B-O', 'B-O', 'B-O', 'B-O', 'B-O', 'B-O', 'B-O', 'B-O', 'B-O', 'B-O', 'B-O', 'B-O', 'B-O', 'B-O', 'B-O', 'B-O', 'B-O', 'B-O', 'B-O', 'B-O', 'B-O', 'B-O', 'B-O', 'B-O', 'B-O', 'B-O', 'B-O', 'B-O', 'B-O', 'B-O', 'B-O', 'B-O', 'B-O', 'B-O', 'B-O', 'B-O', 'B-O', 'B-O', 'B-O', 'B-O']	['the', 'levels', 'of', 'clara', 'cell', 'secretory', 'protein', 'will', 'be', '#decreased', 'in', 'nlf', 'from', 'smokers', ',', 'and', 'it', 'has', 'also', 'been', 'found', 'that', 'nlf', 'from', 'smokers', 'contained', 'increased', 'proportions', 'of', 'a', 'truncated', 'variant', 'of', 'lipocortin-1', ',', 'threee', 'acidic', 'forms', 'of', 'alpha', '(1)-antitrypsin', ',', 'and', 'one', 'phosphorylated', 'form', 'of', 'cystatin', 's', '.syntrophin', 'binds', 'to', 'an', 'alternatively', 'spliced', 'exon', 'of', 'dystrophin', '.']
77	['B-O', 'B-O', 'B-O', 'B-O', 'B-O', 'B-O', 'B-O', 'B-O', 'B-O', 'B-O', 'B-O', 'B-O', 'B-O', 'B-O', 'B-O', 'B-O', 'B-O', 'B-O', 'B-O', 'B-O', 'B-O', 'B-O', 'B-O', 'B-O', 'B-O', 'B-O', 'B-O', 'B-O', 'B-O', 'B-O', 'B-O', 'B-O', 'B-O', 'B-O', 'B-O', 'B-O', 'B-O', 'B-O']	['in', 'contrast', ',', 'only', 'low', 'levels', 'of', 'the', 'truncated', 'rap1', 'peptides', 'were', 'detected', '(consistent', 'with', 'that', 'expression', 'levels', 'was', 'lowered', 'and', 'methionine', 'content', 'was', 'decreased)', ',', 'and', 'neither', 'rap2', 'nor', 'rap3', 'was', 'co-immunoprecipitated', 'in', 'the', 'rap1', 'mutants', '.']
78	['B-O', 'B-O', 'B-O', 'B-O', 'B-O', 'B-O', 'B-O', 'B-O', 'B-O', 'B-O', 'B-O', 'B-O', 'B-O', 'B-O', 'B-O', 'B-O', 'B-O', 'B-O', 'B-O', 'B-O', 'B-O', 'B-O', 'B-O', 'B-O', 'B-O', 'B-O', 'B-O', 'B-O', 'B-O', 'B-O', 'B-O', 'B-O', 'B-O', 'B-O', 'B-O', 'B-O', 'B-O', 'B-O', 'B-O', 'B-O', 'B-O', 'B-O']	['in', 'contrast', ',', 'only', 'low', 'levels', 'of', 'the', 'truncated', 'rap1', 'peptides', 'are', 'detected', '(consistent', 'with', 'that', 'expression', 'levels', 'may', 'have', 'been', 'lowered', 'and', 'methionine', 'content', 'may', 'have', 'been', 'decreased)', ',', 'and', 'neither', 'rap2', 'nor', 'rap3', 'is', 'co-immunoprecipitated', 'in', 'the', 'rap1', 'mutants', '.']
79	['B-O', 'B-O', 'B-O', 'B-O', 'B-O', 'B-O', 'B-O', 'B-O', 'B-O', 'B-O', 'B-O', 'B-O', 'B-O', 'B-O', 'B-O', 'B-O', 'B-O', 'B-O', 'B-O', 'B-O', 'B-O', 'B-O', 'B-O', 'B-O', 'B-O', 'B-O', 'B-O', 'B-O', 'B-O', 'B-O', 'B-O', 'B-O', 'B-O', 'B-O', 'B-O', 'B-O', 'B-O', 'B-O', 'B-O', 'B-O']	['in', 'contrast', ',', 'only', 'low', 'levels', 'of', 'the', 'truncated', 'rap1', 'peptides', 'are', 'detected', '(consistent', 'with', 'that', 'expression', 'levels', 'may', 'be', 'lowered', 'and', 'methionine', 'content', 'may', 'be', 'decreased)', ',', 'and', 'neither', 'rap2', 'nor', 'rap3', 'is', 'co-immunoprecipitated', 'in', 'the', 'rap1', 'mutants', '.']
80	['B-O', 'B-O', 'B-O', 'B-O', 'B-O', 'B-O', 'B-O', 'B-O', 'B-O', 'B-O', 'B-O', 'B-O', 'B-O', 'B-O', 'B-O', 'B-O', 'B-O', 'B-O', 'B-O', 'B-O', 'B-O', 'B-O', 'B-O', 'B-O', 'B-O', 'B-O', 'B-O', 'B-O', 'B-O', 'B-O', 'B-O', 'B-O', 'B-O', 'B-O', 'B-O', 'B-O', 'B-O', 'B-O', 'B-O', 'B-O', 'B-O', 'B-O', 'B-O', 'B-O', 'B-O', 'B-O', 'B-O', 'B-O', 'B-O', 'B-O', 'B-O', 'B-O', 'B-O', 'B-O', 'B-O']	['if', 'this', 'distance', 'of', '30', 'amino', 'acids', 'is', 'not', 'maintained', ',', 'as', 'in', 'human', 'asprs', 'chimera#1', ',', 'or', 'in', 'yeast', 'lysts', 'chimera#1', 'and', 'yeast', 'asnrs', 'chimera#2', '(figure', '5b)', ',', 'the', 'binding', 'to', 'trna', 'is', 'strongly', 'affected', 'and', 'the', 'protection', 'will', 'be', '#decreased', ',', 'or', 'even', 'abolished', 'in', 'the', 'case', 'of', 'human', 'asprs', 'chimera#1', '(table)', '.']
81	['B-O', 'B-O', 'B-O', 'B-O', 'B-O', 'B-O', 'B-O', 'B-O', 'B-O', 'B-O', 'B-O', 'B-O', 'B-O', 'B-O', 'B-O', 'B-O', 'B-O', 'B-O', 'B-O', 'B-O', 'B-O', 'B-O', 'B-O', 'B-O', 'B-O']	['disruption', 'of', 'narl', 'can', '#decrease', 'nitrite', 'induction', 'of', 'the', 'nirb', 'promoter', ',', 'and', 'permits', 'a', 'recovery', 'of', 'both', 'reduced', 'glutathione', 'and', 'scavenger', 'enzyme', 'activity', '.']
82	['B-O', 'B-O', 'B-O', 'B-O', 'B-O', 'B-O', 'B-O', 'B-O', 'B-O', 'B-O', 'B-O', 'B-O', 'B-O', 'B-O', 'B-O', 'B-O', 'B-O', 'B-O', 'B-O', 'B-O', 'B-O']	['the', 'production', 'of', 'c51', 'microcin', 'is', 'shown', 'to', '#decrease', 'or', 'be', 'absent', 'in', 'rpos', ',', 'crp', 'and', 'cya', 'mutant', 'cells', '.']
83	['B-O', 'B-O', 'B-O', 'B-O', 'B-O', 'B-O', 'B-O', 'B-O', 'B-O', 'B-O', 'B-O', 'B-O', 'B-O', 'B-O', 'B-O', 'B-O', 'B-O', 'B-O', 'B-O', 'B-O', 'B-O', 'B-O', 'B-O', 'B-O', 'B-O', 'B-O', 'B-O', 'B-O', 'B-O', 'B-O', 'B-O', 'B-O', 'B-O']	['deletion', 'of', 'the', 'arca', 'gene', 'causes', 'about', 'a', '2-fold', 'increase', 'in', 'the', 'ptsg', 'expression', ',', 'and', 'nitrite', 'induction', 'of', 'the', 'nirb', 'promoter', 'will', 'be', 'significantly', '#decreased', 'by', 'disruption', 'of', 'narl', 'will', 'significantly', '.']
84	['B-O', 'B-O', 'B-O', 'B-O', 'B-O', 'B-O', 'B-O', 'B-O', 'B-O', 'B-O', 'B-O', 'B-O', 'B-O', 'B-O', 'B-O', 'B-O', 'B-O', 'B-O', 'B-O', 'B-O', 'B-O', 'B-O', 'B-O', 'B-O', 'B-O', 'B-O', 'B-O', 'B-O', 'B-O', 'B-O', 'B-O']	['nitrite', 'induction', 'of', 'the', 'nirb', 'promoter', 'would', 'be', '#decreased', 'by', 'disruption', 'of', 'narl', 'which', 'was', 'not', 'suppressing', 'induction', 'by', 'nitrate', ',', 'suggesting', 'that', 'there', 'may', 'be', 'a', 'second', 'nitrate-responsive', 'factor', '.']
85	['B-O', 'B-O', 'B-O', 'B-O', 'B-O', 'B-O', 'B-O', 'B-O', 'B-O', 'B-O', 'B-O', 'B-O', 'B-O', 'B-O', 'B-O', 'B-O', 'B-O', 'B-O', 'B-O', 'B-O', 'B-O']	['the', 'production', 'of', 'c51', 'microcin', 'is', 'able', 'to', '#decrease', 'or', 'be', 'absent', 'in', 'rpos', ',', 'crp', 'and', 'cya', 'mutant', 'cells', '.']
86	['B-O', 'B-O', 'B-O', 'B-O', 'B-O', 'B-O', 'B-O', 'B-O', 'B-O', 'B-O', 'B-O', 'B-O', 'B-O', 'B-O', 'B-O', 'B-O', 'B-O', 'B-O', 'B-O', 'B-O', 'B-O', 'B-O', 'B-O', 'B-O', 'B-O', 'B-O', 'B-O', 'B-O', 'B-O', 'B-O', 'B-O', 'B-O', 'B-O', 'B-O', 'B-O', 'B-O', 'B-O', 'B-O', 'B-O', 'B-O', 'B-O', 'B-O', 'B-O', 'B-O']	['in', 'contrast', ',', 'only', 'low', 'levels', 'of', 'the', 'truncated', 'rap1', 'peptides', 'will', 'be', 'detected', '(consistent', 'with', 'that', 'expression', 'levels', 'will', 'have', 'been', 'lowered', 'and', 'the', 'protection', 'will', 'have', 'been', 'decreased)', ',', 'and', 'neither', 'rap2', 'nor', 'rap3', 'will', 'be', 'co-immunoprecipitated', 'in', 'the', 'rap1', 'mutants', '.']
87	['B-O', 'B-O', 'B-O', 'B-O', 'B-O', 'B-O', 'B-O', 'B-O', 'B-O', 'B-O', 'B-O', 'B-O', 'B-O', 'B-O', 'B-O', 'B-O', 'B-O', 'B-O', 'B-O', 'B-O', 'B-O', 'B-O', 'B-O', 'B-O', 'B-O', 'B-O', 'B-O', 'B-O', 'B-O', 'B-O', 'B-O']	['nitrite', 'induction', 'of', 'the', 'nirb', 'promoter', 'may', 'be', '#decreased', 'by', 'disruption', 'of', 'narl', 'which', 'is', 'not', 'suppressing', 'induction', 'by', 'nitrate', ',', 'suggesting', 'that', 'there', 'may', 'be', 'a', 'second', 'nitrate-responsive', 'factor', '.']
88	['B-O', 'B-O', 'B-O', 'B-O', 'B-O', 'B-O', 'B-O', 'B-O', 'B-O', 'B-O', 'B-O', 'B-O', 'B-O', 'B-O', 'B-O', 'B-O', 'B-O', 'B-O', 'B-O', 'B-O', 'B-O', 'B-O', 'B-O', 'B-O']	['disruption', 'of', 'narl', '#decreased', 'nitrite', 'induction', 'of', 'the', 'nirb', 'promoter', ',', 'and', 'permitted', 'a', 'recovery', 'of', 'both', 'reduced', 'glutathione', 'and', 'scavenger', 'enzyme', 'activity', '.']
89	['B-O', 'B-O', 'B-O', 'B-O', 'B-O', 'B-O', 'B-O', 'B-O', 'B-O', 'B-O', 'B-O', 'B-O', 'B-O', 'B-O', 'B-O', 'B-O', 'B-O', 'B-O', 'B-O', 'B-O', 'B-O', 'B-O', 'B-O', 'B-O', 'B-O', 'B-O', 'B-O', 'B-O', 'B-O', 'B-O', 'B-O', 'B-O', 'B-O', 'B-O', 'B-O']	['deletion', 'of', 'the', 'arca', 'gene', 'causes', 'about', 'a', '2-fold', 'increase', 'in', 'the', 'ptsg', 'expression', ',', 'and', 'nitrite', 'induction', 'of', 'the', 'nirb', 'promoter', 'is', 'able', 'to', 'be', 'significantly', '#decreased', 'by', 'disruption', 'of', 'narl', 'will', 'significantly', '.']
90	['B-O', 'B-O', 'B-O', 'B-O', 'B-O', 'B-O', 'B-O', 'B-O', 'B-O', 'B-O', 'B-O', 'B-O', 'B-O', 'B-O', 'B-O', 'B-O', 'B-O', 'B-O', 'B-O', 'B-O', 'B-O', 'B-O', 'B-O', 'B-O', 'B-O', 'B-O', 'B-O']	['disruption', 'of', 'narl', '#decreased', 'nitrite', 'induction', 'of', 'the', 'nirb', 'promoter', 'whilst', 'not', 'suppressing', 'induction', 'by', 'nitrate', ',', 'suggesting', 'that', 'there', 'may', 'be', 'a', 'second', 'nitrate-responsive', 'factor', '.']
91	['B-O', 'B-O', 'B-O', 'B-O', 'B-O', 'B-O', 'B-O', 'B-O', 'B-O', 'B-O', 'B-O', 'B-O', 'B-O', 'B-O', 'B-O', 'B-O', 'B-O', 'B-O', 'B-O', 'B-O', 'B-O', 'B-O', 'B-O', 'B-O', 'B-O', 'B-O', 'B-O', 'B-O', 'B-O', 'B-O', 'B-O', 'B-O', 'B-O', 'B-O', 'B-O']	['in', 'contrast', ',', 'only', 'low', 'levels', 'of', 'the', 'truncated', 'rap1', 'peptides', 'were', 'detected', '(consistent', 'with', 'lower', 'expression', 'levels', 'and', '#decreased', 'methionine', 'content)', ',', 'and', 'neither', 'rap2', 'nor', 'rap3', 'was', 'co-immunoprecipitated', 'in', 'the', 'rap1', 'mutants', '.']
92	['B-O', 'B-O', 'B-O', 'B-O', 'B-O', 'B-O', 'B-O', 'B-O', 'B-O', 'B-O', 'B-O', 'B-O', 'B-O', 'B-O', 'B-O', 'B-O', 'B-O', 'B-O', 'B-O', 'B-O', 'B-O', 'B-O', 'B-O', 'B-O', 'B-O', 'B-O', 'B-O', 'B-O', 'B-O']	['deletion', 'of', 'the', 'arca', 'gene', 'causes', 'about', 'a', '2-fold', 'increase', 'in', 'the', 'ptsg', 'expression', ',', 'and', 'disruption', 'of', 'narl', 'will', 'significantly', '#decrease', 'nitrite', 'induction', 'of', 'the', 'nirb', 'promoter', '.']
93	['B-O', 'B-O', 'B-O', 'B-O', 'B-O', 'B-O', 'B-O', 'B-O', 'B-O', 'B-O', 'B-O', 'B-O', 'B-O', 'B-O', 'B-O', 'B-O', 'B-O', 'B-O', 'B-O', 'B-O', 'B-O', 'B-O', 'B-O', 'B-O']	['disruption', 'of', 'narl', '#decreases', 'nitrite', 'induction', 'of', 'the', 'nirb', 'promoter', ',', 'and', 'permitted', 'a', 'recovery', 'of', 'both', 'reduced', 'glutathione', 'and', 'scavenger', 'enzyme', 'activity', '.']
94	['B-O', 'B-O', 'B-O', 'B-O', 'B-O', 'B-O', 'B-O', 'B-O', 'B-O', 'B-O', 'B-O', 'B-O', 'B-O', 'B-O', 'B-O', 'B-O', 'B-O', 'B-O', 'B-O', 'B-O', 'B-O', 'B-O', 'B-O', 'B-O', 'B-O', 'B-O', 'B-O', 'B-O', 'B-O', 'B-O', 'B-O', 'B-O', 'B-O', 'B-O', 'B-O', 'B-O', 'B-O', 'B-O', 'B-O', 'B-O', 'B-O', 'B-O', 'B-O', 'B-O', 'B-O', 'B-O']	['in', 'contrast', ',', 'only', 'low', 'levels', 'of', 'the', 'truncated', 'rap1', 'peptides', 'are', 'detected', '(consistent', 'with', 'that', 'expression', 'levels', 'can', 'have', 'been', 'lowered', 'and', 'levels', 'of', 'clara', 'cell', 'secretory', 'protein', 'can', 'have', 'been', 'decreased)', ',', 'and', 'neither', 'rap2', 'nor', 'rap3', 'is', 'co-immunoprecipitated', 'in', 'the', 'rap1', 'mutants', '.']
95	['B-O', 'B-O', 'B-O', 'B-O', 'B-O', 'B-O', 'B-O', 'B-O', 'B-O', 'B-O', 'B-O', 'B-O', 'B-O', 'B-O', 'B-O', 'B-O', 'B-O', 'B-O', 'B-O', 'B-O', 'B-O', 'B-O', 'B-O', 'B-O', 'B-O', 'B-O', 'B-O', 'B-O', 'B-O']	['disruption', 'of', 'narl', 'will', 'have', '#decreased', 'nitrite', 'induction', 'of', 'the', 'nirb', 'promoter', 'whilst', 'not', 'suppressing', 'induction', 'by', 'nitrate', ',', 'suggesting', 'that', 'there', 'may', 'be', 'a', 'second', 'nitrate-responsive', 'factor', '.']
96	['B-O', 'B-O', 'B-O', 'B-O', 'B-O', 'B-O', 'B-O', 'B-O', 'B-O', 'B-O', 'B-O', 'B-O', 'B-O', 'B-O', 'B-O', 'B-O', 'B-O', 'B-O', 'B-O', 'B-O', 'B-O', 'B-O', 'B-O', 'B-O', 'B-O', 'B-O', 'B-O', 'B-O', 'B-O', 'B-O', 'B-O', 'B-O', 'B-O', 'B-O', 'B-O', 'B-O', 'B-O', 'B-O', 'B-O', 'B-O']	['in', 'contrast', ',', 'only', 'low', 'levels', 'of', 'the', 'truncated', 'rap1', 'peptides', 'are', 'detected', '(consistent', 'with', 'that', 'expression', 'levels', 'can', 'be', 'lowered', 'and', 'the', 'protection', 'can', 'be', 'decreased)', ',', 'and', 'neither', 'rap2', 'nor', 'rap3', 'is', 'co-immunoprecipitated', 'in', 'the', 'rap1', 'mutants', '.']
97	['B-O', 'B-O', 'B-O', 'B-O', 'B-O', 'B-O', 'B-O', 'B-O', 'B-O', 'B-O', 'B-O', 'B-O', 'B-O', 'B-O', 'B-O', 'B-O', 'B-O', 'B-O', 'B-O', 'B-O', 'B-O', 'B-O', 'B-O', 'B-O', 'B-O', 'B-O', 'B-O', 'B-O', 'B-O', 'B-O', 'B-O', 'B-O', 'B-O', 'B-O', 'B-O', 'B-O', 'B-O', 'B-O', 'B-O', 'B-O', 'B-O', 'B-O', 'B-O', 'B-O', 'B-O', 'B-O', 'B-O', 'B-O', 'B-O', 'B-O', 'B-O', 'B-O', 'B-O', 'B-O', 'B-O', 'B-O']	['if', 'this', 'distance', 'of', '30', 'amino', 'acids', 'is', 'not', 'maintained', ',', 'as', 'in', 'human', 'asprs', 'chimera#1', ',', 'or', 'in', 'yeast', 'lysts', 'chimera#1', 'and', 'yeast', 'asnrs', 'chimera#2', '(figure', '5b)', ',', 'the', 'binding', 'to', 'trna', 'is', 'strongly', 'affected', 'and', 'the', 'protection', 'may', 'have', 'been', '#decreased', ',', 'or', 'even', 'abolished', 'in', 'the', 'case', 'of', 'human', 'asprs', 'chimera#1', '(table)', '.']
98	['B-O', 'B-O', 'B-O', 'B-O', 'B-O', 'B-O', 'B-O', 'B-O', 'B-O', 'B-O', 'B-O', 'B-O', 'B-O', 'B-O', 'B-O', 'B-O', 'B-O', 'B-O', 'B-O', 'B-O', 'B-O', 'B-O', 'B-O', 'B-O', 'B-O', 'B-O', 'B-O', 'B-O']	['deletion', 'of', 'the', 'arca', 'gene', 'caused', 'about', 'a', '2-fold', 'increase', 'in', 'the', 'ptsg', 'expression', ',', 'and', 'disruption', 'of', 'narl', 'significantly', '#decreased', 'nitrite', 'induction', 'of', 'the', 'nirb', 'promoter', '.']
99	['B-O', 'B-O', 'B-O', 'B-O', 'B-O', 'B-O', 'B-O', 'B-O', 'B-O', 'B-O', 'B-O', 'B-O', 'B-O', 'B-O', 'B-O', 'B-O', 'B-O', 'B-O', 'B-O', 'B-O', 'B-O', 'B-O', 'B-O', 'B-O', 'B-O', 'B-O', 'B-O', 'B-O', 'B-O', 'B-O', 'B-O', 'B-O', 'B-O', 'B-O', 'B-O', 'B-O', 'B-O', 'B-O', 'B-O', 'B-O', 'B-O', 'B-O', 'B-O', 'B-O', 'B-O', 'B-O', 'B-O', 'B-O', 'B-O', 'B-O', 'B-O', 'B-O', 'B-O', 'B-O', 'B-O', 'B-O', 'B-O']	['if', 'this', 'distance', 'of', '30', 'amino', 'acids', 'is', 'not', 'maintained', ',', 'as', 'in', 'human', 'asprs', 'chimera#1', ',', 'or', 'in', 'yeast', 'lysts', 'chimera#1', 'and', 'yeast', 'asnrs', 'chimera#2', '(figure', '5b)', ',', 'the', 'binding', 'to', 'trna', 'is', 'strongly', 'affected', 'and', 'the', 'protection', 'is', 'able', 'to', 'be', '#decreased', ',', 'or', 'even', 'abolished', 'in', 'the', 'case', 'of', 'human', 'asprs', 'chimera#1', '(table)', '.']
100	['B-O', 'B-O', 'B-O', 'B-O', 'B-O', 'B-O', 'B-O', 'B-O', 'B-O', 'B-O', 'B-O', 'B-O', 'B-O', 'B-O', 'B-O', 'B-O', 'B-O', 'B-O', 'B-O', 'B-O', 'B-O', 'B-O', 'B-O', 'B-O', 'B-O', 'B-O', 'B-O', 'B-O', 'B-O', 'B-O', 'B-O', 'B-O', 'B-O', 'B-O', 'B-O', 'B-O', 'B-O', 'B-O', 'B-O', 'B-O', 'B-O', 'B-O', 'B-O', 'B-O', 'B-O', 'B-O', 'B-O']	['in', 'contrast', ',', 'only', 'low', 'levels', 'of', 'the', 'truncated', 'rap1', 'peptides', 'are', 'detected', '(consistent', 'with', 'that', 'expression', 'levels', 'is', 'able', 'to', 'be', 'lowered', 'and', 'the', 'reln', 'mrna', 'content', 'is', 'able', 'to', 'be', 'decreased)', ',', 'and', 'neither', 'rap2', 'nor', 'rap3', 'is', 'be', 'co-immunoprecipitated', 'in', 'the', 'rap1', 'mutants', '.']
101	['B-O', 'B-O', 'B-O', 'B-O', 'B-O', 'B-O', 'B-O', 'B-O', 'B-O', 'B-O', 'B-O', 'B-O', 'B-O', 'B-O', 'B-O', 'B-O', 'B-O', 'B-O', 'B-O', 'B-O', 'B-O', 'B-O', 'B-O', 'B-O', 'B-O', 'B-O', 'B-O', 'B-O', 'B-O', 'B-O', 'B-O', 'B-O', 'B-O', 'B-O', 'B-O', 'B-O', 'B-O', 'B-O', 'B-O', 'B-O', 'B-O', 'B-O', 'B-O', 'B-O', 'B-O', 'B-O', 'B-O', 'B-O', 'B-O', 'B-O', 'B-O', 'B-O', 'B-O', 'B-O', 'B-O', 'B-O', 'B-O', 'B-O', 'B-O']	['the', 'levels', 'of', 'clara', 'cell', 'secretory', 'protein', 'can', 'be', '#decreased', 'in', 'nlf', 'from', 'smokers', ',', 'and', 'it', 'has', 'also', 'been', 'found', 'that', 'nlf', 'from', 'smokers', 'contained', 'increased', 'proportions', 'of', 'a', 'truncated', 'variant', 'of', 'lipocortin-1', ',', 'threee', 'acidic', 'forms', 'of', 'alpha', '(1)-antitrypsin', ',', 'and', 'one', 'phosphorylated', 'form', 'of', 'cystatin', 's', '.syntrophin', 'binds', 'to', 'an', 'alternatively', 'spliced', 'exon', 'of', 'dystrophin', '.']
102	['B-O', 'B-O', 'B-O', 'B-O', 'B-O', 'B-O', 'B-O', 'B-O', 'B-O', 'B-O', 'B-O', 'B-O', 'B-O', 'B-O', 'B-O', 'B-O', 'B-O', 'B-O', 'B-O', 'B-O', 'B-O', 'B-O', 'B-O', 'B-O', 'B-O', 'B-O', 'B-O', 'B-O', 'B-O', 'B-O', 'B-O']	['deletion', 'of', 'the', 'arca', 'gene', 'causes', 'about', 'a', '2-fold', 'increase', 'in', 'the', 'ptsg', 'expression', ',', 'and', 'disruption', 'of', 'narl', 'is', 'believed', 'to', 'significantly', '#decrease', 'nitrite', 'induction', 'of', 'the', 'nirb', 'promoter', '.']
103	['B-O', 'B-O', 'B-O', 'B-O', 'B-O', 'B-O', 'B-O', 'B-O', 'B-O', 'B-O', 'B-O', 'B-O', 'B-O', 'B-O', 'B-O', 'B-O', 'B-O', 'B-O', 'B-O', 'B-O', 'B-O', 'B-O', 'B-O', 'B-O', 'B-O', 'B-O', 'B-O', 'B-O', 'B-O', 'B-O', 'B-O', 'B-O', 'B-O', 'B-O', 'B-O', 'B-O', 'B-O', 'B-O', 'B-O', 'B-O', 'B-O', 'B-O', 'B-O', 'B-O', 'B-O', 'B-O', 'B-O', 'B-O', 'B-O', 'B-O', 'B-O', 'B-O', 'B-O', 'B-O', 'B-O', 'B-O', 'B-O', 'B-O', 'B-O']	['the', 'levels', 'of', 'clara', 'cell', 'secretory', 'protein', 'has', 'been', '#decreased', 'in', 'nlf', 'from', 'smokers', ',', 'and', 'it', 'has', 'also', 'been', 'found', 'that', 'nlf', 'from', 'smokers', 'contained', 'increased', 'proportions', 'of', 'a', 'truncated', 'variant', 'of', 'lipocortin-1', ',', 'threee', 'acidic', 'forms', 'of', 'alpha', '(1)-antitrypsin', ',', 'and', 'one', 'phosphorylated', 'form', 'of', 'cystatin', 's', '.syntrophin', 'binds', 'to', 'an', 'alternatively', 'spliced', 'exon', 'of', 'dystrophin', '.']
104	['B-O', 'B-O', 'B-O', 'B-O', 'B-O', 'B-O', 'B-O', 'B-O', 'B-O', 'B-O', 'B-O', 'B-O', 'B-O', 'B-O', 'B-O', 'B-O', 'B-O', 'B-O', 'B-O', 'B-O', 'B-O', 'B-O', 'B-O', 'B-O', 'B-O', 'B-O', 'B-O', 'B-O', 'B-O', 'B-O', 'B-O', 'B-O', 'B-O', 'B-O', 'B-O', 'B-O', 'B-O', 'B-O', 'B-O', 'B-O', 'B-O', 'B-O']	['in', 'contrast', ',', 'only', 'low', 'levels', 'of', 'the', 'truncated', 'rap1', 'peptides', 'are', 'detected', '(consistent', 'with', 'that', 'expression', 'levels', 'can', 'have', 'been', 'lowered', 'and', 'the', 'protection', 'can', 'have', 'been', 'decreased)', ',', 'and', 'neither', 'rap2', 'nor', 'rap3', 'is', 'co-immunoprecipitated', 'in', 'the', 'rap1', 'mutants', '.']
105	['B-O', 'B-O', 'B-O', 'B-O', 'B-O', 'B-O', 'B-O', 'B-O', 'B-O', 'B-O', 'B-O', 'B-O', 'B-O', 'B-O', 'B-O', 'B-O', 'B-O', 'B-O', 'B-O', 'B-O', 'B-O', 'B-O', 'B-O', 'B-O', 'B-O', 'B-O', 'B-O', 'B-O', 'B-O', 'B-O', 'B-O']	['nitrite', 'induction', 'of', 'the', 'nirb', 'promoter', 'can', 'be', '#decreased', 'by', 'disruption', 'of', 'narl', 'which', 'is', 'not', 'suppressing', 'induction', 'by', 'nitrate', ',', 'suggesting', 'that', 'there', 'may', 'be', 'a', 'second', 'nitrate-responsive', 'factor', '.']
106	['B-O', 'B-O', 'B-O', 'B-O', 'B-O', 'B-O', 'B-O', 'B-O', 'B-O', 'B-O', 'B-O', 'B-O', 'B-O', 'B-O', 'B-O', 'B-O', 'B-O', 'B-O', 'B-O', 'B-O', 'B-O', 'B-O', 'B-O', 'B-O', 'B-O', 'B-O', 'B-O', 'B-O', 'B-O', 'B-O', 'B-O', 'B-O', 'B-O']	['nitrite', 'induction', 'of', 'the', 'nirb', 'promoter', 'was', 'believed', 'to', 'be', '#decreased', 'by', 'disruption', 'of', 'narl', 'which', 'was', 'not', 'suppressing', 'induction', 'by', 'nitrate', ',', 'suggesting', 'that', 'there', 'may', 'be', 'a', 'second', 'nitrate-responsive', 'factor', '.']
107	['B-O', 'B-O', 'B-O', 'B-O', 'B-O', 'B-O', 'B-O', 'B-O', 'B-O', 'B-O', 'B-O', 'B-O', 'B-O', 'B-O', 'B-O', 'B-O', 'B-O', 'B-O', 'B-O', 'B-O', 'B-O', 'B-O', 'B-O', 'B-O']	['lipid', 'peroxide', 'synthesis', 'can', 'be', '#decreased', 'by', 'treatment', 'with', 'melatonin', ',', 'and', 'permits', 'a', 'recovery', 'of', 'both', 'reduced', 'glutathione', 'and', 'scavenger', 'enzyme', 'activity', '.']
108	['B-O', 'B-O', 'B-O', 'B-O', 'B-O', 'B-O', 'B-O', 'B-O', 'B-O']	['their', 'mutation', 'causes', '#decreased', 'promoter', 'activity', 'in', 'cardiomyocytes', '.']
109	['B-O', 'B-O', 'B-O', 'B-O', 'B-O', 'B-O', 'B-O', 'B-O', 'B-O', 'B-O', 'B-O', 'B-O', 'B-O', 'B-O', 'B-O', 'B-O', 'B-O', 'B-O', 'B-O', 'B-O', 'B-O', 'B-O', 'B-O', 'B-O', 'B-O', 'B-O', 'B-O']	['treatment', 'with', 'melatonin', 'was', 'believed', 'to', '#decrease', 'lipid', 'peroxide', 'synthesis', 'whilst', 'not', 'suppressing', 'induction', 'by', 'nitrate', ',', 'suggesting', 'that', 'there', 'might', 'be', 'a', 'second', 'nitrate-responsive', 'factor', '.']
110	['B-O', 'B-O', 'B-O', 'B-O', 'B-O', 'B-O', 'B-O', 'B-O', 'B-O', 'B-O', 'B-O', 'B-O', 'B-O', 'B-O', 'B-O', 'B-O', 'B-O', 'B-O', 'B-O', 'B-O', 'B-O', 'B-O', 'B-O', 'B-O', 'B-O']	['treatment', 'with', 'melatonin', 'has', '#decreased', 'lipid', 'peroxide', 'synthesis', 'whilst', 'not', 'suppressing', 'induction', 'by', 'nitrate', ',', 'suggesting', 'that', 'there', 'might', 'be', 'a', 'second', 'nitrate-responsive', 'factor', '.']
111	['B-O', 'B-O', 'B-O', 'B-O', 'B-O', 'B-O', 'B-O', 'B-O', 'B-O', 'B-O', 'B-O', 'B-O', 'B-O', 'B-O', 'B-O', 'B-O', 'B-O', 'B-O', 'B-O', 'B-O', 'B-O', 'B-O', 'B-O', 'B-O']	['lipid', 'peroxide', 'synthesis', 'will', 'be', '#decreased', 'by', 'treatment', 'with', 'melatonin', ',', 'and', 'permits', 'a', 'recovery', 'of', 'both', 'reduced', 'glutathione', 'and', 'scavenger', 'enzyme', 'activity', '.']
112	['B-O', 'B-O', 'B-O', 'B-O', 'B-O', 'B-O', 'B-O', 'B-O', 'B-O', 'B-O', 'B-O', 'B-O', 'B-O', 'B-O', 'B-O', 'B-O', 'B-O', 'B-O', 'B-O', 'B-O', 'B-O', 'B-O', 'B-O', 'B-O', 'B-O', 'B-O']	['deletion', 'of', 'the', 'arca', 'gene', 'causes', 'about', 'a', '2-fold', 'increase', 'in', 'the', 'ptsg', 'expression', ',', 'and', 'treatment', 'with', 'melatonin', 'may', 'significantly', '#decrease', 'lipid', 'peroxide', 'synthesis', '.']
113	['B-O', 'B-O', 'B-O', 'B-O', 'B-O', 'B-O', 'B-O', 'B-O', 'B-O', 'B-O', 'B-O']	['their', 'mutation', 'is', 'able', 'to', '#decrease', 'promoter', 'activity', 'in', 'cardiomyocytes', '.']
114	['B-O', 'B-O', 'B-O', 'B-O', 'B-O', 'B-O', 'B-O', 'B-O', 'B-O', 'B-O', 'B-O']	['their', 'mutation', 'was', 'able', 'to', '#decrease', 'promoter', 'activity', 'in', 'cardiomyocytes', '.']
115	['B-O', 'B-O', 'B-O', 'B-O', 'B-O', 'B-O', 'B-O', 'B-O', 'B-O', 'B-O', 'B-O', 'B-O', 'B-O', 'B-O', 'B-O', 'B-O', 'B-O', 'B-O', 'B-O']	['mef2-binding', 'sites', 'have', 'been', 'reported', 'in', 'several', 'cardiac', 'promoters', 'and', 'their', 'mutation', 'could', '#decrease', 'promoter', 'activity', 'in', 'cardiomyocytes', '.']
116	['B-O', 'B-O', 'B-O', 'B-O', 'B-O', 'B-O', 'B-O', 'B-O', 'B-O', 'B-O', 'B-O', 'B-O', 'B-O', 'B-O', 'B-O', 'B-O', 'B-O', 'B-O', 'B-O', 'B-O', 'B-O']	['mef2-binding', 'sites', 'have', 'been', 'reported', 'in', 'several', 'cardiac', 'promoters', 'and', 'promoter', 'activity', 'might', 'be', '#decreased', 'by', 'their', 'mutation', 'in', 'cardiomyocytes', '.']
117	['B-O', 'B-O', 'B-O', 'B-O', 'B-O', 'B-O', 'B-O', 'B-O', 'B-O', 'B-O', 'B-O', 'B-O', 'B-O', 'B-O', 'B-O', 'B-O', 'B-O', 'B-O', 'B-O', 'B-O', 'B-O', 'B-O', 'B-O']	['mef2-binding', 'sites', 'have', 'been', 'reported', 'in', 'several', 'cardiac', 'promoters', 'and', 'promoter', 'activity', 'was', 'able', 'to', 'be', '#decreased', 'by', 'their', 'mutation', 'in', 'cardiomyocytes', '.']
118	['B-O', 'B-O', 'B-O', 'B-O', 'B-O', 'B-O', 'B-O', 'B-O', 'B-O']	['their', 'mutation', 'will', '#decrease', 'promoter', 'activity', 'in', 'cardiomyocytes', '.']
119	['B-O', 'B-O', 'B-O', 'B-O', 'B-O', 'B-O', 'B-O', 'B-O', 'B-O', 'B-O', 'B-O']	['promoter', 'activity', 'in', 'cardiomyocytes', 'would', 'be', '#decreased', 'by', 'their', 'mutation', '.']
120	['B-O', 'B-O', 'B-O', 'B-O', 'B-O', 'B-O', 'B-O', 'B-O', 'B-O', 'B-O', 'B-O', 'B-O', 'B-O', 'B-O', 'B-O', 'B-O', 'B-O', 'B-O', 'B-O', 'B-O', 'B-O', 'B-O', 'B-O', 'B-O', 'B-O', 'B-O', 'B-O']	['deletion', 'of', 'the', 'arca', 'gene', 'causes', 'about', 'a', '2-fold', 'increase', 'in', 'the', 'ptsg', 'expression', ',', 'and', 'treatment', 'with', 'melatonin', 'can', 'have', 'significantly', '#decreased', 'lipid', 'peroxide', 'synthesis', '.']
121	['B-O', 'B-O', 'B-O', 'B-O', 'B-O', 'B-O', 'B-O', 'B-O', 'B-O', 'B-O', 'B-O', 'B-O', 'B-O', 'B-O', 'B-O', 'B-O', 'B-O', 'B-O', 'B-O', 'B-O', 'B-O', 'B-O', 'B-O', 'B-O', 'B-O', 'B-O']	['deletion', 'of', 'the', 'arca', 'gene', 'caused', 'about', 'a', '2-fold', 'increase', 'in', 'the', 'ptsg', 'expression', ',', 'and', 'treatment', 'with', 'melatonin', 'has', 'significantly', '#decreased', 'lipid', 'peroxide', 'synthesis', '.']
122	['B-O', 'B-O', 'B-O', 'B-O', 'B-O', 'B-O', 'B-O', 'B-O', 'B-O', 'B-O', 'B-O', 'B-O', 'B-O']	['promoter', 'activity', 'in', 'cardiomyocytes', 'is', 'believed', 'to', 'be', '#decreased', 'by', 'their', 'mutation', '.']
123	['B-O', 'B-O', 'B-O', 'B-O', 'B-O', 'B-O', 'B-O', 'B-O', 'B-O', 'B-O', 'B-O', 'B-O', 'B-O', 'B-O', 'B-O', 'B-O', 'B-O', 'B-O', 'B-O', 'B-O', 'B-O', 'B-O', 'B-O']	['lipid', 'peroxide', 'synthesis', 'was', '#decreased', 'by', 'treatment', 'with', 'melatonin', ',', 'and', 'permitted', 'a', 'recovery', 'of', 'both', 'reduced', 'glutathione', 'and', 'scavenger', 'enzyme', 'activity', '.']
124	['B-O', 'B-O', 'B-O', 'B-O', 'B-O', 'B-O', 'B-O', 'B-O', 'B-O', 'B-O', 'B-O', 'B-O', 'B-O', 'B-O', 'B-O', 'B-O', 'B-O', 'B-O', 'B-O', 'B-O', 'B-O', 'B-O', 'B-O', 'B-O', 'B-O']	['treatment', 'with', 'melatonin', 'could', '#decrease', 'lipid', 'peroxide', 'synthesis', 'whilst', 'not', 'suppressing', 'induction', 'by', 'nitrate', ',', 'suggesting', 'that', 'there', 'could', 'be', 'a', 'second', 'nitrate-responsive', 'factor', '.']
125	['B-O', 'B-O', 'B-O', 'B-O', 'B-O', 'B-O', 'B-O', 'B-O', 'B-O', 'B-O', 'B-O', 'B-O', 'B-O']	['promoter', 'activity', 'in', 'cardiomyocytes', 'was', 'shown', 'to', 'be', '#decreased', 'by', 'their', 'mutation', '.']
126	['B-O', 'B-O', 'B-O', 'B-O', 'B-O', 'B-O', 'B-O', 'B-O', 'B-O', 'B-O', 'B-O', 'B-O', 'B-O', 'B-O', 'B-O', 'B-O', 'B-O', 'B-O', 'B-O', 'B-O', 'B-O', 'B-O', 'B-O', 'B-O', 'B-O', 'B-O', 'B-O']	['in', 'brain', 'areas', 'of', 'schizophrenia', 'patients', 'homologous', 'to', 'those', 'of', 'the', 'nonpsychiatric', 'subjects', ',', 'the', 'reln', 'mrna', 'content', 'might', 'be', 'significantly', '#decreased', '(4050%;', 'see', 'table', '2)', '.']
127	['B-O', 'B-O', 'B-O', 'B-O', 'B-O', 'B-O', 'B-O', 'B-O', 'B-O', 'B-O', 'B-O', 'B-O', 'B-O', 'B-O', 'B-O', 'B-O', 'B-O', 'B-O', 'B-O', 'B-O', 'B-O', 'B-O']	['treatment', 'with', 'melatonin', 'may', '#decrease', 'lipid', 'peroxide', 'synthesis', ',', 'and', 'permits', 'a', 'recovery', 'of', 'both', 'reduced', 'glutathione', 'and', 'scavenger', 'enzyme', 'activity', '.']
128	['B-O', 'B-O', 'B-O', 'B-O', 'B-O', 'B-O', 'B-O', 'B-O', 'B-O', 'B-O', 'B-O', 'B-O', 'B-O', 'B-O', 'B-O', 'B-O', 'B-O', 'B-O', 'B-O', 'B-O', 'B-O', 'B-O', 'B-O', 'B-O', 'B-O']	['treatment', 'with', 'melatonin', 'would', '#decrease', 'lipid', 'peroxide', 'synthesis', 'whilst', 'not', 'suppressing', 'induction', 'by', 'nitrate', ',', 'suggesting', 'that', 'there', 'might', 'be', 'a', 'second', 'nitrate-responsive', 'factor', '.']
129	['B-O', 'B-O', 'B-O', 'B-O', 'B-O', 'B-O', 'B-O', 'B-O', 'B-O', 'B-O', 'B-O', 'B-O', 'B-O', 'B-O', 'B-O', 'B-O', 'B-O', 'B-O', 'B-O']	['mef2-binding', 'sites', 'have', 'been', 'reported', 'in', 'several', 'cardiac', 'promoters', 'and', 'their', 'mutation', 'might', '#decrease', 'promoter', 'activity', 'in', 'cardiomyocytes', '.']
130	['B-O', 'B-O', 'B-O', 'B-O', 'B-O', 'B-O', 'B-O', 'B-O', 'B-O', 'B-O', 'B-O']	['their', 'mutation', 'was', 'shown', 'to', '#decrease', 'promoter', 'activity', 'in', 'cardiomyocytes', '.']
131	['B-O', 'B-O', 'B-O', 'B-O', 'B-O', 'B-O', 'B-O', 'B-O', 'B-O', 'B-O', 'B-O', 'B-O', 'B-O', 'B-O', 'B-O', 'B-O', 'B-O', 'B-O', 'B-O', 'B-O', 'B-O', 'B-O', 'B-O', 'B-O', 'B-O', 'B-O', 'B-O']	['in', 'brain', 'areas', 'of', 'schizophrenia', 'patients', 'homologous', 'to', 'those', 'of', 'the', 'nonpsychiatric', 'subjects', ',', 'the', 'reln', 'mrna', 'content', 'is', 'being', 'significantly', '#decreasing', '(4050%;', 'see', 'table', '2)', '.']
132	['B-O', 'B-O', 'B-O', 'B-O', 'B-O', 'B-O', 'B-O', 'B-O', 'B-O', 'B-O', 'B-O', 'B-O']	['promoter', 'activity', 'in', 'cardiomyocytes', 'may', 'have', 'been', '#decreased', 'by', 'their', 'mutation', '.']
133	['B-O', 'B-O', 'B-O', 'B-O', 'B-O', 'B-O', 'B-O', 'B-O', 'B-O', 'B-O', 'B-O']	['promoter', 'activity', 'in', 'cardiomyocytes', 'may', 'be', '#decreased', 'by', 'their', 'mutation', '.']
134	['B-O', 'B-O', 'B-O', 'B-O', 'B-O', 'B-O', 'B-O', 'B-O', 'B-O', 'B-O', 'B-O', 'B-O', 'B-O', 'B-O', 'B-O', 'B-O', 'B-O', 'B-O', 'B-O', 'B-O', 'B-O', 'B-O', 'B-O', 'B-O']	['lipid', 'peroxide', 'synthesis', 'might', 'be', '#decreased', 'by', 'treatment', 'with', 'melatonin', ',', 'and', 'permitted', 'a', 'recovery', 'of', 'both', 'reduced', 'glutathione', 'and', 'scavenger', 'enzyme', 'activity', '.']
135	['B-O', 'B-O', 'B-O', 'B-O', 'B-O', 'B-O', 'B-O', 'B-O', 'B-O', 'B-O', 'B-O', 'B-O', 'B-O', 'B-O', 'B-O', 'B-O', 'B-O', 'B-O', 'B-O', 'B-O', 'B-O', 'B-O', 'B-O', 'B-O', 'B-O', 'B-O']	['lipid', 'peroxide', 'synthesis', 'will', 'have', 'been', '#decreased', 'by', 'treatment', 'with', 'melatonin', ',', 'and', 'have', 'permitted', 'a', 'recovery', 'of', 'both', 'reduced', 'glutathione', 'and', 'scavenger', 'enzyme', 'activity', '.']
136	['B-O', 'B-O', 'B-O', 'B-O', 'B-O', 'B-O', 'B-O', 'B-O', 'B-O', 'B-O', 'B-O', 'B-O', 'B-O', 'B-O', 'B-O', 'B-O', 'B-O', 'B-O', 'B-O', 'B-O', 'B-O', 'B-O', 'B-O', 'B-O', 'B-O', 'B-O', 'B-O', 'B-O']	['deletion', 'of', 'the', 'arca', 'gene', 'causes', 'about', 'a', '2-fold', 'increase', 'in', 'the', 'ptsg', 'expression', ',', 'and', 'treatment', 'with', 'melatonin', 'is', 'able', 'to', 'significantly', '#decrease', 'lipid', 'peroxide', 'synthesis', '.']
137	['B-O', 'B-O', 'B-O', 'B-O', 'B-O', 'B-O', 'B-O', 'B-O', 'B-O', 'B-O', 'B-O', 'B-O', 'B-O', 'B-O', 'B-O', 'B-O', 'B-O', 'B-O', 'B-O', 'B-O', 'B-O', 'B-O', 'B-O', 'B-O', 'B-O', 'B-O', 'B-O', 'B-O', 'B-O']	['deletion', 'of', 'the', 'arca', 'gene', 'caused', 'about', 'a', '2-fold', 'increase', 'in', 'the', 'ptsg', 'expression', ',', 'and', 'lipid', 'peroxide', 'synthesis', 'were', 'significantly', '#decreased', 'by', 'treatment', 'with', 'melatonin', 'will', 'significantly', '.']
138	['B-O', 'B-O', 'B-O', 'B-O', 'B-O', 'B-O', 'B-O', 'B-O', 'B-O', 'B-O', 'B-O', 'B-O', 'B-O', 'B-O', 'B-O', 'B-O', 'B-O', 'B-O', 'B-O', 'B-O', 'B-O', 'B-O', 'B-O', 'B-O', 'B-O', 'B-O']	['deletion', 'of', 'the', 'arca', 'gene', 'causes', 'about', 'a', '2-fold', 'increase', 'in', 'the', 'ptsg', 'expression', ',', 'and', 'treatment', 'with', 'melatonin', 'could', 'significantly', '#decrease', 'lipid', 'peroxide', 'synthesis', '.']
139	['B-O', 'B-O', 'B-O', 'B-O', 'B-O', 'B-O', 'B-O', 'B-O', 'B-O', 'B-O', 'B-O', 'B-O', 'B-O', 'B-O', 'B-O', 'B-O', 'B-O', 'B-O', 'B-O', 'B-O', 'B-O', 'B-O']	['mef2-binding', 'sites', 'have', 'been', 'reported', 'in', 'several', 'cardiac', 'promoters', 'and', 'their', 'mutation', 'had', 'the', 'ability', 'to', '#decrease', 'promoter', 'activity', 'in', 'cardiomyocytes', '.']
140	['B-O', 'B-O', 'B-O', 'B-O', 'B-O', 'B-O', 'B-O', 'B-O', 'B-O', 'B-O', 'B-O', 'B-O', 'B-O', 'B-O', 'B-O', 'B-O', 'B-O', 'B-O', 'B-O', 'B-O', 'B-O', 'B-O', 'B-O', 'B-O', 'B-O', 'B-O', 'B-O', 'B-O']	['deletion', 'of', 'the', 'arca', 'gene', 'causes', 'about', 'a', '2-fold', 'increase', 'in', 'the', 'ptsg', 'expression', ',', 'and', 'treatment', 'with', 'melatonin', 'is', 'believed', 'to', 'significantly', '#decrease', 'lipid', 'peroxide', 'synthesis', '.']
141	['B-O', 'B-O', 'B-O', 'B-O', 'B-O', 'B-O', 'B-O', 'B-O', 'B-O', 'B-O', 'B-O', 'B-O', 'B-O', 'B-O', 'B-O', 'B-O', 'B-O', 'B-O', 'B-O', 'B-O', 'B-O', 'B-O', 'B-O', 'B-O', 'B-O', 'B-O', 'B-O', 'B-O', 'B-O', 'B-O', 'B-O', 'B-O']	['deletion', 'of', 'the', 'arca', 'gene', 'causes', 'about', 'a', '2-fold', 'increase', 'in', 'the', 'ptsg', 'expression', ',', 'and', 'lipid', 'peroxide', 'synthesis', 'was', 'believed', 'to', 'be', 'significantly', '#decreased', 'by', 'treatment', 'with', 'melatonin', 'will', 'significantly', '.']
142	['B-O', 'B-O', 'B-O', 'B-O', 'B-O', 'B-O', 'B-O', 'B-O']	['their', 'mutation', '#decreased', 'promoter', 'activity', 'in', 'cardiomyocytes', '.']
143	['B-O', 'B-O', 'B-O', 'B-O', 'B-O', 'B-O', 'B-O', 'B-O', 'B-O', 'B-O', 'B-O', 'B-O', 'B-O', 'B-O', 'B-O', 'B-O', 'B-O', 'B-O', 'B-O', 'B-O', 'B-O', 'B-O', 'B-O', 'B-O']	['treatment', 'with', 'melatonin', 'is', 'able', 'to', '#decrease', 'lipid', 'peroxide', 'synthesis', ',', 'and', 'permits', 'a', 'recovery', 'of', 'both', 'reduced', 'glutathione', 'and', 'scavenger', 'enzyme', 'activity', '.']
144	['B-O', 'B-O', 'B-O', 'B-O', 'B-O', 'B-O', 'B-O', 'B-O', 'B-O', 'B-O', 'B-O', 'B-O', 'B-O', 'B-O', 'B-O', 'B-O', 'B-O', 'B-O', 'B-O', 'B-O', 'B-O', 'B-O', 'B-O', 'B-O', 'B-O', 'B-O', 'B-O', 'B-O', 'B-O', 'B-O', 'B-O', 'B-O']	['deletion', 'of', 'the', 'arca', 'gene', 'causes', 'about', 'a', '2-fold', 'increase', 'in', 'the', 'ptsg', 'expression', ',', 'and', 'lipid', 'peroxide', 'synthesis', 'was', 'shown', 'to', 'be', 'significantly', '#decreased', 'by', 'treatment', 'with', 'melatonin', 'will', 'significantly', '.']
145	['B-O', 'B-O', 'B-O', 'B-O', 'B-O', 'B-O', 'B-O', 'B-O', 'B-O', 'B-O', 'B-O', 'B-O', 'B-O', 'B-O', 'B-O', 'B-O', 'B-O', 'B-O', 'B-O', 'B-O', 'B-O', 'B-O', 'B-O', 'B-O', 'B-O', 'B-O', 'B-O', 'B-O', 'B-O', 'B-O']	['deletion', 'of', 'the', 'arca', 'gene', 'caused', 'about', 'a', '2-fold', 'increase', 'in', 'the', 'ptsg', 'expression', ',', 'and', 'lipid', 'peroxide', 'synthesis', 'have', 'been', 'significantly', '#decreased', 'by', 'treatment', 'with', 'melatonin', 'will', 'significantly', '.']
146	['B-O', 'B-O', 'B-O', 'B-O', 'B-O', 'B-O', 'B-O', 'B-O', 'B-O', 'B-O', 'B-O', 'B-O', 'B-O', 'B-O', 'B-O', 'B-O', 'B-O', 'B-O', 'B-O', 'B-O', 'B-O']	['mef2-binding', 'sites', 'have', 'been', 'reported', 'in', 'several', 'cardiac', 'promoters', 'and', 'their', 'mutation', 'was', 'able', 'to', '#decrease', 'promoter', 'activity', 'in', 'cardiomyocytes', '.']
147	['B-O', 'B-O', 'B-O', 'B-O', 'B-O', 'B-O', 'B-O', 'B-O', 'B-O', 'B-O', 'B-O']	['promoter', 'activity', 'in', 'cardiomyocytes', 'could', 'be', '#decreased', 'by', 'their', 'mutation', '.']
148	['B-O', 'B-O', 'B-O', 'B-O', 'B-O', 'B-O', 'B-O', 'B-O', 'B-O', 'B-O', 'B-O', 'B-O', 'B-O', 'B-O', 'B-O', 'B-O', 'B-O', 'B-O', 'B-O', 'B-O', 'B-O', 'B-O', 'B-O', 'B-O', 'B-O', 'B-O', 'B-O', 'B-O']	['in', 'brain', 'areas', 'of', 'schizophrenia', 'patients', 'homologous', 'to', 'those', 'of', 'the', 'nonpsychiatric', 'subjects', ',', 'the', 'reln', 'mrna', 'content', 'can', 'have', 'been', 'significantly', '#decreased', '(4050%;', 'see', 'table', '2)', '.']
149	['B-O', 'B-O', 'B-O', 'B-O', 'B-O', 'B-O', 'B-O', 'B-O', 'B-O', 'B-O', 'B-O', 'B-O', 'B-O', 'B-O', 'B-O', 'B-O', 'B-O', 'B-O', 'B-O', 'B-O', 'B-O', 'B-O']	['mef2-binding', 'sites', 'have', 'been', 'reported', 'in', 'several', 'cardiac', 'promoters', 'and', 'their', 'mutation', 'has', 'the', 'ability', 'to', '#decrease', 'promoter', 'activity', 'in', 'cardiomyocytes', '.']
150	['B-O', 'B-O', 'B-O', 'B-O', 'B-O', 'B-O', 'B-O', 'B-O', 'B-O']	['their', 'mutation', 'would', '#decrease', 'promoter', 'activity', 'in', 'cardiomyocytes', '.']
151	['B-O', 'B-O', 'B-O', 'B-O', 'B-O', 'B-O', 'B-O', 'B-O', 'B-O', 'B-O', 'B-O', 'B-O', 'B-O', 'B-O', 'B-O', 'B-O', 'B-O', 'B-O', 'B-O', 'B-O', 'B-O', 'B-O']	['treatment', 'with', 'melatonin', 'has', '#decreased', 'lipid', 'peroxide', 'synthesis', ',', 'and', 'permitted', 'a', 'recovery', 'of', 'both', 'reduced', 'glutathione', 'and', 'scavenger', 'enzyme', 'activity', '.']
152	['B-O', 'B-O', 'B-O', 'B-O', 'B-O', 'B-O', 'B-O', 'B-O', 'B-O', 'B-O', 'B-O', 'B-O', 'B-O', 'B-O', 'B-O', 'B-O', 'B-O', 'B-O', 'B-O', 'B-O', 'B-O']	['mef2-binding', 'sites', 'have', 'been', 'reported', 'in', 'several', 'cardiac', 'promoters', 'and', 'promoter', 'activity', 'can', 'be', '#decreased', 'by', 'their', 'mutation', 'in', 'cardiomyocytes', '.']
153	['B-O', 'B-O', 'B-O', 'B-O', 'B-O', 'B-O', 'B-O', 'B-O', 'B-O', 'B-O', 'B-O', 'B-O', 'B-O', 'B-O', 'B-O', 'B-O', 'B-O', 'B-O', 'B-O', 'B-O', 'B-O', 'B-O', 'B-O', 'B-O', 'B-O', 'B-O', 'B-O', 'B-O', 'B-O', 'B-O', 'B-O']	['deletion', 'of', 'the', 'arca', 'gene', 'causes', 'about', 'a', '2-fold', 'increase', 'in', 'the', 'ptsg', 'expression', ',', 'and', 'lipid', 'peroxide', 'synthesis', 'may', 'have', 'been', 'significantly', '#decreased', 'by', 'treatment', 'with', 'melatonin', 'will', 'significantly', '.']
154	['B-O', 'B-O', 'B-O', 'B-O', 'B-O', 'B-O', 'B-O', 'B-O', 'B-O', 'B-O', 'B-O', 'B-O', 'B-O', 'B-O', 'B-O', 'B-O', 'B-O', 'B-O', 'B-O', 'B-O', 'B-O', 'B-O', 'B-O', 'B-O', 'B-O', 'B-O']	['lipid', 'peroxide', 'synthesis', 'is', 'able', 'to', 'be', '#decreased', 'by', 'treatment', 'with', 'melatonin', ',', 'and', 'permits', 'a', 'recovery', 'of', 'both', 'reduced', 'glutathione', 'and', 'scavenger', 'enzyme', 'activity', '.']
155	['B-O', 'B-O', 'B-O', 'B-O', 'B-O', 'B-O', 'B-O', 'B-O', 'B-O', 'B-O', 'B-O', 'B-O', 'B-O', 'B-O', 'B-O', 'B-O', 'B-O', 'B-O', 'B-O', 'B-O', 'B-O', 'B-O', 'B-O', 'B-O']	['treatment', 'with', 'melatonin', 'was', 'able', 'to', '#decrease', 'lipid', 'peroxide', 'synthesis', ',', 'and', 'permitted', 'a', 'recovery', 'of', 'both', 'reduced', 'glutathione', 'and', 'scavenger', 'enzyme', 'activity', '.']
156	['B-O', 'B-O', 'B-O', 'B-O', 'B-O', 'B-O', 'B-O', 'B-O', 'B-O', 'B-O', 'B-O', 'B-O', 'B-O', 'B-O', 'B-O', 'B-O', 'B-O', 'B-O', 'B-O', 'B-O', 'B-O', 'B-O', 'B-O', 'B-O', 'B-O', 'B-O']	['deletion', 'of', 'the', 'arca', 'gene', 'causes', 'about', 'a', '2-fold', 'increase', 'in', 'the', 'ptsg', 'expression', ',', 'and', 'treatment', 'with', 'melatonin', 'might', 'significantly', '#decrease', 'lipid', 'peroxide', 'synthesis', '.']
157	['B-O', 'B-O', 'B-O', 'B-O', 'B-O', 'B-O', 'B-O', 'B-O', 'B-O', 'B-O', 'B-O', 'B-O', 'B-O', 'B-O', 'B-O', 'B-O', 'B-O', 'B-O', 'B-O', 'B-O', 'B-O']	['mef2-binding', 'sites', 'have', 'been', 'reported', 'in', 'several', 'cardiac', 'promoters', 'and', 'promoter', 'activity', 'would', 'be', '#decreased', 'by', 'their', 'mutation', 'in', 'cardiomyocytes', '.']
158	['B-O', 'B-O', 'B-O', 'B-O', 'B-O', 'B-O', 'B-O', 'B-O', 'B-O', 'B-O', 'B-O', 'B-O', 'B-O', 'B-O', 'B-O', 'B-O', 'B-O', 'B-O', 'B-O', 'B-O', 'B-O', 'B-O', 'B-O', 'B-O']	['lipid', 'peroxide', 'synthesis', 'has', 'been', '#decreased', 'by', 'treatment', 'with', 'melatonin', ',', 'and', 'permitted', 'a', 'recovery', 'of', 'both', 'reduced', 'glutathione', 'and', 'scavenger', 'enzyme', 'activity', '.']
159	['B-O', 'B-O', 'B-O', 'B-O', 'B-O', 'B-O', 'B-O', 'B-O', 'B-O', 'B-O', 'B-O', 'B-O', 'B-O', 'B-O', 'B-O', 'B-O', 'B-O', 'B-O', 'B-O', 'B-O', 'B-O', 'B-O', 'B-O', 'B-O', 'B-O', 'B-O', 'B-O']	['in', 'brain', 'areas', 'of', 'schizophrenia', 'patients', 'homologous', 'to', 'those', 'of', 'the', 'nonpsychiatric', 'subjects', ',', 'the', 'reln', 'mrna', 'content', 'could', 'be', 'significantly', '#decreased', '(4050%;', 'see', 'table', '2)', '.']
160	['B-O', 'B-O', 'B-O', 'B-O', 'B-O', 'B-O', 'B-O', 'B-O', 'B-O', 'B-O', 'B-O', 'B-O', 'B-O', 'B-O', 'B-O', 'B-O', 'B-O', 'B-O', 'B-O', 'B-O', 'B-O', 'B-O', 'B-O', 'B-O', 'B-O', 'B-O']	['lipid', 'peroxide', 'synthesis', 'was', 'shown', 'to', 'be', '#decreased', 'by', 'treatment', 'with', 'melatonin', ',', 'and', 'permitted', 'a', 'recovery', 'of', 'both', 'reduced', 'glutathione', 'and', 'scavenger', 'enzyme', 'activity', '.']
161	['B-O', 'B-O', 'B-O', 'B-O', 'B-O', 'B-O', 'B-O', 'B-O', 'B-O', 'B-O', 'B-O', 'B-O', 'B-O', 'B-O', 'B-O', 'B-O', 'B-O', 'B-O', 'B-O', 'B-O']	['mef2-binding', 'sites', 'have', 'been', 'reported', 'in', 'several', 'cardiac', 'promoters', 'and', 'promoter', 'activity', 'is', '#decreased', 'by', 'their', 'mutation', 'in', 'cardiomyocytes', '.']
162	['B-O', 'B-O', 'B-O', 'B-O', 'B-O', 'B-O', 'B-O', 'B-O', 'B-O', 'B-O', 'B-O', 'B-O', 'B-O', 'B-O', 'B-O', 'B-O', 'B-O', 'B-O', 'B-O', 'B-O', 'B-O', 'B-O', 'B-O', 'B-O', 'B-O', 'B-O']	['lipid', 'peroxide', 'synthesis', 'was', 'believed', 'to', 'be', '#decreased', 'by', 'treatment', 'with', 'melatonin', ',', 'and', 'permitted', 'a', 'recovery', 'of', 'both', 'reduced', 'glutathione', 'and', 'scavenger', 'enzyme', 'activity', '.']
163	['B-O', 'B-O', 'B-O', 'B-O', 'B-O', 'B-O', 'B-O', 'B-O', 'B-O', 'B-O', 'B-O', 'B-O', 'B-O', 'B-O', 'B-O', 'B-O', 'B-O', 'B-O', 'B-O', 'B-O', 'B-O', 'B-O', 'B-O', 'B-O', 'B-O', 'B-O', 'B-O', 'B-O', 'B-O', 'B-O', 'B-O', 'B-O']	['deletion', 'of', 'the', 'arca', 'gene', 'causes', 'about', 'a', '2-fold', 'increase', 'in', 'the', 'ptsg', 'expression', ',', 'and', 'lipid', 'peroxide', 'synthesis', 'is', 'able', 'to', 'be', 'significantly', '#decreased', 'by', 'treatment', 'with', 'melatonin', 'will', 'significantly', '.']
164	['B-O', 'B-O', 'B-O', 'B-O', 'B-O', 'B-O', 'B-O', 'B-O', 'B-O', 'B-O', 'B-O', 'B-O', 'B-O', 'B-O', 'B-O', 'B-O', 'B-O', 'B-O', 'B-O', 'B-O', 'B-O', 'B-O', 'B-O', 'B-O', 'B-O']	['treatment', 'with', 'melatonin', 'might', '#decrease', 'lipid', 'peroxide', 'synthesis', 'whilst', 'not', 'suppressing', 'induction', 'by', 'nitrate', ',', 'suggesting', 'that', 'there', 'might', 'be', 'a', 'second', 'nitrate-responsive', 'factor', '.']
165	['B-O', 'B-O', 'B-O', 'B-O', 'B-O', 'B-O', 'B-O', 'B-O', 'B-O', 'B-O', 'B-O', 'B-O', 'B-O', 'B-O', 'B-O', 'B-O', 'B-O', 'B-O', 'B-O', 'B-O', 'B-O', 'B-O', 'B-O', 'B-O', 'B-O', 'B-O', 'B-O', 'B-O', 'B-O', 'B-O']	['deletion', 'of', 'the', 'arca', 'gene', 'causes', 'about', 'a', '2-fold', 'increase', 'in', 'the', 'ptsg', 'expression', ',', 'and', 'lipid', 'peroxide', 'synthesis', 'will', 'be', 'significantly', '#decreased', 'by', 'treatment', 'with', 'melatonin', 'will', 'significantly', '.']
166	['B-O', 'B-O', 'B-O', 'B-O', 'B-O', 'B-O', 'B-O', 'B-O', 'B-O', 'B-O']	['promoter', 'activity', 'in', 'cardiomyocytes', 'is', '#decreased', 'by', 'their', 'mutation', '.']
167	['B-O', 'B-O', 'B-O', 'B-O', 'B-O', 'B-O', 'B-O', 'B-O', 'B-O', 'B-O', 'B-O', 'B-O', 'B-O', 'B-O', 'B-O', 'B-O', 'B-O', 'B-O', 'B-O', 'B-O', 'B-O', 'B-O', 'B-O', 'B-O', 'B-O', 'B-O']	['lipid', 'peroxide', 'synthesis', 'may', 'have', 'been', '#decreased', 'by', 'treatment', 'with', 'melatonin', ',', 'and', 'have', 'permitted', 'a', 'recovery', 'of', 'both', 'reduced', 'glutathione', 'and', 'scavenger', 'enzyme', 'activity', '.']
168	['B-O', 'B-O', 'B-O', 'B-O', 'B-O', 'B-O', 'B-O', 'B-O', 'B-O', 'B-O', 'B-O', 'B-O', 'B-O', 'B-O', 'B-O', 'B-O', 'B-O', 'B-O', 'B-O', 'B-O', 'B-O']	['mef2-binding', 'sites', 'have', 'been', 'reported', 'in', 'several', 'cardiac', 'promoters', 'and', 'promoter', 'activity', 'may', 'be', '#decreased', 'by', 'their', 'mutation', 'in', 'cardiomyocytes', '.']
169	['B-O', 'B-O', 'B-O', 'B-O', 'B-O', 'B-O', 'B-O', 'B-O', 'B-O', 'B-O', 'B-O', 'B-O', 'B-O', 'B-O', 'B-O', 'B-O', 'B-O', 'B-O', 'B-O', 'B-O', 'B-O']	['mef2-binding', 'sites', 'have', 'been', 'reported', 'in', 'several', 'cardiac', 'promoters', 'and', 'their', 'mutation', 'is', 'believed', 'to', '#decrease', 'promoter', 'activity', 'in', 'cardiomyocytes', '.']
170	['B-O', 'B-O', 'B-O', 'B-O', 'B-O', 'B-O', 'B-O', 'B-O', 'B-O', 'B-O', 'B-O', 'B-O', 'B-O', 'B-O', 'B-O', 'B-O', 'B-O', 'B-O', 'B-O', 'B-O', 'B-O', 'B-O', 'B-O', 'B-O', 'B-O', 'B-O', 'B-O', 'B-O', 'B-O']	['in', 'brain', 'areas', 'of', 'schizophrenia', 'patients', 'homologous', 'to', 'those', 'of', 'the', 'nonpsychiatric', 'subjects', ',', 'the', 'reln', 'mrna', 'content', 'is', 'able', 'to', 'be', 'significantly', '#decreased', '(4050%;', 'see', 'table', '2)', '.']
171	['B-O', 'B-O', 'B-O', 'B-O', 'B-O', 'B-O', 'B-O', 'B-O', 'B-O', 'B-O', 'B-O', 'B-O', 'B-O', 'B-O', 'B-O', 'B-O', 'B-O', 'B-O', 'B-O', 'B-O', 'B-O', 'B-O', 'B-O', 'B-O']	['treatment', 'with', 'melatonin', 'is', 'believed', 'to', '#decrease', 'lipid', 'peroxide', 'synthesis', ',', 'and', 'permits', 'a', 'recovery', 'of', 'both', 'reduced', 'glutathione', 'and', 'scavenger', 'enzyme', 'activity', '.']
172	['B-O', 'B-O', 'B-O', 'B-O', 'B-O', 'B-O', 'B-O', 'B-O', 'B-O', 'B-O', 'B-O', 'B-O', 'B-O', 'B-O', 'B-O', 'B-O', 'B-O', 'B-O', 'B-O', 'B-O', 'B-O', 'B-O', 'B-O', 'B-O', 'B-O']	['deletion', 'of', 'the', 'arca', 'gene', 'causes', 'about', 'a', '2-fold', 'increase', 'in', 'the', 'ptsg', 'expression', ',', 'and', 'treatment', 'with', 'melatonin', 'significantly', '#decreases', 'lipid', 'peroxide', 'synthesis', '.']
173	['B-O', 'B-O', 'B-O', 'B-O', 'B-O', 'B-O', 'B-O', 'B-O', 'B-O', 'B-O', 'B-O', 'B-O', 'B-O', 'B-O', 'B-O', 'B-O', 'B-O', 'B-O', 'B-O', 'B-O', 'B-O', 'B-O', 'B-O', 'B-O']	['lipid', 'peroxide', 'synthesis', 'would', 'be', '#decreased', 'by', 'treatment', 'with', 'melatonin', ',', 'and', 'permitted', 'a', 'recovery', 'of', 'both', 'reduced', 'glutathione', 'and', 'scavenger', 'enzyme', 'activity', '.']
174	['B-O', 'B-O', 'B-O', 'B-O', 'B-O', 'B-O', 'B-O', 'B-O', 'B-O', 'B-O', 'B-O', 'B-O', 'B-O', 'B-O', 'B-O', 'B-O', 'B-O', 'B-O', 'B-O']	['mef2-binding', 'sites', 'have', 'been', 'reported', 'in', 'several', 'cardiac', 'promoters', 'and', 'their', 'mutation', 'may', '#decrease', 'promoter', 'activity', 'in', 'cardiomyocytes', '.']
175	['B-O', 'B-O', 'B-O', 'B-O', 'B-O', 'B-O', 'B-O', 'B-O', 'B-O', 'B-O', 'B-O', 'B-O', 'B-O', 'B-O', 'B-O', 'B-O', 'B-O', 'B-O', 'B-O', 'B-O', 'B-O', 'B-O', 'B-O', 'B-O', 'B-O', 'B-O']	['treatment', 'with', 'melatonin', 'may', 'have', '#decreased', 'lipid', 'peroxide', 'synthesis', 'whilst', 'not', 'suppressing', 'induction', 'by', 'nitrate', ',', 'suggesting', 'that', 'there', 'may', 'be', 'a', 'second', 'nitrate-responsive', 'factor', '.']
176	['B-O', 'B-O', 'B-O', 'B-O', 'B-O', 'B-O', 'B-O', 'B-O', 'B-O', 'B-O', 'B-O', 'B-O', 'B-O', 'B-O', 'B-O', 'B-O', 'B-O', 'B-O', 'B-O', 'B-O']	['mef2-binding', 'sites', 'have', 'been', 'reported', 'in', 'several', 'cardiac', 'promoters', 'and', 'promoter', 'activity', 'was', '#decreased', 'by', 'their', 'mutation', 'in', 'cardiomyocytes', '.']
177	['B-O', 'B-O', 'B-O', 'B-O', 'B-O', 'B-O', 'B-O', 'B-O', 'B-O', 'B-O', 'B-O', 'B-O', 'B-O', 'B-O', 'B-O', 'B-O', 'B-O', 'B-O', 'B-O', 'B-O', 'B-O', 'B-O', 'B-O', 'B-O', 'B-O', 'B-O', 'B-O', 'B-O', 'B-O', 'B-O', 'B-O']	['deletion', 'of', 'the', 'arca', 'gene', 'causes', 'about', 'a', '2-fold', 'increase', 'in', 'the', 'ptsg', 'expression', ',', 'and', 'lipid', 'peroxide', 'synthesis', 'can', 'have', 'been', 'significantly', '#decreased', 'by', 'treatment', 'with', 'melatonin', 'will', 'significantly', '.']
178	['B-O', 'B-O', 'B-O', 'B-O', 'B-O', 'B-O', 'B-O', 'B-O', 'B-O', 'B-O', 'B-O', 'B-O', 'B-O']	['promoter', 'activity', 'in', 'cardiomyocytes', 'is', 'shown', 'to', 'be', '#decreased', 'by', 'their', 'mutation', '.']
179	['B-O', 'B-O', 'B-O', 'B-O', 'B-O', 'B-O', 'B-O', 'B-O', 'B-O', 'B-O', 'B-O', 'B-O', 'B-O', 'B-O', 'B-O', 'B-O', 'B-O', 'B-O']	['mef2-binding', 'sites', 'have', 'been', 'reported', 'in', 'several', 'cardiac', 'promoters', 'and', 'their', 'mutation', '#decreased', 'promoter', 'activity', 'in', 'cardiomyocytes', '.']
180	['B-O', 'B-O', 'B-O', 'B-O', 'B-O', 'B-O', 'B-O', 'B-O', 'B-O', 'B-O', 'B-O', 'B-O', 'B-O', 'B-O', 'B-O', 'B-O', 'B-O', 'B-O', 'B-O', 'B-O', 'B-O', 'B-O']	['treatment', 'with', 'melatonin', 'would', '#decrease', 'lipid', 'peroxide', 'synthesis', ',', 'and', 'permitted', 'a', 'recovery', 'of', 'both', 'reduced', 'glutathione', 'and', 'scavenger', 'enzyme', 'activity', '.']
181	['B-O', 'B-O', 'B-O', 'B-O', 'B-O', 'B-O', 'B-O', 'B-O']	['their', 'mutation', '#decreases', 'promoter', 'activity', 'in', 'cardiomyocytes', '.']
182	['B-O', 'B-O', 'B-O', 'B-O', 'B-O', 'B-O', 'B-O', 'B-O', 'B-O', 'B-O', 'B-O', 'B-O', 'B-O', 'B-O', 'B-O', 'B-O', 'B-O', 'B-O', 'B-O', 'B-O', 'B-O', 'B-O', 'B-O', 'B-O', 'B-O', 'B-O', 'B-O', 'B-O', 'B-O', 'B-O']	['deletion', 'of', 'the', 'arca', 'gene', 'causes', 'about', 'a', '2-fold', 'increase', 'in', 'the', 'ptsg', 'expression', ',', 'and', 'lipid', 'peroxide', 'synthesis', 'can', 'be', 'significantly', '#decreased', 'by', 'treatment', 'with', 'melatonin', 'will', 'significantly', '.']
183	['B-O', 'B-O', 'B-O', 'B-O', 'B-O', 'B-O', 'B-O', 'B-O', 'B-O', 'B-O', 'B-O', 'B-O', 'B-O', 'B-O', 'B-O', 'B-O', 'B-O', 'B-O', 'B-O', 'B-O', 'B-O', 'B-O', 'B-O', 'B-O', 'B-O', 'B-O']	['lipid', 'peroxide', 'synthesis', 'can', 'have', 'been', '#decreased', 'by', 'treatment', 'with', 'melatonin', ',', 'and', 'have', 'permitted', 'a', 'recovery', 'of', 'both', 'reduced', 'glutathione', 'and', 'scavenger', 'enzyme', 'activity', '.']
184	['B-O', 'B-O', 'B-O', 'B-O', 'B-O', 'B-O', 'B-O', 'B-O', 'B-O']	['their', 'mutation', 'can', '#decrease', 'promoter', 'activity', 'in', 'cardiomyocytes', '.']
185	['B-O', 'B-O', 'B-O', 'B-O', 'B-O', 'B-O', 'B-O', 'B-O', 'B-O', 'B-O', 'B-O']	['promoter', 'activity', 'in', 'cardiomyocytes', 'might', 'be', '#decreased', 'by', 'their', 'mutation', '.']
186	['B-O', 'B-O', 'B-O', 'B-O', 'B-O', 'B-O', 'B-O', 'B-O', 'B-O', 'B-O', 'B-O', 'B-O', 'B-O', 'B-O', 'B-O', 'B-O', 'B-O', 'B-O', 'B-O']	['mef2-binding', 'sites', 'have', 'been', 'reported', 'in', 'several', 'cardiac', 'promoters', 'and', 'their', 'mutation', 'can', '#decrease', 'promoter', 'activity', 'in', 'cardiomyocytes', '.']
187	['B-O', 'B-O', 'B-O', 'B-O', 'B-O', 'B-O', 'B-O', 'B-O', 'B-O', 'B-O', 'B-O', 'B-O', 'B-O', 'B-O', 'B-O', 'B-O', 'B-O', 'B-O', 'B-O', 'B-O', 'B-O', 'B-O', 'B-O', 'B-O', 'B-O', 'B-O', 'B-O', 'B-O', 'B-O']	['in', 'brain', 'areas', 'of', 'schizophrenia', 'patients', 'homologous', 'to', 'those', 'of', 'the', 'nonpsychiatric', 'subjects', ',', 'the', 'reln', 'mrna', 'content', 'is', 'believed', 'to', 'be', 'significantly', '#decreased', '(4050%;', 'see', 'table', '2)', '.']
188	['B-O', 'B-O', 'B-O', 'B-O', 'B-O', 'B-O', 'B-O', 'B-O', 'B-O', 'B-O', 'B-O', 'B-O', 'B-O', 'B-O', 'B-O', 'B-O', 'B-O', 'B-O', 'B-O', 'B-O', 'B-O', 'B-O', 'B-O', 'B-O', 'B-O', 'B-O', 'B-O']	['treatment', 'with', 'melatonin', 'is', 'able', 'to', '#decrease', 'lipid', 'peroxide', 'synthesis', 'whilst', 'not', 'suppressing', 'induction', 'by', 'nitrate', ',', 'suggesting', 'that', 'there', 'may', 'be', 'a', 'second', 'nitrate-responsive', 'factor', '.']
189	['B-O', 'B-O', 'B-O', 'B-O', 'B-O', 'B-O', 'B-O', 'B-O', 'B-O', 'B-O', 'B-O', 'B-O', 'B-O', 'B-O', 'B-O', 'B-O', 'B-O', 'B-O', 'B-O', 'B-O', 'B-O', 'B-O', 'B-O']	['mef2-binding', 'sites', 'have', 'been', 'reported', 'in', 'several', 'cardiac', 'promoters', 'and', 'promoter', 'activity', 'was', 'believed', 'to', 'be', '#decreased', 'by', 'their', 'mutation', 'in', 'cardiomyocytes', '.']
190	['B-O', 'B-O', 'B-O', 'B-O', 'B-O', 'B-O', 'B-O', 'B-O', 'B-O', 'B-O', 'B-O', 'B-O', 'B-O', 'B-O', 'B-O', 'B-O', 'B-O', 'B-O', 'B-O', 'B-O', 'B-O', 'B-O', 'B-O', 'B-O', 'B-O', 'B-O', 'B-O', 'B-O', 'B-O', 'B-O', 'B-O', 'B-O']	['deletion', 'of', 'the', 'arca', 'gene', 'causes', 'about', 'a', '2-fold', 'increase', 'in', 'the', 'ptsg', 'expression', ',', 'and', 'lipid', 'peroxide', 'synthesis', 'is', 'shown', 'to', 'be', 'significantly', '#decreased', 'by', 'treatment', 'with', 'melatonin', 'will', 'significantly', '.']
191	['B-O', 'B-O', 'B-O', 'B-O', 'B-O', 'B-O', 'B-O', 'B-O', 'B-O', 'B-O', 'B-O', 'B-O', 'B-O', 'B-O', 'B-O', 'B-O', 'B-O', 'B-O', 'B-O', 'B-O', 'B-O', 'B-O', 'B-O', 'B-O', 'B-O', 'B-O', 'B-O', 'B-O']	['treatment', 'with', 'melatonin', 'has', 'the', 'ability', 'to', '#decrease', 'lipid', 'peroxide', 'synthesis', 'whilst', 'not', 'suppressing', 'induction', 'by', 'nitrate', ',', 'suggesting', 'that', 'there', 'may', 'be', 'a', 'second', 'nitrate-responsive', 'factor', '.']
192	['B-O', 'B-O', 'B-O', 'B-O', 'B-O', 'B-O', 'B-O', 'B-O', 'B-O', 'B-O', 'B-O', 'B-O', 'B-O', 'B-O', 'B-O', 'B-O', 'B-O', 'B-O', 'B-O', 'B-O', 'B-O', 'B-O', 'B-O', 'B-O', 'B-O', 'B-O', 'B-O', 'B-O', 'B-O']	['deletion', 'of', 'the', 'arca', 'gene', 'causes', 'about', 'a', '2-fold', 'increase', 'in', 'the', 'ptsg', 'expression', ',', 'and', 'lipid', 'peroxide', 'synthesis', 'are', 'significantly', '#decreased', 'by', 'treatment', 'with', 'melatonin', 'will', 'significantly', '.']
193	['B-O', 'B-O', 'B-O', 'B-O', 'B-O', 'B-O', 'B-O', 'B-O', 'B-O', 'B-O', 'B-O', 'B-O', 'B-O', 'B-O', 'B-O', 'B-O', 'B-O', 'B-O', 'B-O']	['mef2-binding', 'sites', 'have', 'been', 'reported', 'in', 'several', 'cardiac', 'promoters', 'and', 'their', 'mutation', 'would', '#decrease', 'promoter', 'activity', 'in', 'cardiomyocytes', '.']
194	['B-O', 'B-O', 'B-O', 'B-O', 'B-O', 'B-O', 'B-O', 'B-O', 'B-O', 'B-O', 'B-O', 'B-O', 'B-O']	['promoter', 'activity', 'in', 'cardiomyocytes', 'was', 'believed', 'to', 'be', '#decreased', 'by', 'their', 'mutation', '.']
