0	['B-O', 'B-O', 'B-O', 'B-O', 'B-O', 'B-O', 'B-O', 'B-O', 'B-O', 'B-O', 'B-O', 'B-O', 'B-O', 'B-O', 'B-O', 'B-O', 'B-O', 'B-O', 'B-O', 'B-O', 'B-O', 'B-O', 'B-O', 'B-O', 'B-O', 'B-O', 'B-O', 'B-O', 'B-O', 'B-O']	['a', 'stop', 'codon-containing', 'exon', '(exon', '4)', 'has', 'been', 'shown', 'to', 'be', 'finally', '#skipped', 'by', 'alternative', 'splicing', 'and', 'can', 'generate', 'a', 'transcript', 'that', 'is', 'predicted', 'to', 'encode', 'a', 'fusion', 'protein', '.']
1	['B-O', 'B-O', 'B-O', 'B-O', 'B-O', 'B-O', 'B-O', 'B-O', 'B-O', 'B-O', 'B-O', 'B-O', 'B-O', 'B-O', 'B-O', 'B-O', 'B-O', 'B-O', 'B-O', 'B-O', 'B-O', 'B-O', 'B-O', 'B-O', 'B-O']	['finally', ',', 'alternative', 'splicing', '#skips', 'a', 'stop', 'codon-containing', 'exon', '(exon', '4)', 'and', 'can', 'generate', 'a', 'transcript', 'that', 'is', 'predicted', 'to', 'encode', 'a', 'fusion', 'protein', '.']
2	['B-O', 'B-O', 'B-O', 'B-O', 'B-O', 'B-O', 'B-O', 'B-O', 'B-O', 'B-O', 'B-O', 'B-O', 'B-O', 'B-O', 'B-O', 'B-O', 'B-O', 'B-O', 'B-O', 'B-O', 'B-O', 'B-O', 'B-O', 'B-O', 'B-O', 'B-O', 'B-O', 'B-O']	['finally', ',', 'alternative', 'splicing', 'is', 'likely', 'to', '#skip', 'a', 'stop', 'codon-containing', 'exon', '(exon', '4)', 'and', 'can', 'generate', 'a', 'transcript', 'that', 'is', 'predicted', 'to', 'encode', 'a', 'fusion', 'protein', '.']
3	['B-O', 'B-O', 'B-O', 'B-O', 'B-O', 'B-O', 'B-O', 'B-O', 'B-O', 'B-O', 'B-O', 'B-O', 'B-O', 'B-O', 'B-O', 'B-O', 'B-O', 'B-O', 'B-O', 'B-O', 'B-O', 'B-O', 'B-O', 'B-O', 'B-O', 'B-O', 'B-O', 'B-O', 'B-O']	['finally', ',', 'alternative', 'splicing', 'has', 'been', 'shown', 'to', '#skip', 'a', 'stop', 'codon-containing', 'exon', '(exon', '4)', 'and', 'can', 'generate', 'a', 'transcript', 'that', 'is', 'predicted', 'to', 'encode', 'a', 'fusion', 'protein', '.']
4	['B-O', 'B-O', 'B-O', 'B-O', 'B-O', 'B-O', 'B-O', 'B-O', 'B-O', 'B-O', 'B-O', 'B-O', 'B-O', 'B-O', 'B-O', 'B-O']	['the', 'centromere', 'has', 'been', 'finally', '#skipped', 'on', 'all', 'tg', 'autosomes', 'as', 'on', 'the', 'female', 'xi', '.']
5	['B-O', 'B-O', 'B-O', 'B-O', 'B-O', 'B-O', 'B-O', 'B-O', 'B-O', 'B-O', 'B-O', 'B-O', 'B-O', 'B-O', 'B-O', 'B-O', 'B-O', 'B-O', 'B-O', 'B-O', 'B-O', 'B-O', 'B-O', 'B-O', 'B-O', 'B-O', 'B-O', 'B-O', 'B-O', 'B-O', 'B-O', 'B-O', 'B-O', 'B-O', 'B-O', 'B-O', 'B-O', 'B-O', 'B-O', 'B-O', 'B-O', 'B-O', 'B-O', 'B-O', 'B-O', 'B-O', 'B-O', 'B-O', 'B-O', 'B-O', 'B-O', 'B-O', 'B-O', 'B-O', 'B-O', 'B-O', 'B-O', 'B-O', 'B-O', 'B-O', 'B-O', 'B-O', 'B-O', 'B-O', 'B-O', 'B-O', 'B-O']	['direct', 'sequencing', 'of', 'the', 'paf-2', 'gene', 'revealed', 'a', 'homozygous', '1-bp', 'insertion', 'at', 'nucleotide', '511', '(511', 'inst)', 'in', 'one', 'patient', 'with', 'group', 'c', 'zellweger', 'syndrome', '(zs)', ',', 'which', 'introduces', 'a', 'premature', 'termination', 'codon', 'in', 'the', 'paf-2', 'gene', ',', 'and', ',', 'in', 'the', 'second', 'patient', ',', 'revealed', 'a', 'splice-site', 'mutation', 'in', 'intron', '3', '(ivs3+1g-->a)', 'being', 'observed', 'to', '#skip', 'exon', '3', ',', 'an', 'event', 'that', 'leads', 'to', 'peroxisome', 'deficiency', '.']
6	['B-O', 'B-O', 'B-O', 'B-O', 'B-O', 'B-O', 'B-O', 'B-O', 'B-O', 'B-O', 'B-O', 'B-O', 'B-O', 'B-O', 'B-O', 'B-O', 'B-O', 'B-O', 'B-O', 'B-O', 'B-O', 'B-O', 'B-O', 'B-O', 'B-O', 'B-O', 'B-O']	['finally', ',', 'alternative', 'splicing', 'may', 'have', '#skipped', 'a', 'stop', 'codon-containing', 'exon', '(exon', '4)', 'and', 'can', 'generate', 'a', 'transcript', 'that', 'is', 'predicted', 'to', 'encode', 'a', 'fusion', 'protein', '.']
7	['B-O', 'B-O', 'B-O', 'B-O', 'B-O', 'B-O', 'B-O', 'B-O', 'B-O', 'B-O', 'B-O', 'B-O', 'B-O', 'B-O', 'B-O', 'B-O', 'B-O', 'B-O']	['the', 'centromere', 'has', 'the', 'ability', 'to', 'be', '#skipped', 'on', 'all', 'tg', 'autosomes', 'as', 'on', 'the', 'female', 'xi', '.']
8	['B-O', 'B-O', 'B-O', 'B-O', 'B-O', 'B-O', 'B-O', 'B-O', 'B-O', 'B-O', 'B-O', 'B-O', 'B-O', 'B-O', 'B-O', 'B-O', 'B-O', 'B-O', 'B-O']	['the', 'centromere', 'has', 'been', 'shown', 'to', 'be', 'finally', '#skipped', 'on', 'all', 'tg', 'autosomes', 'as', 'on', 'the', 'female', 'xi', '.']
9	['B-O', 'B-O', 'B-O', 'B-O', 'B-O', 'B-O', 'B-O', 'B-O', 'B-O', 'B-O', 'B-O', 'B-O', 'B-O', 'B-O', 'B-O', 'B-O', 'B-O', 'B-O', 'B-O', 'B-O', 'B-O', 'B-O', 'B-O', 'B-O']	['alternative', 'splicing', 'finally', '#skipped', 'a', 'stop', 'codon-containing', 'exon', '(exon', '4)', 'and', 'can', 'generate', 'a', 'transcript', 'that', 'is', 'predicted', 'to', 'encode', 'a', 'fusion', 'protein', '.']
10	['B-O', 'B-O', 'B-O', 'B-O', 'B-O', 'B-O', 'B-O', 'B-O', 'B-O', 'B-O', 'B-O', 'B-O', 'B-O', 'B-O', 'B-O', 'B-O', 'B-O', 'B-O', 'B-O', 'B-O', 'B-O', 'B-O', 'B-O', 'B-O', 'B-O', 'B-O', 'B-O', 'B-O', 'B-O', 'B-O', 'B-O', 'B-O', 'B-O', 'B-O', 'B-O', 'B-O', 'B-O', 'B-O', 'B-O', 'B-O', 'B-O', 'B-O', 'B-O', 'B-O', 'B-O', 'B-O', 'B-O', 'B-O', 'B-O', 'B-O', 'B-O', 'B-O', 'B-O', 'B-O', 'B-O', 'B-O', 'B-O', 'B-O', 'B-O', 'B-O', 'B-O', 'B-O', 'B-O', 'B-O', 'B-O', 'B-O']	['direct', 'sequencing', 'of', 'the', 'paf-2', 'gene', 'revealed', 'a', 'homozygous', '1-bp', 'insertion', 'at', 'nucleotide', '511', '(511', 'inst)', 'in', 'one', 'patient', 'with', 'group', 'c', 'zellweger', 'syndrome', '(zs)', ',', 'which', 'introduces', 'a', 'premature', 'termination', 'codon', 'in', 'the', 'paf-2', 'gene', ',', 'and', ',', 'in', 'the', 'second', 'patient', ',', 'revealed', 'a', 'splice-site', 'mutation', 'in', 'intron', '3', '(ivs3+1g-->a)', ',', 'which', '#skipped', 'exon', '3', ',', 'an', 'event', 'that', 'leads', 'to', 'peroxisome', 'deficiency', '.']
11	['B-O', 'B-O', 'B-O', 'B-O', 'B-O', 'B-O', 'B-O', 'B-O', 'B-O', 'B-O', 'B-O', 'B-O', 'B-O', 'B-O', 'B-O', 'B-O', 'B-O', 'B-O', 'B-O', 'B-O', 'B-O', 'B-O', 'B-O', 'B-O', 'B-O', 'B-O', 'B-O', 'B-O', 'B-O', 'B-O', 'B-O', 'B-O', 'B-O', 'B-O', 'B-O', 'B-O', 'B-O', 'B-O', 'B-O', 'B-O', 'B-O', 'B-O', 'B-O', 'B-O', 'B-O', 'B-O', 'B-O', 'B-O', 'B-O', 'B-O', 'B-O', 'B-O', 'B-O', 'B-O', 'B-O', 'B-O', 'B-O', 'B-O', 'B-O', 'B-O', 'B-O', 'B-O', 'B-O', 'B-O', 'B-O', 'B-O', 'B-O']	['direct', 'sequencing', 'of', 'the', 'paf-2', 'gene', 'revealed', 'a', 'homozygous', '1-bp', 'insertion', 'at', 'nucleotide', '511', '(511', 'inst)', 'in', 'one', 'patient', 'with', 'group', 'c', 'zellweger', 'syndrome', '(zs)', ',', 'which', 'introduces', 'a', 'premature', 'termination', 'codon', 'in', 'the', 'paf-2', 'gene', ',', 'and', ',', 'in', 'the', 'second', 'patient', ',', 'revealed', 'a', 'splice-site', 'mutation', 'in', 'intron', '3', '(ivs3+1g-->a)', ',', 'which', 'has', '#skipped', 'exon', '3', ',', 'an', 'event', 'that', 'leads', 'to', 'peroxisome', 'deficiency', '.']
12	['B-O', 'B-O', 'B-O', 'B-O', 'B-O', 'B-O', 'B-O', 'B-O', 'B-O', 'B-O', 'B-O', 'B-O', 'B-O', 'B-O', 'B-O', 'B-O', 'B-O', 'B-O', 'B-O', 'B-O', 'B-O', 'B-O', 'B-O', 'B-O', 'B-O', 'B-O', 'B-O', 'B-O']	['alternative', 'splicing', 'has', 'the', 'ability', 'to', 'finally', '#skip', 'a', 'stop', 'codon-containing', 'exon', '(exon', '4)', 'and', 'can', 'generate', 'a', 'transcript', 'that', 'is', 'predicted', 'to', 'encode', 'a', 'fusion', 'protein', '.']
13	['B-O', 'B-O', 'B-O', 'B-O', 'B-O', 'B-O', 'B-O', 'B-O', 'B-O', 'B-O', 'B-O', 'B-O', 'B-O', 'B-O', 'B-O', 'B-O', 'B-O', 'B-O', 'B-O', 'B-O', 'B-O', 'B-O', 'B-O', 'B-O', 'B-O', 'B-O', 'B-O', 'B-O', 'B-O', 'B-O', 'B-O', 'B-O', 'B-O', 'B-O', 'B-O', 'B-O', 'B-O', 'B-O', 'B-O', 'B-O', 'B-O', 'B-O', 'B-O', 'B-O', 'B-O', 'B-O', 'B-O', 'B-O', 'B-O', 'B-O', 'B-O', 'B-O', 'B-O', 'B-O', 'B-O', 'B-O', 'B-O', 'B-O', 'B-O', 'B-O', 'B-O', 'B-O', 'B-O', 'B-O', 'B-O', 'B-O', 'B-O']	['direct', 'sequencing', 'of', 'the', 'paf-2', 'gene', 'revealed', 'a', 'homozygous', '1-bp', 'insertion', 'at', 'nucleotide', '511', '(511', 'inst)', 'in', 'one', 'patient', 'with', 'group', 'c', 'zellweger', 'syndrome', '(zs)', ',', 'which', 'introduces', 'a', 'premature', 'termination', 'codon', 'in', 'the', 'paf-2', 'gene', ',', 'and', ',', 'in', 'the', 'second', 'patient', ',', 'revealed', 'a', 'splice-site', 'mutation', 'in', 'intron', '3', '(ivs3+1g-->a)', ',', 'which', 'may', '#skip', 'exon', '3', ',', 'an', 'event', 'that', 'leads', 'to', 'peroxisome', 'deficiency', '.']
14	['B-O', 'B-O', 'B-O', 'B-O', 'B-O', 'B-O', 'B-O', 'B-O', 'B-O', 'B-O', 'B-O', 'B-O', 'B-O', 'B-O', 'B-O']	['the', 'centromere', 'has', 'been', '#skipped', 'on', 'all', 'tg', 'autosomes', 'as', 'on', 'the', 'female', 'xi', '.']
15	['B-O', 'B-O', 'B-O', 'B-O', 'B-O', 'B-O', 'B-O', 'B-O', 'B-O', 'B-O', 'B-O', 'B-O', 'B-O', 'B-O', 'B-O', 'B-O', 'B-O', 'B-O', 'B-O', 'B-O', 'B-O', 'B-O', 'B-O', 'B-O', 'B-O', 'B-O', 'B-O', 'B-O', 'B-O', 'B-O', 'B-O', 'B-O', 'B-O', 'B-O', 'B-O', 'B-O', 'B-O', 'B-O', 'B-O', 'B-O', 'B-O', 'B-O', 'B-O', 'B-O', 'B-O', 'B-O', 'B-O', 'B-O', 'B-O', 'B-O', 'B-O', 'B-O', 'B-O', 'B-O', 'B-O', 'B-O', 'B-O', 'B-O', 'B-O', 'B-O', 'B-O', 'B-O', 'B-O', 'B-O', 'B-O', 'B-O', 'B-O', 'B-O', 'B-O']	['direct', 'sequencing', 'of', 'the', 'paf-2', 'gene', 'revealed', 'a', 'homozygous', '1-bp', 'insertion', 'at', 'nucleotide', '511', '(511', 'inst)', 'in', 'one', 'patient', 'with', 'group', 'c', 'zellweger', 'syndrome', '(zs)', ',', 'which', 'introduces', 'a', 'premature', 'termination', 'codon', 'in', 'the', 'paf-2', 'gene', ',', 'and', ',', 'in', 'the', 'second', 'patient', ',', 'revealed', 'a', 'splice-site', 'mutation', 'in', 'intron', '3', '(ivs3+1g-->a)', ',', 'which', 'is', 'observed', 'to', '#skip', 'exon', '3', ',', 'an', 'event', 'that', 'leads', 'to', 'peroxisome', 'deficiency', '.']
16	['B-O', 'B-O', 'B-O', 'B-O', 'B-O', 'B-O', 'B-O', 'B-O', 'B-O', 'B-O', 'B-O', 'B-O', 'B-O', 'B-O', 'B-O', 'B-O', 'B-O', 'B-O', 'B-O', 'B-O', 'B-O', 'B-O', 'B-O', 'B-O', 'B-O', 'B-O']	['finally', ',', 'alternative', 'splicing', 'can', '#skip', 'a', 'stop', 'codon-containing', 'exon', '(exon', '4)', 'and', 'can', 'generate', 'a', 'transcript', 'that', 'is', 'predicted', 'to', 'encode', 'a', 'fusion', 'protein', '.']
17	['B-O', 'B-O', 'B-O', 'B-O', 'B-O', 'B-O', 'B-O', 'B-O', 'B-O', 'B-O', 'B-O', 'B-O', 'B-O', 'B-O', 'B-O', 'B-O', 'B-O', 'B-O', 'B-O', 'B-O', 'B-O', 'B-O', 'B-O', 'B-O', 'B-O', 'B-O', 'B-O', 'B-O', 'B-O', 'B-O', 'B-O']	['finally', ',', 'a', 'stop', 'codon-containing', 'exon', '(exon', '4)', 'has', 'the', 'ability', 'to', 'be', '#skipped', 'by', 'alternative', 'splicing', 'and', 'can', 'generate', 'a', 'transcript', 'that', 'is', 'predicted', 'to', 'encode', 'a', 'fusion', 'protein', '.']
18	['B-O', 'B-O', 'B-O', 'B-O', 'B-O', 'B-O', 'B-O', 'B-O', 'B-O', 'B-O', 'B-O', 'B-O', 'B-O', 'B-O', 'B-O', 'B-O', 'B-O', 'B-O', 'B-O', 'B-O', 'B-O', 'B-O', 'B-O', 'B-O', 'B-O', 'B-O', 'B-O', 'B-O', 'B-O']	['finally', ',', 'a', 'stop', 'codon-containing', 'exon', '(exon', '4)', 'may', 'have', 'been', '#skipped', 'by', 'alternative', 'splicing', 'and', 'can', 'generate', 'a', 'transcript', 'that', 'is', 'predicted', 'to', 'encode', 'a', 'fusion', 'protein', '.']
19	['B-O', 'B-O', 'B-O', 'B-O', 'B-O', 'B-O', 'B-O', 'B-O', 'B-O', 'B-O', 'B-O', 'B-O', 'B-O', 'B-O', 'B-O', 'B-O', 'B-O', 'B-O', 'B-O', 'B-O', 'B-O', 'B-O', 'B-O', 'B-O', 'B-O', 'B-O']	['a', 'stop', 'codon-containing', 'exon', '(exon', '4)', 'has', 'been', 'finally', '#skipped', 'by', 'alternative', 'splicing', 'and', 'generated', 'a', 'transcript', 'that', 'is', 'predicted', 'to', 'encode', 'a', 'fusion', 'protein', '.']
20	['B-O', 'B-O', 'B-O', 'B-O', 'B-O', 'B-O', 'B-O', 'B-O', 'B-O', 'B-O', 'B-O', 'B-O', 'B-O', 'B-O', 'B-O', 'B-O', 'B-O', 'B-O', 'B-O', 'B-O', 'B-O', 'B-O', 'B-O', 'B-O']	['alternative', 'splicing', 'finally', '#skips', 'a', 'stop', 'codon-containing', 'exon', '(exon', '4)', 'and', 'can', 'generate', 'a', 'transcript', 'that', 'is', 'predicted', 'to', 'encode', 'a', 'fusion', 'protein', '.']
21	['B-O', 'B-O', 'B-O', 'B-O', 'B-O', 'B-O', 'B-O', 'B-O', 'B-O', 'B-O', 'B-O', 'B-O', 'B-O', 'B-O']	['the', 'centromere', 'was', '#skipped', 'on', 'all', 'tg', 'autosomes', 'as', 'on', 'the', 'female', 'xi', '.']
22	['B-O', 'B-O', 'B-O', 'B-O', 'B-O', 'B-O', 'B-O', 'B-O', 'B-O', 'B-O', 'B-O', 'B-O', 'B-O', 'B-O', 'B-O', 'B-O', 'B-O', 'B-O', 'B-O', 'B-O', 'B-O', 'B-O', 'B-O', 'B-O', 'B-O', 'B-O', 'B-O']	['finally', ',', 'a', 'stop', 'codon-containing', 'exon', '(exon', '4)', 'could', 'be', '#skipped', 'by', 'alternative', 'splicing', 'and', 'generates', 'a', 'transcript', 'that', 'is', 'predicted', 'to', 'encode', 'a', 'fusion', 'protein', '.']
23	['B-O', 'B-O', 'B-O', 'B-O', 'B-O', 'B-O', 'B-O', 'B-O', 'B-O', 'B-O', 'B-O', 'B-O', 'B-O', 'B-O', 'B-O', 'B-O']	['the', 'centromere', 'may', 'have', 'been', '#skipped', 'on', 'all', 'tg', 'autosomes', 'as', 'on', 'the', 'female', 'xi', '.']
24	['B-O', 'B-O', 'B-O', 'B-O', 'B-O', 'B-O', 'B-O', 'B-O', 'B-O', 'B-O', 'B-O', 'B-O', 'B-O', 'B-O', 'B-O', 'B-O', 'B-O', 'B-O']	['the', 'centromere', 'is', 'observed', 'to', 'be', 'finally', '#skipped', 'on', 'all', 'tg', 'autosomes', 'as', 'on', 'the', 'female', 'xi', '.']
25	['B-O', 'B-O', 'B-O', 'B-O', 'B-O', 'B-O', 'B-O', 'B-O', 'B-O', 'B-O', 'B-O', 'B-O', 'B-O', 'B-O', 'B-O', 'B-O', 'B-O', 'B-O', 'B-O', 'B-O', 'B-O', 'B-O', 'B-O', 'B-O', 'B-O', 'B-O']	['finally', ',', 'a', 'stop', 'codon-containing', 'exon', '(exon', '4)', 'is', '#skipped', 'by', 'alternative', 'splicing', 'and', 'generates', 'a', 'transcript', 'that', 'is', 'predicted', 'to', 'encode', 'a', 'fusion', 'protein', '.']
26	['B-O', 'B-O', 'B-O', 'B-O', 'B-O', 'B-O', 'B-O', 'B-O', 'B-O', 'B-O', 'B-O', 'B-O', 'B-O', 'B-O', 'B-O', 'B-O', 'B-O', 'B-O', 'B-O', 'B-O', 'B-O', 'B-O', 'B-O', 'B-O', 'B-O']	['a', 'stop', 'codon-containing', 'exon', '(exon', '4)', 'was', 'finally', '#skipped', 'by', 'alternative', 'splicing', 'and', 'generated', 'a', 'transcript', 'that', 'is', 'predicted', 'to', 'encode', 'a', 'fusion', 'protein', '.']
27	['B-O', 'B-O', 'B-O', 'B-O', 'B-O', 'B-O', 'B-O', 'B-O', 'B-O', 'B-O', 'B-O', 'B-O', 'B-O', 'B-O', 'B-O', 'B-O', 'B-O', 'B-O', 'B-O', 'B-O', 'B-O', 'B-O', 'B-O', 'B-O', 'B-O', 'B-O', 'B-O', 'B-O', 'B-O']	['a', 'stop', 'codon-containing', 'exon', '(exon', '4)', 'is', 'believed', 'to', 'be', 'finally', '#skipped', 'by', 'alternative', 'splicing', 'and', 'can', 'generate', 'a', 'transcript', 'that', 'is', 'predicted', 'to', 'encode', 'a', 'fusion', 'protein', '.']
28	['B-O', 'B-O', 'B-O', 'B-O', 'B-O', 'B-O', 'B-O', 'B-O', 'B-O', 'B-O', 'B-O', 'B-O', 'B-O', 'B-O', 'B-O', 'B-O', 'B-O', 'B-O', 'B-O', 'B-O', 'B-O', 'B-O', 'B-O', 'B-O', 'B-O', 'B-O', 'B-O', 'B-O', 'B-O', 'B-O', 'B-O', 'B-O', 'B-O', 'B-O', 'B-O', 'B-O', 'B-O', 'B-O', 'B-O', 'B-O', 'B-O', 'B-O', 'B-O', 'B-O', 'B-O', 'B-O', 'B-O', 'B-O', 'B-O', 'B-O', 'B-O', 'B-O', 'B-O', 'B-O', 'B-O', 'B-O', 'B-O', 'B-O', 'B-O', 'B-O', 'B-O', 'B-O', 'B-O', 'B-O', 'B-O', 'B-O', 'B-O', 'B-O', 'B-O', 'B-O']	['direct', 'sequencing', 'of', 'the', 'paf-2', 'gene', 'revealed', 'a', 'homozygous', '1-bp', 'insertion', 'at', 'nucleotide', '511', '(511', 'inst)', 'in', 'one', 'patient', 'with', 'group', 'c', 'zellweger', 'syndrome', '(zs)', ',', 'which', 'introduces', 'a', 'premature', 'termination', 'codon', 'in', 'the', 'paf-2', 'gene', ',', 'and', ',', 'in', 'the', 'second', 'patient', ',', 'revealed', 'a', 'splice-site', 'mutation', 'in', 'intron', '3', '(ivs3+1g-->a)', ',', 'which', 'has', 'been', 'shown', 'to', '#skip', 'exon', '3', ',', 'an', 'event', 'that', 'leads', 'to', 'peroxisome', 'deficiency', '.']
29	['B-O', 'B-O', 'B-O', 'B-O', 'B-O', 'B-O', 'B-O', 'B-O', 'B-O', 'B-O', 'B-O', 'B-O', 'B-O', 'B-O', 'B-O']	['the', 'centromere', 'is', 'finally', '#skipped', 'on', 'all', 'tg', 'autosomes', 'as', 'on', 'the', 'female', 'xi', '.']
30	['B-O', 'B-O', 'B-O', 'B-O', 'B-O', 'B-O', 'B-O', 'B-O', 'B-O', 'B-O', 'B-O', 'B-O', 'B-O', 'B-O', 'B-O', 'B-O', 'B-O', 'B-O', 'B-O', 'B-O', 'B-O', 'B-O', 'B-O', 'B-O', 'B-O', 'B-O', 'B-O', 'B-O', 'B-O', 'B-O', 'B-O', 'B-O', 'B-O', 'B-O', 'B-O', 'B-O', 'B-O', 'B-O', 'B-O', 'B-O', 'B-O', 'B-O', 'B-O', 'B-O', 'B-O', 'B-O', 'B-O', 'B-O', 'B-O', 'B-O', 'B-O', 'B-O', 'B-O', 'B-O', 'B-O', 'B-O', 'B-O', 'B-O', 'B-O', 'B-O', 'B-O', 'B-O', 'B-O', 'B-O', 'B-O', 'B-O']	['direct', 'sequencing', 'of', 'the', 'paf-2', 'gene', 'revealed', 'a', 'homozygous', '1-bp', 'insertion', 'at', 'nucleotide', '511', '(511', 'inst)', 'in', 'one', 'patient', 'with', 'group', 'c', 'zellweger', 'syndrome', '(zs)', ',', 'which', 'introduces', 'a', 'premature', 'termination', 'codon', 'in', 'the', 'paf-2', 'gene', ',', 'and', ',', 'in', 'the', 'second', 'patient', ',', 'revealed', 'a', 'splice-site', 'mutation', 'in', 'intron', '3', '(ivs3+1g-->a)', ',', 'which', '#skips', 'exon', '3', ',', 'an', 'event', 'that', 'leads', 'to', 'peroxisome', 'deficiency', '.']
31	['B-O', 'B-O', 'B-O', 'B-O', 'B-O', 'B-O', 'B-O', 'B-O', 'B-O', 'B-O', 'B-O', 'B-O', 'B-O', 'B-O', 'B-O', 'B-O', 'B-O', 'B-O', 'B-O', 'B-O', 'B-O', 'B-O', 'B-O', 'B-O', 'B-O', 'B-O', 'B-O', 'B-O']	['alternative', 'splicing', 'has', 'been', 'shown', 'to', 'finally', '#skip', 'a', 'stop', 'codon-containing', 'exon', '(exon', '4)', 'and', 'can', 'generate', 'a', 'transcript', 'that', 'is', 'predicted', 'to', 'encode', 'a', 'fusion', 'protein', '.']
32	['B-O', 'B-O', 'B-O', 'B-O', 'B-O', 'B-O', 'B-O', 'B-O', 'B-O', 'B-O', 'B-O', 'B-O', 'B-O', 'B-O', 'B-O', 'B-O', 'B-O', 'B-O', 'B-O', 'B-O', 'B-O', 'B-O', 'B-O', 'B-O', 'B-O']	['alternative', 'splicing', 'can', 'finally', '#skip', 'a', 'stop', 'codon-containing', 'exon', '(exon', '4)', 'and', 'can', 'generate', 'a', 'transcript', 'that', 'is', 'predicted', 'to', 'encode', 'a', 'fusion', 'protein', '.']
33	['B-O', 'B-O', 'B-O', 'B-O', 'B-O', 'B-O', 'B-O', 'B-O', 'B-O', 'B-O', 'B-O', 'B-O', 'B-O', 'B-O', 'B-O', 'B-O', 'B-O', 'B-O', 'B-O', 'B-O', 'B-O', 'B-O', 'B-O', 'B-O', 'B-O', 'B-O', 'B-O', 'B-O', 'B-O', 'B-O', 'B-O', 'B-O', 'B-O', 'B-O', 'B-O', 'B-O', 'B-O', 'B-O', 'B-O', 'B-O', 'B-O', 'B-O', 'B-O', 'B-O', 'B-O', 'B-O', 'B-O', 'B-O', 'B-O', 'B-O', 'B-O', 'B-O', 'B-O', 'B-O', 'B-O', 'B-O', 'B-O', 'B-O', 'B-O', 'B-O', 'B-O', 'B-O', 'B-O', 'B-O', 'B-O', 'B-O', 'B-O', 'B-O']	['direct', 'sequencing', 'of', 'the', 'paf-2', 'gene', 'revealed', 'a', 'homozygous', '1-bp', 'insertion', 'at', 'nucleotide', '511', '(511', 'inst)', 'in', 'one', 'patient', 'with', 'group', 'c', 'zellweger', 'syndrome', '(zs)', ',', 'which', 'introduces', 'a', 'premature', 'termination', 'codon', 'in', 'the', 'paf-2', 'gene', ',', 'and', ',', 'in', 'the', 'second', 'patient', ',', 'revealed', 'a', 'splice-site', 'mutation', 'in', 'intron', '3', '(ivs3+1g-->a)', ',', 'which', 'may', 'have', '#skipped', 'exon', '3', ',', 'an', 'event', 'that', 'leads', 'to', 'peroxisome', 'deficiency', '.']
34	['B-O', 'B-O', 'B-O', 'B-O', 'B-O', 'B-O', 'B-O', 'B-O', 'B-O', 'B-O', 'B-O', 'B-O', 'B-O', 'B-O']	['the', 'centromere', 'is', '#skipped', 'on', 'all', 'tg', 'autosomes', 'as', 'on', 'the', 'female', 'xi', '.']
35	['B-O', 'B-O', 'B-O', 'B-O', 'B-O', 'B-O', 'B-O', 'B-O', 'B-O', 'B-O', 'B-O', 'B-O', 'B-O', 'B-O', 'B-O', 'B-O', 'B-O', 'B-O', 'B-O', 'B-O', 'B-O', 'B-O', 'B-O', 'B-O', 'B-O', 'B-O', 'B-O', 'B-O', 'B-O', 'B-O', 'B-O', 'B-O', 'B-O', 'B-O', 'B-O', 'B-O', 'B-O', 'B-O', 'B-O', 'B-O', 'B-O', 'B-O', 'B-O', 'B-O', 'B-O', 'B-O', 'B-O', 'B-O', 'B-O', 'B-O', 'B-O', 'B-O', 'B-O', 'B-O', 'B-O', 'B-O', 'B-O', 'B-O', 'B-O', 'B-O', 'B-O', 'B-O', 'B-O', 'B-O', 'B-O', 'B-O']	['direct', 'sequencing', 'of', 'the', 'paf-2', 'gene', 'revealed', 'a', 'homozygous', '1-bp', 'insertion', 'at', 'nucleotide', '511', '(511', 'inst)', 'in', 'one', 'patient', 'with', 'group', 'c', 'zellweger', 'syndrome', '(zs)', ',', 'which', 'introduces', 'a', 'premature', 'termination', 'codon', 'in', 'the', 'paf-2', 'gene', ',', 'and', ',', 'in', 'the', 'second', 'patient', ',', 'revealed', 'a', 'splice-site', 'mutation', 'in', 'intron', '3', '(ivs3+1g-->a)', 'shown', 'to', '#skip', 'exon', '3', ',', 'an', 'event', 'that', 'leads', 'to', 'peroxisome', 'deficiency', '.']
36	['B-O', 'B-O', 'B-O', 'B-O', 'B-O', 'B-O', 'B-O', 'B-O', 'B-O', 'B-O', 'B-O', 'B-O', 'B-O', 'B-O', 'B-O', 'B-O', 'B-O', 'B-O', 'B-O', 'B-O', 'B-O', 'B-O', 'B-O', 'B-O', 'B-O', 'B-O']	['finally', ',', 'a', 'stop', 'codon-containing', 'exon', '(exon', '4)', 'was', '#skipped', 'by', 'alternative', 'splicing', 'and', 'generated', 'a', 'transcript', 'that', 'is', 'predicted', 'to', 'encode', 'a', 'fusion', 'protein', '.']
37	['B-O', 'B-O', 'B-O', 'B-O', 'B-O', 'B-O', 'B-O', 'B-O', 'B-O', 'B-O', 'B-O', 'B-O', 'B-O', 'B-O', 'B-O', 'B-O', 'B-O', 'B-O']	['the', 'centromere', 'has', 'been', 'shown', 'to', 'be', '#skipped', 'on', 'all', 'tg', 'autosomes', 'as', 'on', 'the', 'female', 'xi', '.']
38	['B-O', 'B-O', 'B-O', 'B-O', 'B-O', 'B-O', 'B-O', 'B-O', 'B-O', 'B-O', 'B-O', 'B-O', 'B-O', 'B-O', 'B-O', 'B-O', 'B-O', 'B-O', 'B-O', 'B-O', 'B-O', 'B-O', 'B-O', 'B-O', 'B-O', 'B-O', 'B-O', 'B-O']	['finally', ',', 'a', 'stop', 'codon-containing', 'exon', '(exon', '4)', 'can', 'be', '#skipped', 'by', 'alternative', 'splicing', 'and', 'can', 'generate', 'a', 'transcript', 'that', 'is', 'predicted', 'to', 'encode', 'a', 'fusion', 'protein', '.']
39	['B-O', 'B-O', 'B-O', 'B-O', 'B-O', 'B-O', 'B-O', 'B-O', 'B-O', 'B-O', 'B-O', 'B-O', 'B-O', 'B-O', 'B-O', 'B-O', 'B-O', 'B-O', 'B-O', 'B-O', 'B-O', 'B-O', 'B-O', 'B-O', 'B-O', 'B-O', 'B-O', 'B-O', 'B-O', 'B-O', 'B-O', 'B-O', 'B-O']	['megakaryocytes', 'undergo', 'an', 'endomitotic', 'cell', 'cycle', ',', 'which', 'consists', 'of', 'an', 's', 'phase', 'interrupted', 'by', 'a', 'gap', ',', 'during', 'which', 'anaphase', 'b', 'and', 'cytokinesis', 'are', 'able', 'to', 'be', '#skipped', 'by', 'the', 'cells', '.']
40	['B-O', 'B-O', 'B-O', 'B-O', 'B-O', 'B-O', 'B-O', 'B-O', 'B-O', 'B-O', 'B-O', 'B-O', 'B-O', 'B-O', 'B-O', 'B-O', 'B-O', 'B-O', 'B-O', 'B-O', 'B-O', 'B-O', 'B-O', 'B-O', 'B-O', 'B-O', 'B-O', 'B-O', 'B-O', 'B-O', 'B-O']	['megakaryocytes', 'undergo', 'an', 'endomitotic', 'cell', 'cycle', ',', 'which', 'consists', 'of', 'an', 's', 'phase', 'interrupted', 'by', 'a', 'gap', ',', 'during', 'which', 'the', 'cells', 'enter', 'mitosis', 'but', '#skip', 'anaphase', 'b', 'and', 'cytokinesis', '.']
41	['B-O', 'B-O', 'B-O', 'B-O', 'B-O', 'B-O', 'B-O', 'B-O', 'B-O', 'B-O', 'B-O', 'B-O', 'B-O', 'B-O', 'B-O', 'B-O', 'B-O', 'B-O', 'B-O', 'B-O', 'B-O', 'B-O', 'B-O', 'B-O', 'B-O', 'B-O', 'B-O', 'B-O', 'B-O', 'B-O', 'B-O', 'B-O', 'B-O', 'B-O']	['xist', 'rna', 'coats', 'the', 'autosome', 'but', ',', 'as', 'we', 'predicted', ',', 'is', 'observed', 'to', '#skip', 'the', 'xic', 'tg', ',', 'raising', 'the', 'possibility', 'that', 'x', 'chromosome', 'domains', 'escape', 'inactivation', 'by', 'excluding', 'xist', 'rna', 'binding', '.']
42	['B-O', 'B-O', 'B-O', 'B-O', 'B-O', 'B-O', 'B-O', 'B-O', 'B-O', 'B-O', 'B-O', 'B-O', 'B-O', 'B-O', 'B-O', 'B-O', 'B-O', 'B-O', 'B-O', 'B-O', 'B-O', 'B-O', 'B-O', 'B-O', 'B-O', 'B-O', 'B-O', 'B-O', 'B-O', 'B-O']	['xist', 'rna', 'coats', 'the', 'autosome', 'but', 'has', 'been', 'shown', 'to', '#skip', 'the', 'xic', 'tg', ',', 'raising', 'the', 'possibility', 'that', 'x', 'chromosome', 'domains', 'escape', 'inactivation', 'by', 'excluding', 'xist', 'rna', 'binding', '.']
43	['B-O', 'B-O', 'B-O', 'B-O', 'B-O', 'B-O', 'B-O', 'B-O', 'B-O', 'B-O', 'B-O', 'B-O', 'B-O', 'B-O', 'B-O', 'B-O', 'B-O', 'B-O', 'B-O', 'B-O', 'B-O', 'B-O', 'B-O', 'B-O', 'B-O', 'B-O']	['the', 'observation', 'that', 'xist', 'rna', 'may', 'have', '#skipped', 'the', 'xic', 'tg', 'raises', 'the', 'possibility', 'that', 'x', 'chromosome', 'domains', 'escape', 'inactivation', 'by', 'excluding', 'xist', 'rna', 'binding', '.']
44	['B-O', 'B-O', 'B-O', 'B-O', 'B-O', 'B-O', 'B-O', 'B-O', 'B-O', 'B-O', 'B-O', 'B-O', 'B-O', 'B-O', 'B-O', 'B-O', 'B-O', 'B-O', 'B-O', 'B-O', 'B-O', 'B-O', 'B-O', 'B-O', 'B-O', 'B-O', 'B-O', 'B-O', 'B-O']	['the', 'observation', 'that', 'the', 'xic', 'tg', 'is', 'able', 'to', 'be', '#skipped', 'by', 'xist', 'rna', 'raises', 'the', 'possibility', 'that', 'x', 'chromosome', 'domains', 'escape', 'inactivation', 'by', 'excluding', 'xist', 'rna', 'binding', '.']
45	['B-O', 'B-O', 'B-O', 'B-O', 'B-O', 'B-O', 'B-O', 'B-O', 'B-O', 'B-O', 'B-O', 'B-O', 'B-O', 'B-O', 'B-O', 'B-O', 'B-O', 'B-O', 'B-O', 'B-O', 'B-O', 'B-O', 'B-O', 'B-O', 'B-O', 'B-O', 'B-O', 'B-O']	['the', 'observation', 'that', 'the', 'xic', 'tg', 'may', 'have', 'been', '#skipped', 'by', 'xist', 'rna', 'raises', 'the', 'possibility', 'that', 'x', 'chromosome', 'domains', 'escape', 'inactivation', 'by', 'excluding', 'xist', 'rna', 'binding', '.']
46	['B-O', 'B-O', 'B-O', 'B-O', 'B-O', 'B-O', 'B-O', 'B-O', 'B-O', 'B-O', 'B-O', 'B-O', 'B-O', 'B-O', 'B-O', 'B-O', 'B-O', 'B-O', 'B-O', 'B-O', 'B-O', 'B-O', 'B-O', 'B-O', 'B-O']	['the', 'observation', 'that', 'xist', 'rna', 'has', '#skipped', 'the', 'xic', 'tg', 'raises', 'the', 'possibility', 'that', 'x', 'chromosome', 'domains', 'escape', 'inactivation', 'by', 'excluding', 'xist', 'rna', 'binding', '.']
47	['B-O', 'B-O', 'B-O', 'B-O', 'B-O', 'B-O', 'B-O', 'B-O', 'B-O', 'B-O', 'B-O', 'B-O', 'B-O', 'B-O', 'B-O', 'B-O', 'B-O', 'B-O', 'B-O', 'B-O', 'B-O', 'B-O', 'B-O', 'B-O', 'B-O', 'B-O', 'B-O', 'B-O', 'B-O']	['the', 'observation', 'that', 'xist', 'rna', 'has', 'the', 'probability', 'of', 'efficiently', '#skipping', 'the', 'xic', 'tg', 'raises', 'the', 'possibility', 'that', 'x', 'chromosome', 'domains', 'escape', 'inactivation', 'by', 'excluding', 'xist', 'rna', 'binding', '.']
48	['B-O', 'B-O', 'B-O', 'B-O', 'B-O', 'B-O', 'B-O', 'B-O', 'B-O', 'B-O', 'B-O', 'B-O', 'B-O', 'B-O', 'B-O', 'B-O', 'B-O', 'B-O', 'B-O', 'B-O', 'B-O', 'B-O', 'B-O', 'B-O', 'B-O', 'B-O', 'B-O', 'B-O', 'B-O', 'B-O', 'B-O', 'B-O']	['megakaryocytes', 'undergo', 'an', 'endomitotic', 'cell', 'cycle', ',', 'which', 'consists', 'of', 'an', 's', 'phase', 'interrupted', 'by', 'a', 'gap', ',', 'during', 'which', 'the', 'cells', 'entered', 'mitosis', 'but', 'have', '#skipped', 'anaphase', 'b', 'and', 'cytokinesis', '.']
49	['B-O', 'B-O', 'B-O', 'B-O', 'B-O', 'B-O', 'B-O', 'B-O', 'B-O', 'B-O', 'B-O', 'B-O', 'B-O', 'B-O', 'B-O', 'B-O', 'B-O', 'B-O', 'B-O', 'B-O', 'B-O', 'B-O', 'B-O', 'B-O', 'B-O', 'B-O', 'B-O', 'B-O', 'B-O', 'B-O']	['the', 'observation', 'that', 'the', 'xic', 'tg', 'has', 'the', 'ability', 'to', 'be', '#skipped', 'by', 'xist', 'rna', 'raises', 'the', 'possibility', 'that', 'x', 'chromosome', 'domains', 'escape', 'inactivation', 'by', 'excluding', 'xist', 'rna', 'binding', '.']
50	['B-O', 'B-O', 'B-O', 'B-O', 'B-O', 'B-O', 'B-O', 'B-O', 'B-O', 'B-O', 'B-O', 'B-O', 'B-O', 'B-O', 'B-O', 'B-O', 'B-O', 'B-O', 'B-O', 'B-O', 'B-O', 'B-O', 'B-O', 'B-O', 'B-O', 'B-O', 'B-O', 'B-O', 'B-O', 'B-O', 'B-O']	['megakaryocytes', 'undergo', 'an', 'endomitotic', 'cell', 'cycle', ',', 'which', 'consists', 'of', 'an', 's', 'phase', 'interrupted', 'by', 'a', 'gap', ',', 'during', 'which', 'anaphase', 'b', 'and', 'cytokinesis', 'can', 'be', '#skipped', 'by', 'the', 'cells', '.']
51	['B-O', 'B-O', 'B-O', 'B-O', 'B-O', 'B-O', 'B-O', 'B-O', 'B-O', 'B-O', 'B-O', 'B-O', 'B-O', 'B-O', 'B-O', 'B-O', 'B-O', 'B-O', 'B-O', 'B-O', 'B-O', 'B-O', 'B-O', 'B-O', 'B-O', 'B-O', 'B-O', 'B-O']	['the', 'observation', 'that', 'the', 'xic', 'tg', 'can', 'be', 'efficiently', '#skipped', 'by', 'xist', 'rna', 'raises', 'the', 'possibility', 'that', 'x', 'chromosome', 'domains', 'escape', 'inactivation', 'by', 'excluding', 'xist', 'rna', 'binding', '.']
52	['B-O', 'B-O', 'B-O', 'B-O', 'B-O', 'B-O', 'B-O', 'B-O', 'B-O', 'B-O', 'B-O', 'B-O', 'B-O', 'B-O', 'B-O', 'B-O', 'B-O', 'B-O', 'B-O', 'B-O', 'B-O', 'B-O', 'B-O', 'B-O', 'B-O', 'B-O', 'B-O', 'B-O', 'B-O', 'B-O', 'B-O', 'B-O']	['xist', 'rna', 'coats', 'the', 'autosome', 'but', ',', 'as', 'we', 'predicted', ',', 'can', '#skip', 'the', 'xic', 'tg', ',', 'raising', 'the', 'possibility', 'that', 'x', 'chromosome', 'domains', 'escape', 'inactivation', 'by', 'excluding', 'xist', 'rna', 'binding', '.']
53	['B-O', 'B-O', 'B-O', 'B-O', 'B-O', 'B-O', 'B-O', 'B-O', 'B-O', 'B-O', 'B-O', 'B-O', 'B-O', 'B-O', 'B-O', 'B-O', 'B-O', 'B-O', 'B-O', 'B-O', 'B-O', 'B-O', 'B-O', 'B-O', 'B-O', 'B-O', 'B-O', 'B-O', 'B-O', 'B-O', 'B-O', 'B-O', 'B-O', 'B-O']	['megakaryocytes', 'undergo', 'an', 'endomitotic', 'cell', 'cycle', ',', 'which', 'consists', 'of', 'an', 's', 'phase', 'interrupted', 'by', 'a', 'gap', ',', 'during', 'which', 'the', 'cells', 'enter', 'mitosis', 'but', 'are', 'observed', 'to', '#skip', 'anaphase', 'b', 'and', 'cytokinesis', '.']
54	['B-O', 'B-O', 'B-O', 'B-O', 'B-O', 'B-O', 'B-O', 'B-O', 'B-O', 'B-O', 'B-O', 'B-O', 'B-O', 'B-O', 'B-O', 'B-O', 'B-O', 'B-O', 'B-O', 'B-O', 'B-O', 'B-O', 'B-O', 'B-O', 'B-O', 'B-O', 'B-O', 'B-O', 'B-O', 'B-O', 'B-O', 'B-O', 'B-O', 'B-O', 'B-O']	['megakaryocytes', 'undergo', 'an', 'endomitotic', 'cell', 'cycle', ',', 'which', 'consists', 'of', 'an', 's', 'phase', 'interrupted', 'by', 'a', 'gap', ',', 'during', 'which', 'the', 'cells', 'enter', 'mitosis', 'but', 'will', 'be', 'able', 'to', '#skip', 'anaphase', 'b', 'and', 'cytokinesis', '.']
55	['B-O', 'B-O', 'B-O', 'B-O', 'B-O', 'B-O', 'B-O', 'B-O', 'B-O', 'B-O', 'B-O', 'B-O', 'B-O', 'B-O', 'B-O', 'B-O', 'B-O', 'B-O', 'B-O', 'B-O', 'B-O', 'B-O', 'B-O', 'B-O', 'B-O', 'B-O', 'B-O', 'B-O', 'B-O']	['the', 'observation', 'that', 'the', 'xic', 'tg', 'is', 'observed', 'to', 'be', '#skipped', 'by', 'xist', 'rna', 'raises', 'the', 'possibility', 'that', 'x', 'chromosome', 'domains', 'escape', 'inactivation', 'by', 'excluding', 'xist', 'rna', 'binding', '.']
56	['B-O', 'B-O', 'B-O', 'B-O', 'B-O', 'B-O', 'B-O', 'B-O', 'B-O', 'B-O', 'B-O', 'B-O', 'B-O', 'B-O', 'B-O', 'B-O', 'B-O', 'B-O', 'B-O', 'B-O', 'B-O', 'B-O', 'B-O', 'B-O', 'B-O', 'B-O', 'B-O', 'B-O', 'B-O']	['the', 'observation', 'that', 'xist', 'rna', 'has', 'been', 'shown', 'to', 'efficiently', '#skip', 'the', 'xic', 'tg', 'raises', 'the', 'possibility', 'that', 'x', 'chromosome', 'domains', 'escape', 'inactivation', 'by', 'excluding', 'xist', 'rna', 'binding', '.']
57	['B-O', 'B-O', 'B-O', 'B-O', 'B-O', 'B-O', 'B-O', 'B-O', 'B-O', 'B-O', 'B-O', 'B-O', 'B-O', 'B-O', 'B-O', 'B-O', 'B-O', 'B-O', 'B-O', 'B-O', 'B-O', 'B-O', 'B-O', 'B-O', 'B-O', 'B-O', 'B-O', 'B-O', 'B-O', 'B-O', 'B-O']	['the', 'observation', 'that', 'the', 'xic', 'tg', 'has', 'been', 'shown', 'to', 'be', 'efficiently', '#skipped', 'by', 'xist', 'rna', 'raises', 'the', 'possibility', 'that', 'x', 'chromosome', 'domains', 'escape', 'inactivation', 'by', 'excluding', 'xist', 'rna', 'binding', '.']
58	['B-O', 'B-O', 'B-O', 'B-O', 'B-O', 'B-O', 'B-O', 'B-O', 'B-O', 'B-O', 'B-O', 'B-O', 'B-O', 'B-O', 'B-O', 'B-O', 'B-O', 'B-O', 'B-O', 'B-O', 'B-O', 'B-O', 'B-O', 'B-O', 'B-O', 'B-O', 'B-O', 'B-O', 'B-O']	['xist', 'rna', 'coats', 'the', 'autosome', 'but', 'is', 'able', 'to', '#skip', 'the', 'xic', 'tg', ',', 'raising', 'the', 'possibility', 'that', 'x', 'chromosome', 'domains', 'escape', 'inactivation', 'by', 'excluding', 'xist', 'rna', 'binding', '.']
59	['B-O', 'B-O', 'B-O', 'B-O', 'B-O', 'B-O', 'B-O', 'B-O', 'B-O', 'B-O', 'B-O', 'B-O', 'B-O', 'B-O', 'B-O', 'B-O', 'B-O', 'B-O', 'B-O', 'B-O', 'B-O', 'B-O', 'B-O', 'B-O', 'B-O']	['the', 'observation', 'that', 'xist', 'rna', 'will', '#skip', 'the', 'xic', 'tg', 'raises', 'the', 'possibility', 'that', 'x', 'chromosome', 'domains', 'escape', 'inactivation', 'by', 'excluding', 'xist', 'rna', 'binding', '.']
60	['B-O', 'B-O', 'B-O', 'B-O', 'B-O', 'B-O', 'B-O', 'B-O', 'B-O', 'B-O', 'B-O', 'B-O', 'B-O', 'B-O', 'B-O', 'B-O', 'B-O', 'B-O', 'B-O', 'B-O', 'B-O', 'B-O', 'B-O', 'B-O', 'B-O', 'B-O', 'B-O', 'B-O']	['the', 'observation', 'that', 'xist', 'rna', 'is', 'likely', 'to', 'efficiently', '#skip', 'the', 'xic', 'tg', 'raises', 'the', 'possibility', 'that', 'x', 'chromosome', 'domains', 'escape', 'inactivation', 'by', 'excluding', 'xist', 'rna', 'binding', '.']
61	['B-O', 'B-O', 'B-O', 'B-O', 'B-O', 'B-O', 'B-O', 'B-O', 'B-O', 'B-O', 'B-O', 'B-O', 'B-O', 'B-O', 'B-O', 'B-O', 'B-O', 'B-O', 'B-O', 'B-O', 'B-O', 'B-O', 'B-O', 'B-O', 'B-O', 'B-O', 'B-O']	['xist', 'rna', 'coats', 'the', 'autosome', 'but', 'will', '#skip', 'the', 'xic', 'tg', ',', 'raising', 'the', 'possibility', 'that', 'x', 'chromosome', 'domains', 'escape', 'inactivation', 'by', 'excluding', 'xist', 'rna', 'binding', '.']
62	['B-O', 'B-O', 'B-O', 'B-O', 'B-O', 'B-O', 'B-O', 'B-O', 'B-O', 'B-O', 'B-O', 'B-O', 'B-O', 'B-O', 'B-O', 'B-O', 'B-O', 'B-O', 'B-O', 'B-O', 'B-O', 'B-O', 'B-O', 'B-O', 'B-O', 'B-O', 'B-O', 'B-O', 'B-O', 'B-O', 'B-O', 'B-O', 'B-O', 'B-O']	['megakaryocytes', 'undergo', 'an', 'endomitotic', 'cell', 'cycle', ',', 'which', 'consists', 'of', 'an', 's', 'phase', 'interrupted', 'by', 'a', 'gap', ',', 'during', 'which', 'the', 'cells', 'enter', 'mitosis', 'but', 'are', 'likely', 'to', '#skip', 'anaphase', 'b', 'and', 'cytokinesis', '.']
63	['B-O', 'B-O', 'B-O', 'B-O', 'B-O', 'B-O', 'B-O', 'B-O', 'B-O', 'B-O', 'B-O', 'B-O', 'B-O', 'B-O', 'B-O', 'B-O', 'B-O', 'B-O', 'B-O', 'B-O', 'B-O', 'B-O', 'B-O', 'B-O', 'B-O', 'B-O']	['xist', 'rna', 'coated', 'the', 'autosome', 'but', '#skipped', 'the', 'xic', 'tg', ',', 'raising', 'the', 'possibility', 'that', 'x', 'chromosome', 'domains', 'escape', 'inactivation', 'by', 'excluding', 'xist', 'rna', 'binding', '.']
64	['B-O', 'B-O', 'B-O', 'B-O', 'B-O', 'B-O', 'B-O', 'B-O', 'B-O', 'B-O', 'B-O', 'B-O', 'B-O', 'B-O', 'B-O', 'B-O', 'B-O', 'B-O', 'B-O', 'B-O', 'B-O', 'B-O', 'B-O', 'B-O', 'B-O', 'B-O', 'B-O']	['the', 'observation', 'that', 'xist', 'rna', 'may', 'have', 'efficiently', '#skipped', 'the', 'xic', 'tg', 'raises', 'the', 'possibility', 'that', 'x', 'chromosome', 'domains', 'escape', 'inactivation', 'by', 'excluding', 'xist', 'rna', 'binding', '.']
65	['B-O', 'B-O', 'B-O', 'B-O', 'B-O', 'B-O', 'B-O', 'B-O', 'B-O', 'B-O', 'B-O', 'B-O', 'B-O', 'B-O', 'B-O', 'B-O', 'B-O', 'B-O', 'B-O', 'B-O', 'B-O', 'B-O', 'B-O', 'B-O', 'B-O', 'B-O', 'B-O']	['the', 'observation', 'that', 'the', 'xic', 'tg', 'has', 'been', '#skipped', 'by', 'xist', 'rna', 'raises', 'the', 'possibility', 'that', 'x', 'chromosome', 'domains', 'escape', 'inactivation', 'by', 'excluding', 'xist', 'rna', 'binding', '.']
66	['B-O', 'B-O', 'B-O', 'B-O', 'B-O', 'B-O', 'B-O', 'B-O', 'B-O', 'B-O', 'B-O', 'B-O', 'B-O', 'B-O', 'B-O', 'B-O', 'B-O', 'B-O', 'B-O', 'B-O', 'B-O', 'B-O', 'B-O', 'B-O', 'B-O', 'B-O']	['the', 'observation', 'that', 'xist', 'rna', 'has', 'efficiently', '#skipped', 'the', 'xic', 'tg', 'raises', 'the', 'possibility', 'that', 'x', 'chromosome', 'domains', 'escape', 'inactivation', 'by', 'excluding', 'xist', 'rna', 'binding', '.']
67	['B-O', 'B-O', 'B-O', 'B-O', 'B-O', 'B-O', 'B-O', 'B-O', 'B-O', 'B-O', 'B-O', 'B-O', 'B-O', 'B-O', 'B-O', 'B-O', 'B-O', 'B-O', 'B-O', 'B-O', 'B-O', 'B-O', 'B-O', 'B-O', 'B-O', 'B-O', 'B-O', 'B-O', 'B-O', 'B-O']	['the', 'observation', 'that', 'the', 'xic', 'tg', 'is', 'observed', 'to', 'be', 'efficiently', '#skipped', 'by', 'xist', 'rna', 'raises', 'the', 'possibility', 'that', 'x', 'chromosome', 'domains', 'escape', 'inactivation', 'by', 'excluding', 'xist', 'rna', 'binding', '.']
68	['B-O', 'B-O', 'B-O', 'B-O', 'B-O', 'B-O', 'B-O', 'B-O', 'B-O', 'B-O', 'B-O', 'B-O', 'B-O', 'B-O', 'B-O', 'B-O', 'B-O', 'B-O', 'B-O', 'B-O', 'B-O', 'B-O', 'B-O', 'B-O', 'B-O', 'B-O', 'B-O', 'B-O', 'B-O']	['the', 'observation', 'that', 'the', 'xic', 'tg', 'is', 'likely', 'to', 'be', '#skipped', 'by', 'xist', 'rna', 'raises', 'the', 'possibility', 'that', 'x', 'chromosome', 'domains', 'escape', 'inactivation', 'by', 'excluding', 'xist', 'rna', 'binding', '.']
69	['B-O', 'B-O', 'B-O', 'B-O', 'B-O', 'B-O', 'B-O', 'B-O', 'B-O', 'B-O', 'B-O', 'B-O', 'B-O', 'B-O', 'B-O', 'B-O', 'B-O', 'B-O', 'B-O', 'B-O', 'B-O', 'B-O', 'B-O', 'B-O', 'B-O', 'B-O', 'B-O', 'B-O', 'B-O', 'B-O', 'B-O', 'B-O', 'B-O']	['megakaryocytes', 'undergo', 'an', 'endomitotic', 'cell', 'cycle', ',', 'which', 'consists', 'of', 'an', 's', 'phase', 'interrupted', 'by', 'a', 'gap', ',', 'during', 'which', 'the', 'cells', 'enter', 'mitosis', 'but', 'may', 'have', '#skipped', 'anaphase', 'b', 'and', 'cytokinesis', '.']
70	['B-O', 'B-O', 'B-O', 'B-O', 'B-O', 'B-O', 'B-O', 'B-O', 'B-O', 'B-O', 'B-O', 'B-O', 'B-O', 'B-O', 'B-O', 'B-O', 'B-O', 'B-O', 'B-O', 'B-O', 'B-O', 'B-O', 'B-O', 'B-O', 'B-O', 'B-O']	['the', 'observation', 'that', 'the', 'xic', 'tg', 'was', '#skipped', 'by', 'xist', 'rna', 'raises', 'the', 'possibility', 'that', 'x', 'chromosome', 'domains', 'escape', 'inactivation', 'by', 'excluding', 'xist', 'rna', 'binding', '.']
71	['B-O', 'B-O', 'B-O', 'B-O', 'B-O', 'B-O', 'B-O', 'B-O', 'B-O', 'B-O', 'B-O', 'B-O', 'B-O', 'B-O', 'B-O', 'B-O', 'B-O', 'B-O', 'B-O', 'B-O', 'B-O', 'B-O', 'B-O', 'B-O', 'B-O', 'B-O', 'B-O', 'B-O', 'B-O', 'B-O', 'B-O', 'B-O', 'B-O', 'B-O']	['megakaryocytes', 'undergo', 'an', 'endomitotic', 'cell', 'cycle', ',', 'which', 'consists', 'of', 'an', 's', 'phase', 'interrupted', 'by', 'a', 'gap', ',', 'during', 'which', 'anaphase', 'b', 'and', 'cytokinesis', 'has', 'been', 'shown', 'to', 'be', '#skipped', 'by', 'the', 'cells', '.']
72	['B-O', 'B-O', 'B-O', 'B-O', 'B-O', 'B-O', 'B-O', 'B-O', 'B-O', 'B-O', 'B-O', 'B-O', 'B-O', 'B-O', 'B-O', 'B-O', 'B-O', 'B-O', 'B-O', 'B-O', 'B-O', 'B-O', 'B-O', 'B-O', 'B-O', 'B-O', 'B-O', 'B-O', 'B-O', 'B-O', 'B-O', 'B-O']	['megakaryocytes', 'undergo', 'an', 'endomitotic', 'cell', 'cycle', ',', 'which', 'consists', 'of', 'an', 's', 'phase', 'interrupted', 'by', 'a', 'gap', ',', 'during', 'which', 'the', 'cells', 'enter', 'mitosis', 'but', 'can', '#skip', 'anaphase', 'b', 'and', 'cytokinesis', '.']
73	['B-O', 'B-O', 'B-O', 'B-O', 'B-O', 'B-O', 'B-O', 'B-O', 'B-O', 'B-O', 'B-O', 'B-O', 'B-O', 'B-O', 'B-O', 'B-O', 'B-O', 'B-O', 'B-O', 'B-O', 'B-O', 'B-O', 'B-O', 'B-O', 'B-O', 'B-O', 'B-O', 'B-O', 'B-O', 'B-O']	['the', 'observation', 'that', 'the', 'xic', 'tg', 'is', 'likely', 'to', 'be', 'efficiently', '#skipped', 'by', 'xist', 'rna', 'raises', 'the', 'possibility', 'that', 'x', 'chromosome', 'domains', 'escape', 'inactivation', 'by', 'excluding', 'xist', 'rna', 'binding', '.']
74	['B-O', 'B-O', 'B-O', 'B-O', 'B-O', 'B-O', 'B-O', 'B-O', 'B-O', 'B-O', 'B-O', 'B-O', 'B-O', 'B-O', 'B-O', 'B-O', 'B-O', 'B-O', 'B-O', 'B-O', 'B-O', 'B-O', 'B-O', 'B-O', 'B-O']	['the', 'observation', 'that', 'xist', 'rna', 'efficiently', '#skipped', 'the', 'xic', 'tg', 'raises', 'the', 'possibility', 'that', 'x', 'chromosome', 'domains', 'escape', 'inactivation', 'by', 'excluding', 'xist', 'rna', 'binding', '.']
75	['B-O', 'B-O', 'B-O', 'B-O', 'B-O', 'B-O', 'B-O', 'B-O', 'B-O', 'B-O', 'B-O', 'B-O', 'B-O', 'B-O', 'B-O', 'B-O', 'B-O', 'B-O', 'B-O', 'B-O', 'B-O', 'B-O', 'B-O', 'B-O', 'B-O', 'B-O', 'B-O', 'B-O']	['the', 'observation', 'that', 'xist', 'rna', 'is', 'observed', 'to', 'efficiently', '#skip', 'the', 'xic', 'tg', 'raises', 'the', 'possibility', 'that', 'x', 'chromosome', 'domains', 'escape', 'inactivation', 'by', 'excluding', 'xist', 'rna', 'binding', '.']
76	['B-O', 'B-O', 'B-O', 'B-O', 'B-O', 'B-O', 'B-O', 'B-O', 'B-O', 'B-O', 'B-O', 'B-O', 'B-O', 'B-O', 'B-O', 'B-O', 'B-O', 'B-O', 'B-O', 'B-O', 'B-O', 'B-O', 'B-O', 'B-O', 'B-O', 'B-O', 'B-O', 'B-O', 'B-O', 'B-O', 'B-O']	['xist', 'rna', 'coats', 'the', 'autosome', 'but', ',', 'as', 'we', 'predicted', ',', '#skips', 'the', 'xic', 'tg', ',', 'raising', 'the', 'possibility', 'that', 'x', 'chromosome', 'domains', 'escape', 'inactivation', 'by', 'excluding', 'xist', 'rna', 'binding', '.']
77	['B-O', 'B-O', 'B-O', 'B-O', 'B-O', 'B-O', 'B-O', 'B-O', 'B-O', 'B-O', 'B-O', 'B-O', 'B-O', 'B-O', 'B-O', 'B-O', 'B-O', 'B-O', 'B-O', 'B-O', 'B-O', 'B-O', 'B-O', 'B-O', 'B-O', 'B-O']	['xist', 'rna', 'coats', 'the', 'autosome', 'but', '#skips', 'the', 'xic', 'tg', ',', 'raising', 'the', 'possibility', 'that', 'x', 'chromosome', 'domains', 'escape', 'inactivation', 'by', 'excluding', 'xist', 'rna', 'binding', '.']
78	['B-O', 'B-O', 'B-O', 'B-O', 'B-O', 'B-O', 'B-O', 'B-O', 'B-O', 'B-O', 'B-O', 'B-O', 'B-O', 'B-O', 'B-O', 'B-O', 'B-O', 'B-O', 'B-O', 'B-O', 'B-O', 'B-O', 'B-O', 'B-O', 'B-O', 'B-O', 'B-O', 'B-O', 'B-O', 'B-O', 'B-O', 'B-O', 'B-O']	['megakaryocytes', 'undergo', 'an', 'endomitotic', 'cell', 'cycle', ',', 'which', 'consists', 'of', 'an', 's', 'phase', 'interrupted', 'by', 'a', 'gap', ',', 'during', 'which', 'anaphase', 'b', 'and', 'cytokinesis', 'are', 'observed', 'to', 'be', '#skipped', 'by', 'the', 'cells', '.']
79	['B-O', 'B-O', 'B-O', 'B-O', 'B-O', 'B-O', 'B-O', 'B-O', 'B-O', 'B-O', 'B-O', 'B-O', 'B-O', 'B-O', 'B-O', 'B-O', 'B-O', 'B-O', 'B-O', 'B-O', 'B-O', 'B-O', 'B-O', 'B-O', 'B-O', 'B-O', 'B-O', 'B-O', 'B-O', 'B-O']	['megakaryocytes', 'undergo', 'an', 'endomitotic', 'cell', 'cycle', ',', 'which', 'consists', 'of', 'an', 's', 'phase', 'interrupted', 'by', 'a', 'gap', ',', 'during', 'which', 'anaphase', 'b', 'and', 'cytokinesis', 'are', '#skipped', 'by', 'the', 'cells', '.']
